client_id,default_probability
CC_0012A082B7B7,0.1928626711
CC_0012BC27DFB6,0.1377392933
CC_001563B2143D,0.0986376564
CC_001B46930B6F,0.1030446446
CC_001D771E1C9F,0.0994356933
CC_0028BD91E759,0.0744184284
CC_0029971D7EF4,0.2422451125
CC_002B8C00B239,0.0666164215
CC_0035DFA86185,0.7234186565
CC_0042D11A6D0F,0.1061504689
CC_004D21A4ABB6,0.2053420973
CC_004EE05FC2EF,0.5920487117
CC_0050E546EDCE,0.8159504891
CC_005D7F31F785,0.0892726020
CC_0079996ED779,0.1707709859
CC_0082B4E1D9CE,0.0691009086
CC_00B01C73CEB8,0.1345466426
CC_00B74FFEEA53,0.1482935226
CC_00BF6791C18C,0.1507693182
CC_00C5E30B288C,0.3218507541
CC_00C68CE1CC12,0.3052628535
CC_00CC4148959F,0.1918615365
CC_00D428772D30,0.3603547139
CC_00D5806C7783,0.1093383094
CC_00D5C677C2AE,0.4534077184
CC_00DA781C4D66,0.1360818683
CC_00E7E2D6B548,0.2368376669
CC_012BC0A68DC1,0.0820507904
CC_014911033882,0.1371652791
CC_014F7EF4E595,0.5935776108
CC_016501B25F2B,0.1064910424
CC_016767D9B049,0.0666655766
CC_017598512EA2,0.0893953736
CC_01941532C804,0.1429854142
CC_01A66C6E22FF,0.7092764315
CC_01A684355200,0.1576975754
CC_01AC62740827,0.1411349813
CC_01B0EFE5DB79,0.3197632695
CC_01B876B2988F,0.1885546175
CC_01CBB64C1DB1,0.3703506816
CC_01DBD993A1FC,0.0881137191
CC_01DC49D55C2D,0.0720209231
CC_01EF18A3ADBC,0.3762967265
CC_020252D37557,0.1938159596
CC_020BCDBCA8CA,0.2588124235
CC_021A6DD97ED4,0.1403381098
CC_022054506F33,0.1035136411
CC_0225D6231EAA,0.0851748912
CC_024B524B0176,0.0717397829
CC_0256303A6DC0,0.1789485968
CC_02589E6E4714,0.1279002291
CC_025927626E10,0.7502914038
CC_0283023DB294,0.0771354076
CC_02903C6FC0C0,0.1930550401
CC_0296E572CF21,0.0404068500
CC_02999E509460,0.5195235781
CC_029E835D91BB,0.1162420873
CC_02A32EC3526B,0.1047646038
CC_02A393632CD3,0.1518468619
CC_02A3E21B28BC,0.7697216067
CC_02A4B4644529,0.1187883361
CC_02B43865B30E,0.1337732806
CC_02B5A1A178A2,0.1907309293
CC_02BC4785773C,0.1311259019
CC_02BEDD9627DD,0.6035547679
CC_02CD2C1EFBB0,0.1111691749
CC_02D4430492D3,0.3023691120
CC_02F79A06858B,0.1348472356
CC_02FA254C9D43,0.0765806340
CC_03062402B4EE,0.0994931938
CC_03072CF2EC63,0.2350920693
CC_0315369B079D,0.1295433095
CC_03199242A810,0.1513328774
CC_03214BA76DB4,0.2240274380
CC_032735A44CC6,0.0777594254
CC_0330340F2FE5,0.2130631516
CC_033236FAAFDB,0.1072495884
CC_0337298F948C,0.0822013249
CC_0341CAE5E2E8,0.3658035090
CC_03434E2371CD,0.3707356617
CC_03547AAB948A,0.2048934050
CC_0354D0453D8E,0.1634695536
CC_03592E51F427,0.7404743811
CC_0365DEB525A3,0.1365458827
CC_036782052BC9,0.3590297857
CC_036977A50F1A,0.1183948547
CC_03720D08B8C2,0.1856894248
CC_038AE599BCA8,0.2011529291
CC_039E67CDFE1E,0.2826848825
CC_03AC962FC717,0.2461088381
CC_03B00DFA3A85,0.8300435903
CC_03BC6380E968,0.4283219976
CC_03BC730E0B02,0.0152585708
CC_03BD4F22DA3D,0.1387949622
CC_03C7E1EF6F69,0.8307797470
CC_03C9FA383477,0.1405263075
CC_03D1AAE90CA6,0.0866259727
CC_03DBB9598F39,0.0874358005
CC_03F18B43797C,0.0959754173
CC_03F80118E46D,0.0540373329
CC_0405E0151A6D,0.0912426657
CC_041FEE6C805E,0.4393417332
CC_042F88EE269B,0.2093706565
CC_043D98ED7F98,0.2171028390
CC_044C3537B769,0.1312627773
CC_045932C46685,0.1301517382
CC_04629624AA8D,0.2291793778
CC_04690B4A6AF1,0.2123460603
CC_046CF40369FB,0.1226716951
CC_046D6EC816AB,0.4009092493
CC_0475CD95EDC9,0.1585921896
CC_04796F06B82B,0.0752773518
CC_04AC7C1CE736,0.2857437854
CC_04AEDD051B96,0.3769115791
CC_04B42AD0E01A,0.2526124324
CC_04BBD1DB360C,0.2911300969
CC_04C767FFDA0F,0.4458115168
CC_04C7B819B9B9,0.0930079395
CC_04D127A775DE,0.1120440652
CC_04D9ED00053F,0.0865251543
CC_04E0EFC4F548,0.2319602349
CC_04E6848903E8,0.0639668181
CC_04F69D03ECE1,0.2189313219
CC_04FA1CFA1DEB,0.2405064505
CC_04FA6842AC62,0.0765331220
CC_0502F3791166,0.1953872266
CC_050B514E15FD,0.1220543181
CC_051ADBD6D835,0.0894987888
CC_051B4644216C,0.1859710622
CC_051C0A644DD3,0.0707136470
CC_051CBF566856,0.0844086942
CC_051EEA9AE819,0.1246168668
CC_0520E27BE904,0.1219388176
CC_05224448D290,0.0942155954
CC_0525DE4744C0,0.0437408465
CC_052F5CD81EFE,0.1834060434
CC_05368FAD2E6D,0.0855981512
CC_053788B82006,0.0854760747
CC_05471A48C6F5,0.1314976706
CC_056DBA1A87BA,0.0833598503
CC_05901F3E7A0D,0.1369328871
CC_05906BC8ED3F,0.1231884740
CC_059D55E32C78,0.0817874245
CC_05A12EF84A86,0.4317284644
CC_05A42D035609,0.2026655325
CC_05AD75A5CE38,0.1000972738
CC_05BBD4B92613,0.6475235327
CC_05C8EF6500D7,0.8479805495
CC_05DDB7B07497,0.1382027393
CC_05ECAE6E0774,0.2208073160
CC_05F11F14DF9E,0.3675747681
CC_05FA9192590F,0.1056879736
CC_05FD764FB154,0.7714753704
CC_0608DBB4DF03,0.1777069471
CC_06198383F6D4,0.1137726326
CC_06199EBE2B05,0.2161263345
CC_062A8881A331,0.1013145596
CC_062F74350907,0.0440275166
CC_0635AD30F004,0.7981124008
CC_0639F539946C,0.2073520618
CC_063DDB42CF5C,0.1228169881
CC_06405C00E240,0.2583090910
CC_064920FC9DAC,0.1057620373
CC_0650AB329174,0.6756309772
CC_066941B109B9,0.1683992670
CC_066AA16F5874,0.2878447157
CC_06732311FB8B,0.1733617418
CC_06780061F889,0.1593802193
CC_068A81B06B74,0.3996010698
CC_06A1C5FE269B,0.2601016855
CC_06AA7138DAF8,0.0778419667
CC_06C0DD0D066E,0.7915924349
CC_06C97CFBD476,0.1689039511
CC_06D15F523C05,0.2167287688
CC_06D35787AD65,0.0994450834
CC_06DA375201A2,0.1403099889
CC_06DB455FF19B,0.5482905851
CC_06F3674E7313,0.3743274128
CC_070232DF9996,0.1145981439
CC_07141FA77DBF,0.1956138782
CC_0715F11CC8CA,0.0913805350
CC_07168A9C843C,0.2131429599
CC_072AB9F855DD,0.0609367095
CC_07337AF6AC2A,0.1200211527
CC_07434E4E5C28,0.0794444409
CC_074381358A2C,0.0540176354
CC_074E7CA75E8A,0.2204695336
CC_075D0C618BAB,0.2597187073
CC_075D804F7851,0.0972533159
CC_0765961D818F,0.4179201005
CC_07698F10563E,0.0906815723
CC_0773B9BA9E18,0.3352113526
CC_0784ABDA7F8C,0.1149879094
CC_0790C9F9EC9C,0.0813814931
CC_07A996E6CA6C,0.1478440780
CC_07B588ED677A,0.1300146169
CC_07B730FD7F82,0.1005733019
CC_07BE6961D039,0.0801100060
CC_07D23A6BAF5C,0.1256111052
CC_07E08196A3DB,0.1052519574
CC_07E4850039B3,0.0783080720
CC_07FAAF8B2D23,0.0854097676
CC_07FB3FD9BE0B,0.1665238441
CC_080CB94A724F,0.2567858813
CC_0837C56711FE,0.1278476002
CC_084100A049EE,0.0806933904
CC_084113D0951B,0.2579383154
CC_0843DDCDD601,0.7771873441
CC_0846C14EAAFE,0.1024847223
CC_085091ADED2C,0.1762365188
CC_087943B4A5D2,0.0850483041
CC_08A97B98C405,0.1357388998
CC_08AA321BC4AD,0.1112844458
CC_08AA44ECBDD5,0.1299775511
CC_08AE2EE9D798,0.1641912051
CC_08B149462891,0.1225613699
CC_08C71A8D2D58,0.1274542562
CC_08D645F7B257,0.1252994323
CC_08D80BF0B273,0.0890307854
CC_08F52B1BE431,0.0861725441
CC_0903571AC7E7,0.1040940747
CC_090D528C09D0,0.3768884516
CC_09106BA6CFC9,0.1269091433
CC_0915905A5D48,0.0789574236
CC_0918F67CDF01,0.1401426116
CC_0925D0B6276C,0.1317208149
CC_092A2830E36A,0.7837190168
CC_0951489C8F79,0.0776097256
CC_0951FA4D5513,0.0790151960
CC_095C712064EA,0.0875100761
CC_0969AA7BEC71,0.1190186419
CC_0974840BED49,0.7568399313
CC_097BD371F652,0.1080380337
CC_097C8139DBD1,0.1041567910
CC_0981CA4DBCE0,0.0493302489
CC_09A5D2F129A4,0.1573821008
CC_09A9BE38080D,0.1001734683
CC_09CDC42E000B,0.1760661692
CC_09D8DBAB2A42,0.1463566734
CC_09EBB1960580,0.0780592189
CC_09EBF206FEE6,0.0699877501
CC_09F2AE996181,0.0944396399
CC_09F45833F53F,0.1306879790
CC_09F4F5C5B4EA,0.8633957239
CC_0A04BF4005F8,0.2145106670
CC_0A0E563D1060,0.0872382397
CC_0A0F781A999D,0.1423564398
CC_0A1138C37BC0,0.1359900310
CC_0A334A16524B,0.0963661987
CC_0A359CD5D73A,0.1067671821
CC_0A3E2C273DB5,0.1175386478
CC_0A4705B1E08B,0.0755213814
CC_0A67EB7C5282,0.1893092245
CC_0A6CD64871E5,0.3367577344
CC_0A75643FDC7B,0.0988426141
CC_0A8066F501AC,0.1349393899
CC_0A83017D027D,0.1987226090
CC_0A9AB7441D5B,0.3290202107
CC_0AAA72FA148E,0.2814830174
CC_0AAC488C8AE4,0.4570767507
CC_0AC2DB82398C,0.2472604796
CC_0ACA2C49A497,0.1055086702
CC_0AD4BBEA75ED,0.0986073760
CC_0ADCD6553B8C,0.0776431596
CC_0ADE56B56C41,0.0817499733
CC_0AF4B5B4162F,0.8662875660
CC_0AF9BD814AC7,0.1290072315
CC_0B083BE0FEA3,0.1333898132
CC_0B1384331163,0.0864414535
CC_0B216C6AF0F2,0.0549236755
CC_0B3465DB0684,0.5970500816
CC_0B442B91679E,0.1841002961
CC_0B455175F494,0.1195954424
CC_0B4C01B4002C,0.2775539210
CC_0B544A526D6C,0.0931343874
CC_0B5B19AFCD18,0.1034459261
CC_0B5BD2D224BF,0.0932092907
CC_0B6407C2C9BD,0.1627280495
CC_0B73F59991EE,0.0976797672
CC_0B7579216681,0.1217305234
CC_0B7F3B4B32C1,0.2145568434
CC_0B830A67900A,0.1096456945
CC_0B84250F96B8,0.1341219810
CC_0B92212B8E27,0.4170726526
CC_0BB43BC4B3BC,0.0910064213
CC_0BB992973640,0.0935191570
CC_0BBC41297846,0.1179445363
CC_0BDDB468A1E0,0.3351339043
CC_0C00A631C2B4,0.1227016563
CC_0C011AF6C857,0.2949665896
CC_0C0459AB67DE,0.1280354555
CC_0C18B07E451D,0.0940714015
CC_0C19EB845CA2,0.1854700487
CC_0C1A736F37CC,0.1060845801
CC_0C335C9D86F7,0.7572524956
CC_0C4C24D066E9,0.1520177680
CC_0C5499989AF4,0.1644177048
CC_0C95548CC1BD,0.1382452968
CC_0CA2DE660B41,0.1600221067
CC_0CA6D8CFCF2B,0.1507849378
CC_0CA9DF9C5C15,0.0608673086
CC_0CA9F52C92A8,0.2126586753
CC_0CAFB6C41CE7,0.1393881750
CC_0CB27D5313F1,0.5412383799
CC_0CC9DDDB8B44,0.0912692079
CC_0CCA18595BA5,0.3061683412
CC_0CD90568D3E6,0.1553178493
CC_0CE0D56B0584,0.1228031474
CC_0CEA028BF961,0.2039189119
CC_0CF67D68AF16,0.2096787544
CC_0CFAA0FB0691,0.1024143717
CC_0CFFD2785D2D,0.1710483952
CC_0D28AF91CE97,0.1591431791
CC_0D34E55A580B,0.0997147143
CC_0D3663B6524E,0.7507563128
CC_0D3C2864ACD2,0.2849002781
CC_0D5F4BE8132C,0.1827291245
CC_0D6D5ACB0889,0.2326146566
CC_0D7BFE8CC0D5,0.1287281636
CC_0D8852AAB481,0.2528663592
CC_0D97EF394C79,0.2171347310
CC_0DA8FDDE6DD0,0.0668102611
CC_0DABB89E37CE,0.1096056145
CC_0DAF0F2FAA86,0.0900019170
CC_0DB9E5F8EDAD,0.1416218872
CC_0DBC64F88C05,0.1186097821
CC_0DBDF018E822,0.1815231405
CC_0DC31A5A1096,0.1103652746
CC_0DC3870F23D0,0.0783446665
CC_0DD39F5D7C0D,0.0901827608
CC_0DDC2C18BBDE,0.0845501894
CC_0DE09CAA93E5,0.1272151179
CC_0DEA4477FDC1,0.1184370197
CC_0DED63EF6639,0.2540006698
CC_0DED7DBF26F6,0.1699807606
CC_0DF01CD21B9D,0.1428242727
CC_0DF6A478C01B,0.2161507606
CC_0DFE1A3FA5AE,0.2132123885
CC_0E07D5FB24B2,0.0815933545
CC_0E0CD9F23A5F,0.7545697871
CC_0E121FCB1D47,0.0907912847
CC_0E1423A4C263,0.1329845764
CC_0E16883EE8E6,0.3422864660
CC_0E1A2BA1C545,0.2763179959
CC_0E2B52BBA69B,0.1050776416
CC_0E40BAFC3530,0.1586179520
CC_0E48EE235179,0.1225210713
CC_0E4FA0FB9797,0.6259238987
CC_0E5162F59924,0.7640798028
CC_0E5E2FCAC8C2,0.1327843274
CC_0E68C2BE2A75,0.1695437563
CC_0E6C5A8D8CE4,0.0958057018
CC_0E6E9B0E674E,0.0932614211
CC_0E746EAD6CE9,0.0955343768
CC_0E968E7C22C1,0.2153940070
CC_0EA1483F50A9,0.1824909988
CC_0EA81362C7D1,0.1646572339
CC_0EAE97520873,0.3842069732
CC_0EBCF4228FF2,0.3064219849
CC_0EBDEFD0BDC2,0.1217075144
CC_0EC6AEDA63EC,0.2071329041
CC_0ED61DD76795,0.0939114790
CC_0EE33B1B71D5,0.1139981989
CC_0EE7EFF13EBA,0.0801562101
CC_0F0F136B0991,0.1962089552
CC_0F0FAF218BCB,0.1062331493
CC_0F125B48F175,0.1166048578
CC_0F292A238627,0.1426806835
CC_0F2949A1746E,0.0991363785
CC_0F2B71163121,0.0575475587
CC_0F393F1DE2EB,0.1299270200
CC_0F41B187053C,0.4767447912
CC_0F52EDC9D383,0.1176477124
CC_0F62C4F36236,0.1340099855
CC_0F6A29CE5D45,0.1892362071
CC_0F7C0515A6CF,0.1237535091
CC_0F8D6C89202F,0.1580310634
CC_0F933684CC08,0.1602523233
CC_0F9BA54F2AF6,0.0648681960
CC_0FA06CE7FAE8,0.0614768423
CC_0FD25AA655DA,0.1469738311
CC_0FF5570E06EC,0.7953798298
CC_10197FE0E34B,0.6325723620
CC_10355B5718CD,0.1236855198
CC_103A9D18EC12,0.1211366070
CC_1040DB6A21EA,0.1222308026
CC_104D2B84FC4F,0.0859251656
CC_104EA2802A11,0.1078749748
CC_105777B1BF91,0.0461318885
CC_1059F1B6C0C3,0.0970181972
CC_1061947FDD14,0.1075253923
CC_10689257E68C,0.3170695911
CC_106BFCFA7D7B,0.0353129755
CC_108FA04AC10D,0.0390840791
CC_1092915D0093,0.1567770442
CC_10A30F88E157,0.1099744637
CC_10A657027AC9,0.9109126326
CC_10A6EAF27BF3,0.0967673418
CC_10B148BED568,0.4388425730
CC_10BB7101F191,0.0258098882
CC_10BC5BC3A9AD,0.2946527358
CC_10F27C70AB99,0.1403456741
CC_10FADDF63CDC,0.1696821492
CC_1107D9301AA0,0.1215824887
CC_111A6DE5D9C7,0.7037569897
CC_111DC3B1756E,0.2531447808
CC_1131156CC6F6,0.1329654946
CC_113B66D5D5D9,0.1134119600
CC_1143254EFF36,0.1005812279
CC_1145E5277FA7,0.2663931917
CC_11521077BBB0,0.0803078761
CC_1154861ABCCB,0.5301548943
CC_115BCAEAE2A0,0.1113177301
CC_115BF13E8BFC,0.1696574654
CC_115EBE5044BD,0.3376928677
CC_1165AA07FC47,0.6602663482
CC_116EE8219753,0.0901588461
CC_1176FA3233B3,0.1037677991
CC_117C2A1587ED,0.1000671045
CC_118C0A1D14B2,0.3182720694
CC_118ECB589F3C,0.1114313340
CC_1190F13FB1FC,0.1160835862
CC_1192EEC65A1E,0.1579022766
CC_119B1FEC4D83,0.2347589929
CC_119C413C2580,0.1270720622
CC_11AB74142A2E,0.7328221859
CC_11C8A291FD11,0.1012771409
CC_11D1E9C39E41,0.0844014079
CC_11D600EE1BD6,0.0973440682
CC_11D7539AC69D,0.1485378234
CC_11D78BB50016,0.1213424405
CC_11E0C583685C,0.1112570076
CC_11E0D2F15AA1,0.0690585220
CC_11EDFE67C719,0.7213238375
CC_11EE85F284B8,0.1455376614
CC_11F700202C6D,0.1681203887
CC_11FB668DF543,0.1043058965
CC_1209FA26609D,0.0593830448
CC_120CA1B916D0,0.1418020414
CC_1210186F4D33,0.0342660267
CC_121F621374FC,0.1930232864
CC_122532C1FBCB,0.1501231102
CC_122B19CBC88C,0.6430417498
CC_123C7F0111C7,0.5350269131
CC_1241EE42F174,0.1074191093
CC_125B7100F1DD,0.0885327378
CC_1263B255B3B5,0.1530426634
CC_12878596E940,0.1265280388
CC_1298ED71A9E0,0.0863607825
CC_12B555C6F086,0.1475180598
CC_12D22C629874,0.2259817991
CC_12DD89EA0C14,0.1371028283
CC_12E24CDE2684,0.1420421169
CC_12F3B7309455,0.5662270099
CC_12F8E7A4BBE5,0.2873298548
CC_12FDEAE4873F,0.1497102838
CC_130F7B067939,0.2440141534
CC_13209EDC85EE,0.5231443497
CC_1332B6F0E543,0.1716514664
CC_1334E256AEBC,0.6091568857
CC_1337726B2AE6,0.1321531518
CC_1338237BF402,0.1909232993
CC_1341DF38D9C1,0.1609824802
CC_1342F868176B,0.6230968655
CC_134651CCD2F8,0.1548649635
CC_1363E3090578,0.0919020940
CC_13736493B695,0.0874744667
CC_1392DE633D4C,0.1838132985
CC_139ED2E0AD76,0.0816876710
CC_13A5383EA098,0.6157067250
CC_13AA272C6861,0.1122581266
CC_13B74E4EE3EF,0.1958763610
CC_13C437E86B81,0.4734672899
CC_13D61B077E7C,0.0971884192
CC_13D7115A8FCC,0.1860799429
CC_13DFE319B21E,0.7251411223
CC_13E0F0B3FAE6,0.1720744250
CC_13FD88C2920A,0.8701549563
CC_1401CB818627,0.1148720477
CC_140B86E74F74,0.7560347555
CC_1452A0B69085,0.0836950801
CC_1458CA7329A7,0.1690272066
CC_1459E7125AFB,0.0710422799
CC_14633EC7F622,0.3466603249
CC_147B1B30DE7F,0.1187135018
CC_1484511F54C5,0.2365972516
CC_1489A941A69B,0.2898362730
CC_14A8B16706E9,0.1067784898
CC_14BE52BADB77,0.0982579844
CC_14D53413FBCE,0.3546098527
CC_14D59B58E51E,0.2292065141
CC_14D964327B1D,0.1068142499
CC_14F5D06CF093,0.0808281596
CC_1501D63D5A80,0.3756913372
CC_150E3A0E5084,0.1868751376
CC_15152312AC56,0.1683479063
CC_1522BA0411C3,0.1087042581
CC_1534B0241A1B,0.0980496931
CC_153BE2BEB74C,0.1573159923
CC_154BBCD4DCEA,0.1975400548
CC_1552EC27FC0C,0.7093701630
CC_1566BFF4BCDC,0.3870057422
CC_1579BD86A63D,0.2914453411
CC_1583CFD90530,0.2021123841
CC_1584385F38C8,0.0739106393
CC_159656F13BE8,0.1285694971
CC_159B6F6AAF1E,0.1050217594
CC_15A4934FD96E,0.1798888155
CC_15B2140CE869,0.1221297042
CC_15C0972DE384,0.6440405404
CC_15C0E30FF2DC,0.1153480779
CC_15D617FAB434,0.1146919557
CC_15DA0F4FFF0E,0.3272349273
CC_15DAE76D15DF,0.0765989004
CC_15DC7C139EBC,0.2875702161
CC_15EB741857ED,0.1248153510
CC_15EC51F4C521,0.2851158373
CC_15F6259C7C53,0.0740423683
CC_15F7C012E10D,0.3731327323
CC_15F7C1BEC28F,0.1762490742
CC_15FF58854AEA,0.1514853106
CC_16035CDDC2F6,0.0900165431
CC_16095572722B,0.1160342900
CC_16109F1CE0A6,0.1663699442
CC_16150E74E4DA,0.1320625335
CC_1629E47AFBA5,0.0908752322
CC_162F4582D06D,0.5415664184
CC_163194DFEDDA,0.0991989751
CC_1640F01B7730,0.1328943829
CC_16460554039F,0.0590334330
CC_164D308CDE41,0.2882764603
CC_1661041F819B,0.6524941337
CC_166829780A76,0.0941729249
CC_16798666E855,0.1139481016
CC_1684B5493414,0.1798337672
CC_168A8907C8F4,0.0965912783
CC_1690EC56D088,0.0985868971
CC_169853EEAB4A,0.0694145371
CC_169B7FD839BA,0.1394836835
CC_16AED1A3008A,0.1863809373
CC_16BAC7837C73,0.1005788017
CC_16D57E1EEA01,0.1226751835
CC_16D833E56D7A,0.1381712864
CC_1702487A047B,0.1368471390
CC_17029F78E70E,0.0979682615
CC_1702F3E986AE,0.0889167051
CC_1707181BB559,0.0712850979
CC_17117BF03935,0.3112592399
CC_1723E40C3D40,0.1517318083
CC_174FBBE9ADD9,0.1585183918
CC_176E6E58FD1E,0.1230512855
CC_1783F37259BE,0.1177027089
CC_178B135605CA,0.1139846220
CC_179AA5165026,0.3885124665
CC_179DBA1C4CDB,0.3832361856
CC_17A1090B69C9,0.1241259232
CC_17AA1A4C904D,0.2032415969
CC_17B06C06FDC1,0.1180704025
CC_17B89AC1FD03,0.2583041673
CC_17DC33AA73F3,0.0948715704
CC_17DE4D267831,0.0959007989
CC_17E929BE0344,0.3838942148
CC_17EB83DECE5E,0.4901487531
CC_17EC9982E5A6,0.1568780025
CC_17ED5555B4FD,0.1703452589
CC_17F4292DAF8D,0.0829596227
CC_1807B0980C86,0.1197122478
CC_181354A58B53,0.1511257000
CC_181E7266E018,0.1005133559
CC_182AAE7CC3CA,0.6496902228
CC_183EDEDC5DA7,0.1081068945
CC_184C47552665,0.2017230762
CC_185A7392A475,0.1941350387
CC_185FEFD3233A,0.2995783556
CC_18676FE5FC07,0.0767508667
CC_18776C4FDE28,0.1375616596
CC_187A8AECEFBC,0.2040828752
CC_187E7D0B4E82,0.8354335793
CC_18839D393105,0.1824383824
CC_1888476F6CF3,0.1445154314
CC_188B1ED2AAA5,0.3139189564
CC_18A4257C3172,0.2851137973
CC_18A7929D9FC9,0.2044475218
CC_18A8695F185E,0.0626169394
CC_18ACE64E8F74,0.1394006988
CC_18BF4A29BB38,0.1133601991
CC_18DE36F7D294,0.1389107648
CC_190EB07AC1FC,0.1068007071
CC_19219F2C60B7,0.1258585974
CC_192262DB0B0F,0.1088184494
CC_1929746E06CD,0.4966137339
CC_193356E72D61,0.7252801208
CC_193938E8EA40,0.1826252943
CC_193C60092202,0.6525708888
CC_193F669537D1,0.2744735086
CC_194E13150BE5,0.0566830679
CC_19556DDCCDB3,0.0720535325
CC_195A6E9B48A2,0.1399435663
CC_196DEC616B33,0.0849848008
CC_1978B23D64A8,0.0988129122
CC_198562A4BD86,0.1006924610
CC_19864C9572BC,0.1006383947
CC_19868B6887C9,0.1316692981
CC_19969E05AB2B,0.1281931802
CC_199FC89885C7,0.1234290250
CC_19A40411B404,0.2503625910
CC_19A6D9B60B29,0.5058579604
CC_19AAB010550E,0.1236352434
CC_19B4743DFEEC,0.1134473550
CC_19B95A61D757,0.1364516507
CC_19E6A00F6A5B,0.1385960869
CC_19E8DEC29F47,0.7574642085
CC_19EA54976042,0.1048819326
CC_19FBBEA75B7F,0.1390022688
CC_1A039E58840A,0.0660583404
CC_1A075331756B,0.1343244862
CC_1A1E1302C432,0.1818602088
CC_1A37690EAEDB,0.0895527330
CC_1A3BF9F5BD42,0.1436832105
CC_1A4268FEB02E,0.2108896118
CC_1A5F8618A912,0.1938449626
CC_1A659D4D521E,0.5225016893
CC_1A879655902A,0.1040790679
CC_1A9F6DA46BC2,0.1364548492
CC_1AAB15E81743,0.0695609687
CC_1AAC389EF8A2,0.2328609014
CC_1AAD0CE365D9,0.1534465716
CC_1AAD9152C90B,0.0719828781
CC_1AB15BDA9296,0.1001661045
CC_1AB8BDA3041B,0.1008891980
CC_1ABB9CB074E2,0.8554292405
CC_1AC1B1A3978D,0.0898280494
CC_1AD20D1F9C08,0.5515306633
CC_1AD881A90D1A,0.1656154437
CC_1AE9811724DD,0.7810209069
CC_1AF1AAAB9D12,0.7719867950
CC_1AFCC4D0ABD4,0.1595984732
CC_1B08ADAFD1C4,0.2075978880
CC_1B10139C7917,0.1150281278
CC_1B127133B948,0.1094161378
CC_1B25964EA376,0.1772030616
CC_1B27A85C7244,0.1707985016
CC_1B29F4378A34,0.2086105321
CC_1B2EC0BD0677,0.2338617490
CC_1B4AAF37FB97,0.1387494791
CC_1B5E792F6E6C,0.2031833739
CC_1B7166DAA790,0.1510287183
CC_1B89FD901C95,0.1404519850
CC_1B91E3A70338,0.0933528320
CC_1B9D9B7184F7,0.1638158761
CC_1BA3FDD92B1B,0.0481364726
CC_1BA9B3D67170,0.1282668556
CC_1BAF97E2BCF2,0.1343833258
CC_1BB7D8A54021,0.1380497086
CC_1BD548A5FEF3,0.1162795890
CC_1BDF1893ECEB,0.1911749911
CC_1BF117A8AF9A,0.1111756899
CC_1BFA7E407428,0.2656189826
CC_1C0066F472E4,0.8573174000
CC_1C09CC2385AF,0.0967264049
CC_1C11467AB472,0.6499334592
CC_1C1627B7EE6E,0.1161891518
CC_1C3259B85E28,0.1931585277
CC_1C334ED885FA,0.0767156628
CC_1C376760FE39,0.0944616574
CC_1C39A1ADF3F2,0.1735558093
CC_1C450FC77478,0.1204309505
CC_1C48409023DF,0.5309328444
CC_1C4D03324C60,0.2587146775
CC_1C5F1E1028DB,0.0870992654
CC_1C6681C0AA7A,0.8282587685
CC_1C84CFE19CDC,0.2090546779
CC_1C8B3F689C6D,0.1601774595
CC_1C95674B902D,0.0639907752
CC_1C9A4C11F28F,0.0808822552
CC_1CA3F50BABEA,0.1577048272
CC_1CBF42D35AED,0.5989764384
CC_1CC11BEADBD5,0.0860525173
CC_1CC3CE396A8A,0.2118890212
CC_1CD2B13C2E6B,0.0957701942
CC_1CE0B37CA670,0.1092541818
CC_1CF5A99FC068,0.1087301557
CC_1CF71AEB6671,0.1086049392
CC_1CFE066F5EE4,0.3437452018
CC_1D00B360809D,0.1263595474
CC_1D1173F82F2F,0.1245656778
CC_1D1E06E0B393,0.1805410348
CC_1D2789866B1B,0.0342633299
CC_1D2DD7DF781A,0.2182639613
CC_1D313498A2DF,0.1378761055
CC_1D68396533F9,0.2461375856
CC_1D7235BA1EAF,0.1533959695
CC_1D7ABAF9D080,0.0830484856
CC_1D7FA51D0D7D,0.4206467402
CC_1D8CFB3589AE,0.0763755953
CC_1D9421A6EB19,0.2336542688
CC_1DA0AC68719F,0.2353052120
CC_1DA366D588B6,0.0825398441
CC_1DACBFE0296C,0.1137190924
CC_1DBD6A716910,0.6226262118
CC_1DCB75B5CBDE,0.3949772246
CC_1DCDADBC0E90,0.3975935071
CC_1DD11FAF43E8,0.1204288322
CC_1DD8064E71C7,0.1579160089
CC_1DEC926EE25C,0.0871323672
CC_1DECBAE4FC5B,0.1149775650
CC_1DFF80E6D4DF,0.1101744583
CC_1E025C3597E7,0.2010945897
CC_1E082052CCBA,0.6430261886
CC_1E0E30441DD1,0.1994706786
CC_1E20E200611C,0.1773957552
CC_1E354C75EB9B,0.0645380224
CC_1E3B2C15EBCD,0.2764782799
CC_1E4DF11FAF55,0.1197393241
CC_1E4FE60DFD8D,0.8225529253
CC_1E5A648D299F,0.1750952198
CC_1E6C0A8B3841,0.6447092841
CC_1E7FA6E807A3,0.1755550438
CC_1E93F760EC93,0.1855955033
CC_1E99F40FA03E,0.1069287297
CC_1EAD09DBC23F,0.1765441713
CC_1EB3D53252DB,0.2646336987
CC_1EC889E04D69,0.1308810353
CC_1ECCBF6853F6,0.5124950263
CC_1EEC4520436C,0.1503058242
CC_1F2827DC99C0,0.1258169872
CC_1F2C184C5227,0.0808263256
CC_1F3FA8091B02,0.1597820009
CC_1F4E07BFDC8C,0.0745218784
CC_1F4E0E9B54BF,0.1013179115
CC_1F55738A6A27,0.3879877333
CC_1F65276D0EF8,0.0680883820
CC_1F65C797BD40,0.0902805073
CC_1F668C0AE868,0.0875643309
CC_1F6B19A04BD8,0.0696311700
CC_1F945A60367E,0.5679164915
CC_1FAB6F11DFCA,0.7253187726
CC_1FACCCE95224,0.2614067449
CC_1FD010E5EA82,0.0770998987
CC_1FD2B7BCCD20,0.6218644127
CC_1FDAEC3D5CBB,0.1313915649
CC_1FDC65FE3DBE,0.1707835270
CC_1FE696D8A81B,0.1055439867
CC_20027685F59C,0.7231698794
CC_2009F3D77774,0.1432601267
CC_200C552C40F3,0.1141762470
CC_201459527065,0.1078684662
CC_20275029A688,0.1121323455
CC_2028DA597C34,0.1752309181
CC_204E557E5046,0.3273435538
CC_20542CFCFB39,0.0578574089
CC_2060F813C9B2,0.1507770780
CC_20813A9A7F71,0.0511146472
CC_208429A11E2F,0.1603466453
CC_208B0FE7CBAD,0.1097409306
CC_209A511030A7,0.0319816704
CC_209DD60421B5,0.1186801928
CC_20B26D646D62,0.1436601638
CC_20C47966B174,0.0626366077
CC_20CFE9681E4D,0.1093429225
CC_20D4DB0F3E3D,0.0911412866
CC_20DD84CE3CA0,0.1419573989
CC_20E57CA675DA,0.7202244162
CC_20F129FFBE00,0.2635427410
CC_20F4E0F62D2C,0.1066708981
CC_20FEE0B2130D,0.5826848784
CC_2111B298C212,0.1153274836
CC_211315AD7633,0.2103674076
CC_211504721E27,0.1178343509
CC_2119919BCB4F,0.5659465763
CC_21375C9ED931,0.1740700837
CC_213D2A5355FB,0.2712845807
CC_214B50E48E94,0.0889861043
CC_215F86D986BA,0.1108245055
CC_21600308F496,0.0903597485
CC_2166F3F6344B,0.1148553427
CC_2168BBB42053,0.0620131000
CC_217030CE0127,0.0836309628
CC_2179067B405D,0.0717066762
CC_219B59B67193,0.1849677825
CC_21A9E8DB58FE,0.1438452824
CC_21AE679C5E95,0.1670677944
CC_21B98D13174C,0.0998797620
CC_21C81BC15002,0.1206403856
CC_21C9B26CFEA3,0.1173355416
CC_21D22081A4CA,0.8330585783
CC_21D29CD736D3,0.3077236774
CC_21D3CEAF838E,0.2106762480
CC_21EF792A3811,0.4803100679
CC_21F04E996723,0.4587759078
CC_21FB6C8AB8BF,0.3241976408
CC_22067686F6C4,0.6682539446
CC_2207A39B7BB8,0.2194742063
CC_221053121AAB,0.1888256302
CC_222423774191,0.0909576068
CC_2230EFBC99AE,0.4100076355
CC_223BDED2A465,0.2745806230
CC_223E3CA7A07F,0.1388950665
CC_2250B42E48B2,0.0975512910
CC_225935E43583,0.1155667316
CC_22781E93CF84,0.2151269971
CC_22784AF3CB6B,0.3285768453
CC_22831690395E,0.1760091218
CC_228E6CBCC935,0.5326420289
CC_229338EBBA6C,0.0890989376
CC_229A63057E54,0.4536724348
CC_22A2D8A4B437,0.0975144883
CC_22ADE1EE9BC7,0.1423293293
CC_22B69E7C415A,0.0928306897
CC_22C590B43FEF,0.2760749399
CC_22F06379D8FD,0.0668545171
CC_22F282264A1D,0.1256073223
CC_22FBF5F0E1C0,0.2839799023
CC_2302088175A3,0.2486677534
CC_230672EAA654,0.0553231812
CC_230870B121F6,0.1889234276
CC_230A051B2B3E,0.0812794348
CC_2316F57AFB7A,0.0962112438
CC_231D091FCD1D,0.0950659675
CC_231FDED1781F,0.2424459857
CC_2320053D1183,0.0520477017
CC_2320AF507566,0.2564483500
CC_23321FF41C3D,0.1471005703
CC_233470D6BE72,0.6088389010
CC_233C8EBC95FC,0.3486940078
CC_235F99F13500,0.1311478905
CC_235FC02CA52F,0.2572786344
CC_236C80CAF53D,0.2474991479
CC_236E7222D97C,0.0885482782
CC_237B86FDC93C,0.0840348400
CC_237E7EB2D7D8,0.1058837898
CC_23830081EE1A,0.5797104658
CC_23894AAA08DB,0.5500201568
CC_238CBFD6E20C,0.3557105469
CC_2392A4A79C9E,0.0601405873
CC_23A474D43C73,0.1504588376
CC_23A9CC59BA0D,0.0502766463
CC_23B158D8306A,0.1259911477
CC_23D147F1870B,0.1536271277
CC_23D2E73DCFCF,0.1113427359
CC_23D9103D1EAB,0.0618246256
CC_23E142182F2F,0.6595941646
CC_23E43713A108,0.0751174913
CC_23EF2911610E,0.3805249936
CC_24056B76BD7D,0.0890170539
CC_2416ECE66177,0.0868154980
CC_241E65816FC2,0.0533002022
CC_241F7E97FBDD,0.0842327182
CC_24217201D7A1,0.3754639389
CC_242301FCCE50,0.0943296755
CC_242C69CF0B12,0.1229235410
CC_243B23702DC1,0.1652630010
CC_2456B9C796E4,0.1119779764
CC_2457D89CB88B,0.5906571031
CC_24667210E2AF,0.2178352778
CC_2468D206CAEA,0.0588568833
CC_2469630A4F86,0.2697999430
CC_2469D83D9594,0.0815970564
CC_248C65EF54A5,0.6519655582
CC_24BCCA7941E8,0.1396485424
CC_24BDC1CE2A3A,0.2098123678
CC_24BFCCDF957C,0.0779174237
CC_24CC8A1B1CB7,0.1988395468
CC_24D4B1852554,0.1648768849
CC_24E65FA5A32E,0.2634347525
CC_24EF3EDB6857,0.1066899336
CC_24F15A19D648,0.1636234475
CC_24F2410B5A19,0.1370737430
CC_24F27E7DE1C6,0.4842091924
CC_24FFFD0C983B,0.0774231505
CC_2504E9D5D5E4,0.1273092534
CC_250F6A0DB62D,0.0922813603
CC_2520E13DF0A2,0.7386543539
CC_2539C315029D,0.1722312862
CC_25519ED78507,0.1003876796
CC_255D49296DB6,0.0678424940
CC_255DC60FF5BD,0.0768540660
CC_2563C9EF9D55,0.1045786656
CC_25756EB9651F,0.1101441516
CC_257CC46D379B,0.4250584192
CC_258D5F80A933,0.6570076413
CC_259D87270257,0.1994853722
CC_25A41AB21C94,0.1678752909
CC_25ABCDCC8B71,0.1021410638
CC_25AF0D0569B5,0.0360460415
CC_25B61D393144,0.1461068317
CC_25B95D7288CB,0.4154966078
CC_25CE2F2F13BE,0.1542813217
CC_25D1A5971976,0.4168913874
CC_25D411B46F00,0.8010031870
CC_25E7A2DC5E41,0.1087878592
CC_25F4C8E51AC2,0.4061678526
CC_260323EFB122,0.6942587205
CC_260F10484312,0.0904223574
CC_2610D0F1D0A7,0.1220650628
CC_2615866F35A2,0.1128625816
CC_261DA4E8DBEB,0.1063237600
CC_2628F00B0745,0.3897630387
CC_26338E9AD15F,0.1241010764
CC_26346B99BDBE,0.6639863448
CC_26351DBC1AF6,0.1832811790
CC_2637397AA3F3,0.7452279721
CC_26675C32611C,0.6155715675
CC_266E49E49071,0.2015281665
CC_2696368A4DC6,0.0712973158
CC_2698641B68A5,0.1499153797
CC_269C5AE6A1A3,0.7149221502
CC_26A06AD1206C,0.7226492107
CC_26A358B0C10F,0.1698824487
CC_26B07CB02EA3,0.5231446372
CC_26B638BEA8CE,0.1544905782
CC_26C33B649FC9,0.0934277958
CC_26D5B969A36F,0.2662409063
CC_26E3A1226C2D,0.1935501914
CC_26EEA3F0224A,0.2341833530
CC_26FA5E5A718C,0.1784703745
CC_26FE119D4919,0.1275861049
CC_270B462BAEF3,0.0786608101
CC_270D929FEA9F,0.0990032251
CC_2731AD82BA11,0.1799113197
CC_274144AE3E86,0.1605281700
CC_274AE6E82879,0.1067636743
CC_2757A490C5E1,0.0899277326
CC_2766F6011BD0,0.3412119763
CC_2768E644C697,0.0972522945
CC_2770DF70328D,0.0994236132
CC_277503968C44,0.6460674176
CC_277CE974AA8F,0.1983468568
CC_277D246E39B9,0.2794869930
CC_27A1CC725B7A,0.0850816965
CC_27A798829CA8,0.7939659996
CC_27C938FC8DC6,0.4734294622
CC_27CA2D819E7A,0.1028463756
CC_27E3712F0E38,0.1490031837
CC_27F3B3F43FF9,0.0761405771
CC_27F9832EAB8A,0.3321238469
CC_2809CC131F3A,0.6303970792
CC_2812523510C0,0.1720307836
CC_28151C75756D,0.0822063292
CC_28203CC976F9,0.1615328565
CC_282AFAE06F96,0.1361508125
CC_282C2404F4C0,0.0900411836
CC_2834BA2F19FC,0.1751711840
CC_28432E22F47D,0.6698432827
CC_2844882CC439,0.0799675599
CC_284F79726032,0.3888580180
CC_28544783AB15,0.5771340538
CC_2856104729EA,0.7799318493
CC_28625CD86761,0.1476067094
CC_2866BDB46FB1,0.0965398653
CC_2872415C6B36,0.0858453541
CC_28752737647D,0.5633190250
CC_2875C281EE88,0.0993157544
CC_287E3E9EDAC9,0.1239640805
CC_288A2C49D62A,0.0745699887
CC_288FA8CD819C,0.1823339943
CC_2891894CCED4,0.0803968688
CC_2895608A9699,0.0726281803
CC_28A2EF7926AE,0.7645708832
CC_28A7DBD2B710,0.1733518918
CC_28AD81DF2C51,0.2509906316
CC_28AEC29CEC25,0.1955870684
CC_28C1C3DF7928,0.1074968576
CC_28CA76962EC8,0.1480021383
CC_28CD47803B6A,0.1400305017
CC_28DF569DBBE5,0.1297989728
CC_28DFE611C657,0.0820640845
CC_28E11E6A6C8D,0.1953952262
CC_28F58ADC7CBC,0.1658717561
CC_2916479EBC84,0.1568948960
CC_2917C6CB0B2C,0.1371133873
CC_291C7830D4B5,0.2818324103
CC_291FE1744E5F,0.1283970647
CC_293124F1ACD1,0.1560341030
CC_293C2D704AA9,0.2481558509
CC_29432A6B2555,0.1886559586
CC_2944B427406C,0.1700489412
CC_29468B7035D6,0.1376635318
CC_294A9A24E473,0.0993757231
CC_294B94EB0E07,0.1370790355
CC_2967C29E4C3A,0.1416000094
CC_29716D5835F4,0.1942709282
CC_297179FF2BCC,0.3267252518
CC_29803690C939,0.1283657789
CC_29821539DC4D,0.1142398248
CC_2983C1D2A273,0.0939511940
CC_298CAC5A1868,0.6627391054
CC_299EBE0FB429,0.1371434493
CC_29A1C0073882,0.6133521207
CC_29B6065F187B,0.3185719500
CC_29BC66C10F87,0.5704484095
CC_29BF3C3D9682,0.1832813830
CC_29C4425FB2DA,0.1334126127
CC_29C5D0D72D61,0.1436814211
CC_29D65E313500,0.1103011963
CC_29FD856F47A5,0.7898384017
CC_2A097F88615A,0.0875117400
CC_2A0CB4CE1A48,0.1812483473
CC_2A14C1652D6D,0.1412799903
CC_2A1F96F80938,0.0751180478
CC_2A23F71805A2,0.1242192657
CC_2A2BF2FD0498,0.1701670097
CC_2A358A1D3DDF,0.6360630397
CC_2A3E371F0DAD,0.2237382140
CC_2A423FC8A330,0.3074903191
CC_2A43368D54F9,0.5030355690
CC_2A47A21C0E07,0.5191085687
CC_2A4CB02E7A1E,0.1239639664
CC_2A510080BA29,0.1594077004
CC_2A5316E550F0,0.1232781240
CC_2A59695EF90A,0.6217239424
CC_2A606D00CC46,0.0882459759
CC_2A6C69145AE0,0.1017667103
CC_2A6CD71471A6,0.1565812226
CC_2A70D6EF64E1,0.0922846220
CC_2A844754AE67,0.5884595912
CC_2A85A7B242FD,0.2551972835
CC_2A9A51067D7F,0.1536463624
CC_2AAAD4020436,0.1918641200
CC_2AB62BCF3704,0.1045534846
CC_2AC1C8DE5649,0.1435752527
CC_2AD10D78793D,0.7704997306
CC_2AD26446A7AE,0.1182547049
CC_2AD2D35975D1,0.0755452697
CC_2ADA07B0211F,0.2980395142
CC_2AED2D284351,0.2805240003
CC_2B01FDE2552D,0.2195796182
CC_2B06DDFD7F8A,0.1097052154
CC_2B08FBC0A948,0.1297971412
CC_2B1914218468,0.6808406633
CC_2B1D93E12DC9,0.0692958242
CC_2B248C488918,0.1190673574
CC_2B256891C60A,0.4592170578
CC_2B2801591A25,0.3701126866
CC_2B2B7CF1E40F,0.1242393831
CC_2B2F4204834B,0.1736132047
CC_2B5443C7AB87,0.0744921671
CC_2B5D780AC244,0.6000276668
CC_2B64E67CFF13,0.0968004536
CC_2B6B872C8D21,0.0371778359
CC_2B85D931F011,0.0772591248
CC_2B959EF030DD,0.1453017141
CC_2B973D1AC16E,0.1503560917
CC_2B98983C2687,0.0833336384
CC_2BA581E7B8D2,0.0761720687
CC_2BB2C432C369,0.1199027687
CC_2BBE19587CD5,0.1393311524
CC_2BCB838A9581,0.1710497920
CC_2BD0E9336EB4,0.1020866039
CC_2BD1633FD528,0.0868249532
CC_2BD58FC8C2B9,0.0478075531
CC_2BD6083CAB0B,0.8466810033
CC_2BDD47B177E5,0.7593823736
CC_2BDE889EB05C,0.2349469344
CC_2BF8DB192A49,0.3825904085
CC_2BFDF46F3AC2,0.1128708885
CC_2C00CF2FAE22,0.1382102777
CC_2C06DDBA1073,0.3039770844
CC_2C16C7838FAB,0.8848125013
CC_2C263A1A732C,0.1317306456
CC_2C34105831A6,0.1782824802
CC_2C43FFA06F31,0.0841771371
CC_2C4DEE4CA1CF,0.1011530154
CC_2C56DB55E40E,0.0802393836
CC_2C59F565C183,0.1565616732
CC_2C7F54E56925,0.1920998346
CC_2C8CFCC646BE,0.0782853555
CC_2C91AB1DB754,0.0828644202
CC_2C93356976AE,0.2550170891
CC_2C9DADC294C8,0.0408775946
CC_2CA94231028A,0.1995756969
CC_2CC8CB17283A,0.3010739491
CC_2CCD42AA2376,0.1394781354
CC_2CCFE560A79E,0.1789512164
CC_2CED227E5216,0.1071399406
CC_2CF326E90715,0.0806204140
CC_2CFEA03CC6A0,0.5368558674
CC_2D1D032137DA,0.1698465803
CC_2D258781011B,0.1643562034
CC_2D30260A1CEC,0.1789449769
CC_2D35C002A9F1,0.1647151363
CC_2D45DEA4EB25,0.1510587347
CC_2D5494C13FFA,0.0543655860
CC_2D5EA2953E81,0.0852063061
CC_2D6E7894EA16,0.4944285942
CC_2D7DA36360AD,0.1665588593
CC_2D7DFEACA38C,0.2197868132
CC_2D836654A121,0.1446619458
CC_2D9CDFC6C57E,0.6093459709
CC_2DAC67585B03,0.1530943028
CC_2DAE338809DE,0.2603135762
CC_2DB062A18C75,0.3398821759
CC_2DB2C55CF89E,0.8644576512
CC_2DBCBF870292,0.0739258048
CC_2DCBC03B4FA3,0.6585351077
CC_2DD78131B5A1,0.1186685492
CC_2DD7BCA75AB9,0.1101848715
CC_2DEB49017220,0.0903969987
CC_2DF6C71ED372,0.1807748489
CC_2DFBFA1A4FE8,0.1393356276
CC_2E12A41F7733,0.1109108462
CC_2E1A348EB1E6,0.1022912682
CC_2E23CB0F6F7B,0.3558622471
CC_2E3634587158,0.1068674322
CC_2E3F4B14D8DF,0.3661557008
CC_2E3FDDBF4F48,0.1226176482
CC_2E61C46BC16A,0.1547352882
CC_2E62AEB14351,0.1842703282
CC_2E6F1C0ADEB8,0.2469897170
CC_2E7415FAB62E,0.1014172041
CC_2E77F7444FDF,0.0718359580
CC_2E78431BE3DB,0.0732728749
CC_2E7D44FB8075,0.0733739442
CC_2E7D8539BDA6,0.3265908676
CC_2E7F248874AA,0.6739671292
CC_2E85BB8F3BB5,0.0861341180
CC_2E8897E4D9BB,0.2425221409
CC_2E8CCDE89E2D,0.1484404625
CC_2E927D910813,0.1624285342
CC_2E9891F5A2D5,0.1218445726
CC_2EA56A7EAC04,0.2262703251
CC_2EB45D13B248,0.1655696248
CC_2EC924B0EAAE,0.1226599249
CC_2ECC248C96B7,0.0924566694
CC_2ECF0C98B06D,0.3624044935
CC_2ED3F6481454,0.1026332234
CC_2EDDF0B40ED8,0.1396678683
CC_2EE2A139642B,0.0783203507
CC_2EEE072DA301,0.2309987291
CC_2EFEBB85DAEB,0.1168362471
CC_2F133BEFAA69,0.0895411540
CC_2F1AAE3B81F2,0.1133769816
CC_2F1BC47CC90E,0.0840685929
CC_2F2128FBBDDC,0.1346574904
CC_2F3D3342834E,0.0687191084
CC_2F42D39F710B,0.5739346505
CC_2F4AFE398419,0.7991885912
CC_2F4C24B38EE6,0.1253729805
CC_2F508C0838A6,0.1533142309
CC_2F50EC193942,0.1611098610
CC_2F5BD03D4900,0.0659004214
CC_2F73AF6728BC,0.1028633555
CC_2F7EBEAB9CF2,0.1450933957
CC_2F9AD2BC25F5,0.1045021683
CC_2FA3172ED3FE,0.7505267738
CC_2FBEF8808F48,0.1346661179
CC_2FC014F0EA3C,0.0849161080
CC_2FC3AD2EC986,0.2255300370
CC_2FCC82AC097C,0.2460244163
CC_2FE2ED7D464E,0.2272285516
CC_2FFCC9802D2A,0.1423598520
CC_2FFE32627DF8,0.1129922591
CC_300BEA90EF3F,0.2196705664
CC_3017B64D0364,0.2398684504
CC_3017E5E87C94,0.1187020793
CC_3028375CC87E,0.8545952176
CC_302A48CFCEDA,0.0791097118
CC_3031F96196BD,0.3243500364
CC_30328ADA0AE8,0.1810857669
CC_30451015D913,0.0552772295
CC_305D33AC15A9,0.7842834943
CC_306015CFB66A,0.1794859587
CC_306413849CEA,0.5419579820
CC_306EF0BC7CB3,0.0732375034
CC_3075C5B861A8,0.1377088320
CC_3083D9B76858,0.0983434412
CC_3096994A495B,0.2161677453
CC_30B106BC1657,0.1982289273
CC_30B967417C42,0.1059176269
CC_30CABAFF5453,0.1359049265
CC_30D68208FB23,0.3310112576
CC_30E2A90BACAD,0.1514202450
CC_30FFD856443D,0.6741132962
CC_311EF26786A8,0.1157502297
CC_3129843EADE6,0.8544998040
CC_312C34EF683B,0.0901773138
CC_31302B64C078,0.0989100812
CC_31344A25B569,0.0672602489
CC_31397A399AD5,0.0754689991
CC_3145B5EAD7AE,0.2316245828
CC_3146EE0BF81A,0.1144514935
CC_314D02632843,0.2954257366
CC_315133406E42,0.3320297882
CC_3180D1C6FB7E,0.2330676017
CC_31827EE8A968,0.2327488501
CC_319BE06CC27F,0.0721509616
CC_31A0A97AFFCC,0.3834426666
CC_31B22116E36C,0.1648918841
CC_31C78D9B6494,0.4461338314
CC_31D3FA367B41,0.0784650168
CC_31DAAB3E6DA7,0.1436854913
CC_31E36F666FB7,0.0901801103
CC_31E72EA14FE4,0.0821453049
CC_31FC6DC9482C,0.1441687602
CC_32076DA6AE23,0.0752684949
CC_3209FA12D938,0.3138440788
CC_320E17F947CD,0.4659582786
CC_3223C706DD92,0.1947193274
CC_322EFB2E377D,0.1073816114
CC_3248EB928073,0.1326978916
CC_325D5DC52B1F,0.1116198304
CC_32662A6DB78D,0.1483089810
CC_328DD3BA068A,0.2031897382
CC_328DF7798F91,0.1504694881
CC_3295CFEB188B,0.0957746568
CC_329DC79286ED,0.5835505773
CC_32CB77D55C73,0.1264960285
CC_32D129B9E651,0.1331029897
CC_32DB12551D37,0.5773009916
CC_32F00D77D5CD,0.1224172884
CC_32FF5F6892D9,0.2232825322
CC_3301EF60877F,0.1433349089
CC_330F334BD816,0.1136054143
CC_331285B3494C,0.2331184175
CC_331364283D5C,0.1191943748
CC_331718E0F54F,0.1253678621
CC_33194D48FF66,0.1027234392
CC_331E8B8BCAB8,0.1187182107
CC_33254134ABA9,0.8147265908
CC_332E42439579,0.0750212697
CC_333102AB964C,0.1362390664
CC_3338AC0E8112,0.2137832439
CC_33656EEDE6F2,0.5110437154
CC_336777D934E0,0.3458480381
CC_336DBFE464D1,0.4398515140
CC_3382BB2F3152,0.1160835708
CC_3387207793E4,0.0871165771
CC_33992C973839,0.1341804194
CC_339C36703675,0.1041262133
CC_339CA5814519,0.1325002546
CC_33B157F2A921,0.0824115965
CC_33BBD10F239D,0.0558721815
CC_33D3B12EE56E,0.1248873094
CC_33DB68EA27CB,0.0820601782
CC_33F0B95E70CE,0.2118537372
CC_33F40275D630,0.0900225516
CC_33FD5DE22692,0.1068392869
CC_340961106343,0.1482117131
CC_340BB1F4CEF0,0.1977884268
CC_3410B11F1FA3,0.1543350908
CC_3424972707B6,0.6886759547
CC_34452758A645,0.0506591277
CC_344D239879D6,0.1213586821
CC_34503B6891CE,0.2574586200
CC_3451722A3813,0.1177981882
CC_34517B513D8E,0.5188553919
CC_346ECB4CF2F8,0.1413520431
CC_3478E8B6B56A,0.1006352982
CC_347AFDE16722,0.1025151517
CC_347B1A01467F,0.0896395418
CC_348AA62FF484,0.2180314329
CC_348D3F098A4D,0.0628137476
CC_349290E4D0C9,0.1656966326
CC_349347D553D1,0.2836846675
CC_3495CE27BB05,0.2642478273
CC_34B10A654721,0.1317462179
CC_34BD2C5130C8,0.1165655309
CC_34C433439160,0.0815873152
CC_34CA271F73E3,0.3497990446
CC_34CEBEA3B15A,0.1127117725
CC_34E58CF793A0,0.1866861130
CC_34E6909B6027,0.4533429770
CC_34F4292A8B5C,0.1919172514
CC_34F6DD223594,0.0850465166
CC_3508A7A5E9EB,0.0997473723
CC_35094977DD75,0.1403920141
CC_350DE157CE6D,0.2052331246
CC_351BD5C2EE8B,0.0607576771
CC_35486249EDEF,0.1457955225
CC_354C9ABE6DDE,0.0923070843
CC_35578162927A,0.1078459359
CC_357C3E7518D3,0.4510692951
CC_3584C15BF11F,0.1089599834
CC_3588C5166872,0.1047289826
CC_35A68306B19E,0.1531189784
CC_35BFB3093D02,0.0682429458
CC_35C085ED37BD,0.5437856552
CC_35C695C13279,0.1055338404
CC_35D1668A4C13,0.1256476521
CC_35D27495E0CB,0.7838557635
CC_35D562E1DBE1,0.5847135115
CC_35DCDC74A757,0.4071935317
CC_35EC2AB1D1EE,0.1268673538
CC_35EEB90317B9,0.5441436866
CC_361A9EAF7706,0.3106582650
CC_361B968FEB98,0.2103428030
CC_361C9FA031A7,0.8567079907
CC_3620C5D1B3E2,0.0992554579
CC_3622D7221940,0.0682407396
CC_363175E92F74,0.3400463697
CC_3638C9146BFC,0.1310988310
CC_3643A4C7EC5C,0.0791307584
CC_36690A9AE112,0.7698818007
CC_36719170F638,0.0936008098
CC_3673466BA7A7,0.1102834347
CC_36847054DF52,0.2832026480
CC_3691CE792752,0.6425464411
CC_36A27FE53743,0.5618638826
CC_36A3FB06D1D8,0.7959653988
CC_36B0F2AD5413,0.1164989446
CC_36B1B7BF5F75,0.1416736152
CC_36B68E66951E,0.4980596971
CC_36D3F09AD810,0.5761649024
CC_36DBD8424220,0.6148573170
CC_36E5645D8018,0.0534693727
CC_36E6592E4E23,0.1564334684
CC_36F143AEC864,0.0899959930
CC_36F2A735DF73,0.2083054662
CC_36F81C003E8F,0.0638532761
CC_36FCD55EE425,0.6739444275
CC_3701D5DB7FA1,0.0691050147
CC_3706E1EB2587,0.4913391580
CC_370E0F8EF86F,0.3840690375
CC_371D47444D5B,0.7460991756
CC_372CFE308EA4,0.6947463281
CC_3731D90357A6,0.2528569596
CC_37322F66C543,0.0267393755
CC_373539DE38C5,0.1147010117
CC_375225700242,0.2818377255
CC_3762D0B6F3C2,0.0654890571
CC_377A277E831A,0.1655381588
CC_377B6066B91B,0.1957620230
CC_378D71726B5E,0.0885092378
CC_37A46BD0DCBF,0.1082597094
CC_37B447368F02,0.7567670242
CC_37BFDFE369A3,0.1304786275
CC_37D09FE492BD,0.1215410497
CC_37D3F4C07235,0.1948450766
CC_37DDACE48E3C,0.1242209655
CC_37DEF85C0A37,0.2648361223
CC_38020CED9EEF,0.0748310539
CC_382207621EC5,0.8579457066
CC_38374AB27F95,0.1031873656
CC_383A5544DD5C,0.1336592218
CC_383C129A5B96,0.2348679815
CC_3847AAA649C7,0.1140556536
CC_3849D992C1E3,0.1111298454
CC_384BB17F0F0B,0.6377077985
CC_3851177E5E76,0.1295048453
CC_3862F88850B8,0.3040732752
CC_3867CFCFCC94,0.2925597259
CC_3872ED018F85,0.1767400318
CC_3881A587C072,0.1102728337
CC_3882F8EB5EEB,0.5078738725
CC_38911341EA6C,0.0950122052
CC_389E5B71E254,0.5397125412
CC_38A0DBCD3728,0.1140649365
CC_38B3E9142747,0.0438687686
CC_38C1B8860300,0.0972719954
CC_38C8CF250B60,0.0682271901
CC_38D32B790B4A,0.1913395379
CC_38EB304A9915,0.1179768340
CC_38F26461C872,0.7658323296
CC_38F942257E28,0.4759962868
CC_38FA5D78A8A7,0.0878515028
CC_3903D7BCCA95,0.1333960302
CC_39043D7ED04D,0.1697118971
CC_39098B256732,0.0823644741
CC_3909A2E4C679,0.1297136992
CC_392344DF8D55,0.1904532340
CC_392628C8AD47,0.1448520334
CC_39285F4C42BF,0.4157152706
CC_392A376EA1A2,0.0865522636
CC_3932E086F150,0.2168489194
CC_393D1D3640D0,0.1014810102
CC_3943B3490B49,0.8426310080
CC_394DE164DBCD,0.1255546776
CC_395600E84A54,0.1729251303
CC_395D181A7E1F,0.1660403498
CC_395E8CACC437,0.1758813010
CC_39635AC6A70E,0.0867363640
CC_3969352E3ABC,0.1261930207
CC_3985C0DF9CB5,0.4300310023
CC_3989F2C6A9F8,0.0907045723
CC_39A82672A1B2,0.0990348910
CC_39AA15DAE17D,0.7029679114
CC_39AA2A3D98CC,0.0726731682
CC_39AC257B00C5,0.1110752327
CC_39ACC63CDAEE,0.1303410346
CC_39CE40784C2C,0.1454425198
CC_39E1A306D418,0.1092678890
CC_39F2B11C46D7,0.1177086156
CC_3A10F5F50A27,0.0847760997
CC_3A27CF9D162A,0.5345665744
CC_3A297424A7F7,0.1123334422
CC_3A39F7930BF3,0.0945865084
CC_3A57566F9977,0.6314217422
CC_3A61121254E6,0.0778173760
CC_3A81C568A7F8,0.1560695870
CC_3A82E7050A4D,0.0856845749
CC_3A860AADE6CE,0.1789842532
CC_3A8B3FC29C9E,0.1436066876
CC_3A8E9056A5A2,0.1248357000
CC_3A9617A5777D,0.2702702700
CC_3A99D25777CD,0.1514462592
CC_3AA9E8D01340,0.5349683430
CC_3AAEFC09C290,0.4498701112
CC_3AB5E579843E,0.1528534072
CC_3AB77A30AD40,0.1526787995
CC_3AB7BA36A414,0.3862815796
CC_3ABA830A5BB2,0.1528579880
CC_3ADDDA550A57,0.1194437424
CC_3AE7B1151DC9,0.1248538211
CC_3AE9A209EE00,0.0800758850
CC_3B06FCD75C98,0.1028193703
CC_3B0722FB5E8E,0.4093201235
CC_3B1C51DD7429,0.2385593047
CC_3B1F4696D710,0.6109147704
CC_3B224413A072,0.2226878869
CC_3B35C3783CCD,0.2350450713
CC_3B3626F3DF9F,0.3306024995
CC_3B4405C7E486,0.6443599296
CC_3B4C4A9C9D99,0.2815442525
CC_3B72F0E9E3F8,0.1854822564
CC_3BB02A95C6C1,0.7523873190
CC_3BB8B675C2BC,0.3758702684
CC_3BC51B069218,0.1166330986
CC_3BCA5BD201AC,0.1220921001
CC_3BCAC9793441,0.2916544829
CC_3BCBC867AC4A,0.0676067481
CC_3BE51412ABE7,0.3894510630
CC_3BEA98B401CD,0.5864237590
CC_3BED6DF1ABF1,0.1552369200
CC_3BF0BF7CF827,0.7952057721
CC_3BF110035599,0.6081524655
CC_3BF213810DEE,0.5565713016
CC_3BF21CA88D3C,0.3480296025
CC_3C0E29764C71,0.0781734661
CC_3C19509D4636,0.1100972686
CC_3C1B038BB068,0.1406797184
CC_3C594CADCA2E,0.1570923055
CC_3C5D909498F7,0.8778228327
CC_3C68D5179A01,0.1111148629
CC_3C83955704BA,0.8235954537
CC_3C93218F41B2,0.2571730237
CC_3C9CFC8FB4D1,0.7985554920
CC_3CA266EB55BE,0.1296148049
CC_3CE49C937F7C,0.1264327921
CC_3CEEB9C04F0B,0.2326925595
CC_3CF504AD4DD9,0.1033147476
CC_3D1092DBC5C2,0.1900247252
CC_3D185833E7BB,0.0367591208
CC_3D2309981121,0.2802322046
CC_3D27A0086AA6,0.1451928594
CC_3D3BE7D0F4D8,0.1289488453
CC_3D412B5EA919,0.0869848321
CC_3D47650C6F30,0.1284260879
CC_3D55D1FD8457,0.0868113987
CC_3D599501BA76,0.0948446467
CC_3D6181EE3C87,0.5306028254
CC_3D65CC165F44,0.1866800156
CC_3D6CF6DB8014,0.3970579881
CC_3D7C14801D40,0.1645202931
CC_3D836BDBF866,0.8911434936
CC_3D8DF3A3DB71,0.7966942943
CC_3D9309851089,0.2265064898
CC_3D9ECB4274C3,0.1770785325
CC_3DC8A9A92802,0.2515697565
CC_3DDD3813D1D4,0.1134586866
CC_3DF3FFB3CFC7,0.1552326066
CC_3DF88701601B,0.1882079338
CC_3DF91A482CFD,0.3546387316
CC_3DFD6349D046,0.7401159212
CC_3E0D54125AE0,0.2308423351
CC_3E10CFE1DD57,0.0836341953
CC_3E13CB98572B,0.1970359807
CC_3E142C8ACA6F,0.1367474074
CC_3E1BAC4E5B90,0.0844693268
CC_3E2DD0D1E2D8,0.1216895396
CC_3E403BF08A45,0.0942963075
CC_3E46368104AE,0.0961378708
CC_3E48A086B5C7,0.2907684073
CC_3E54451B0F6D,0.1150240900
CC_3E6335ED3F4F,0.1407712906
CC_3E87A65C50A5,0.1440209716
CC_3E91109E2090,0.1178141214
CC_3E92A1EDA618,0.1527408302
CC_3E94684FE270,0.3667552613
CC_3E9DB402F352,0.2527559740
CC_3EB5A15A6C04,0.7103377456
CC_3EB8A9A6C49D,0.0953032856
CC_3EC96BC884F2,0.1287226520
CC_3ECA9E44B90F,0.1961986588
CC_3ECE4EF16A44,0.1112428268
CC_3EDDB8E70F57,0.1496555760
CC_3EDF137D0E1C,0.1538199207
CC_3EEEE844410D,0.3367322090
CC_3EF4F348C967,0.0942550376
CC_3EF91DD11A81,0.1344143848
CC_3F08C55E7A40,0.2354637593
CC_3F171CED0CFA,0.0662784325
CC_3F2544EFA753,0.1168768672
CC_3F28F3286CCA,0.0893954942
CC_3F379CB37B0D,0.1640010217
CC_3F42D798AB1D,0.5922493381
CC_3F48724540D5,0.1585720685
CC_3F68068E2D5E,0.1036359971
CC_3F7FBE71B77F,0.1133968045
CC_3F80017B8599,0.1110227758
CC_3F8B17953200,0.1101512391
CC_3F964BADC4BC,0.7439559599
CC_3F9767602FCB,0.2527851752
CC_3FA84F0B23CE,0.1008876217
CC_3FB4B189143F,0.1386039112
CC_3FB7C976EB26,0.3149025478
CC_3FBCEB2F36D5,0.1705835871
CC_3FC4FE843245,0.1139604267
CC_3FD52E32FE8B,0.6644646653
CC_3FDB44EC6254,0.0803865943
CC_3FEFBD6DC62F,0.2267034880
CC_4005466D00ED,0.3654989911
CC_40095FFBC1A2,0.0851448847
CC_400F1887A662,0.1560445858
CC_40133FF3069C,0.0784778838
CC_401C6F0EED5A,0.1567020548
CC_4021AD03FA01,0.1344677160
CC_402E91F3A56C,0.1098150246
CC_403754B6988D,0.1477748876
CC_4052DFCB1656,0.1609974267
CC_40579C5C13D5,0.8568478961
CC_406937FF97E7,0.1148720533
CC_406C4233347A,0.1208819939
CC_4073E42E11E4,0.1848645342
CC_4077BB12A5F4,0.1582127077
CC_4077DD5B5C4F,0.0972758821
CC_40824D899215,0.1154533777
CC_408D79189FBF,0.3381714492
CC_40A3F1D5EA0F,0.3055230453
CC_40A852A592FB,0.1430521757
CC_40AADA91D560,0.1830723821
CC_40B39CB2CC58,0.0822274750
CC_40CE2030F058,0.1697779097
CC_40EA2F8481E8,0.1864606212
CC_40EFD7778F98,0.1388675196
CC_40F278D49681,0.2337242556
CC_40FFCF631F19,0.4720726735
CC_4101D1B82788,0.1966498377
CC_4109B79A4B06,0.0768445322
CC_4119348F051A,0.1736150496
CC_41206EE45803,0.0963382265
CC_412DF740DA62,0.1388512022
CC_413AB4CA7451,0.1490868858
CC_414C06C60FF7,0.4551789430
CC_414F50748A51,0.0911352113
CC_415C65EA66AA,0.0914826576
CC_415CED95F7CA,0.1276511242
CC_416584250060,0.0597356040
CC_416B3A1F0F0B,0.0933259903
CC_41735021FC7A,0.1704436478
CC_417858CD20F4,0.0860307743
CC_41902EFB3974,0.0714563502
CC_41A27790EFBF,0.1292782479
CC_41A4A223F39D,0.0280332644
CC_41B464757ED6,0.1365875839
CC_41D1A87E1136,0.3965074504
CC_420FE297808E,0.0681275941
CC_4211096D5588,0.1412139167
CC_421F4D78128B,0.5572220171
CC_422F2780C85A,0.2625002461
CC_423B0296BE24,0.0928700711
CC_423E78000AA5,0.1531627213
CC_4246081DD359,0.0717043726
CC_4249EDF2FDCC,0.8134224387
CC_42568C67F412,0.3344677811
CC_426A25EA9E21,0.6088939874
CC_427ECDDEECE6,0.2951725687
CC_4289EEC8F0A2,0.1613732379
CC_429A7158AD07,0.1044162044
CC_429C51AE729D,0.0788478375
CC_42A0DE1E5E80,0.1266318888
CC_42A7D0F5388F,0.1136536173
CC_42B23C8C9F66,0.1695256416
CC_42BD3999AC3E,0.2755643664
CC_42C95B199130,0.3171734141
CC_42CD6CE97523,0.4936080034
CC_42DA114F12A2,0.1027657994
CC_42E2736AA331,0.2220949320
CC_42EA825C351B,0.4330127796
CC_42F1B2B4D258,0.6731784799
CC_42F4588EB38D,0.2989374587
CC_431F29A12E99,0.1699157538
CC_432EB78A198D,0.1546223221
CC_43383344BC72,0.1497937230
CC_4339187DD10A,0.1100562641
CC_4344A2E7EA1F,0.4770614597
CC_4347468ABE51,0.5041616026
CC_434894BC2577,0.0756902978
CC_4362DB93FC92,0.1420054466
CC_436850DDC704,0.0938443916
CC_43698E2EEA0A,0.1321807133
CC_4387F73F131E,0.1162458936
CC_43A33C994C70,0.4606906465
CC_43ACD82B5514,0.2213959096
CC_43B37131B8FA,0.1933104804
CC_43BFCAF8BD20,0.1088244778
CC_43C060E01266,0.2144025678
CC_43C41AF27375,0.0902600892
CC_43C5AFA48B93,0.0943855311
CC_43C767A44C55,0.1550359615
CC_43DECAB53552,0.0820046325
CC_43E6D931158D,0.3694361450
CC_43E9F88019F8,0.0912326055
CC_43EBD6EBD675,0.0971780633
CC_43F81C577002,0.3092838780
CC_443C4E041687,0.1316340049
CC_443F63BF238A,0.1021438206
CC_4463776F9AA1,0.0948990400
CC_446F1EDF03C8,0.0834718553
CC_447BAD4F7820,0.8703559828
CC_447D02F917B5,0.0934895956
CC_447E705746E2,0.1321294185
CC_44A017104F93,0.5534132311
CC_44A1E58CDBC0,0.0884839922
CC_44ABCC04C418,0.1024822292
CC_44BF6BCCFC2E,0.0809088694
CC_44D0671A3B87,0.0856342701
CC_44DBEE3A7D81,0.1463321782
CC_44F7DD6A88A1,0.1439993058
CC_45080C42280D,0.1932834131
CC_4524AD74135F,0.5111447891
CC_45262103231F,0.1965302565
CC_452D8C5D039C,0.8823380564
CC_452DECDBC90F,0.0825585388
CC_453C9B3A5992,0.2647087605
CC_4542AACA1FE4,0.1049604061
CC_455209549D3B,0.9231915293
CC_4555C804C4D0,0.0644676173
CC_4581E4190B2E,0.0962338540
CC_458912F91D6F,0.4479866518
CC_45913E1BE65C,0.3341549834
CC_4594791FB40D,0.0796631088
CC_459B49073E2C,0.3881891146
CC_459EA8E0E2EF,0.0879369668
CC_45A4A38557E9,0.1264309079
CC_45ACE2B1DB6F,0.1192040724
CC_45C1A92F0E8D,0.1072880067
CC_45D0673EDD20,0.1412891721
CC_45D70DC84DA0,0.1087118973
CC_45D96479EC1E,0.1053506725
CC_45E8597BF74E,0.1128527029
CC_45E97246F83A,0.1954816084
CC_45EC44761309,0.1629799661
CC_4603A6F83E2A,0.1293305375
CC_46045CEE8330,0.1089387947
CC_464E17187A4E,0.3893120540
CC_4659FB4B8536,0.1216909567
CC_465EF4F9B68F,0.1708713756
CC_4663FDE62E3A,0.2777103626
CC_466D54BE0809,0.0855053569
CC_466ED9BD34B5,0.0997205389
CC_466F7908E13D,0.1995304086
CC_4695A5525A11,0.1761242091
CC_46BBB8A4854A,0.0637378976
CC_46BC61EC8F2E,0.1645598244
CC_46C0DFA660B0,0.1294516681
CC_46C2DCF84CA0,0.0671084110
CC_46C38B9F0D8E,0.0940493467
CC_46CAB9AE7C87,0.4162986711
CC_46D0D1ADEA59,0.1521113490
CC_46DFC1AA0821,0.8975125529
CC_46ECA5976180,0.1646987155
CC_46F5F6D27991,0.0936063350
CC_46FE9F226120,0.1428760382
CC_47130CC63FC5,0.1430509732
CC_472330768F5F,0.0989017395
CC_47292EBB8BD1,0.1480502476
CC_4734AB1281DA,0.0891060440
CC_473989E6BA47,0.2017053731
CC_473AE07014DC,0.1252262721
CC_4741EF45C3DB,0.2106490138
CC_474586BE49EB,0.1563042736
CC_47490BF44944,0.2581214757
CC_477213DAED38,0.0795662086
CC_4778086276B7,0.0921516004
CC_47910B073CF3,0.2651879548
CC_47939776FDF6,0.8166127139
CC_4796F6A64420,0.1086693754
CC_4798549B52ED,0.2532144687
CC_47A3714E7D2E,0.2756219232
CC_47CE219EBAAD,0.1799574976
CC_47CF9074E03E,0.1673852776
CC_47E4537A53FD,0.1633211701
CC_47E8BC938FA1,0.1945297427
CC_47F134D17818,0.0822768647
CC_4812FBE05C7C,0.2782603947
CC_48152725FAB1,0.6018037137
CC_482256495FAD,0.9082545578
CC_4829FF15D21E,0.1801174543
CC_482D26D81935,0.6101666115
CC_4838990A8D02,0.1132263262
CC_4862EA9CD1DD,0.0674241546
CC_4862F8C1B0AC,0.0758740072
CC_486CD67D26CF,0.1834915479
CC_486D8F9AE549,0.2341910325
CC_4877D1BDB737,0.1642435773
CC_4885E34F0B26,0.1904914602
CC_48928CA8082E,0.1820807932
CC_48A74FF0E6C5,0.1116650898
CC_48E0791DDD62,0.1717820031
CC_48F620B6A472,0.1302854240
CC_48FDBB1D7493,0.1677532917
CC_4910EC928152,0.0887736995
CC_491C18C17767,0.0837661832
CC_492F65EF8D9D,0.8601771801
CC_493DDD53B97E,0.0908210394
CC_495F82AA5B9B,0.2134987228
CC_49618412FF86,0.1127436316
CC_496A7CFA344D,0.8430959418
CC_4983EBABAE3F,0.0938605235
CC_4992C1915957,0.7190059606
CC_4993B31028A7,0.0682659767
CC_49945441A644,0.1838736712
CC_49A80692BC68,0.1650421146
CC_49AB67613A58,0.1446593222
CC_49B05CADDD95,0.5137334059
CC_49C6F9AD111E,0.1175590963
CC_49CEB94F0B3B,0.0607724655
CC_49D3A79B55CD,0.1199160530
CC_49D6671DAE8E,0.1386860780
CC_49E6C539B1CF,0.0968482209
CC_49EEDF0DA684,0.0733110028
CC_49FC290E33A7,0.1448849216
CC_4A01CF2F67D2,0.7399913786
CC_4A16DC668832,0.3804154656
CC_4A212461781C,0.0826202819
CC_4A237A8E6706,0.1392890158
CC_4A3DFA0E27A4,0.1594646378
CC_4A513D39DCE3,0.1011832891
CC_4A532B0E6165,0.1067547133
CC_4A5FA9F1C804,0.0927877379
CC_4A7BDEC665FF,0.1413994989
CC_4A7FC9B23222,0.2232394289
CC_4A8A7080FA25,0.3022132366
CC_4A8EFD589879,0.1187386878
CC_4A8F7D2B857C,0.1505460183
CC_4A91E8D4289D,0.4049371353
CC_4A93163A12F4,0.3319586889
CC_4A9FEF48EA65,0.1646904111
CC_4AA73D751AA5,0.3200268381
CC_4AAED0C85F70,0.1183334751
CC_4AB1DEF044AA,0.0834254362
CC_4AB5AE299217,0.1544809756
CC_4ABA0CDC2270,0.1701453030
CC_4ACFFC2F295F,0.7023332690
CC_4B0490BAB1B9,0.1037491981
CC_4B28B03CEFEA,0.0787462796
CC_4B420765EB9A,0.1179763524
CC_4B47C16D9867,0.1728777622
CC_4B494C4D7D03,0.3694314982
CC_4B4C84B015C2,0.0961072953
CC_4B607295E983,0.0787124881
CC_4B6D24E81483,0.0801322291
CC_4B77AF6FAF2B,0.6902106077
CC_4B7EC3F2FFBA,0.1046385643
CC_4B85318DFA50,0.1367255525
CC_4B9B36B36DA5,0.7810217464
CC_4B9E0AD5D692,0.4296167942
CC_4BA041C9678C,0.1347276706
CC_4BB40F2129A6,0.0825871587
CC_4BB8FD274E2A,0.0486077853
CC_4BBB8118FBBB,0.1012127604
CC_4BC8CB91719F,0.1190674449
CC_4BE447D54BB8,0.1227686662
CC_4BE85B1BDB62,0.2665534833
CC_4BEF3C7F6395,0.2168557921
CC_4BF03FF61B97,0.5233925797
CC_4BF4C38EAE8D,0.2592308278
CC_4BF95B8140C8,0.1339785197
CC_4BFE0CB61B5A,0.4160810859
CC_4C2A3F254101,0.2858947711
CC_4C351DEB6230,0.1384416270
CC_4C38031A2A9E,0.1068499981
CC_4C3E35875F03,0.1126287232
CC_4C4D79F933B2,0.1286019162
CC_4C56497F4AB0,0.5924201742
CC_4C827B493CFD,0.2612651634
CC_4C849C6073AF,0.0904752061
CC_4C869E6F618A,0.1998455366
CC_4CA21C15763D,0.1216784516
CC_4CB2F1CAE684,0.1523935255
CC_4CC0265E0778,0.0825625645
CC_4CC5483903E9,0.4749988309
CC_4CD7C76FE235,0.3118590049
CC_4CE2BFED4F4C,0.1003539465
CC_4CE751CB58FA,0.4025696059
CC_4CF3E184C500,0.0687467613
CC_4CF668E60D64,0.2877327765
CC_4D1A1AF53E18,0.0629282100
CC_4D29155FCF33,0.1495046201
CC_4D2CC7618AC2,0.4649839553
CC_4D350FF7402B,0.3422427349
CC_4D38AE84E3CB,0.1799547525
CC_4D4140E1056D,0.1038295165
CC_4D5545FAB130,0.7532128114
CC_4D55E218946E,0.0923713711
CC_4D5E14BD6AFA,0.1182163227
CC_4D78935D66E9,0.0800532543
CC_4D883AAAC6C9,0.0829202254
CC_4D8D8108C51E,0.5045473371
CC_4DB40331777A,0.8345727389
CC_4DBC8652D26F,0.0986644827
CC_4DC0E154EBB0,0.7726842790
CC_4DD5B8780C4C,0.1022131376
CC_4DE0070FF683,0.1781512092
CC_4DE688CDBC27,0.1183468096
CC_4DF37857FCEF,0.1093803415
CC_4E20F0249BC6,0.8206588012
CC_4E2F01B7B9EE,0.2116397750
CC_4E41C247B4E5,0.1632544068
CC_4E479F6989A1,0.0728612475
CC_4E48AF17BC29,0.1759524956
CC_4E6BE67E3C4F,0.0691030519
CC_4E70939C5933,0.4334479311
CC_4E70FB172717,0.1541034605
CC_4E726EE8C026,0.2082507457
CC_4E76F48DFDEF,0.1232625424
CC_4EA180B2B913,0.0650495774
CC_4EA67A160C3E,0.6441637739
CC_4EE41FC91AD2,0.1524711095
CC_4EFECC6C2E36,0.6666367639
CC_4F22CB97C34F,0.0950463704
CC_4F2444DC6C75,0.8559302687
CC_4F2B7F512DD5,0.1116895472
CC_4F504A9744FB,0.1564444038
CC_4F6FEE589187,0.1638499554
CC_4F71AAF96C32,0.0920021435
CC_4F76E57C55EF,0.3422453062
CC_4F88D3E5AA2E,0.0835278474
CC_4F8A4384F6DE,0.1036808413
CC_4F8D83DCCF25,0.1727517777
CC_4F956AA47816,0.5964897892
CC_4F99FCEA10E8,0.1311048681
CC_4F9F10A183F6,0.1511139570
CC_4FA766935F14,0.0555605157
CC_4FB0B9E398F2,0.3156325227
CC_4FD0DF6CA3AA,0.1022550029
CC_4FD902F7ADEC,0.1119083953
CC_4FF1155E3A6B,0.2513178507
CC_50103368F241,0.1103495447
CC_5012B9991935,0.1180011531
CC_50172FF2C2C1,0.1108014043
CC_5017C9BA7773,0.1038344320
CC_502C3D0EC4CA,0.1957741459
CC_504157951119,0.0907129494
CC_5042938B5A9A,0.4471017727
CC_504A57293FE4,0.8781673816
CC_505812CFE43B,0.2501363567
CC_505A6EB06E39,0.3168325782
CC_5064CCE0EF29,0.1798784168
CC_507BDF639FB5,0.1660119552
CC_507E53684AB6,0.1280088026
CC_5087A0D1765D,0.2508851304
CC_509229AEC221,0.1579370712
CC_5092D3A72B03,0.1792420188
CC_5092DF691F74,0.4589745169
CC_5094BB59416F,0.1954515773
CC_509926B384D8,0.8441327100
CC_50A6C96DA7D3,0.1048590723
CC_50AE75A10F3B,0.1946093672
CC_50D4BB93EB1A,0.1786627110
CC_50DF7B02E356,0.1866729455
CC_50EB53CFE7F8,0.1019658550
CC_50FC7D563CE4,0.1553691557
CC_5100E6EAA3FF,0.1358536741
CC_510F2944B2A0,0.1379350102
CC_5128881AAD54,0.0674129197
CC_5138941DB7A2,0.0920642949
CC_5139EF8BEAFB,0.1716520520
CC_513E5EEC6B04,0.1060967281
CC_51427EF15375,0.2466671235
CC_5147B281DA64,0.2074148863
CC_515D968ED36E,0.1408331925
CC_5176FF858154,0.1354840133
CC_517CB40FB016,0.0959254834
CC_51884D5F3E4D,0.1269117775
CC_51AE98263438,0.1401010414
CC_51C9CE782368,0.1411672921
CC_51CC80D1570F,0.0977062583
CC_51D2E3476902,0.1079455454
CC_51E05E706D64,0.0840863897
CC_51E5A5E9801C,0.1021246097
CC_51F5DA44F9A0,0.3317524314
CC_51F6BDD355F4,0.1085964781
CC_51FE657FE212,0.1127237263
CC_520950C9BAA3,0.0927633573
CC_520B1D31AB99,0.1594391579
CC_522550E1761D,0.7954522829
CC_524CD519E76B,0.0966625275
CC_524FE9E3DAD3,0.6033334720
CC_52629A025048,0.1108276950
CC_526765FC100C,0.2510443415
CC_526E56249FFA,0.2859261428
CC_528B42A34966,0.3854576029
CC_5292B36E4882,0.2400786310
CC_529A2F110236,0.1067966985
CC_529BC4ADAD6A,0.2467829156
CC_52C1C5A6F887,0.1026679205
CC_52C3B674FDFD,0.1379304375
CC_52CCBB8F9964,0.0943164551
CC_52D21FFA24DE,0.7538489678
CC_52D32EDBAA78,0.1420871258
CC_52D7821A8363,0.1008908492
CC_52D9087EBCD6,0.7855596955
CC_52DD62E1AC2E,0.1490635160
CC_52E8B04F0FA0,0.1009524516
CC_52E965E9E2C3,0.0954033837
CC_530BA492842A,0.2938817060
CC_530F6E906D6B,0.0478825105
CC_531FCFBE3B13,0.1109263712
CC_5320DFEAD897,0.1398913360
CC_53319AE7B829,0.5781182032
CC_53481151859F,0.0844464683
CC_534D4FC05F82,0.1965236813
CC_53687DA8C9E5,0.2555298027
CC_53795A7B7751,0.0914382905
CC_538328A6B3BA,0.5185739161
CC_5385266461B1,0.1621491871
CC_53891CB35BF8,0.1636260847
CC_53A6E1083B13,0.0712487534
CC_53A77DA726A4,0.0815154373
CC_53ADBC2F6E34,0.1759411943
CC_53B249809561,0.0980915850
CC_53B2DF5B019C,0.1071148299
CC_53C1F3E031A3,0.2530756454
CC_53CBF2E8AD05,0.4654938650
CC_53D04793ED9D,0.1365244421
CC_53E23A9B6F74,0.1226375641
CC_53EB59C99100,0.3377155242
CC_53EB9AC04311,0.1097627962
CC_53EC732C9B30,0.0700941012
CC_540122E71534,0.0976972074
CC_5405C89DF8BD,0.6347347550
CC_540D69F5BA23,0.0717034811
CC_5414446319CC,0.6612995677
CC_5418410F95A2,0.1102086566
CC_5431A01C30E4,0.1536862193
CC_5452437FC605,0.2459450364
CC_5452979BF98D,0.1118059910
CC_546EE83F84A4,0.4017429207
CC_5473268241FC,0.1074757101
CC_5474EE64D859,0.2839392033
CC_5476E2B2FCA0,0.0961246469
CC_54892024F98D,0.2077875431
CC_54B33C66DCF7,0.1064267854
CC_54CF66B660B4,0.3511248549
CC_54D3A35EC69F,0.1111695911
CC_54D6AE2665AA,0.0965711554
CC_54D93974E62F,0.2448900885
CC_54F5F552A0F2,0.1250139734
CC_54FC3B361BDA,0.0733833265
CC_550135E8FAC6,0.1027096558
CC_55020AD0D117,0.1038041954
CC_55094AF7EFEF,0.1124679312
CC_55126E23462E,0.0865199836
CC_554C21CCAF3E,0.1147635190
CC_554C912C7DBE,0.0903340659
CC_556B02A2B401,0.3157315293
CC_557A0B0CD0F4,0.2017407635
CC_559A14E729EB,0.2864236574
CC_559F0DD4E4A7,0.0786430765
CC_55A82B4E57F6,0.1334477726
CC_55A98ABE4C75,0.2014427158
CC_55A9D45EA466,0.0947817361
CC_55CB872FF50B,0.1896495141
CC_55D9E3D58435,0.1314683040
CC_55DFF3C3BB46,0.0553633931
CC_55EDC3996984,0.1514122527
CC_56013299D8C5,0.2279325825
CC_560B519C1F50,0.1158848906
CC_560CABF0F5D0,0.2517943588
CC_56178AD87948,0.2885145328
CC_5619A7BB54EA,0.1135146335
CC_5624319D7B28,0.1123085913
CC_5625119D6C37,0.1080316119
CC_562BE7245E1B,0.7186546747
CC_563684010DF5,0.6859213832
CC_563EA9A29338,0.1067118408
CC_564590AFB575,0.0810956960
CC_565E01191BF6,0.6460244118
CC_56612A039382,0.0639197717
CC_5665FB827721,0.4763915711
CC_566932C3CC97,0.1091706869
CC_5671D59B2A51,0.1210232372
CC_567E7DD24A97,0.0936024022
CC_567F47F37683,0.0939605249
CC_56847A91065C,0.1563578481
CC_5698480F8634,0.0679889168
CC_5698B024CECC,0.4480561666
CC_569DC051A2EA,0.1210971362
CC_56A322152604,0.2490578190
CC_56BFD9A8335D,0.2532310435
CC_56C9379BADB6,0.0777950254
CC_56D410FD8F56,0.3019329081
CC_56D4549919EA,0.1334683403
CC_56D918CA6353,0.1128463377
CC_56DB30CE666D,0.1491693961
CC_56E760C3206D,0.1499714867
CC_56F73F905615,0.9120820234
CC_570683C088DB,0.0861437699
CC_571C6AFD00ED,0.4209431970
CC_5725663C3B89,0.0935371440
CC_57291D7667C8,0.1709972702
CC_57313F6E7927,0.1874502136
CC_5735F9B859AF,0.5819890683
CC_573B34826B2B,0.7730115635
CC_5744447CAF7A,0.0873975913
CC_574CC0FC7B05,0.0608192211
CC_5759E2982909,0.1090478328
CC_575CCCCDD7B6,0.6007140961
CC_57603A37D19F,0.0890597980
CC_57639D4995CF,0.2651364086
CC_576E6676FD55,0.0813088344
CC_5775C148E05C,0.1417413336
CC_5798E560E9F3,0.7360151569
CC_57A486F61065,0.6327591030
CC_57A726458B99,0.0957670997
CC_57B0D41BD7D3,0.2774430821
CC_57B501E60C35,0.0760009370
CC_57CA90509CB1,0.4105442527
CC_57CB7673547B,0.1134697204
CC_57DE479CB61A,0.7387658150
CC_57E7F1A6B895,0.0655565110
CC_57F13C4115FA,0.2761170229
CC_57F480CA9A42,0.1445284252
CC_57FDFC6DE726,0.1516789633
CC_5810468B76BE,0.1455121198
CC_5810F212B2EE,0.2110570800
CC_5817759E7007,0.0674449578
CC_5818B5089B3C,0.1463461847
CC_582C78363EB6,0.0700875220
CC_58391600720C,0.1552264861
CC_583D7B177F85,0.0931938746
CC_584C11014F63,0.0971782756
CC_584CDC12578D,0.1476482621
CC_5852F443C55D,0.1143813746
CC_58565AF0F70A,0.3600402836
CC_58568DF9AECF,0.1801725463
CC_5859EE6309D5,0.4560072871
CC_5872B45E1C19,0.7381067218
CC_58797A417EEA,0.2287352838
CC_587A4844B482,0.1632275955
CC_587C0CC3DD82,0.6382733564
CC_5881A04052CE,0.0730890333
CC_589A4E02EF81,0.2107364662
CC_58AB46E5655E,0.1277549871
CC_58B0CFC9F3D2,0.1060049440
CC_58BEFDA6B4C6,0.1338532835
CC_58D95C7247D5,0.0747006115
CC_58DBF3409D48,0.0887248047
CC_58E35A47B880,0.1973761250
CC_58E40EFF57CF,0.4360706278
CC_58F551219BD6,0.1052180263
CC_58FA76C6C45C,0.6264057172
CC_59018149723B,0.0781277783
CC_5904459ACECB,0.8209027398
CC_59088B2886E8,0.0746244733
CC_590D2E0AD18E,0.4974638100
CC_59146CA05E8C,0.0931815589
CC_592592397DC2,0.3012969624
CC_5926F5B4E054,0.1411138521
CC_592A5A163624,0.2376394489
CC_5941C323917F,0.1001136428
CC_594E4E86A1C6,0.1842712196
CC_595ADAA76A32,0.0916505825
CC_596A20270C3D,0.1438539930
CC_5970E93E11DF,0.2496162593
CC_597AD111527C,0.1206589900
CC_597FDFFA265C,0.1198886520
CC_599C287D2BAA,0.3056776873
CC_599E345094D2,0.1321063412
CC_59A4741B5A92,0.1418618230
CC_59BB3A5BA2A3,0.5870802355
CC_59BFD1200F6B,0.1838180723
CC_59C07CCAF4E0,0.3088761753
CC_59C49474B501,0.0874840996
CC_59CFBC2CA471,0.6055823685
CC_59D62BE0C0C6,0.1364171749
CC_59D86F572716,0.1544982490
CC_59DF71FBA4B0,0.0797126613
CC_59ECB7465DCD,0.0597906731
CC_59ED43A803B3,0.0660622352
CC_59F5E81F4EA0,0.1463406067
CC_5A10371BE7B1,0.8565670065
CC_5A2F9A594A05,0.6584495284
CC_5A38E46246FC,0.3704133969
CC_5A3F52B0A07B,0.2381269634
CC_5A5507A49F6D,0.1043523334
CC_5A58A5E6DE82,0.1040018062
CC_5A5BB6DC1018,0.1878464530
CC_5A5C0DF50E01,0.1155282491
CC_5A633C535360,0.1270100580
CC_5A67E62D8D5E,0.6271296197
CC_5A6BA0007593,0.1143785972
CC_5A7513434C72,0.0548046757
CC_5A756D8AE60D,0.1604404840
CC_5A7C13841B7A,0.6487726028
CC_5A7CBB6E8716,0.0718041108
CC_5A83A1E25A2B,0.2414612211
CC_5A86EB53A14D,0.6296782434
CC_5A89E13CE597,0.2248656396
CC_5A9466D0CF9F,0.1245878271
CC_5A95331BD0C5,0.1316367577
CC_5A9F63C3E428,0.0924890478
CC_5ABC76FF707A,0.1009723222
CC_5AD0F1B43457,0.1145338333
CC_5AD82250C271,0.0702852836
CC_5ADD27165E38,0.5783064522
CC_5AF32E5C8018,0.1442447958
CC_5AF3690FA0B0,0.1404471795
CC_5AFDFAA63B45,0.2276442805
CC_5B025DA26FE6,0.0870071975
CC_5B07C7DE7E7E,0.2155391479
CC_5B08171A6880,0.1942793905
CC_5B09FB1A0BE2,0.1198197739
CC_5B0D6BA12702,0.3508295016
CC_5B0EF2D4C3CC,0.2620559255
CC_5B195D88C182,0.2877462838
CC_5B1F6FE71A38,0.1103443637
CC_5B247961602E,0.0971603520
CC_5B276421F4CD,0.1136226742
CC_5B289AFA1662,0.2479637550
CC_5B3A16421A31,0.0930362755
CC_5B3E78897EB7,0.0997605111
CC_5B480B44A9B1,0.1441129912
CC_5B546C3A21F8,0.2893846905
CC_5B5BC4023EE7,0.2409285375
CC_5B6D63DD34B7,0.1023974100
CC_5B6E868912E6,0.1373693655
CC_5B818D2581FB,0.1555577298
CC_5B82E8BB921F,0.3077537265
CC_5B8E8DA14EE6,0.2151282962
CC_5B900A135A69,0.0962809120
CC_5BB64BDF3C99,0.0760467888
CC_5BCB2C79D1CA,0.2056859977
CC_5C072DB8586F,0.0845068596
CC_5C0BEC2A0850,0.1166434835
CC_5C24010127D1,0.3168969379
CC_5C2DAF5E0EB7,0.4556375995
CC_5C3E8DB90978,0.0822012726
CC_5C4A7CE69975,0.3006004679
CC_5C5766F933B0,0.3166259181
CC_5C5808240054,0.1308395944
CC_5C5D6E15EA27,0.1956845078
CC_5C60C4545922,0.1257182647
CC_5C626D70F6D6,0.1237492086
CC_5C670F0622BF,0.1148463454
CC_5C799E57EF53,0.0546625864
CC_5C7B44735AF4,0.1897820100
CC_5C7D8DF047E9,0.1755409579
CC_5C80F394EFC3,0.2016772364
CC_5C99E6189441,0.2290057518
CC_5CA9AB4A6AB4,0.0953465443
CC_5CB78ADD2432,0.1509292953
CC_5CDE37CE08CF,0.0942186279
CC_5CE258D12432,0.3252655987
CC_5CEEF006ABF9,0.1033590175
CC_5CFD2850E277,0.2663313028
CC_5D01F71B9FAD,0.1371270322
CC_5D065A455A45,0.1623058208
CC_5D0AA7D4954A,0.2204410723
CC_5D242448B812,0.1227153876
CC_5D2C5115BDD2,0.2185376610
CC_5D3273E039AF,0.5212624111
CC_5D398BB3365B,0.1305569513
CC_5D3C1CE64952,0.2588287348
CC_5D4B0EBB5CD6,0.0454160932
CC_5D5E897588D3,0.1135596873
CC_5D65F25FFB8D,0.1052814666
CC_5D665A86C465,0.0950053824
CC_5D80C353E475,0.1261644624
CC_5D8895A0AB4C,0.2330191550
CC_5D88A673BF50,0.1393941962
CC_5D89688B69A9,0.3040903460
CC_5D8AC8E18A8E,0.0939567392
CC_5D8E7DC2FA6A,0.5201852374
CC_5DA29AD9E85E,0.0870310244
CC_5DB286EAC626,0.3876118276
CC_5DBC1BB95B84,0.8986735534
CC_5DC0A465470D,0.0885041226
CC_5DF82CB03C3F,0.1284612198
CC_5E001C93F359,0.0899451291
CC_5E029094A55C,0.6062623363
CC_5E0808121A65,0.0970213872
CC_5E1117E4E593,0.1562238759
CC_5E1541060A97,0.6581541343
CC_5E1C11540C0B,0.0807273621
CC_5E1DC0E143F2,0.0328148358
CC_5E206AC277E4,0.2467244349
CC_5E22B4BC8B12,0.1222323783
CC_5E22D889B6BF,0.1294615508
CC_5E38425EC99F,0.7906735346
CC_5E3A70C2077A,0.1519627805
CC_5E5607D275CA,0.1066526246
CC_5E73C3D2B3EE,0.2037889668
CC_5E7F23A07A71,0.1037199287
CC_5E80A96974B8,0.1899608817
CC_5E8C0453B9B8,0.3820872210
CC_5EA599FBA5E0,0.5980927158
CC_5EB379BA6C7A,0.1033684471
CC_5EBB96F65AFE,0.4411924200
CC_5EC41568C2E1,0.1026963226
CC_5EDB5C924107,0.1997363279
CC_5EEE5D0FF8D3,0.0963646526
CC_5EEF07FFC243,0.0573123602
CC_5EEFD690759A,0.0782769953
CC_5EF2176F01D5,0.1286468991
CC_5F17CA33D26B,0.1431503907
CC_5F20750D6658,0.1276276124
CC_5F2CE32A6EC3,0.1058290945
CC_5F328EE757B6,0.0980870558
CC_5F35B8D87D06,0.1556106357
CC_5F390BA40E83,0.8315661884
CC_5F59092CA9B2,0.1686188729
CC_5F5916E96E19,0.1930129510
CC_5F5E835B9E6E,0.0739313170
CC_5F648D39D67F,0.7104443921
CC_5F6D4104C808,0.1951185635
CC_5F72EBE104D4,0.0268036151
CC_5F765C41F051,0.0864426919
CC_5F8859A6F0DB,0.0816442525
CC_5F88ACC7C384,0.1627163588
CC_5F89DFA97B7C,0.5418755354
CC_5F93A3E31DD6,0.6246533445
CC_5F9A44423DD4,0.1011117718
CC_5FAA7965BD71,0.1394997962
CC_5FAFA265CA02,0.2699615441
CC_5FBE1A34704F,0.1751814829
CC_5FCAA919577A,0.2007669638
CC_5FCD208ADD77,0.1773605560
CC_5FECD2BB0094,0.0804370175
CC_5FFDE52E6B7A,0.0940162169
CC_6002BFD3F26A,0.1670254071
CC_600311592F72,0.0977242967
CC_600AE12112D6,0.1730284226
CC_601C3178E38D,0.1751728236
CC_6037EEA42F2C,0.3672240192
CC_604C08F76272,0.6844215184
CC_604C72AC662C,0.1449126607
CC_60510AFA8A87,0.1351758456
CC_605E2E26E52A,0.2262440886
CC_605E3904CD8E,0.1004476235
CC_60611B935106,0.0802587226
CC_6061787228F8,0.1348600652
CC_607270A72DFD,0.3337563958
CC_60738E418DB3,0.0574301928
CC_60961DF8A134,0.1346797822
CC_609B7A7FA165,0.1234930822
CC_60AC5C892D01,0.0831679858
CC_60C09FF84412,0.1728971900
CC_60C87349D73D,0.2769077630
CC_60DA2FBF1FBF,0.1192846189
CC_60DA539A39FD,0.1618173312
CC_60E974A0B278,0.0897326891
CC_60EF7D647EFC,0.0681021990
CC_60F525A39898,0.0751445228
CC_610009B69EBA,0.6668436477
CC_610FDDF5FE54,0.0838998177
CC_612C06CB5FF4,0.1083109423
CC_61307D82CC26,0.5734485646
CC_615030FD33CC,0.7751034510
CC_61649241FE59,0.1994552466
CC_6170051A606A,0.1669726711
CC_6179A630658E,0.0669062294
CC_617BD59427E7,0.1130320551
CC_617EC8BD5153,0.2190916388
CC_6191E14D21BE,0.1103085157
CC_61A798B8D222,0.0851051639
CC_61B4A983D1A1,0.0779374294
CC_61C9732AA682,0.7551382028
CC_61DC64E37471,0.1007048258
CC_61EAF14033DB,0.1476949695
CC_61F18E0C218F,0.1099210756
CC_61F1A1263F5B,0.0595513586
CC_6209EA426553,0.1001359258
CC_622BD8CB3807,0.1473881805
CC_6234A9617A7F,0.1269903217
CC_623AC074EB25,0.1031039564
CC_623FAACE8A80,0.0827475129
CC_6244E2935407,0.2812267195
CC_624535E11F69,0.0907127879
CC_624EA2917CDD,0.5057399275
CC_62565D08DDDD,0.8527467373
CC_6268ACD3F95B,0.4256226140
CC_626B61F4789A,0.6802078874
CC_629193C2A090,0.2206665915
CC_62933641AC43,0.1952916008
CC_629480877536,0.3496373073
CC_629CB045D9FE,0.1111293485
CC_62A84BC400F0,0.2445231645
CC_62C36DF81797,0.1026172338
CC_62CC835CAE4A,0.6217250429
CC_62D4192F126E,0.6721845961
CC_62D7A3C9483D,0.0460031821
CC_62DF1B99B4DA,0.0889197017
CC_62ED7BA3E620,0.0888736267
CC_62FC001AFC78,0.1149559974
CC_630412B4AFDA,0.1402690567
CC_630903AD39C1,0.0653592534
CC_630938DCC1B5,0.0751175715
CC_630ACED773E9,0.3499509893
CC_631E1690D913,0.0707373202
CC_633A7C7FC25F,0.2323437012
CC_6342051D8FEA,0.3311129538
CC_634CE4E8AE49,0.1957786376
CC_6359692F5EF6,0.1043116096
CC_637278423A6D,0.2057330440
CC_6377AB848081,0.1170503343
CC_6381A65E0A3D,0.0879944277
CC_63871B4814E2,0.1152301520
CC_638AD269F05C,0.0713162680
CC_6391AE0FB83F,0.2040733333
CC_639703EE2ABD,0.0860237076
CC_639750C87A7A,0.6890296644
CC_639B1DCECD2F,0.0995848926
CC_63A869443AC0,0.5076448636
CC_63CCEE26BCAE,0.0936390056
CC_63D51CECB6D2,0.1878174194
CC_63E53402FC02,0.0419102717
CC_63FC6895901C,0.0961966549
CC_63FC8A97D9C1,0.1362660576
CC_64117B93EF73,0.2467608974
CC_642D9C325F1D,0.3196725572
CC_6436B950E22B,0.1386951980
CC_6445BD3DDB6E,0.0535027881
CC_645C15569E42,0.0867647382
CC_646472AD66EF,0.0991797346
CC_646B8254357E,0.1472757463
CC_647F4BB4983D,0.5543726736
CC_6489ECEEFD0E,0.1428530799
CC_64946E57306A,0.1131627994
CC_64976830B0B7,0.2511785712
CC_64BA10F3FAA1,0.0997954686
CC_64BA39A0DFC6,0.1000522904
CC_64CF9A79EBFC,0.1142253974
CC_64F0E0473D1E,0.1713490153
CC_65006C2AB2D4,0.8225155526
CC_6500BD19FA06,0.2280073896
CC_6504DCAA90E1,0.1027836861
CC_6509C7361994,0.2025308781
CC_651486189673,0.1786273841
CC_65194BAE506A,0.0741304149
CC_652539353439,0.1439155815
CC_653CE5FA5A76,0.3930687882
CC_6560C2F4EDA4,0.1877259670
CC_656137F98187,0.6730476640
CC_6575B4B39113,0.0692913813
CC_657F629D31E2,0.1537328734
CC_6580B7583ADE,0.1584079678
CC_658477BA75D6,0.0788428070
CC_658B7867BE7C,0.1618239887
CC_6593FE5349F2,0.1769847200
CC_659EE0F05A75,0.2829939191
CC_65A0D8134410,0.2435370800
CC_65ADD5A19F64,0.0827877676
CC_65C3F0F73BB1,0.0959907885
CC_65C47521C285,0.0970588930
CC_65C4EE0B737C,0.2522916932
CC_65CB68404333,0.1503949062
CC_65D6DFF1B766,0.0988826006
CC_65F1545C35E1,0.1542114561
CC_6602547E2FCF,0.1244753677
CC_6615D7044816,0.3412848167
CC_66244D4B72EA,0.0959624321
CC_662E5AAE07A8,0.0908006023
CC_66322B339E84,0.1117861448
CC_6634FD4B1CD5,0.7512087994
CC_663DCEF4923E,0.1529573525
CC_663FE5BF918D,0.2954362456
CC_6645798E740D,0.1421616478
CC_6649736C8321,0.8270538093
CC_664E1026C4D9,0.2854640570
CC_665603C4A33B,0.0662965174
CC_665BDD9C8039,0.1988219918
CC_665F2AD58363,0.1527034444
CC_666767444BC3,0.1200248365
CC_666C0A2A8674,0.0661676771
CC_666F2BCDC7D7,0.1459088261
CC_66775178B226,0.0931385167
CC_667B6F8C846A,0.7355190278
CC_667E909835A4,0.2655247625
CC_66809C278FCC,0.1480228882
CC_669CCC44CFCD,0.0665595602
CC_66B0BD3F6516,0.1959219441
CC_66BF02C05DD8,0.0916632250
CC_66C491256BE4,0.0981641170
CC_66CEFA65F912,0.2556833221
CC_66E025DB3282,0.6220584298
CC_66E7B423A32F,0.7343096933
CC_66ED26E7BAD9,0.0709172157
CC_66F7FF7735C3,0.1673383213
CC_66FD0CE6D57B,0.1017084376
CC_66FFFE05C2E8,0.1084197861
CC_6700012A39B8,0.1447306421
CC_670FC6A064F0,0.1713204219
CC_672932B65802,0.0990469649
CC_6742C6478F98,0.1089994753
CC_6745321663BF,0.1045900238
CC_67579CF57290,0.1350960305
CC_675F7483FB90,0.2150860340
CC_676ACFAA6131,0.6645400171
CC_676B423C495A,0.5459203792
CC_6771C0D1CB1F,0.1035862341
CC_677EE0369CA7,0.1038711672
CC_677FE35855A9,0.1892394186
CC_678091614A14,0.1524949868
CC_678A43ED0803,0.7502621405
CC_67955C210226,0.1099819959
CC_6797E0B01112,0.2132080011
CC_679D90941842,0.1499587126
CC_67C05273700B,0.1031879560
CC_67D5172B6450,0.1889468630
CC_67E8CF412D93,0.1174638788
CC_67F6576A6836,0.2621483738
CC_67F985A00A12,0.0499148645
CC_6801AD1D4478,0.1181378199
CC_6803BFA94B17,0.0733822120
CC_680B16E5E240,0.1705825826
CC_680F2D0F4F6C,0.1159264731
CC_68221E1393E1,0.1156528900
CC_6822590B968C,0.1878699721
CC_682D8EBCEE94,0.1690302165
CC_68429B4AE401,0.2816037801
CC_686B26BDD061,0.0689243274
CC_687518442359,0.3132799444
CC_6875DA61F422,0.1835084121
CC_68A3D749608C,0.1807438958
CC_68A9C3CE2557,0.1399206481
CC_68B9F8C6D9D6,0.5561467135
CC_68BC65E3C84A,0.5272542404
CC_68CC4D1D898F,0.0698542706
CC_68D0ACBD2D0F,0.0711582827
CC_68DA8D5488B3,0.0972306655
CC_68E675A69AF3,0.1357196487
CC_68FC9E6FA27E,0.1024247452
CC_69322F7C4CE3,0.0852724430
CC_693710EAD59A,0.1693204314
CC_69387752F41F,0.5802504591
CC_693B71DDFE67,0.1365339166
CC_693D4AEDA3A2,0.1261768976
CC_6952171BCD2D,0.1108329490
CC_69547DEB412A,0.0939905790
CC_695E80DBA42A,0.0968127635
CC_69717E76CFAF,0.3986240045
CC_69741BF89A2D,0.1281743898
CC_69825C70EEE9,0.1858255835
CC_6985C268DC74,0.3665218076
CC_698886C4AD90,0.1185486032
CC_6999901A6060,0.1562917233
CC_699ABD34646F,0.1085760572
CC_69A98DC7A907,0.0730783792
CC_69AA6E0DDE10,0.2044376815
CC_69AD5A48A78B,0.0678566651
CC_69BA7BFF98E2,0.0990817847
CC_69BBE365C097,0.0840760389
CC_69CD95A00D9C,0.0925227098
CC_69D328691680,0.1077316140
CC_69D39C9F36F2,0.2309181710
CC_69E09390CD64,0.1353362258
CC_69FD49E90AC9,0.2921445769
CC_6A099AFE73BC,0.1768140786
CC_6A099E6C91BA,0.2355288347
CC_6A19EB191A81,0.0723961672
CC_6A39017046FE,0.1086664482
CC_6A4A401F2920,0.3313796941
CC_6A5261180031,0.0993699999
CC_6A7432494840,0.1052223797
CC_6A7963180D20,0.4084440938
CC_6A7D7E5F814F,0.6005483489
CC_6A8B8BBA749E,0.1154848257
CC_6A8DFDB0621D,0.1043413679
CC_6A93C436E2FF,0.1009569007
CC_6A97F81D9A0A,0.1330898079
CC_6A9D1622B4DE,0.2001522405
CC_6AA6589445C1,0.5681216473
CC_6AA7A87F59FD,0.1540724559
CC_6AADD44C0B52,0.1169398039
CC_6AB4A5EBA3F6,0.1386923070
CC_6ABA7D0ABAC5,0.1186774117
CC_6ACF1E52BE8E,0.1246738494
CC_6AD3513459CB,0.1359010433
CC_6AD4238EE77D,0.1069626526
CC_6ADD0FE5DD74,0.5956854743
CC_6AE2737BD3A8,0.1533152840
CC_6AE48C1F2448,0.1424935077
CC_6B00A666A420,0.6025860854
CC_6B07C3992304,0.1089669879
CC_6B0A72BBD800,0.6751350849
CC_6B12B975F2EC,0.2370641277
CC_6B12C9507F32,0.1371110195
CC_6B34719D93AC,0.5448976330
CC_6B34740DD355,0.1211494024
CC_6B41081727AD,0.1304996213
CC_6B4902892E70,0.0948921269
CC_6B5BC2D89077,0.8221504937
CC_6B65242C2CCC,0.1597971458
CC_6B823BACBE75,0.3466860386
CC_6B83E1A959C2,0.2729210044
CC_6B84FB3DE604,0.0539968566
CC_6B8AABAA752E,0.2112363195
CC_6B8AC0DEE990,0.2700922135
CC_6BA45C072D40,0.1516974745
CC_6BA72ECB5027,0.1216990814
CC_6BB560F020BD,0.0900953735
CC_6BDF0B68C126,0.0397464882
CC_6BF0A9437728,0.1239350536
CC_6BF3B9097199,0.1241390968
CC_6BF7A1EF31B9,0.2249123615
CC_6C29DF49246A,0.1013319901
CC_6C3C86C2125E,0.1360452756
CC_6C42FF6D7218,0.5514144172
CC_6C541A482CF2,0.2608575629
CC_6C585A6BFE01,0.8219400273
CC_6C5CE36700D0,0.1744080659
CC_6C62C2094733,0.1159495864
CC_6C66539A9D02,0.1780185394
CC_6C684505E498,0.1138624987
CC_6C6E40927C35,0.0652842891
CC_6C7736F51C12,0.7613382971
CC_6C781CEB6F52,0.0993362121
CC_6C7E39BF4744,0.1029436109
CC_6C9EE9BAECEE,0.0947083374
CC_6CA0F076091A,0.1315556036
CC_6CAD299645B0,0.2064125764
CC_6CC3C50BA394,0.1046458049
CC_6CC593C5385D,0.0837479370
CC_6CDA4B24C602,0.1746371797
CC_6CE31AFF7813,0.0705665548
CC_6CECB68DE9C1,0.3759466129
CC_6CECD3DBA212,0.1208331254
CC_6CF17D012682,0.1863002098
CC_6CFCDF903310,0.1007192168
CC_6D08B5E62654,0.0953458861
CC_6D0F60667273,0.3363039512
CC_6D127EE83945,0.0942084059
CC_6D134DB29068,0.2435503150
CC_6D141A49D94E,0.5436256039
CC_6D148C0A624D,0.1078925037
CC_6D1EFDDE2EED,0.0943001172
CC_6D22B938D7B9,0.1046375176
CC_6D27409F4956,0.0907686645
CC_6D2F0EBBCA4D,0.2014674077
CC_6D43BE30E8B8,0.2343788168
CC_6D4EDEAF67C7,0.2073169121
CC_6D72571304DC,0.4557032144
CC_6D7C62C7C161,0.0960280880
CC_6D8A18C28AF0,0.0914230829
CC_6D8B35007242,0.1285708462
CC_6D93A9E49E3B,0.0944485330
CC_6D9C644A082B,0.1127798739
CC_6D9F52BD4D0E,0.1351803550
CC_6DA058F9B631,0.2258876474
CC_6DA1F8DF9CDC,0.1987037693
CC_6DB000AEF16A,0.1129949363
CC_6DB5025899E3,0.1376091690
CC_6DD6FA2FA0C6,0.0751791058
CC_6DE4E4C1A31D,0.1751726251
CC_6E09CBC15C94,0.4665913551
CC_6E353816938F,0.0877886734
CC_6E3AB992A5C9,0.1293069763
CC_6E420A2FE490,0.1143870635
CC_6E46D01888D5,0.1449681257
CC_6E4702162475,0.0694287205
CC_6E548AF15091,0.2058343551
CC_6E5C9A2DA27E,0.0928774533
CC_6E610F3976CB,0.1292710488
CC_6E614FF9BE02,0.6236203681
CC_6E68D46447E2,0.1539968527
CC_6E712C21215D,0.0602876839
CC_6E84DED41B8B,0.1315691871
CC_6E8557E30DC9,0.5670365180
CC_6E8963475D35,0.1571623347
CC_6E9880CA0BF9,0.2625242660
CC_6E9FCD68ED52,0.7574117847
CC_6EB194A93F60,0.1229351556
CC_6EB370F511F7,0.0913312886
CC_6EC722B2BC2F,0.1630077950
CC_6ED1B0EE4B6C,0.2367454652
CC_6ED65E7CABA2,0.1691007517
CC_6EDA84B653B8,0.2542883656
CC_6EEE8E7C1D1C,0.1406495295
CC_6EF17801ADD6,0.1775997306
CC_6EF337CC4BA9,0.1909299454
CC_6EF464EC9FCF,0.0784394378
CC_6EF6B8AE7DCD,0.0875835371
CC_6EF8C59D8395,0.9298253750
CC_6F2146FE362E,0.0932455966
CC_6F2408B665A6,0.3772512910
CC_6F2B8E925D59,0.0771024541
CC_6F3034E96848,0.1709767931
CC_6F3559ACC2F5,0.0851733869
CC_6F46C5897DA8,0.4092187806
CC_6F49ECAE902C,0.0886222296
CC_6F4B818665D3,0.1213603217
CC_6F4E696A1F88,0.3014690514
CC_6F54BD66C0EA,0.1575846382
CC_6F786C433998,0.1037466995
CC_6F78BF56B0C0,0.1064359946
CC_6F8346F138C1,0.2461299115
CC_6F86CFDB23D6,0.0926686999
CC_6F8E30AE9457,0.1526772146
CC_6FC25B27AC26,0.1536736915
CC_6FC8BE007FE9,0.0897496262
CC_6FC8DA40122A,0.1579378037
CC_6FD8BAB1DA3E,0.1096441652
CC_6FE4FD09A9D8,0.0982245161
CC_6FE78CB02174,0.0591926546
CC_6FEB8EDBF2A4,0.0924054987
CC_6FFCF2DAD0A4,0.0869902446
CC_7002034B0979,0.1070045709
CC_7006523D45E4,0.1145097637
CC_70097151A773,0.1170420115
CC_7011BC95A91B,0.0742054649
CC_7020F3C11A3F,0.1259501479
CC_70306409A3E8,0.2642826214
CC_706B18DA7204,0.1059326644
CC_70703A59C070,0.1544688329
CC_70749DDFF595,0.1416502683
CC_7079CE5127A3,0.0877798746
CC_7087A46F0AB7,0.1231275050
CC_708B73EBD939,0.1755541759
CC_709315667BCA,0.1050836227
CC_709970475B6D,0.4732974020
CC_70A56ADAC199,0.0826737075
CC_70ABB244502D,0.0844195844
CC_70B0176647CE,0.1488007340
CC_70D3353DA1C3,0.0924523836
CC_70D652DF4E91,0.1077308483
CC_70E3121BFDC4,0.0744165401
CC_70E5FB8B072D,0.0732641780
CC_70EFECA3FAEB,0.2287699637
CC_70F59DA18BCA,0.5719757629
CC_7100129A0AFF,0.1136749867
CC_7113554E33B9,0.0163069897
CC_71260405461D,0.0361680700
CC_712677251322,0.1448128176
CC_712D31B2785D,0.0494917420
CC_713052DB1E2E,0.0742162694
CC_7139C2D6F1AC,0.1042232096
CC_71427FC8FA49,0.1797191451
CC_714912E93A71,0.1285079448
CC_717A5C2ED311,0.1603361341
CC_717C94F5C8F1,0.0990296396
CC_718F067F4DA0,0.0854955070
CC_719E714DD38C,0.0785334474
CC_71B169C874D0,0.1294891254
CC_71BB5070615C,0.1371807996
CC_71D37D6D19C6,0.1772740123
CC_71DC80205F42,0.1153741510
CC_71DEB636B8CD,0.6995583574
CC_71E4CBAA1211,0.2165926680
CC_71E787049755,0.0986382827
CC_71F1EF5575AC,0.1220081530
CC_7201DD8EB33B,0.1848751975
CC_7202C8CE2317,0.3304412422
CC_720B06583C57,0.0745397114
CC_721DEC038BAF,0.1210962101
CC_72219BCC83E3,0.1430558430
CC_7223DABA7E98,0.0554980143
CC_7233459FF7B8,0.2477778184
CC_7238A8A6767A,0.1940548514
CC_724559551664,0.6282163229
CC_7248EB4B76CF,0.0686317027
CC_7259B5314D92,0.1106597654
CC_725CA03102FE,0.0799966453
CC_726E05E5A555,0.1341077005
CC_7276AEED6D4A,0.1360043477
CC_72A18E8D6670,0.0674344338
CC_72CDBC38202A,0.3437271598
CC_72D8B2ABA2D1,0.6985318077
CC_72E4590D362B,0.3667249731
CC_72E8542AE4BA,0.0645515351
CC_73010B6E55DD,0.6753762382
CC_7309A4693D52,0.1283456318
CC_730C2A3FF1BF,0.1822072157
CC_731C1BCED024,0.4467398976
CC_732C325832D8,0.0742820628
CC_732DFCAA0A75,0.2123698354
CC_73322A6A24B1,0.8033061137
CC_7336B19A18AB,0.1700045140
CC_733AF1D123B8,0.3390753402
CC_7344A0E90AFC,0.1194800081
CC_7348C2B475B7,0.1153867535
CC_735E1A78B058,0.0886593340
CC_735ED2A02DC4,0.1428564560
CC_736015DE4E3D,0.3964072295
CC_736A42761E55,0.1040913279
CC_736C0436B98D,0.1470776746
CC_7379212919FD,0.1068401619
CC_73859CD59E75,0.6148632636
CC_738B201B1CF9,0.0951566123
CC_738DCB11942F,0.1127552262
CC_739198ACE582,0.1109496853
CC_739D093D7B69,0.0979218676
CC_73A7FC903662,0.1521081228
CC_73A8927DCEB9,0.0875616148
CC_73B575BBBBE3,0.1523798359
CC_73B6B9AD2002,0.0958859425
CC_73C28D72A5A3,0.2781177978
CC_73C38DBDF9A7,0.0870002684
CC_73D44BEF6754,0.4086429644
CC_73D4C1D7C022,0.0715447398
CC_73EF383F3C2E,0.1108682461
CC_73F34B1607C1,0.0875992378
CC_74137206902D,0.1925978095
CC_74198E5EC366,0.1014431535
CC_744FB5804A8C,0.6513689089
CC_7451E64B6D47,0.2457281194
CC_745A64878AF1,0.1196742445
CC_746B196CECA1,0.1360901567
CC_746C06898D5B,0.6504262182
CC_746DE1EED0DD,0.1463344102
CC_7476938CF6A0,0.3472645412
CC_747CFDB7E305,0.0709151976
CC_74845374E870,0.6655274958
CC_74AD8D3B192C,0.7742447854
CC_74B90A15B270,0.1094358507
CC_74BA5D46E909,0.6928127954
CC_74BE0AD5E21D,0.2558089084
CC_74C33B66F002,0.2056767611
CC_74C9C3F17421,0.0781101018
CC_74E4BD5C07D2,0.0909179659
CC_750D90249EFD,0.0734947221
CC_750DA21B7EDD,0.3709878868
CC_750E6537383A,0.1853766704
CC_75137D6F9DCB,0.1451480299
CC_75173A8A11D1,0.2005483326
CC_751DDC1FC2AD,0.1429706114
CC_75357E0206F5,0.1414633592
CC_753D160E3A58,0.0814323786
CC_754447632F75,0.0763703989
CC_7549363C5D36,0.0985599279
CC_754F3894627C,0.1571969771
CC_7562CD43897F,0.0860451844
CC_756A077EC614,0.3985834291
CC_756D3492443F,0.2654394914
CC_75783B3E6C6E,0.0838704435
CC_7598068A716C,0.0880557439
CC_75A37D8C1F6C,0.5179349951
CC_75ABDDA24C26,0.1014393895
CC_75B287424E59,0.3563383382
CC_75B2B88876B6,0.1730042681
CC_75B324FCDD4A,0.2194501338
CC_75C1466E61E2,0.2359443603
CC_75CCCD9D4568,0.0991683209
CC_75D2DAF4491C,0.3562980943
CC_75D54090AAD4,0.1198977649
CC_75F1927E5941,0.7171613079
CC_75F99AD6844A,0.2892575489
CC_75FBA505C727,0.1586023817
CC_7615CC930B76,0.2369208726
CC_76168488EBB0,0.3484109140
CC_76197A77D666,0.0651708773
CC_761F48F8E962,0.1831455945
CC_764C6ADC6D1A,0.0909238607
CC_7658A6B0910B,0.0856413197
CC_766347951B7B,0.6690513551
CC_76857712D8F5,0.3398804437
CC_76A0DF2549B7,0.1221449894
CC_76A636414AEB,0.0824689576
CC_76B01540CDD1,0.1784273829
CC_76B420FC66EB,0.1191241469
CC_76B6BCD2EBAF,0.1237615600
CC_76B7A0029620,0.1352849213
CC_76BA435EF2AC,0.2313704307
CC_76BCC1AFDA4D,0.1436100395
CC_76C35913E797,0.1077389686
CC_76DE3DF1DEE3,0.1674291044
CC_76DFA4CD068B,0.1170543922
CC_76DFE3568C72,0.2053500944
CC_76E201F1E036,0.3401247037
CC_76E83166FE0A,0.1732360284
CC_76FD9E9D9ED0,0.0902749490
CC_7720BBD06736,0.2915958534
CC_77340228F356,0.7698900025
CC_773CBBCBAFFE,0.0991941422
CC_773E9B092923,0.1840784961
CC_773F22C3E42F,0.0819367988
CC_774ED295BF96,0.1299880943
CC_7751ED6DF76C,0.1009619699
CC_77571749B970,0.1299768723
CC_776F8B3BAC08,0.0976001747
CC_777889F9694E,0.0755685722
CC_777D08513AE8,0.0751219073
CC_777E3D988EFD,0.2057035915
CC_7795BEDE05E8,0.4031436695
CC_77A9EA3A6784,0.1603872730
CC_77B1AB7960A9,0.1229164658
CC_77B6EA810549,0.1809281061
CC_77B9889C9BFD,0.3383339763
CC_77BC55DC92B6,0.1504055488
CC_77D1DFCB0A8B,0.0643338445
CC_77D9AC43DFE1,0.2402085398
CC_77E6EF1CF2F7,0.1650525045
CC_77FFA8E6B36D,0.0496580109
CC_7801661A9DC2,0.2726297736
CC_78069B1BD931,0.1159618732
CC_780828B48716,0.0903398996
CC_782130B98F34,0.0777639107
CC_78273789B3C5,0.6717641864
CC_78296783E4EA,0.1648556165
CC_782B06291D87,0.0806810735
CC_783A2D4C89F9,0.3999906644
CC_784407E16923,0.1707435416
CC_78491B6255F2,0.3580697304
CC_784F17AC712F,0.1005721456
CC_7852FC3BBADB,0.1185468021
CC_7866E4CE528E,0.6849802060
CC_7867E7C01013,0.2668157770
CC_7869F609EC2E,0.1160003907
CC_7874F14ABD7F,0.2338648265
CC_78774E05FF12,0.1538157366
CC_78815A352067,0.1535804048
CC_788FF4549766,0.2155486006
CC_789977501322,0.1366118738
CC_789B2BA880E7,0.0782282946
CC_789D87F51AA1,0.1000863948
CC_789DC3C358CB,0.1704615024
CC_78A036DF6320,0.5958946732
CC_78A3EA63B7EF,0.0636507303
CC_78BF1B8FC1CA,0.1069639190
CC_78C96E7015BA,0.7249992509
CC_78CC84FA2CE2,0.2029535821
CC_78F0087076CF,0.2324150329
CC_78FAA95F5B5F,0.0661035526
CC_79033EFDE096,0.1450179398
CC_79086C18A963,0.1456528574
CC_790DA2ED9F5B,0.0777458770
CC_7928811F7D86,0.1355786448
CC_79345478FCE5,0.0813446875
CC_7936C8D65B95,0.1192841604
CC_7948C5509411,0.4707689063
CC_794ADB0677CD,0.1235186348
CC_794FF8E7F876,0.0811080423
CC_79500EA652BC,0.7408041809
CC_795083A66DB5,0.0793015063
CC_7950D4B773CF,0.1313566877
CC_7955AEB49759,0.1594527784
CC_7964F862DFA3,0.3933793084
CC_797A700CF967,0.5062218929
CC_798180DDF677,0.3721427979
CC_7981ABA9C370,0.0831703178
CC_798B2DC03C5A,0.0740970662
CC_79BD986C23CA,0.0892643996
CC_79C6BA680815,0.4164080688
CC_79D694E6F5AF,0.4256020040
CC_79ED9A0F6E49,0.3152703011
CC_79FA2512E5A2,0.1598652278
CC_7A0024F6FA60,0.1592600474
CC_7A193A453F27,0.0824291384
CC_7A1F071DC5D4,0.3734884770
CC_7A5D96BC99AA,0.7698467994
CC_7A6B51562949,0.0783269682
CC_7A6D7F9654DD,0.3380497776
CC_7A778E010F33,0.2991646149
CC_7A7FB841B669,0.5315194113
CC_7A91013D31E1,0.0887779532
CC_7A9117596769,0.0920344628
CC_7AAF340DCE8F,0.1219903029
CC_7AB146267981,0.1845438212
CC_7AB2A9CC8424,0.1597237059
CC_7AC1DF18CBA4,0.1619688683
CC_7AC4240DD225,0.3400452135
CC_7ACB325BD924,0.1893147667
CC_7ACB88002397,0.4090517676
CC_7ACD4F370AED,0.2538639133
CC_7AD4072A9F82,0.0887552814
CC_7ADEECDE4D73,0.1879502446
CC_7AEB48D8C5E0,0.1322678867
CC_7AFA5CD2B29E,0.1059498011
CC_7B092786DDB0,0.0649314526
CC_7B1B35D5628E,0.1117606178
CC_7B210557F04A,0.1396185143
CC_7B369A7C1D3F,0.1310073268
CC_7B4002591821,0.6770684626
CC_7B42BD80D79A,0.2148898839
CC_7B44FDF08B93,0.0994289696
CC_7B501C32CAE5,0.0684080915
CC_7B88520D4FA2,0.3506055718
CC_7B8ABE6E552B,0.1802441429
CC_7B8D2E07908E,0.4477018760
CC_7BA150468D19,0.6378173676
CC_7BB159FCEB53,0.1799662860
CC_7BDD72710831,0.0897279325
CC_7BE02C65B967,0.1726610667
CC_7BE382988C1C,0.7139288895
CC_7BE6110DBAA1,0.2790894406
CC_7C0B14BB0573,0.1323365130
CC_7C0CF5558904,0.6709832362
CC_7C13E7F561DA,0.6344781822
CC_7C46F7F667F3,0.1317617919
CC_7C510CE0521B,0.0741778012
CC_7C61B5D39E49,0.4099067838
CC_7C6770DDA182,0.1146920915
CC_7C6DBF78A610,0.0944651789
CC_7C7B0438E3AB,0.1473622231
CC_7C87DFBC3176,0.0865543544
CC_7C9528E94215,0.2764545124
CC_7C9ADE65CF81,0.1114261005
CC_7CB6CD1B9DD0,0.0702759463
CC_7CB7C7E55BE6,0.1307677476
CC_7CCC3A690325,0.1123307535
CC_7CE5689488DB,0.0630103828
CC_7CEB758A9814,0.0984689923
CC_7CF7443D923A,0.1007419827
CC_7D0D597690BF,0.0973656698
CC_7D0EA0307817,0.0671709596
CC_7D12E6FF25C3,0.1162055455
CC_7D28D39AED1F,0.5476070831
CC_7D2D19D832FF,0.0719474334
CC_7D34A67E1369,0.0756028908
CC_7D4388B41EB9,0.1196982516
CC_7D46FE573D79,0.1056139462
CC_7D7810799F2E,0.0789400408
CC_7D79241150C8,0.1135236169
CC_7D7B92EF2655,0.1095468104
CC_7D8C2495C1F7,0.0865581301
CC_7DA4F1BA24A1,0.7913453378
CC_7DAF18939084,0.0750130354
CC_7DB8BA427410,0.0795663714
CC_7DC9456F1161,0.0817651883
CC_7DD2CBE0F0BC,0.1917104528
CC_7DD495158BFD,0.7656937104
CC_7DD5411F7A14,0.2892686751
CC_7DF099A7A092,0.3772105458
CC_7DF27D2AC111,0.0810716635
CC_7E0CA072EF93,0.1043800276
CC_7E0DA100F5F2,0.1641906577
CC_7E1086EFDED5,0.0893513939
CC_7E12E0F3CF6D,0.1100836043
CC_7E178CE78FB8,0.1072980871
CC_7E1C1A6D0E9A,0.1831831387
CC_7E2A76850DF6,0.8327360572
CC_7E3ACB15C69D,0.1755376130
CC_7E3F3373A73D,0.6820098967
CC_7E42A3D0737F,0.1079086664
CC_7E4679C534D7,0.2076008437
CC_7E53FEEB19B1,0.2301016123
CC_7E71CE7FC603,0.2483636111
CC_7E8333DBAEB4,0.3615755118
CC_7E843438DE4A,0.0899886990
CC_7E8E4747C0D0,0.6577881536
CC_7E952828C1B5,0.0999566673
CC_7EA6431FE6F5,0.1156068940
CC_7EA7BA7621C3,0.2498135438
CC_7EA8F24B3010,0.1398058243
CC_7EAB28B0309C,0.0666866963
CC_7EB4A5BDA97E,0.1198439547
CC_7EB4B0A36534,0.0953193941
CC_7EB791F4AB2E,0.1208639937
CC_7EB883C9D5F9,0.0713186853
CC_7EC59C577F02,0.1071510014
CC_7ED2683D26DD,0.1174688256
CC_7EDB3440E0AB,0.8464190286
CC_7EE12013C7DF,0.2067451281
CC_7EF824CC0D3C,0.1604166094
CC_7F09C6F6321D,0.7529417374
CC_7F1AD40DA179,0.0926138069
CC_7F1D38A39164,0.1184144330
CC_7F22B7D326CC,0.0967558037
CC_7F2614F1AAAE,0.1511029237
CC_7F2CDC7C1634,0.0926331874
CC_7F2D46DF9BC7,0.1494491586
CC_7F57A90B69E0,0.1938294979
CC_7F633226A676,0.2026577697
CC_7F753D809267,0.8891025716
CC_7F7EBF25AED7,0.0662663610
CC_7F8496CC5779,0.0578856932
CC_7F88D9C5D258,0.0623327795
CC_7F8AB4DCA794,0.1681859577
CC_7F8CC9509418,0.3142546815
CC_7F9069571F79,0.3434912786
CC_7F9AD27E079E,0.1615610915
CC_7FA281AC1C7A,0.1254520842
CC_7FA389E90548,0.0802308322
CC_7FBF4A48AF55,0.1149704287
CC_7FC40175A8E1,0.1678267215
CC_7FD58EE7029D,0.1369844941
CC_7FD7F635C341,0.0798657550
CC_7FDD458DA059,0.2307883604
CC_7FE85C259E03,0.1430731831
CC_7FE8CD30D7E0,0.1154577931
CC_7FFA32DE7B04,0.1795851355
CC_8014F1E2C5BF,0.0714662360
CC_8015895C1C29,0.1493179258
CC_802BA7E39A13,0.0883601203
CC_80300D23C3FE,0.3674867034
CC_80465303B6E2,0.1782302517
CC_805ADFD46B84,0.0992510938
CC_8060F40D9522,0.1560250834
CC_80621E822131,0.0905823906
CC_806654B580B5,0.2345106881
CC_806CFD6A52BA,0.0754001869
CC_807935BBEB7F,0.0643258281
CC_807C57E626E4,0.0873851365
CC_807C91C98684,0.0641608213
CC_8096B589BB07,0.1241773938
CC_809D60155E9D,0.0480032567
CC_80A2189E5125,0.3572177438
CC_80AF87F62770,0.1493468271
CC_80C03DF9CC57,0.0931266417
CC_80D9B6563750,0.7008951819
CC_80E9638ABD4B,0.0696923918
CC_80F7171B71CF,0.1475137271
CC_80F9983BC18B,0.1039362818
CC_811109A98EFF,0.0967207471
CC_8129480B056D,0.3132880474
CC_8134E5DA9FEB,0.6373205166
CC_8140399AD344,0.1414150810
CC_8140E278B6A0,0.2107736364
CC_814E0F756757,0.3055641712
CC_815FAAABFC91,0.0807736253
CC_816B28807CED,0.1077455943
CC_81821F9F2307,0.4577251397
CC_8186D7991EB8,0.0844585912
CC_819E203180C8,0.7762912596
CC_81A5E3141BDA,0.4572485994
CC_81B5CED8EE79,0.1504586420
CC_81B91198E00D,0.7251650675
CC_81BADC379C8B,0.1450014835
CC_81BF8EA390F7,0.0780422719
CC_81C5FC962C72,0.1105627608
CC_81DDBFAF1CB6,0.0911590011
CC_81DE637E6138,0.0566792367
CC_81F389DEC9C5,0.1023976744
CC_81F647806849,0.1126354753
CC_820D491B2903,0.7945170286
CC_82172863AA45,0.2540459951
CC_82195FBE9366,0.0814548373
CC_821F503DA953,0.0847670217
CC_8221AF9B0B93,0.7375854888
CC_8222D1C47857,0.0828460620
CC_824BB6CD2B25,0.1175721697
CC_825192411933,0.1269788872
CC_8270E213EDF5,0.1977525600
CC_82839CC161E8,0.0787451838
CC_828A0B6D7291,0.0441721330
CC_828EDE22A438,0.0767413934
CC_82928B5ABD45,0.3219708539
CC_82A7FE954659,0.1625820140
CC_82ABE1FFFA1F,0.0767500153
CC_82BDFA01C41F,0.0892557262
CC_82C20057CB4A,0.0646597379
CC_82E52529A567,0.0674697706
CC_82EFBFCF68AB,0.0731464689
CC_83092F58B321,0.1152628467
CC_83098B4BBD4A,0.1257097873
CC_831F9E623C5F,0.1706270505
CC_8326C8A3D569,0.1481108747
CC_832730F42A18,0.1073557958
CC_832A44C3F2A0,0.0936307074
CC_832EBAE498AE,0.7400425242
CC_833B196A70F3,0.6326638555
CC_833E14DFF4C6,0.1006714552
CC_834092035687,0.2593141033
CC_8351244DE3CB,0.0889975040
CC_835B90025058,0.0833674333
CC_836534CEDFD3,0.1232080112
CC_837ADC1EA55A,0.1112389587
CC_83884D799788,0.2445121984
CC_83947255841B,0.1320453032
CC_83A5A3022ADF,0.8549805413
CC_83ABA98906DE,0.1267052025
CC_83C75D07414A,0.3466459059
CC_83CBA767432F,0.7293430244
CC_83D342F53F36,0.1571723192
CC_83D5CA2A23C2,0.0656036830
CC_83E002D6D82D,0.1590935945
CC_83FE1BCC83E6,0.1169731220
CC_840E5B830DB4,0.0946121409
CC_842525788FC1,0.2358130890
CC_843076C8EB9E,0.2419762903
CC_8442C97EE91A,0.0869479551
CC_844C3C30ED67,0.0843456998
CC_844E345D2636,0.1076927033
CC_844F26E92B12,0.1824329263
CC_845032D8A261,0.3013033823
CC_845223F606E2,0.3233212218
CC_846F5B19B110,0.2148179926
CC_84797EA9ABF9,0.2900894597
CC_848D59D48081,0.2641239117
CC_84AB057BFCCA,0.1204328791
CC_84B0BA112537,0.0386255036
CC_84B8FCEDADD5,0.1126091793
CC_84C61A6BE99D,0.0852912839
CC_84CDF830F68F,0.1006403646
CC_84D5B88572DC,0.1990202759
CC_84FABECED186,0.1760806698
CC_8503F43FB29C,0.2020444880
CC_850ACB004EE2,0.0916312265
CC_850B114489CE,0.0831264222
CC_850CC17BB13B,0.1934840009
CC_8518C159BDE6,0.1045726951
CC_85299261146C,0.1255184072
CC_853986C52A17,0.1023676737
CC_853ABBECF2E1,0.8441021286
CC_853BF4485D85,0.2201051281
CC_853EED03843B,0.0977939919
CC_853FD1B551B1,0.1932232036
CC_854AAA98CC0C,0.9157071179
CC_854F8AB5F1FE,0.0589659735
CC_855E2A785BAA,0.1066662354
CC_85614CA68432,0.1057460786
CC_856B92B23BB5,0.7774163012
CC_856DF4A30E13,0.6484350835
CC_858704DBD5A6,0.1008426992
CC_859EF0AAA74A,0.0473620692
CC_859FB710961E,0.0876526822
CC_85A0EB3C9884,0.5748477132
CC_85C887BB996A,0.1066091954
CC_85D9A6C9CA60,0.1279969064
CC_85DAF10E61A1,0.6135481029
CC_85DEF8ECB524,0.1200985907
CC_85E2E0B8B15F,0.7282432752
CC_85F018DC47FC,0.2793568182
CC_85F376B33951,0.1215032784
CC_85F745E1D307,0.2304603849
CC_85FAFB430486,0.1813552874
CC_860D4B868C17,0.0310653372
CC_8614E30C9FCE,0.4331775502
CC_861F5DC22035,0.0857065699
CC_8624ABB391B1,0.1225536683
CC_862BAB422756,0.2626493763
CC_8642F98E5504,0.1932089196
CC_8655B8862C81,0.1308323391
CC_865FCEE75A8E,0.0379448652
CC_867372811CCD,0.2553758781
CC_867695B5C296,0.4958261905
CC_8682B1F914ED,0.1517345320
CC_8691DF144B92,0.3586612113
CC_86AD259FA5B1,0.1092160037
CC_86AEC21936BB,0.7889056807
CC_86B1D15F8424,0.0927248717
CC_86C2A6EC5712,0.7000423524
CC_86CF816B494B,0.0883554442
CC_86D4D58B1D0C,0.1200366768
CC_86E2C4E17CB6,0.0868260290
CC_86E9E191E3CA,0.3382195246
CC_87000C16C856,0.1056261353
CC_8703DD5FA02C,0.1588410109
CC_87065B1F429D,0.0920569199
CC_87434BBA1CE7,0.1489599493
CC_87450EA8CD55,0.6320296152
CC_87480F785786,0.0583223344
CC_8777EA6EBFD4,0.0759929227
CC_877A35E76904,0.1479027827
CC_877B37D01563,0.1875373594
CC_879759A5EFB8,0.3710556053
CC_8798AF2651BC,0.0783612317
CC_879989FB3B92,0.4050247815
CC_87A3BECEE5A4,0.1672744062
CC_87B7CDF4BDDE,0.0710144097
CC_87C13E620006,0.1860963145
CC_87E3AFB080F8,0.2033108440
CC_880044F77ACC,0.1201243702
CC_8809BCAC74A9,0.0530277054
CC_880E0019DB5D,0.0711603579
CC_880F027D886E,0.1322375875
CC_8812BC579F7D,0.2000996191
CC_88225FE57D82,0.2459941550
CC_88315318E9DA,0.3470526923
CC_883864E584A8,0.1315269137
CC_88469BAD58C4,0.1432307176
CC_8854EE679596,0.0935792237
CC_886273CC4072,0.0936761408
CC_8866B6D4524F,0.2403394771
CC_88A943606806,0.2940986437
CC_88E916A3F984,0.9386997530
CC_88FDC55C31A4,0.1568925150
CC_890D5EE59076,0.0343347131
CC_890F721517F2,0.1080585066
CC_89129D16418A,0.3230250401
CC_8917F02F9326,0.1322940723
CC_8920B6584A43,0.1095875703
CC_8929DF270419,0.8115600791
CC_892B119F0E5C,0.2120268459
CC_89302456B9D5,0.5214749523
CC_893FAA6D1F04,0.8101534317
CC_895AF697BFBB,0.3576469997
CC_8961FF892F79,0.0976391275
CC_897674493060,0.1591919105
CC_898AFCD28B03,0.1021963290
CC_898CC919D10F,0.1422676751
CC_89A711195EEB,0.1286854401
CC_89B4DF07DF12,0.1376984685
CC_89B941079E10,0.1399591801
CC_89B97E9FF67A,0.1236773256
CC_89C5162E8055,0.1977703442
CC_89CA0F1E2DBF,0.2502487584
CC_89DEE29A78AA,0.0852486393
CC_89E089707730,0.1893378111
CC_89F0B865A6D4,0.1212745959
CC_8A04C5D4D02D,0.0806048216
CC_8A081AA1FB92,0.2975907691
CC_8A0C640E7A89,0.5329003721
CC_8A12B68246A6,0.0944477874
CC_8A14A46B280C,0.1012451922
CC_8A165A18560F,0.2306993195
CC_8A19196788FA,0.0902203753
CC_8A25FA445037,0.1396466487
CC_8A29EA87B295,0.1099929225
CC_8A2AC87CB22A,0.0786415729
CC_8A34634E7423,0.5852065482
CC_8A38BC1AFE57,0.0650460466
CC_8A4CAF0CD0F3,0.1227991244
CC_8A5A0429CAB0,0.1485568544
CC_8A6E60FAE870,0.1010768403
CC_8A7DA054E397,0.8835236067
CC_8A7F5FF4B421,0.1558714417
CC_8A8249A44847,0.1202309431
CC_8A8BCE16DF45,0.1582667530
CC_8A8EC764734B,0.1062103358
CC_8AB553BFA00A,0.0986175543
CC_8AB57DC077EE,0.4262649975
CC_8ABA5808D313,0.0886154252
CC_8ABDD9A05C87,0.3590193154
CC_8AC7520DBCCF,0.1180108299
CC_8AC7F8BABF28,0.1030915664
CC_8AD67FB3A5CC,0.7642127223
CC_8ADDCF5EDCC1,0.1109644169
CC_8AF1C3A0799E,0.8811988527
CC_8B388FAED0B6,0.1123373042
CC_8B46CA903D09,0.0728150439
CC_8B5819403FC8,0.7078494368
CC_8B581B8207A9,0.1436447351
CC_8B6DBEF19F46,0.1244041937
CC_8B8326C4C229,0.1245621537
CC_8B850FDCFC83,0.1090003642
CC_8B8F41F19B72,0.0883007569
CC_8BAF98C60957,0.1363277247
CC_8BB0824B181E,0.0954031457
CC_8BB963DAD9E2,0.1690809611
CC_8BBF5F939D7C,0.0950700964
CC_8BCBDCF4DFF1,0.0865955346
CC_8BCE343561CB,0.7555072445
CC_8BDA87361657,0.0740694423
CC_8BE68A4DB87C,0.1133723748
CC_8BE9BBD879A5,0.0605831027
CC_8BED85B91011,0.3895201547
CC_8BF68E552DA2,0.1995606668
CC_8BF832E6464E,0.7977459880
CC_8C1561920E84,0.2143390619
CC_8C2A7D9A667A,0.1318228527
CC_8C3A5DFE70B9,0.1384717336
CC_8C534CCBDA4C,0.1203011221
CC_8C6472A3EEAB,0.1147835873
CC_8C6B4854D16C,0.1554816070
CC_8C76DE4F58D4,0.0696090537
CC_8C7DA3F4F88F,0.2074327874
CC_8C8527DE7DD7,0.1424640073
CC_8C9416612FDE,0.5405131821
CC_8C9973F02AD6,0.2793946269
CC_8CA1DB61A2AC,0.0893016886
CC_8CA59CAE22F6,0.1541737451
CC_8CAFD04A6EDD,0.0932580056
CC_8CCCC389913B,0.6715854572
CC_8CCEF12DC7B9,0.1865178245
CC_8CDCD714BD1F,0.7697437506
CC_8CEC7987D1B1,0.0495089020
CC_8CF621ADAC0A,0.2115055237
CC_8CF8FE2A4B82,0.2604893478
CC_8D048396D9D5,0.1015442382
CC_8D1089C58563,0.4779556540
CC_8D35A37FC4B1,0.1417336400
CC_8D41E12FE5B6,0.1423418177
CC_8D4A859839EF,0.2177121852
CC_8D4AD431C55F,0.0744263566
CC_8D4D882CA579,0.1284373872
CC_8D6151025078,0.1122185572
CC_8D637233FE54,0.1199614268
CC_8D6AEBA2D7EC,0.1162399049
CC_8D6E16DED971,0.1285349586
CC_8D7329F79BBD,0.4265446124
CC_8D7B7307C43F,0.1080218600
CC_8D7B9D4936EC,0.7353499438
CC_8D80B1B44AE1,0.4471964001
CC_8D9516D61143,0.5788493730
CC_8DBB8445786A,0.0670854651
CC_8DC5B86D9DCC,0.7224991570
CC_8DC6465998DD,0.0933801919
CC_8DDD0EDA9CB2,0.1397407948
CC_8DDEF0265CB4,0.0734931510
CC_8DE06BEB95A1,0.0720266581
CC_8DEBB5B14A14,0.1034126621
CC_8DF5BE7F759C,0.1211364606
CC_8E0ADCC71F85,0.0691853913
CC_8E0BD86F6F0E,0.1333123606
CC_8E143BFCF3E5,0.1245356293
CC_8E170A60D71C,0.3238423733
CC_8E1C3A21FAEE,0.1201854297
CC_8E408E18F060,0.0860268940
CC_8E42FB163DA5,0.8427021256
CC_8E47536D29BE,0.1786752545
CC_8E50AFFC5BBD,0.0810351379
CC_8E5FB1035354,0.0955456572
CC_8E7B9B8DD1A3,0.1811371330
CC_8E85B08196AF,0.1048252009
CC_8E96FC75AE5A,0.0871912309
CC_8ECAB5A6C7B9,0.0693347415
CC_8ECC4C7A6638,0.6316964807
CC_8ED6F13C35F5,0.2156927673
CC_8EE5E9467038,0.1298724434
CC_8F037E5AE692,0.1095119729
CC_8F1A418D96B3,0.3374570461
CC_8F1C4014F91A,0.1652992584
CC_8F30A5FC9D49,0.0821762541
CC_8F3456F298F7,0.1508404187
CC_8F393D485C29,0.2024248537
CC_8F4A41130110,0.0924369894
CC_8F7AA6E4D486,0.1388266010
CC_8F887BE25314,0.1443261237
CC_8F90CD1A5E00,0.2130213756
CC_8F9B26042C4A,0.0947418369
CC_8FA9423E65C6,0.1135496511
CC_8FBA6C32E0A5,0.2296093033
CC_8FC1C50C41E7,0.1333644950
CC_8FD005425792,0.0976040015
CC_8FD6A223135B,0.1416065040
CC_9002450E1B5A,0.1458987111
CC_901CE62199C7,0.3599127948
CC_901D2136E1F9,0.1753820173
CC_902648F62345,0.1349048937
CC_902BF0612E70,0.1783084512
CC_9036F7423277,0.1780013285
CC_903AD2767BAE,0.6606540391
CC_903E4BA690FA,0.2305098019
CC_904386E31210,0.0724040881
CC_904EA6C846F8,0.2618858834
CC_90549DD3CC39,0.1506039381
CC_905739E5494F,0.1096428825
CC_906F852C69D6,0.5977739518
CC_907911F4930A,0.3429165499
CC_90798A7273BD,0.1370039235
CC_907F3A8AFCFB,0.1214617020
CC_907FA7722881,0.0714052568
CC_90812D9F30FE,0.1113272115
CC_90870A89F310,0.0850888896
CC_90894CA021C3,0.7392862549
CC_9092C5EBF5F6,0.0803379065
CC_90A10D649D9C,0.5291602014
CC_90BF8E127519,0.6162718543
CC_90DBB385A7F3,0.6711894705
CC_90EAD308012B,0.2823832644
CC_90F4BF0B868D,0.0726931935
CC_90FA39516EAF,0.0830371053
CC_9117894F31C2,0.1426354727
CC_911ED63BB556,0.2472090016
CC_912730AE6E8F,0.2308836585
CC_912CA7EE4C26,0.1269415972
CC_912DA46AAED2,0.1474699283
CC_9132E67EA479,0.1234487611
CC_913D95FB31E0,0.1407124165
CC_91529F20D461,0.8236015382
CC_91586318C780,0.0864699677
CC_915F2708219D,0.1299650245
CC_916CCF9CBC08,0.0581609481
CC_916CF77A29CC,0.0946949113
CC_9189E4FF82C5,0.0738849726
CC_91A27CB6139A,0.1490868856
CC_91B7A4A15A37,0.5842654309
CC_91C2077BA6D7,0.0384178326
CC_91C4CC43EEE5,0.1407055891
CC_91C55BE33AC7,0.0909936769
CC_91C81BC58B49,0.0357178945
CC_91DE12EE18A7,0.3390319912
CC_91DED13CDCD9,0.1335337998
CC_91EF639761F8,0.1407197527
CC_91F23A7E743A,0.2334261317
CC_91F4C5E889C7,0.7676651172
CC_920E91EB28A7,0.1385037902
CC_921481F5F77E,0.2720264031
CC_92221DB27176,0.1969131928
CC_9224D5677C66,0.1237088949
CC_9230B9656F93,0.1689125250
CC_9231D0F8A993,0.8184979802
CC_923727159A8F,0.0939113091
CC_9248706729D9,0.1066187496
CC_924AEB5DD991,0.2473855525
CC_9250BA851692,0.3533881529
CC_925BACE3417D,0.1175963203
CC_9260CD0D7C0A,0.1491192564
CC_9285EB21B38A,0.0979699400
CC_92A09F03DAB5,0.8745804783
CC_92BC35D7F9CD,0.1053206090
CC_92C5FE9E5B12,0.6291384446
CC_92DC8CF8C902,0.1152870775
CC_92E006664648,0.3031765142
CC_92E4EFB9F0DD,0.0896081094
CC_92E621E0298E,0.1473461602
CC_92F412AC7D22,0.0881262986
CC_92F42886B7E4,0.2807937275
CC_9301E23D376D,0.7682741264
CC_931133320380,0.1897431239
CC_9314B6D8B7F2,0.1024309776
CC_9337E3B43211,0.1501537735
CC_933E044F26DB,0.1030911414
CC_934BB89938A3,0.0791782811
CC_935296A995DA,0.1146356225
CC_935326AF26E2,0.1584363068
CC_935B72B8E7F0,0.0979345865
CC_936FF3C9BE68,0.0926244123
CC_937FFE1718BC,0.0819157975
CC_939F92AEE460,0.8413075496
CC_93A4365B25CF,0.8630789364
CC_93AB9D6A7EFA,0.1101200577
CC_93C719738590,0.9064687648
CC_93CB48930B37,0.1266995579
CC_93D24FAFD21D,0.0975660489
CC_93DB5F477493,0.1469375394
CC_93E1CAFAD44D,0.1213124124
CC_93EC9F853123,0.2553779537
CC_93FEAF515A8E,0.0994900400
CC_94063A67F136,0.2459324655
CC_9406E32819F5,0.0916280882
CC_940971CBC1A4,0.1129488071
CC_940ADC8DEA3F,0.1202273406
CC_940C7E8E0C52,0.1982930021
CC_941DD2E1DE56,0.0756828441
CC_941FC1FD0D55,0.1950039490
CC_943B720DB5BB,0.1009704383
CC_9440309323A0,0.1139976758
CC_944B461BC558,0.1009117547
CC_9453654BACE9,0.1098217488
CC_945888CEAF10,0.2264193104
CC_9458D4A483A8,0.0749219310
CC_9464BA7E98B9,0.1358585465
CC_94794B478A5C,0.3278869316
CC_947E58EFF90A,0.0921004471
CC_948537FC17AA,0.7092231565
CC_949576D25153,0.1199506598
CC_949B8CEAD619,0.0910550470
CC_94B4E05906A9,0.1195438801
CC_94C3B6F3B0CC,0.1297636128
CC_94C3D9D8FBF3,0.6879236499
CC_94CD530B2099,0.0994079010
CC_94E9D1E527E6,0.0516172714
CC_950450C0845E,0.3060816710
CC_95169A4360C6,0.1267653869
CC_951A69571676,0.1057515933
CC_95232636844F,0.1646937861
CC_953A5913EDD3,0.0889012432
CC_953B678083F9,0.0667735307
CC_9541BD0604B6,0.1336826197
CC_954404C1BEE6,0.2952579533
CC_95444ED71872,0.1023292064
CC_9544B86C78A6,0.7554086458
CC_954AD7E7C8F1,0.0890769022
CC_95525CC6C854,0.1269895086
CC_95573B318A91,0.0809772653
CC_9569309DC18E,0.1098649887
CC_956A2DF28600,0.1752355179
CC_957C7A0D7B72,0.1939953127
CC_958BECCA0BAB,0.4017345196
CC_95A6C4DA2F12,0.5333459787
CC_95AB75B5BBBB,0.1410713512
CC_95C1274DD7DF,0.0662998040
CC_95CD8F6A8CBA,0.0888639558
CC_95DD4DC604BD,0.1141199182
CC_95E1AC08266F,0.1080953245
CC_95E3DDCB74EF,0.1190252394
CC_9601384AC971,0.2953391981
CC_9608A73A8025,0.1176246824
CC_961F3BFBDDAC,0.9152343155
CC_96206C1277EB,0.1835392137
CC_96396AE6347C,0.2134418344
CC_96416D2A937F,0.2011591363
CC_964C2E0B00C1,0.1254292400
CC_9657A2A04BAF,0.0773666112
CC_9662D713B7BB,0.1511062771
CC_9664F83B7F1D,0.2309625090
CC_968AF836D0C4,0.0893947835
CC_96A6735A4317,0.0744239262
CC_96BC62A4A0AD,0.1569123780
CC_96CD75668A6C,0.1091908757
CC_96D928252719,0.3128000017
CC_96E40BDE9A6C,0.1341773204
CC_970116768415,0.1303812897
CC_970E94875C2B,0.7462194456
CC_9721C8A61D80,0.1521162591
CC_972313B0F814,0.1822553895
CC_972FD8FFFF63,0.6130835090
CC_97478A77EC17,0.1950133614
CC_974D14774BD8,0.0876489000
CC_974D86BD39FD,0.0665948198
CC_97508465AB76,0.1038787471
CC_975689C0CD6E,0.0969488379
CC_975967702106,0.0975788204
CC_975F3F07ED23,0.0758274306
CC_976E0D9A64ED,0.2912556815
CC_977145B2B363,0.2296350666
CC_9772CABFE1D2,0.7171399843
CC_9773C1E6AC8B,0.6885308637
CC_97832657396B,0.3368425738
CC_97963C337FD3,0.4487694815
CC_97978B581F20,0.2059981677
CC_97A9ECF23955,0.1515182472
CC_97ACD6D965F3,0.0977300550
CC_97C69AF6E34B,0.7824231015
CC_97D0E7256861,0.5592844262
CC_97DEBFBE2BDE,0.1940603730
CC_97ED469F2950,0.0915462960
CC_97EE84ABA6BF,0.2152879332
CC_9801B22BF375,0.1433058559
CC_9803B6D4D780,0.2239422875
CC_980E90C8A301,0.1063528955
CC_9814B3D08A69,0.0928817240
CC_9821BD45BB0D,0.2196733096
CC_9829FA0350F7,0.0675195554
CC_982CAA309A38,0.1417699515
CC_98346EBF382E,0.1697276378
CC_986698CCC6AA,0.1000932714
CC_988FC580CD50,0.1133614225
CC_989795BA3DD2,0.1007546153
CC_9897A1DFE807,0.0988292619
CC_98A2C8F4E956,0.1269589510
CC_98A3E6CDC707,0.1209328451
CC_98CE15EE1565,0.0980711571
CC_98D036D16215,0.0422270366
CC_98D09B14EE3D,0.6091868978
CC_98DB782DF852,0.0961842026
CC_98E2EA67BC97,0.0936057871
CC_98E6E7CF74AF,0.1088950635
CC_98EEEB2A83DF,0.7517680411
CC_98F3D3194788,0.1415627224
CC_98F8A8CF4F9C,0.2909513085
CC_98F91BAB57EE,0.1315288108
CC_98FA377070FB,0.1289060088
CC_9900D0479959,0.2710511557
CC_99061A735C6D,0.1871656198
CC_99093EC1A2C2,0.1332043816
CC_99376CA4DC26,0.0777373557
CC_993A588895DA,0.1582781899
CC_993EE6417CED,0.1038894195
CC_99559319913F,0.0685268932
CC_9970123DCC41,0.3046940762
CC_998BB6848FDE,0.1228609491
CC_99958287B2A9,0.4490800990
CC_999BAB2D16FA,0.2993930730
CC_999C7029261D,0.7947356469
CC_99AA61D1896E,0.1364553593
CC_99C03E7D99CE,0.0702306680
CC_99C62022794F,0.1052795477
CC_99D46BE6593A,0.2483842166
CC_99D5A5371B39,0.1321302065
CC_99D79709AD9F,0.7892625969
CC_99D7DDAA460A,0.1188210654
CC_99FC44B3C58A,0.1437905496
CC_9A02B2A17C07,0.0952063368
CC_9A05DE55D408,0.1339395628
CC_9A0C42AA09BD,0.3693657592
CC_9A2B390551F6,0.0336010737
CC_9A2D66206BD1,0.2776611614
CC_9A366E181FA0,0.0924735001
CC_9A39365FA850,0.6278395394
CC_9A42833BA860,0.1013704056
CC_9A4911A0140F,0.1281017175
CC_9A4FE1E8E0C5,0.3131900110
CC_9A51017C734F,0.1931688176
CC_9A5DCCD62D0A,0.2281203948
CC_9A602F492510,0.0637903317
CC_9A66BDD34B89,0.0748728610
CC_9A6AB0AB1E67,0.0996914726
CC_9A7049ED5656,0.5917754334
CC_9A7AF31828E5,0.1377712086
CC_9AA750377C6F,0.1187679850
CC_9AB359C82202,0.0863578417
CC_9AB7BF77EE83,0.6219440453
CC_9ACAC8474B9F,0.0444256098
CC_9ACCA4FB9101,0.0795373132
CC_9AE1529AF9E0,0.1392519556
CC_9AEE181F1156,0.1678317655
CC_9AFD130D3725,0.2046043770
CC_9B09C3353732,0.0865964447
CC_9B0D37817EBB,0.1337346082
CC_9B290B59155F,0.4524782412
CC_9B2D487C64B0,0.1107844709
CC_9B3DEC76ABF7,0.0625407303
CC_9B4F778D0A6E,0.1964472641
CC_9B581A92C2A3,0.3969574899
CC_9B5CA8C38414,0.2601225723
CC_9B6E82167593,0.1574781598
CC_9B6F6B2BCC05,0.2859431312
CC_9B7FC3DA1594,0.3473488784
CC_9B957DC280F6,0.0926325038
CC_9B997DF20042,0.2792113747
CC_9B9BC4B83736,0.1257674269
CC_9BBE1A16C04A,0.1174254510
CC_9BC63F1A568C,0.2809623930
CC_9BCB0166227D,0.1679011688
CC_9BD3DC96ACC5,0.1528902831
CC_9BDC5A0E43C7,0.4263745378
CC_9BF9485A3F9D,0.2402488442
CC_9BFE93FF2145,0.1532083505
CC_9C0470A0536E,0.1728101313
CC_9C205AF09E47,0.3769638830
CC_9C30DC5C1E46,0.1268683527
CC_9C325B6CAD11,0.1122405458
CC_9C4A200D0BFB,0.3070176133
CC_9C5EAF238007,0.1876067855
CC_9C601C6BBD37,0.1123866408
CC_9C606C2C92CC,0.0875321264
CC_9C6192D3A16B,0.1021606192
CC_9C84FB9B1469,0.1074725424
CC_9C989433D637,0.1075917715
CC_9C9B2FEB4937,0.1338331583
CC_9CA7FBE1DD54,0.1076517718
CC_9CACA50F80F2,0.1611386524
CC_9CB40D552388,0.0922006874
CC_9CB8127D17F0,0.0709191940
CC_9CB9CE2989CF,0.7372286818
CC_9CCE51CD83ED,0.8312412631
CC_9CDD2F3D0BE7,0.0960707518
CC_9CDEC693AA99,0.4036924548
CC_9CE9091AA9A9,0.1736522474
CC_9D007C60D29F,0.1544338462
CC_9D017774D4FC,0.6085761974
CC_9D095EC1F232,0.1760328182
CC_9D1A1281C8FB,0.2344630922
CC_9D23F42B7996,0.4164215669
CC_9D2FBC479646,0.5504881904
CC_9D363365CAFD,0.1093172095
CC_9D44E4543573,0.1619522074
CC_9D45F67E3B01,0.1010206502
CC_9D535DD207D2,0.0593871163
CC_9D53ED53A15A,0.5947914470
CC_9D5D97AEE98B,0.3538360570
CC_9D5F2A5B6913,0.0698337361
CC_9D6BC1C470B0,0.4172373417
CC_9D71FBDE765A,0.0287916022
CC_9D73939E357F,0.1306901371
CC_9D82F401BD88,0.5676676774
CC_9D8B4454BE84,0.3639379132
CC_9D92537645DB,0.0994685541
CC_9D95ADE03ED1,0.2827656751
CC_9D98FE7A1809,0.0756518375
CC_9D9D59757786,0.0829671006
CC_9DAEB38616AC,0.1312407437
CC_9DD55CC0E928,0.0467410911
CC_9DD6B460CDFB,0.2567931067
CC_9DD80B5E3729,0.0812941315
CC_9DD82B4310AC,0.4069284595
CC_9DD9389E8AE0,0.0652837712
CC_9DDA8ACEB3D8,0.0823435988
CC_9DDCD898D01D,0.1038128630
CC_9DDD90B42A27,0.9393106301
CC_9DF1807A4316,0.0606091026
CC_9DF786FD2620,0.6136811158
CC_9DF7B9B3C8F8,0.1101777985
CC_9DFF6E2AC586,0.1404759546
CC_9E0546BD7BD6,0.1144980331
CC_9E0BE8227931,0.0557656585
CC_9E1A205BA261,0.3875266946
CC_9E2967559B00,0.0960581811
CC_9E323A031449,0.7974339503
CC_9E377CC03D51,0.0707324880
CC_9E3B83584C12,0.1467986013
CC_9E3D46FF5709,0.6981247645
CC_9E4FA91B86A9,0.0857684176
CC_9E53534DCD6B,0.1484987599
CC_9E73656FC8C0,0.6955413907
CC_9E7430675033,0.1664680834
CC_9E84CACDD7B6,0.2572779709
CC_9E84E0E4C5BE,0.1986835558
CC_9E9C65275B4C,0.1094418248
CC_9E9CB6473D59,0.2273781860
CC_9EA4F11BE6C2,0.1102188858
CC_9EBE3F26F2FB,0.1144649993
CC_9EC23AB6C573,0.3193619096
CC_9EC34DDD0E53,0.0894778598
CC_9ED8EDFE8C55,0.1668663840
CC_9EF352F179D2,0.1114121894
CC_9EF505400F8B,0.6839786608
CC_9EF66D83B743,0.3353028449
CC_9F051572BFE4,0.2060311792
CC_9F151A782BAC,0.1555942697
CC_9F1A5DF4619C,0.4586392605
CC_9F1BF78ECD7A,0.2975031819
CC_9F263092AD72,0.1478170486
CC_9F36EC36A9E6,0.0780106273
CC_9F3D52242888,0.2134498585
CC_9F41F312CDBB,0.1914946955
CC_9F425167F9ED,0.1290668565
CC_9F6981E0009A,0.3503340931
CC_9F706DFE0AE7,0.0747292068
CC_9F7B525DD52D,0.2320360638
CC_9F8D5A5A9DAC,0.1595180454
CC_9F8FAE57E6A8,0.1368831391
CC_9FD1AB8E65FE,0.1009918448
CC_9FD2689202D5,0.1038562527
CC_9FDBB5C2CD09,0.0611499399
CC_9FE52BD71CA2,0.1082586383
CC_9FE8E62EB24D,0.1160304784
CC_9FEA59AEA00C,0.1910392099
CC_9FEA77B36A29,0.2762657162
CC_9FEE9701D16D,0.2171041194
CC_9FF35BA60E6E,0.2153397282
CC_A0003F08B22E,0.1896486114
CC_A00AE2543224,0.0819596901
CC_A02A29DECDC6,0.1393335965
CC_A0336C21117C,0.6593548980
CC_A053B42BBE0B,0.0822112887
CC_A0591F16FA37,0.0541350135
CC_A05F962C80FF,0.1504710237
CC_A07B0549E53F,0.0582811924
CC_A09F230CCF5D,0.6492157595
CC_A0AED6346ECD,0.1884716855
CC_A0C4A796643F,0.1607545939
CC_A0D6DDFB430F,0.0935623732
CC_A0DF672F9C4E,0.1467133907
CC_A0E8C7C5558A,0.2377268312
CC_A0E9269DF22C,0.6848934668
CC_A0F1DB5CB28C,0.0982302549
CC_A0F42B26F8F0,0.0865046153
CC_A0F8F80EDFB0,0.1262114429
CC_A10AD9550E4D,0.0751686145
CC_A10EB26E5EE1,0.1292894641
CC_A111B065F623,0.0858009844
CC_A113D95B4AB2,0.1966950900
CC_A1320C0F0129,0.8136783083
CC_A1348D850EFD,0.6109902280
CC_A13D08B372E8,0.1177356073
CC_A143E64BD9D6,0.1949013172
CC_A14B0A24DC3C,0.1084163241
CC_A15137F25F7C,0.1084554387
CC_A152DBEC5BE7,0.1019752696
CC_A1591CFF6D81,0.0758387346
CC_A168CCB582C6,0.2542523275
CC_A17DC38133CE,0.7564676211
CC_A185D5EA3DE8,0.6558832957
CC_A19C842508E0,0.1062071612
CC_A1B648DA406D,0.0733805427
CC_A1BF7028CAA8,0.0484934157
CC_A1D035FA36E1,0.1125055618
CC_A1DD653D41A7,0.0848944426
CC_A1E3AD4B934C,0.2367264713
CC_A1E58421CE87,0.1014259404
CC_A219144EDEFE,0.0933321294
CC_A21FCEEBB3C3,0.4520798090
CC_A220E4278D79,0.0667089647
CC_A2231BDC961C,0.3195135391
CC_A234E219EFC7,0.3120883880
CC_A239B1BD81FF,0.1039292901
CC_A23D8CFFA31F,0.1173756479
CC_A23F463F4B4D,0.0895492274
CC_A23FFDC4A7A4,0.0727657106
CC_A2423E273F84,0.1066707277
CC_A2493E6036AD,0.2594369512
CC_A25C54470CED,0.0687810330
CC_A25FA690BBBC,0.1150456189
CC_A2636CF7C075,0.1463240950
CC_A26C22870E3D,0.4430158082
CC_A26F6A272B3F,0.0874811324
CC_A27CDC9BCBAA,0.2085464566
CC_A27E5269DA60,0.1908261034
CC_A28D4A46B6FA,0.1088725855
CC_A28EB319030E,0.0993359138
CC_A294D3A59462,0.9096103539
CC_A29D8034C304,0.1162936836
CC_A2A109409963,0.0844364645
CC_A2A4FA5F9962,0.1032524830
CC_A2A7E30C59D0,0.0784084024
CC_A2B5D2D4E269,0.5171347849
CC_A2BB24180208,0.2462974082
CC_A2CF1DFEFE46,0.3708018031
CC_A2D6090EA5B8,0.1278592704
CC_A300BC40BC9D,0.0875908519
CC_A3212501F639,0.2374688187
CC_A3278A566572,0.0806995796
CC_A327EBE4F783,0.2277236055
CC_A32FB6659B01,0.1135312386
CC_A33915EE72B6,0.1413026910
CC_A33D350BE79E,0.1896202902
CC_A3553B8AA8F6,0.1198716161
CC_A36EB077BF3C,0.0665789414
CC_A3753EB66DEC,0.1167190990
CC_A378342AC9BB,0.0987384042
CC_A379E9455C60,0.1520051606
CC_A387ADBD7249,0.0938342354
CC_A39E961FC29F,0.2146109793
CC_A39FA1EF0B16,0.2364432898
CC_A3A4E39FB04D,0.1180881128
CC_A3A751BE68D2,0.0784858447
CC_A3ABB3C5E9D5,0.6391135372
CC_A3AF9C2C68F1,0.2216089432
CC_A3BEA14873AD,0.1202875725
CC_A3C2FEE13C37,0.1414291413
CC_A3D6435D5F17,0.1122549304
CC_A3E3E51AD0E7,0.0766065215
CC_A40566694D53,0.2133753704
CC_A410C0DC7125,0.0891429761
CC_A42168D2B94B,0.0747819576
CC_A43CED9AFEF5,0.3564105265
CC_A4475A788D13,0.1004903321
CC_A44D677C0C07,0.1112334288
CC_A44E2673E71E,0.0989157925
CC_A44E79A96425,0.3082474267
CC_A462CA147DB9,0.0824952299
CC_A4660E424386,0.2565080723
CC_A476C9F116F6,0.1507538382
CC_A47C83B6EE2B,0.1007323767
CC_A47F8594678C,0.2424054614
CC_A48A7592F96A,0.0824551517
CC_A49195E659EE,0.0898652547
CC_A498A936AD21,0.1370011429
CC_A4BE6692361C,0.6002764112
CC_A4BF2115580C,0.1013075124
CC_A4CACCD14A0E,0.1137391560
CC_A4CE57A1AB74,0.1222016700
CC_A4DE4F1B5F93,0.1399322387
CC_A4E300558DAB,0.1012225726
CC_A4E972915D89,0.7753235265
CC_A4EEA04CF3D0,0.1098025200
CC_A4F400E9A0ED,0.1099787415
CC_A4F550D7F95B,0.2227457596
CC_A4FB91B1BF31,0.1271682106
CC_A500C1ED0A33,0.1598422630
CC_A50471962A96,0.6330868975
CC_A5161D8AA57D,0.1231811896
CC_A519C84307D2,0.1286682917
CC_A5277A9BE02B,0.6590593045
CC_A53578FCEA71,0.1548810560
CC_A54EAD1CCE27,0.1321549870
CC_A5512DA239BF,0.1361089995
CC_A5545DF298BE,0.0964537497
CC_A556EEF3010C,0.4549202504
CC_A56756C65136,0.2671985214
CC_A5852E06D2D5,0.1770357660
CC_A5886994671C,0.1850891609
CC_A594D8B41A99,0.1220194438
CC_A59C6A6B71C3,0.1182763084
CC_A5A06987AF5C,0.1447476787
CC_A5A1512FEEFD,0.2184000251
CC_A5ACE4284283,0.1915357681
CC_A5B10F07BCD5,0.0984880806
CC_A5BC9ACDB4CD,0.0950460893
CC_A5BF8B260922,0.4358115770
CC_A5C52379AE06,0.2421300020
CC_A5DD4441568D,0.0810117067
CC_A5FE3BE2949D,0.0852895307
CC_A60EF94F09C4,0.3369538765
CC_A628BE74CB45,0.1133609239
CC_A6292E9B43AD,0.0789839008
CC_A638610BF8F8,0.1047076003
CC_A63BBA86CE9A,0.2694899581
CC_A63BDDAC43CB,0.0729828892
CC_A6409E37A735,0.1338319921
CC_A655EC341406,0.1411694917
CC_A6562E47BFC7,0.1728105191
CC_A6563A22D668,0.5783814784
CC_A6601278C1BD,0.1109595853
CC_A683678AC9FC,0.3514845104
CC_A6864FE80A94,0.0824091140
CC_A69117CC3C24,0.1635827935
CC_A69928C7D217,0.1336416184
CC_A6A8BAF7124A,0.3081147957
CC_A6B7DFC69AAE,0.5412936757
CC_A6BB595B55AA,0.1463887790
CC_A6C5284C4586,0.1316961651
CC_A6CB0D0191D3,0.1495571392
CC_A6FA3FA9F0FB,0.1297857013
CC_A6FDADD23BD7,0.0836319894
CC_A6FE3938F001,0.2192323528
CC_A71DB65F0BBA,0.5524607441
CC_A730F4964FD4,0.1364971302
CC_A73C02C58DDA,0.1274497494
CC_A746BC2289C7,0.2295871069
CC_A766C3608214,0.1073396667
CC_A76F48111A8D,0.0948087174
CC_A77AEC8AD2D1,0.0378769329
CC_A781174166B3,0.1391451350
CC_A79024286DFF,0.0767660171
CC_A792720B875E,0.1126662351
CC_A7952C2BC5B6,0.0810405130
CC_A7954EE1A1C4,0.1167135403
CC_A7991E6B3CAD,0.2810035553
CC_A7B141DF4AAF,0.1233144071
CC_A7BE2CED0B93,0.0441029122
CC_A7CF446093DD,0.1997885335
CC_A7D1C6692090,0.0843647409
CC_A7D6CAB54328,0.3259441403
CC_A7D8D1DA4EA6,0.1340668469
CC_A8102BA6933F,0.0982540253
CC_A81C1EDC5FE0,0.1071676484
CC_A82C0FDDC303,0.0705136130
CC_A83F92C0CABC,0.1420115408
CC_A849B0F60EEC,0.0890467375
CC_A852AAB180D7,0.0544491167
CC_A8536626873D,0.1704950381
CC_A85F953FFD40,0.1674570995
CC_A865A3F1E28A,0.6142797446
CC_A867253FC73C,0.2513835780
CC_A877592FE1AF,0.1276400208
CC_A8AE26057851,0.1412953792
CC_A8D50530622B,0.1901298065
CC_A8D5C834B061,0.8542804433
CC_A8DF49EED27D,0.8142787171
CC_A8FB53A944AA,0.0999290562
CC_A8FF19BCFB18,0.1899389548
CC_A9042AA97760,0.1174663264
CC_A917D68B7F33,0.1500415012
CC_A925B3023F01,0.1442226013
CC_A93A49678A0E,0.7893083737
CC_A944C14551E0,0.0935782273
CC_A949A4D6CFDF,0.0483864057
CC_A96085AAACBB,0.5536475201
CC_A968E7B519AC,0.5654040371
CC_A96F61DA3920,0.2399556487
CC_A98AA461487F,0.0898983231
CC_A98DE37F48B1,0.0640390502
CC_A99526CAE7B8,0.0857840893
CC_A9997F50D935,0.1241991055
CC_A99C3B09B728,0.0908317218
CC_A9A0DADE60F5,0.3133713488
CC_A9E27E0F8BF7,0.0867957161
CC_AA06B8C44B08,0.4219460765
CC_AA078692F54D,0.0917933399
CC_AA3181148667,0.0998947047
CC_AA36C8AD0AD4,0.1121316734
CC_AA36F0397FF6,0.0954313688
CC_AA3A8989A632,0.6175034189
CC_AA4A1B7522D9,0.0865486221
CC_AA4AE0378324,0.1661142518
CC_AA5E4D5A692F,0.1224578313
CC_AA68EABEE4B1,0.1236307201
CC_AA6B5A7A5B67,0.1177331671
CC_AA6BD423C239,0.3205475990
CC_AA7074B42A4C,0.4198544009
CC_AA7A7F3159DC,0.1309814270
CC_AA7BDEB972E4,0.1414211018
CC_AA83426311A1,0.1217437887
CC_AA8F7D307212,0.1707620840
CC_AA994120654B,0.1148865484
CC_AA99CC1D0A77,0.1089357372
CC_AA9DF917E958,0.1045168512
CC_AA9FC6678135,0.3290800425
CC_AAA47EC0D4CE,0.1113878970
CC_AAD9F600283C,0.1356271521
CC_AADF003A3927,0.1002106979
CC_AAECFE806C8D,0.0892970650
CC_AAF2022B9CD1,0.2482427666
CC_AAF445E4CCF4,0.0983506630
CC_AAFDCAA5CA06,0.5398749526
CC_AB0384E131D8,0.2518419430
CC_AB0A4F4A2968,0.2392661920
CC_AB108580856A,0.0984208616
CC_AB10FED15FC0,0.8400421232
CC_AB176233A184,0.1331867425
CC_AB250982887C,0.1139059624
CC_AB25C565EA6F,0.0253290213
CC_AB31BDAE74E0,0.2379516067
CC_AB38A76F5698,0.2398465948
CC_AB38F588BDD4,0.1852513194
CC_AB3DB55C9A2E,0.1582908880
CC_AB42A7DA8FAE,0.1292509571
CC_AB486E8855F7,0.1126725269
CC_AB4A79BF0F21,0.0622770029
CC_AB7472FE1C8B,0.1638629145
CC_AB78F64D1DA0,0.0982069570
CC_AB821E2FB031,0.0916706635
CC_AB873276D910,0.0838727962
CC_AB8CF3C05B61,0.1456074889
CC_AB8DD8448ABE,0.3021776261
CC_AB953366A38C,0.0916682860
CC_ABB193697B23,0.5684462599
CC_ABB3F0A040BD,0.1392191166
CC_ABB618AD3E52,0.1435669181
CC_ABC0DA7DAFA5,0.0632334892
CC_ABC49E43DF40,0.6527472965
CC_ABD89F61734F,0.1055010837
CC_ABE04CDC2866,0.6584132882
CC_ABE98746DB91,0.5053215709
CC_ABFDF22BBD97,0.0884154885
CC_AC0498A54CAD,0.2818650147
CC_AC1C23EA2767,0.3014693003
CC_AC1E028B2A1A,0.0783218295
CC_AC255B902EEB,0.1618711447
CC_AC44A88F7869,0.1082370459
CC_AC51CBCACA63,0.1471490596
CC_AC723E5F5EFA,0.0643643101
CC_AC7994A5FDC4,0.0977084101
CC_AC7EFDBCF2E8,0.5650557560
CC_AC8A45716CD8,0.1559714016
CC_AC8FB78319A0,0.0699979280
CC_AC95C517E726,0.0977411332
CC_ACA4C6C9316D,0.0723058260
CC_ACAD97A186F4,0.0878906895
CC_ACC12168D6A9,0.1501806479
CC_ACC53294D3A0,0.1065073491
CC_ACC6A74A8BEC,0.1060861407
CC_ACD94D2B1200,0.0883017480
CC_ACD988315902,0.0685518216
CC_ACDA59536C9B,0.1427698280
CC_ACE5A4081F6E,0.1056928451
CC_ACF4F9A2CCFC,0.1785888557
CC_AD0D7D212968,0.2473024871
CC_AD131D09EB0F,0.1290837232
CC_AD13C87CF26E,0.1591932128
CC_AD2050A0C79D,0.2056405839
CC_AD276D71D3A7,0.2823058637
CC_AD2C54521FE4,0.2035685461
CC_AD2E59624FEC,0.3403477408
CC_AD3A36AF2840,0.2302718179
CC_AD3D286D0B68,0.1688041996
CC_AD46818E459F,0.5189897469
CC_AD4BB2E22EA9,0.1825624227
CC_AD4F7F88242F,0.3446632196
CC_AD58ADCD54CE,0.6485949665
CC_AD71619FA389,0.0703269751
CC_AD84592B950B,0.0620987870
CC_AD9898C0E8D2,0.1454903995
CC_ADC70A21D661,0.2038433045
CC_ADCF16189AF2,0.1904941690
CC_ADD894E6E4F4,0.3944636467
CC_ADE899835555,0.1551008856
CC_AE0D73A1EE19,0.3505425749
CC_AE0F08EA3935,0.2574660115
CC_AE23B59E6FC8,0.2655892913
CC_AE289E013D60,0.1536486667
CC_AE34D3F7F224,0.8532914502
CC_AE4069D8B4F6,0.1407431988
CC_AE4896E2BE76,0.5206342060
CC_AE51DCFE0671,0.1005910313
CC_AE69FEA8DA68,0.1510518205
CC_AE7C129CC90F,0.1298955175
CC_AE7CD49F20AB,0.0758610268
CC_AE89526E0335,0.0875521225
CC_AE8D62CF30C0,0.1031508692
CC_AE8D9CE8D6FE,0.1000286953
CC_AEB019CB9065,0.1780404517
CC_AED1D50AF584,0.1265724754
CC_AEE546316FB0,0.1831931888
CC_AEE5FA00FA6C,0.4397643392
CC_AEEC765D157B,0.1407274114
CC_AEEE44D6C8A4,0.0712706862
CC_AF14FF3EF570,0.2116890313
CC_AF1C3ACBA6B2,0.1363237787
CC_AF1E911C98B6,0.3299466094
CC_AF337F410520,0.1685769872
CC_AF3C7BC3BA40,0.0575896697
CC_AF41E4075C87,0.0676221157
CC_AF6B4405276D,0.7414144773
CC_AF78FE0BDBEE,0.2032099578
CC_AF8238D9082F,0.0319711386
CC_AF8CA6EE53C3,0.0767612265
CC_AF9AFA7C49A8,0.1533957719
CC_AFA1E3D3C685,0.0847400616
CC_AFA680030CB4,0.5852366656
CC_AFB351270B8B,0.0578347955
CC_AFC405AE0029,0.0485810025
CC_AFF90422E4FC,0.3551222438
CC_AFFBE2744B87,0.7799280182
CC_B0043CA53FCE,0.0721710236
CC_B01B2BD4EFD7,0.1865860588
CC_B01E87EB9940,0.1267175186
CC_B0273E66E2A5,0.1471895184
CC_B03E98085A9F,0.0981459301
CC_B0420D8C42DC,0.4536660025
CC_B0497BEB9F6B,0.1064129768
CC_B04A5E60B69D,0.1131633193
CC_B04D5517A193,0.1212454609
CC_B05FF3A960A0,0.2421375786
CC_B06A532EC131,0.3048515079
CC_B06D33A6761F,0.0656988059
CC_B074D4472CE4,0.0803869919
CC_B07CE95BCD88,0.2567949265
CC_B07D79368225,0.0935106877
CC_B07DD1ABABCE,0.7985715775
CC_B086C2D77820,0.1719659290
CC_B088DE9C9E3B,0.1868271298
CC_B0CD7932067B,0.1141676433
CC_B0CF90073A5E,0.6260640924
CC_B0D397D86639,0.6378517285
CC_B0EF4FD19FEA,0.1210659589
CC_B0F2F9514AA3,0.0644765842
CC_B0F3B79F51C8,0.1808857370
CC_B0F4041B1C76,0.0761526726
CC_B10FE31C61D5,0.0673075309
CC_B114E8F19D65,0.1338545743
CC_B117F0E3CAAE,0.1358580169
CC_B11D58F331A9,0.0894411543
CC_B1262188BC41,0.2242931572
CC_B12FFB2FF21F,0.1173039044
CC_B13253F34A9F,0.0666303420
CC_B137E2BBB53B,0.0793204217
CC_B13FEA7CDB99,0.1153427875
CC_B1481ED21111,0.0606336425
CC_B15BE5C9976A,0.1779415263
CC_B15EB6933578,0.0774829514
CC_B163CCB3BE4D,0.0823287778
CC_B16DC354FD71,0.4553238078
CC_B1777349EB15,0.1829241655
CC_B17C6CE0231F,0.1547237273
CC_B17CA8C22E5C,0.1531301858
CC_B18F3C9C30E4,0.0815797819
CC_B19CD93DDC96,0.1149017214
CC_B1A647674B84,0.1030501672
CC_B1AEC2E5E33B,0.2644351374
CC_B1B5C81AC0A6,0.1125789484
CC_B1B932EFD646,0.1179859714
CC_B1C3C0B52B88,0.2271047419
CC_B1C7216344F3,0.1011041262
CC_B1C982DBBD12,0.2810217705
CC_B1D81F8197B3,0.2385116959
CC_B1DF1DCBDC7E,0.4962893769
CC_B1E2C36607CB,0.1070345599
CC_B21351C93D8C,0.1392742673
CC_B2174860AB11,0.6946930348
CC_B235818E6A04,0.1892017537
CC_B23CDE30F00B,0.1062620568
CC_B23DE4971DF0,0.3323175766
CC_B23ECF574D8E,0.1066720552
CC_B24C41DDFBDA,0.2441864690
CC_B25EC73B9510,0.2037880284
CC_B25F69904D0F,0.1410552259
CC_B25FB6C11D05,0.6455518333
CC_B264F2B92259,0.6099684934
CC_B26B8FC23F1B,0.0963552270
CC_B272E29922B5,0.0922822627
CC_B27AA8E27BE7,0.1385936296
CC_B2A68FD3C236,0.0648753569
CC_B2AC50C00979,0.1131307016
CC_B2B16D7B821C,0.2097432894
CC_B2B32F1511E4,0.1397252679
CC_B2C241A93527,0.0859561219
CC_B2CB104FED6B,0.6112478689
CC_B2D352013F92,0.1169744377
CC_B2DF694BAB08,0.1397561870
CC_B2E993A9343F,0.1674355206
CC_B2EF61C93AB6,0.1670821779
CC_B2F94405EA89,0.1614592494
CC_B2FC07BF6251,0.0891577804
CC_B301A65B4164,0.1102088428
CC_B313E3A208A2,0.1108244994
CC_B318FF5D976D,0.0985019439
CC_B32AEF0A2299,0.1052162783
CC_B33BD3C618EA,0.0999871920
CC_B348627365A2,0.1246561409
CC_B35109450BDD,0.0770544195
CC_B3528B870544,0.0932812921
CC_B3530E7CF8F5,0.1127494775
CC_B35C5B1DB9C1,0.1102403008
CC_B35FF59389D4,0.1821597574
CC_B3812C6700F2,0.6076856183
CC_B38280B483B8,0.1079038807
CC_B38B694A18EF,0.4449577430
CC_B392BDECD913,0.3240347997
CC_B398DF1ABAD4,0.0987733803
CC_B39E75E151A1,0.0955176422
CC_B39FD0E249E8,0.0806753000
CC_B3AA0891CA5E,0.3830382177
CC_B3B1C8EBE5C1,0.1576143517
CC_B3BBA28E2D39,0.5501761908
CC_B3C4DB0303A7,0.0900391842
CC_B3D32FE823B2,0.0838394872
CC_B3DA429C6C8F,0.1010712251
CC_B3DC5786AB0F,0.1824995088
CC_B3EA537531A3,0.1545708239
CC_B4096D3A38CE,0.0877447431
CC_B41EADCCC95F,0.1105263440
CC_B421940B9A48,0.6072209820
CC_B42B3B83935C,0.8596003489
CC_B436B1CA6B2F,0.0826079072
CC_B439B06AF274,0.2285159708
CC_B4482E7879F4,0.1569934101
CC_B4660022C612,0.1099558542
CC_B46B899B4A63,0.0730217528
CC_B470280A580D,0.0655363770
CC_B471D3BF0C72,0.3871465423
CC_B4751DEE43CD,0.2595298347
CC_B482C254BAA5,0.0852541117
CC_B4889D036D3C,0.8354979638
CC_B4950F811C90,0.1330939731
CC_B49A6DE7A340,0.2598143823
CC_B49CD4C13DE8,0.3857962747
CC_B4A90370CA96,0.4727085786
CC_B4ADE6BC8A10,0.6104758323
CC_B4B6F805888C,0.0623308393
CC_B4B8F66BF4ED,0.6785196193
CC_B4C6F80DEE44,0.0934867104
CC_B4CCE78C09EE,0.1284504263
CC_B4D68D1C1C55,0.1841502862
CC_B4DAED63089A,0.1968811969
CC_B4DD9841E6FD,0.1419761005
CC_B4EF6743DDCF,0.0359916803
CC_B4F67F73D097,0.0864467824
CC_B50EB15EBA18,0.1047161783
CC_B51DCAAF4549,0.1931009090
CC_B51DFF8702D0,0.5224427995
CC_B520A001BF69,0.1836142831
CC_B529919BF24E,0.5483498468
CC_B542342650A1,0.0837576856
CC_B54A106E91E4,0.0675432275
CC_B54CFFC21F2B,0.1851797333
CC_B55C134C04A5,0.1987487242
CC_B55C2DBF6D3C,0.2227091991
CC_B569705352B4,0.0937580782
CC_B56E74A967C3,0.1422449436
CC_B57519F33EEF,0.0747191677
CC_B582E4405D85,0.1150656733
CC_B585A11F7BA7,0.1697502170
CC_B59726D36AEF,0.2156231259
CC_B5995E4F1A21,0.1219774870
CC_B5AC2AAF871B,0.7555265067
CC_B5AD19125E1B,0.1893617787
CC_B5B1E42858AC,0.0815723578
CC_B5B7599E8BC6,0.1073811993
CC_B5CAE0595637,0.1649474539
CC_B5D49843A799,0.2945722916
CC_B5DDFC7AEE78,0.1359150647
CC_B5E29344F63C,0.1360970161
CC_B5EE5AE6378A,0.6145645919
CC_B5F2A93AD996,0.0886492251
CC_B5F611613A78,0.0945878198
CC_B6055039255A,0.8147312981
CC_B607B2B0AFB7,0.0985271120
CC_B60CFD0F39F9,0.1050857403
CC_B620087B1C52,0.3142249248
CC_B6203BBBD151,0.0974365389
CC_B622662E664A,0.1536971008
CC_B62C9A2BC846,0.2246670269
CC_B636210548E5,0.2496875677
CC_B642C6714501,0.1222259489
CC_B64F81B8A263,0.1185960773
CC_B65CA581B9BD,0.1405360333
CC_B65D1B9B6F67,0.0878946006
CC_B661A8FCA431,0.0840963165
CC_B66AC40957D6,0.0706333543
CC_B672B35D1162,0.8129355132
CC_B68379D197F6,0.1251942936
CC_B6923D10FDA2,0.1550932142
CC_B69CC776BBE6,0.2524794967
CC_B69E50D76B29,0.1190616387
CC_B69EAA8C296F,0.2064052451
CC_B69F7CB8CDA0,0.0784799510
CC_B6B4AD157354,0.1077933063
CC_B6BD764CB8B9,0.1842938847
CC_B6BEC3F4BE91,0.1599711517
CC_B6C13F4A610D,0.3182247745
CC_B6C1C3B5766B,0.1322214980
CC_B6C72241926C,0.1589982040
CC_B6CB40E245D7,0.5538684194
CC_B6EE58A108C5,0.0866781288
CC_B706F631F5BA,0.0793558630
CC_B71DC1206985,0.1614466235
CC_B72284CED807,0.1342876362
CC_B727865A5B5F,0.5370999471
CC_B72FD7EFA6BD,0.2339875195
CC_B7365B5A3392,0.7767336251
CC_B73820D308C9,0.1245691229
CC_B743560D847F,0.0941721839
CC_B76EF26F7C9A,0.1946328565
CC_B7764FC130E8,0.5711367827
CC_B77B73B95532,0.1275044565
CC_B77D6653C7D4,0.0716563382
CC_B77DA6B77DEB,0.2570632141
CC_B783AE19622D,0.1527584501
CC_B78761738CAF,0.0528384271
CC_B787BA135B5D,0.2446925910
CC_B78B4449EA19,0.1576927241
CC_B78B4B7F80B5,0.1961516759
CC_B78BEE888CA6,0.1026080997
CC_B791FEE1CF37,0.0296878286
CC_B79A58AA4441,0.1326728230
CC_B79BEC538198,0.1023668468
CC_B79DD53178D3,0.1351859938
CC_B7A7EFD85149,0.1629343633
CC_B7B5F2A15C41,0.1015443159
CC_B7BC46A7D4DF,0.1309063417
CC_B7CBC65D9AF9,0.6446578626
CC_B7D40C5C891F,0.1418857540
CC_B7D4337C4797,0.2048811830
CC_B7DA04826165,0.2444541580
CC_B7DC19DA1440,0.1013440393
CC_B829EC622F0D,0.5495908463
CC_B82B9C0C7B85,0.6617134356
CC_B82C55DEE5E6,0.2629406485
CC_B8475B977AD2,0.8932862291
CC_B84BD2F4EB01,0.2475096967
CC_B86DA7D69F20,0.1040562793
CC_B87989F406EB,0.2022348124
CC_B88B702183E7,0.0837475067
CC_B89B80945ADE,0.1503215947
CC_B8A3A44BFE8A,0.2941027791
CC_B8A7A6548AE6,0.2209466351
CC_B8A8FB83065B,0.1810720640
CC_B8AAC20D626E,0.1746787005
CC_B8AC99873641,0.1200850260
CC_B8C9673B7834,0.1304693775
CC_B8D5FEB15CC8,0.0843276005
CC_B8DA64A33076,0.4758473810
CC_B8E912A01706,0.5795072276
CC_B90869280808,0.1202125526
CC_B908EC99951B,0.1279541223
CC_B90CBF2A6775,0.1624589408
CC_B91080C1ADA5,0.2105447972
CC_B918FB42AFD2,0.1715239187
CC_B92CA425080F,0.0949067620
CC_B937F632B71D,0.1916805973
CC_B94477C20476,0.2974449692
CC_B9483A5C922C,0.1524383566
CC_B954EC1C63B5,0.3489056056
CC_B95580F93537,0.0876716306
CC_B96086044329,0.1258223972
CC_B96EB0A91589,0.1208426083
CC_B98357C70A41,0.5911277513
CC_B9929A66C2FD,0.5878201867
CC_B9BB52E4C529,0.1052486700
CC_B9BD45744855,0.8102936614
CC_B9BFDE4662AE,0.0992189339
CC_B9CEAF324145,0.0565771837
CC_B9E89F42B509,0.1610684518
CC_B9E8A3887223,0.1961478747
CC_B9FC67268C45,0.1746800947
CC_B9FE9DFEB3DC,0.1325369649
CC_BA041E14DD98,0.1134324318
CC_BA0619F54427,0.1278396068
CC_BA15072C4EC2,0.0664177979
CC_BA183CDC5429,0.9312213871
CC_BA43646012D2,0.2960183044
CC_BA4F7E494E71,0.3168493182
CC_BA557F75E2DD,0.2052845953
CC_BA740903CBDF,0.1111896861
CC_BA77722A827A,0.4999935996
CC_BA78E47BB021,0.1715556333
CC_BA8C427054F4,0.0808193974
CC_BAA19F8D2563,0.0715042799
CC_BAA1BBFF8C6C,0.1885191506
CC_BABA44B5FB12,0.1018541698
CC_BAC25BCCEAD2,0.1110330935
CC_BAC74D0014D3,0.3027880528
CC_BAD99E36CC71,0.1519281207
CC_BADE7EB1D16D,0.7147799367
CC_BAE7410803AC,0.1315009074
CC_BAEBBF8054FB,0.1381680143
CC_BB054686B6F2,0.0932073443
CC_BB05D9DF72BD,0.1160816892
CC_BB0D54068D07,0.8683442987
CC_BB15DE5E0DA0,0.7387261268
CC_BB1A57AA813F,0.1683582596
CC_BB1CABE261EB,0.0687372338
CC_BB2BC46FCF61,0.1855497964
CC_BB2E5437EE04,0.0897369442
CC_BB2EF1FF6131,0.0870491934
CC_BB2F56C6BF57,0.1036781835
CC_BB35CEC5314E,0.1203593193
CC_BB39E3597B61,0.0751238981
CC_BB3A9EECD51E,0.0933727733
CC_BB44CDEE5103,0.1688345073
CC_BB458116ABA4,0.3896642129
CC_BB5F6936F6FE,0.1527616345
CC_BB666F8A551E,0.0940031562
CC_BB7355E735D2,0.0785118685
CC_BB8A2F186D6A,0.0865509838
CC_BB9FDED12C65,0.7810647411
CC_BBA8C316C8F8,0.1228320307
CC_BBADC7DC73EA,0.1329039120
CC_BBAEA7980B09,0.2990563988
CC_BBBA078A6429,0.8048125093
CC_BBBFC3EC2C72,0.2112471310
CC_BBD34B3225EE,0.0490815837
CC_BBE6C58C59A4,0.3875035494
CC_BBEBBE1E226D,0.1318853006
CC_BBED56D34D38,0.1188069949
CC_BC0244FBDAF6,0.1795385650
CC_BC099E880236,0.0738697638
CC_BC0F05C89E25,0.0862411422
CC_BC1BD06C1085,0.1260246702
CC_BC21E8824A34,0.4182955178
CC_BC23655B2BF4,0.0913924178
CC_BC24F9024F49,0.0741174469
CC_BC2A58939715,0.0908755407
CC_BC2B90F226E0,0.2210824134
CC_BC31382964E4,0.1104582250
CC_BC31DA3EAFFF,0.1957141474
CC_BC3A6CF6FD16,0.0959541380
CC_BC410BDD9ED8,0.2090445062
CC_BC458960887E,0.1387956080
CC_BC484C329704,0.1743514414
CC_BC4D6D6D4553,0.1918439206
CC_BC5A59D88AFC,0.1220441184
CC_BC736DA19A00,0.1544190379
CC_BC7B9D13978F,0.1392203308
CC_BC84BF34D69E,0.1681337009
CC_BC95D473C9CE,0.1493572635
CC_BC96FC9DCFE7,0.1395790127
CC_BCA0D6159C23,0.1876872053
CC_BCAE73132BA2,0.1255875254
CC_BCBBF055366F,0.0929888992
CC_BCC94F494979,0.2035305254
CC_BCF75F8B9A5D,0.1344357624
CC_BD10F4F15094,0.0860782729
CC_BD1A2052ACD5,0.7810020546
CC_BD217C39702F,0.2917316045
CC_BD2A9D4B9FAA,0.1743190781
CC_BD3EDD1630E8,0.0855429202
CC_BD4AAFE9EFEE,0.1165434204
CC_BD59D1252975,0.1432295678
CC_BD607BE97C17,0.1185686847
CC_BD889F165227,0.1030568359
CC_BD900B6BCF65,0.1593545274
CC_BD9967660461,0.3413264707
CC_BDABB99ADE2A,0.2013540370
CC_BDB07C66EDBD,0.3544432612
CC_BDB71DAAE50B,0.1120661425
CC_BDCB91FACECF,0.1640888291
CC_BDE1E398B4E4,0.0916883546
CC_BDE8D325637B,0.8715837373
CC_BDE9E7F390AE,0.1053286725
CC_BDECF392D7F9,0.1714868753
CC_BDF401C3BBCA,0.0842959649
CC_BDF53C42C5BC,0.1836495278
CC_BDFE5778530F,0.2962977054
CC_BE05EB5976EC,0.7931803393
CC_BE08A6D5E76D,0.0813871312
CC_BE146CE5BEE6,0.1222936602
CC_BE24C1EE877A,0.1079741584
CC_BE27E98C4BED,0.0922126080
CC_BE32DACBF6C2,0.1150021445
CC_BE3F52F9C9EA,0.1372176248
CC_BE3FC1024389,0.1215284984
CC_BE4595898BF9,0.1745883219
CC_BE4F1F53F4B6,0.1888946402
CC_BE648663620C,0.1596058697
CC_BE6627F3B9EE,0.6411005850
CC_BE673F70B591,0.2154773916
CC_BE704640727F,0.0806492413
CC_BE7295B354DA,0.3647732878
CC_BE760A430ACD,0.1484055062
CC_BE8A340F3876,0.0805136912
CC_BE9CB8845101,0.2081804326
CC_BEA12286E57C,0.1197703627
CC_BEB24EB997CA,0.0940517548
CC_BEB80CCF2ED0,0.1055423473
CC_BEB86014B5BF,0.1663483164
CC_BEC035C8801A,0.1322441535
CC_BEE1B858F0C3,0.2374141814
CC_BEE664893442,0.1537346953
CC_BEE75A33F038,0.0974931412
CC_BEF22728402F,0.7452016887
CC_BEF8AB2DF19D,0.2627419636
CC_BF03683CC755,0.0387019305
CC_BF066CB8F7A0,0.1437141782
CC_BF154A9FEE8D,0.1053057122
CC_BF17E635C67F,0.1506468147
CC_BF196AFA6AE6,0.1403500650
CC_BF2012FCFE14,0.2036298782
CC_BF3733356D4B,0.5481309684
CC_BF376C8D14ED,0.5983439365
CC_BF3BF8B9F646,0.0564300485
CC_BF588A5FF18D,0.7179216428
CC_BF7C643B8874,0.0919871646
CC_BF8919F14394,0.1020403041
CC_BF8B759EE1EF,0.1121729171
CC_BF971FA7A950,0.1521400605
CC_BFACE960372A,0.1020969004
CC_BFBF917EFEB7,0.5913859730
CC_BFCAE2959708,0.0462484143
CC_BFD80ECB739A,0.1869725470
CC_BFDEC7E68821,0.0361575364
CC_BFE3AD881F4C,0.0618237636
CC_BFE511C0F9F3,0.6326105370
CC_BFEE9CF8A6E9,0.0833085658
CC_BFF8E82FE4BE,0.1366688895
CC_BFF9E8C0FE28,0.6144332594
CC_BFFCB2882E26,0.0811182279
CC_BFFDCACC1E4F,0.1175237272
CC_C003A15648F3,0.1326965030
CC_C004160ABB18,0.1509310490
CC_C012746F45D6,0.1021199457
CC_C033B4EC89DA,0.0915081314
CC_C03578357D0D,0.3326012830
CC_C040C14F27A0,0.0937280438
CC_C0474C48C443,0.1762269658
CC_C04A1EF46A13,0.2269142770
CC_C067DA2C5F99,0.4494485384
CC_C0731DB0CD7F,0.6018737452
CC_C07C70AA1AF0,0.0997246101
CC_C0877F4DBC62,0.1109925495
CC_C0896CE6B4E2,0.0522175436
CC_C089B0517E81,0.1096349532
CC_C08B9066A5BB,0.1061930041
CC_C08DFB22BC71,0.1207892517
CC_C0A2108BEC82,0.1708549101
CC_C0A6B0787F91,0.0790475939
CC_C0B29B279C90,0.0758393691
CC_C0B7151247C2,0.1881128645
CC_C0BEDCC974E6,0.1147332107
CC_C0C6F913C2CB,0.7264800902
CC_C0C7EAB055B1,0.1339357169
CC_C0CCCF588BEB,0.4234959178
CC_C0D65A1BC1DF,0.5502412169
CC_C0D6ADDF1E0F,0.0755693379
CC_C0E49708EB44,0.1469681355
CC_C0F32BA57D17,0.0762098849
CC_C1094828B26C,0.3194689796
CC_C124E4C094F3,0.2128170149
CC_C12ECF48FA03,0.1244528339
CC_C12F5F7E5C54,0.1200816791
CC_C131509731A1,0.1591360475
CC_C14173B64C58,0.1597292005
CC_C14A4D39F494,0.2908232599
CC_C14DC9106B7E,0.1702834038
CC_C1624A910E58,0.1174004722
CC_C1645FA6EE7C,0.1487234937
CC_C165A26E7C1D,0.7449242917
CC_C16824A69631,0.0960324598
CC_C177831DEDC2,0.0362209388
CC_C1815DD481ED,0.4292321437
CC_C18313F97FC1,0.2543261661
CC_C18A7BC23071,0.2449649151
CC_C1941883C762,0.0949837585
CC_C1A0989CDF23,0.0603363664
CC_C1A8C99D910A,0.1545670148
CC_C1B057BAE0BB,0.2355070308
CC_C1B5D9A95708,0.1293625405
CC_C1C28181E30E,0.1608824863
CC_C1E8CA45E983,0.1129728013
CC_C1F4DD05F5FB,0.2184297059
CC_C205BAC0D181,0.0955960399
CC_C208790016F7,0.1399622688
CC_C219E603FD0B,0.0653744320
CC_C2323893E922,0.1348214390
CC_C236A614F73D,0.0995871659
CC_C241491551A8,0.1612723749
CC_C247E0377048,0.1003680726
CC_C24FBA584039,0.1578120613
CC_C25078D044CC,0.2528446673
CC_C255BE787955,0.2338333912
CC_C25ECB5C5FD8,0.2002516786
CC_C276E722FB1B,0.2181368173
CC_C279090E1F74,0.7991944207
CC_C279CA96D14A,0.1331666959
CC_C283330B9999,0.0849987875
CC_C289AF57EB24,0.2098236070
CC_C29558864857,0.1754873504
CC_C29846DE78AC,0.5785519198
CC_C2AEE09D92AD,0.1227956933
CC_C2BBFB603032,0.3721174179
CC_C2C2B2EEBA69,0.0413231497
CC_C2D1CBB42952,0.1254134598
CC_C2D4587A871F,0.6470438662
CC_C2D583F20739,0.3041374043
CC_C2D9086A8C67,0.0510827663
CC_C2E8FA308586,0.1132209092
CC_C2EA104630E3,0.1131328651
CC_C30ED2C6265A,0.0919100738
CC_C31BA9FD4FFF,0.2298060564
CC_C31DC3117984,0.0943943656
CC_C33142B2E26E,0.2644242036
CC_C340668CE604,0.0744971030
CC_C36580241000,0.1133255825
CC_C3664AFC710F,0.1136564558
CC_C3676D2ADC91,0.1298125012
CC_C368AC6AE19C,0.0580503202
CC_C38B446B7432,0.1449011999
CC_C38BE6D69E61,0.0652583867
CC_C38FB634E7B9,0.1004728899
CC_C3913A125FC9,0.1322802953
CC_C392AC1AABDB,0.2254057567
CC_C3A37C3EDCC5,0.2942575250
CC_C3A42A96D260,0.2213376159
CC_C3CA355F78BC,0.0931609746
CC_C3CD972B25E9,0.1127624726
CC_C3CE9FCB05EA,0.0744146304
CC_C3DA12B31CD5,0.1069683035
CC_C3EF46D2CF29,0.1352449896
CC_C3F301EAE202,0.2377359806
CC_C404C200B723,0.0565642873
CC_C40BEE2EAD73,0.2429062069
CC_C40CA3E960D9,0.0993012253
CC_C40E0EEBA53A,0.1369879940
CC_C42183D7A586,0.1266121831
CC_C427199DAC5F,0.3629086890
CC_C445AEF194CA,0.1090575509
CC_C45051D20EC8,0.1211274638
CC_C47FCA703A69,0.1822028645
CC_C4965C6C6935,0.3235627365
CC_C498BD798847,0.1097635673
CC_C49A42D1C3CA,0.0611283712
CC_C4A2F5B06976,0.1435069957
CC_C4B632AEB96F,0.0977333140
CC_C4D194378554,0.0618253182
CC_C4D90E9CA5E9,0.1248884989
CC_C4D941D5A5F9,0.1291830660
CC_C4EB2486A9B1,0.1949725913
CC_C4EC2923D96F,0.2901753656
CC_C4EC9ACAE8C4,0.8078263121
CC_C4FB2ECB13DD,0.1382168868
CC_C50467EBCC58,0.1557675202
CC_C50C5E2A77CA,0.1375748541
CC_C50D7FAA75C1,0.0940327870
CC_C51FE3F4D2F3,0.1018357282
CC_C5234F4713B7,0.0663760837
CC_C55110310E14,0.0947463200
CC_C563D509181A,0.1028275283
CC_C5736F4887D6,0.8257630375
CC_C57C4F09442B,0.1447581476
CC_C59D2CA55CAD,0.7851674955
CC_C5AD04ABF022,0.1064862792
CC_C5AF7BF4B951,0.0725560657
CC_C5C5FD9FCFE4,0.6925914453
CC_C5D9A89022EF,0.3301054721
CC_C5E1FA10BD6B,0.1368683371
CC_C6039EF0459B,0.1541367479
CC_C6133F44EB0E,0.1164966235
CC_C637C1142503,0.8261639079
CC_C65496C86EAE,0.1567202741
CC_C67C2B86A807,0.1136072849
CC_C690CF8AF3B4,0.1163786941
CC_C69204FFED48,0.2622041937
CC_C69DD80E5055,0.0948418144
CC_C6AE389CA79C,0.0946543410
CC_C6AFA8AF33BB,0.1142654891
CC_C6B56B2869A6,0.3316090629
CC_C6B61E03B42D,0.1627511871
CC_C6C2B357FDF2,0.1414594083
CC_C6C4A4A318E4,0.1048043485
CC_C6DECDCC7956,0.1702282770
CC_C6F134ABD932,0.6219421206
CC_C6F24128D8D3,0.1237630758
CC_C6F8C5E3D746,0.0591369945
CC_C6FB2BDCC78F,0.4733635453
CC_C70DBEB08378,0.8545596306
CC_C71AAC6F9607,0.1299149105
CC_C73D1C53BEC0,0.2917184340
CC_C7423B380FD2,0.0978348898
CC_C747ABF2B4BC,0.0955052839
CC_C74F0C45C093,0.1258412303
CC_C75307665BCF,0.2530966484
CC_C76473DBFF83,0.4204621955
CC_C7652C2D1CC7,0.2325416204
CC_C77B38900325,0.3157270290
CC_C782A94E6754,0.1527963143
CC_C786E0FDA098,0.7211214233
CC_C794632B3AAC,0.4394722375
CC_C795250A7B3F,0.1299942411
CC_C79BF5794AD9,0.0864962989
CC_C7A2A7BF85C5,0.1080326408
CC_C7A2CEDA36CD,0.4558674266
CC_C7AAAC514CD0,0.1084511469
CC_C7B39AE8206F,0.1586935515
CC_C7BA884F8DCA,0.1282306243
CC_C7BC592C11DB,0.0772173211
CC_C7CB29EBCEE1,0.0706499955
CC_C7D2BE35C77A,0.1458070080
CC_C7E56C7FFA19,0.1639239532
CC_C7ED63E403A8,0.1120812541
CC_C7EFF4BBEE1E,0.0966129284
CC_C7F1C90A261F,0.1769627099
CC_C7F38C2DEDFF,0.2085052420
CC_C807F881A35F,0.2055495875
CC_C808346EF2A7,0.0919701892
CC_C822401D05A0,0.1438529094
CC_C82D0EB32984,0.1578169321
CC_C82DE4520088,0.0726624739
CC_C84080607284,0.0874661044
CC_C85DEB66D6EC,0.2827081803
CC_C8601860B3AB,0.2867438646
CC_C86B56E5B000,0.1247235492
CC_C874E7D8B96A,0.0892154479
CC_C88F02C38654,0.1483670195
CC_C895990DF270,0.1737339871
CC_C896D6E93110,0.4026173604
CC_C8A57920FB6B,0.1527187300
CC_C8C2CEAC6750,0.3914584675
CC_C8CBB38CF4B6,0.4471505355
CC_C8DF2AEC8023,0.0822065051
CC_C8E24B1925A2,0.2259082155
CC_C8E2F0CA5050,0.7591279388
CC_C8E875AAFD58,0.2063069962
CC_C8EF7366016A,0.0888593514
CC_C8F1FB9C56E5,0.1255827547
CC_C8F2FF7E6DAF,0.1651071578
CC_C916DC82A00B,0.3115734087
CC_C91FF308D57A,0.1077001056
CC_C9297D88CD26,0.3573335953
CC_C932D885E1AA,0.1660653821
CC_C947A66A6A34,0.1555678941
CC_C953D19C82A6,0.2017136065
CC_C960365C1125,0.1845572007
CC_C96221203852,0.1478167784
CC_C967937FC81A,0.8534040324
CC_C97434767545,0.1860487832
CC_C974620D4D4F,0.2138279739
CC_C9749B07E3CC,0.1573279452
CC_C979F86EC4EB,0.1038473942
CC_C9882357496D,0.0989298416
CC_C98B5F2B994A,0.1001507492
CC_C98CA453DC7F,0.1427070250
CC_C996515164AF,0.6024034020
CC_C9A1B8F512F3,0.2624447077
CC_C9E008678B77,0.1175531737
CC_C9E89E3728DA,0.1435833204
CC_C9EE0357CF4D,0.1291240769
CC_C9F15C15BA6A,0.2362595711
CC_C9F3BB887EB9,0.2159754106
CC_CA0906B9B58E,0.1115590037
CC_CA16B9133E4F,0.1897418949
CC_CA2524A5C7AF,0.2574265647
CC_CA2A17C9CD44,0.4907334291
CC_CA32C61E255B,0.0911569194
CC_CA37F92A8BC6,0.1462340359
CC_CA3C9D0F42A2,0.4709832351
CC_CA4669FF2379,0.1093963254
CC_CA486E08F176,0.1710422979
CC_CA5CF069C36C,0.1074813126
CC_CA6AB58D2C8D,0.2102085831
CC_CA6EDCBFA9E3,0.1741574766
CC_CA6FB58C11F4,0.0812606500
CC_CA7902338F91,0.0708079336
CC_CA7BE11DCB92,0.1074730845
CC_CA87A148C386,0.0880692354
CC_CA8E7E45347C,0.1444570515
CC_CA9214D0E170,0.1414586624
CC_CAA07EABEF71,0.1619273900
CC_CABC0190A9BF,0.3828747932
CC_CABF171B8582,0.4385203284
CC_CAC2F989A2D6,0.2166044969
CC_CAC50FF13A43,0.6044881812
CC_CAC9C52B6FB8,0.2513086530
CC_CAE19DE8446F,0.0824017419
CC_CAE5F6D8328C,0.5098923482
CC_CAFA0C6DBCEB,0.1781509273
CC_CAFE5D6E3E1D,0.1025533678
CC_CB02A97FAC1F,0.1771096576
CC_CB1155AAC7EB,0.1261791557
CC_CB1B2FC5769C,0.1255804145
CC_CB1BD3C19303,0.1570956105
CC_CB2423DD4809,0.8072428801
CC_CB33381406F3,0.5767573267
CC_CB3CBA971E97,0.0973559485
CC_CB45CB5C940D,0.1645595440
CC_CB4A2667F8CE,0.1827771936
CC_CB4EA92BE238,0.0655289291
CC_CB4EE5CC0B09,0.1743379738
CC_CB50BDD92A4D,0.0781338104
CC_CB6A55831080,0.1820149195
CC_CB6CE149111A,0.2210141639
CC_CB6F9DA78019,0.1381358403
CC_CB722FAA608D,0.0754217395
CC_CBA786C05C1C,0.8935176916
CC_CBA9A6206DCB,0.1339787083
CC_CBB7AE2847B6,0.1859383963
CC_CBB9DDEAC819,0.0540134126
CC_CBC30D127BA4,0.0787111317
CC_CBE67EF0D3C5,0.6330568945
CC_CBEC318365B3,0.2724747076
CC_CBED6669EDA7,0.0704153568
CC_CBF1B052FA7E,0.1240239574
CC_CBFC7EFF2F94,0.1223496438
CC_CC27394B5E35,0.0958195505
CC_CC2A7B3D7A55,0.1507045393
CC_CC34B2523794,0.1629391254
CC_CC34E9023873,0.4594350593
CC_CC37D81F02A7,0.6556631073
CC_CC4822AEDB83,0.5804353965
CC_CC5D6CAE5ADB,0.0639526520
CC_CC6D27804EF0,0.0896940903
CC_CC71D4876B90,0.1744432031
CC_CC75EA7F2C8F,0.1402696303
CC_CC9214A5C0CF,0.0571980527
CC_CCA2B8D2446C,0.2741113229
CC_CCAB3E56FD92,0.1812312728
CC_CCAF321D46D7,0.0714881226
CC_CCB46EA56584,0.1860347435
CC_CCB60CB8754C,0.1378231785
CC_CCD759553325,0.0906378982
CC_CCDC28D49832,0.1581955243
CC_CCE55029E621,0.5589282402
CC_CCEA133D7268,0.6525445690
CC_CCED6CEBC3D6,0.3493372569
CC_CCEE76415B51,0.3538387927
CC_CD1326D52AE1,0.7016052150
CC_CD35EEA81CE8,0.2950076985
CC_CD373485942B,0.1321296071
CC_CD379DD39658,0.2040324767
CC_CD37D5CF0EB0,0.1768625456
CC_CD380545A7A4,0.0498140980
CC_CD3A378249BA,0.3156399549
CC_CD415B1C7741,0.0815098521
CC_CD4976814F28,0.0657230468
CC_CD4F5F1C357B,0.2355432133
CC_CD54829713AF,0.0769878406
CC_CD5E3556D5AB,0.1333994050
CC_CD6C797F3C4F,0.1058845751
CC_CD7BA8F6C4BD,0.1236143334
CC_CD8352F0478D,0.1884261787
CC_CD972E578564,0.7947757270
CC_CDA1B20179B6,0.1263583156
CC_CDA2A36B81B4,0.2568665538
CC_CDF6354EC332,0.0782976175
CC_CE01E17132E0,0.0778708302
CC_CE1280B30475,0.1699194524
CC_CE134F878294,0.0655039415
CC_CE229894AC00,0.1304886861
CC_CE26907B9D30,0.3813938082
CC_CE2755B42DAC,0.1353853607
CC_CE2BD7F74421,0.3649344096
CC_CE3784121355,0.1209353700
CC_CE41F9FF509E,0.1422824635
CC_CE5AF0E9A157,0.0967349343
CC_CE5EA019DCAA,0.1351012127
CC_CE6460FE39F6,0.0615570375
CC_CE72D1734761,0.5284998652
CC_CE7FC560768D,0.2340791559
CC_CE871DB3950F,0.3242339490
CC_CE8D1564C4F1,0.1222083267
CC_CE93240526A9,0.2341339546
CC_CE980FCAB154,0.3207503845
CC_CEA0FAD348F8,0.0935822640
CC_CEA369A3451F,0.0989869803
CC_CEBA67081418,0.2216032494
CC_CEC0C00FE770,0.3305475128
CC_CEC3B21D2982,0.3035183060
CC_CECEC680F701,0.1838336442
CC_CEDB263DB07B,0.0544932171
CC_CEDF9C14DC79,0.2904320347
CC_CEF23255BE06,0.1159645657
CC_CEF8C71C4E8B,0.4266679290
CC_CEF91FDD41AE,0.2910480325
CC_CF0B68684C3D,0.1303636602
CC_CF149865368F,0.0589604352
CC_CF2A7A5582C2,0.1199772208
CC_CF2B3E37CF2E,0.3350223934
CC_CF2F163CE005,0.2276158641
CC_CF3C063DF626,0.2289326528
CC_CF3E91DB8220,0.1936616137
CC_CF3FB5744443,0.7656554523
CC_CF4991B8EFE9,0.1305575812
CC_CF53FD3AC9AD,0.0582424283
CC_CF5A140B279D,0.1572925896
CC_CF613A7162B6,0.1553580691
CC_CF6A8A460B19,0.0973277484
CC_CF792E77A16D,0.0805882611
CC_CF7BAF373E0A,0.1041078261
CC_CF8B1D0015C4,0.1344951936
CC_CF8D0517B79F,0.0922202400
CC_CF92037ACA93,0.0845180762
CC_CF960A300F40,0.3111214836
CC_CF96B6335E6C,0.1662075814
CC_CF9880D67A7D,0.1058526266
CC_CF9B249283A7,0.7780388861
CC_CFABF7407978,0.2161234308
CC_CFB2AE99EABF,0.1689064413
CC_CFC0BC440771,0.1067927908
CC_CFC235739F25,0.4757109881
CC_CFC6E8954325,0.1140493243
CC_CFD37EDB214D,0.2205769383
CC_CFD93C04478A,0.5036926347
CC_CFE0AA5381FD,0.5220529405
CC_CFEB021AA137,0.0879669101
CC_CFF6E2A6A3F9,0.1928184513
CC_CFFDC4947256,0.1351512366
CC_D009368CE434,0.0683609492
CC_D02E59E08B02,0.0706911795
CC_D03848B7353E,0.0847811060
CC_D03A69B1563D,0.1257874983
CC_D0576802096E,0.1134076687
CC_D0582E0F3440,0.0889380817
CC_D059D0BEC5D5,0.2332733808
CC_D05C4A8F2A25,0.1047198396
CC_D05FBA9B9040,0.5845170055
CC_D0653EA71CAD,0.0807617267
CC_D076A984B786,0.1147870610
CC_D08FC2D99CF5,0.1190197227
CC_D09942A02904,0.1157621424
CC_D0A8EA2D37F2,0.1100131148
CC_D0AAD35C800F,0.0630034288
CC_D0D666EC0244,0.0628456811
CC_D0F3F68F4452,0.3675839596
CC_D0FBDE8ABAA7,0.1436935421
CC_D103D50237D9,0.1474917727
CC_D11E5A30CF3B,0.2548955020
CC_D122B30AE7CB,0.4356991067
CC_D1679B40D83A,0.1179144769
CC_D1760785D631,0.2240249900
CC_D18088587757,0.2028294330
CC_D184160042B7,0.3049443685
CC_D1886485E8B4,0.1107506579
CC_D1893DD5B4D4,0.0934318326
CC_D18B60E035CE,0.8071076153
CC_D191D099789D,0.0903316292
CC_D1BDB41E7FF6,0.0890325237
CC_D1BE2E6E9C9F,0.0914388697
CC_D1BFB29BF61C,0.1125993925
CC_D1C259F80E13,0.1059335501
CC_D1C63DA9CA93,0.1338360082
CC_D1C931E4F305,0.1053320473
CC_D1CE25F271BE,0.1081545711
CC_D1D2127A0C67,0.0916233799
CC_D1D31EA359F4,0.1195919949
CC_D1DB888BD9B0,0.1155013910
CC_D1E82B9DD102,0.1715095688
CC_D1EF68A649AA,0.1294195853
CC_D1F05E69F80F,0.0820431282
CC_D1F6FE158DCF,0.2093028904
CC_D205612FD566,0.7306368718
CC_D21474C31E3C,0.6828911602
CC_D2195A061A0E,0.7337146721
CC_D2199CC1CB08,0.0415248326
CC_D21FCD9DFE53,0.5809967466
CC_D233B2C8062B,0.3814258692
CC_D234CF2C21AE,0.7187129873
CC_D2373015DF41,0.0775992862
CC_D239CBE1012A,0.1601663731
CC_D2591377E980,0.8227782597
CC_D25E25C831B5,0.1194882561
CC_D262BB13DAAF,0.1897498027
CC_D272BC699F38,0.0827747751
CC_D2813C835750,0.7758159139
CC_D285B0D67016,0.0596244404
CC_D28FB525E310,0.1601859866
CC_D2AFEE04E96F,0.0374263906
CC_D2BBAA423304,0.1509798342
CC_D2BE8B4011D7,0.0596322279
CC_D2C49D2FEBF8,0.2271517748
CC_D2D09498D333,0.1784251022
CC_D2D187DA334A,0.1712174441
CC_D2D47A5386CE,0.1625913819
CC_D2E98F50621A,0.0746990446
CC_D2F265035F0A,0.0861132223
CC_D2F91355C6D0,0.1231772634
CC_D2FC934F8324,0.1669625665
CC_D3044C67CFFB,0.0510828742
CC_D313F2C49E46,0.2490637873
CC_D31FFB053D60,0.1218666872
CC_D336DB6323BB,0.3031154901
CC_D343A7CBA377,0.0914387827
CC_D345AF4C4B61,0.0981248302
CC_D34FA9410740,0.0914165949
CC_D354C5D1665A,0.0742464982
CC_D35E96480AF8,0.2030402667
CC_D3616386D6D2,0.1552174747
CC_D365173E852D,0.9006189372
CC_D3683C6CFC5C,0.5135793361
CC_D373463038E0,0.0940967396
CC_D379CF8E3FAB,0.7789580340
CC_D37B4CA7F3D8,0.0730310289
CC_D37B5B3CA4BE,0.5998712047
CC_D39265D7B6C9,0.1079269115
CC_D39E3F732408,0.0907922162
CC_D3A7B21165B3,0.2645238913
CC_D3A9028A4660,0.0875989878
CC_D3A948322BD5,0.8001021616
CC_D3B95DB5E6C1,0.3185682152
CC_D3C8C5014D5C,0.2173203469
CC_D3D80929AF52,0.0920437026
CC_D3F25136073A,0.1364399454
CC_D4102AD032BE,0.1328817495
CC_D416EFCEAD89,0.0988725896
CC_D41C5030494A,0.6840227051
CC_D42E477596A3,0.0728922659
CC_D432C89BADA8,0.1573328850
CC_D434638E9569,0.0820923965
CC_D4518F98BB77,0.1006972791
CC_D452847F2A4C,0.0560352728
CC_D454056F92E6,0.1817978405
CC_D461FB973AB2,0.8393669157
CC_D462250B13D3,0.4059501399
CC_D48E686A834A,0.6087976300
CC_D48FFD985E51,0.1083976167
CC_D49263A1BDF7,0.0862840055
CC_D49668C65C33,0.1291744551
CC_D49D9C57A849,0.0942758308
CC_D4A029A150E4,0.1149812080
CC_D4AC998C0BC8,0.6475281495
CC_D4B02AAFC697,0.1319895069
CC_D4BDF0F4FE9E,0.0736406304
CC_D4BF2778371B,0.1028774221
CC_D4C0F4DB3501,0.1600199879
CC_D4C6DD8A364F,0.1115269103
CC_D4CDE2A1E174,0.1120746739
CC_D4E7EE35695B,0.1889205884
CC_D4ED652E86DF,0.2159080112
CC_D4F844B54B84,0.0790060511
CC_D4FA0055DB4A,0.0214406172
CC_D4FDCBAFEC74,0.7429560003
CC_D517D90E105F,0.0842060733
CC_D52B87A01028,0.2002048518
CC_D530C3D1DBF8,0.7144971831
CC_D5327E41EBA2,0.1130718628
CC_D53C8BCA531F,0.1187221659
CC_D540C7ABF683,0.7545757669
CC_D54105FC1349,0.2695152507
CC_D550CE8B9313,0.6600556873
CC_D55C5B432387,0.1526036139
CC_D5646FCC5E14,0.4954881943
CC_D56F34613338,0.1311513980
CC_D573AF0F1674,0.0899997924
CC_D586E2C2B3EF,0.0836820695
CC_D589E388CA02,0.1059540775
CC_D58EBD954E68,0.3395124385
CC_D59AFE884BDD,0.6217024504
CC_D5AC596A85E1,0.1568094482
CC_D5B99B578573,0.0707152257
CC_D5CBF4A4D3B3,0.1015852544
CC_D5CE05EAA837,0.2003220523
CC_D5D36A6C8DB3,0.0990741061
CC_D5D8D545736F,0.1413831562
CC_D5ECFAF8C1A3,0.0893439737
CC_D605715F737A,0.1408498723
CC_D617428B4B0E,0.2658809194
CC_D61E8E5C4414,0.1160367278
CC_D652B5F05769,0.1719778231
CC_D6564D0CB9A8,0.2212981570
CC_D66183657419,0.1119392864
CC_D66BDD3E1AA7,0.1230565143
CC_D66DA331534A,0.1296927714
CC_D687A780C0E6,0.1132795135
CC_D6AE871A4C9C,0.0761188020
CC_D6B7AF1FBDD4,0.6202352186
CC_D6B874308353,0.5017701876
CC_D6B8F47FE484,0.5442458983
CC_D6CB1BFDCEEA,0.1401740868
CC_D6D47D7E1C51,0.0800522150
CC_D6DE060699C6,0.1650499561
CC_D6E06014457F,0.8626503604
CC_D6E8E17EA449,0.3212912185
CC_D6F216AB1C4A,0.1529105151
CC_D6F5E3A51C8A,0.0875920804
CC_D6FB3B76D7A0,0.6567159254
CC_D6FBCD4BA3DA,0.2473996728
CC_D70918916097,0.4923095146
CC_D73B1B9B81A5,0.1101370067
CC_D73E9E24BB48,0.0831633086
CC_D74AA0F20466,0.1397040329
CC_D750070C44BB,0.8248171149
CC_D7529675CB7D,0.2202293335
CC_D75C8CDB510B,0.7302908206
CC_D76009C47709,0.3238870939
CC_D771775A58F5,0.1321808318
CC_D77F9D613EF7,0.2818030558
CC_D7999C3EDE22,0.1502214723
CC_D79BF1D26499,0.0710555990
CC_D79C05885899,0.1432792942
CC_D79D4F15D10C,0.0801868201
CC_D7A11E3512D2,0.0924665526
CC_D7AD7A7279C4,0.1974624223
CC_D7B35055AF0D,0.1536696646
CC_D7D99409D57E,0.2144936595
CC_D7E403181D8F,0.1262343893
CC_D808C7BA9399,0.1354944692
CC_D80DE8B544F3,0.0889373185
CC_D81D19AEFB77,0.0380699196
CC_D81F317F6384,0.1161448050
CC_D844D9DF962C,0.1135523267
CC_D847D978387D,0.0892448471
CC_D85C7B85C440,0.2749586468
CC_D885591596E7,0.0895711428
CC_D887D07BDE23,0.2200808183
CC_D88ACC0CFDA5,0.1404490819
CC_D88BDD0F510C,0.0760369634
CC_D8956424CB37,0.2015697489
CC_D8959BB99A7F,0.2948983940
CC_D89A9A14B5E8,0.0913875096
CC_D8AD01F3CCE7,0.0924415228
CC_D8B4122DC296,0.1059177635
CC_D8C38B187875,0.8162990785
CC_D8E55509595E,0.0834772938
CC_D8E6B90C37A3,0.0875340584
CC_D8F1AECFCC2F,0.0636208445
CC_D8F7672C70D7,0.0842883490
CC_D8F7E904E7DF,0.1609514368
CC_D8FEF1C99F88,0.6651258066
CC_D90761F9E9C9,0.3957518576
CC_D90D9D5C8FEB,0.1076517782
CC_D912917A4F4E,0.6598599274
CC_D91ECE64FD0C,0.1306882541
CC_D9325E5695D5,0.1223578812
CC_D9563654A397,0.2686525750
CC_D95766A6C24F,0.1153636090
CC_D95939B1BBFA,0.0809119581
CC_D96729C38BC9,0.0990249054
CC_D9791EFF766C,0.1594379871
CC_D97AA7C54F6D,0.1449126010
CC_D98BA5CE8EE6,0.4132782524
CC_D991DAD5413D,0.1229448943
CC_D995C89AA359,0.2707702538
CC_D9A54F55AD6A,0.1210430271
CC_D9B87A96C353,0.2472727203
CC_D9C42B0B6A0C,0.1572223113
CC_D9D487E78FAF,0.5582431575
CC_D9D744A66B09,0.0858913941
CC_D9DA3F6E2E7E,0.1264827671
CC_D9E5792258E4,0.0779333068
CC_D9E6B9CBEB77,0.1149327744
CC_D9F0CDB02AC6,0.0966314566
CC_DA0201D1BCF2,0.0615941132
CC_DA0500AFE692,0.1193501061
CC_DA0E0BD3880D,0.3812396853
CC_DA10F53AE655,0.5446365669
CC_DA1643A835A2,0.1250220424
CC_DA1C5BAB7E35,0.5659686130
CC_DA1DC6A6371D,0.1595302564
CC_DA1E6B31DD2A,0.7263176391
CC_DA1F282809D0,0.0253518706
CC_DA226442D919,0.7792776556
CC_DA31EC318B1F,0.0897125957
CC_DA33597C6459,0.1567386179
CC_DA43CFB5CC2F,0.2188529849
CC_DA481C72B8A4,0.1997035386
CC_DA55447636EB,0.0711797794
CC_DA5AE34842E3,0.1274845749
CC_DA6880B018AC,0.1270886512
CC_DA700A961616,0.1463290354
CC_DA7E65F1E6AA,0.0919443065
CC_DA80FAA7FE30,0.1152338714
CC_DA8DCCC1199D,0.3169957873
CC_DA8EA724C1D3,0.3653122989
CC_DA8FA65D1924,0.0950313870
CC_DA99D1E41C3E,0.1382761724
CC_DA9C3BEFD0B3,0.0977695101
CC_DAA3B7FE1C62,0.0965556950
CC_DAACE4211B34,0.1757080738
CC_DAD239E56638,0.7789929899
CC_DAD4BC090253,0.0733570135
CC_DAEDBA26BA12,0.3130962736
CC_DB1EB08EB40E,0.1056012607
CC_DB2314ED6960,0.1214187024
CC_DB25E05EC5CD,0.5154607252
CC_DB3BE0C87882,0.1306553669
CC_DB44628BC147,0.1647369532
CC_DB562E602BA8,0.1215110296
CC_DB61D7F5F8F2,0.8243018898
CC_DB6498598C32,0.1951574213
CC_DB6B59FB6E30,0.0649743192
CC_DB801B947698,0.2866930121
CC_DBB8C467FF1D,0.1441321448
CC_DBCD21C2C322,0.1032124734
CC_DBDB148E45DD,0.1349905658
CC_DBDF9BFA7E87,0.1425889801
CC_DBF5CD2D854F,0.1314825538
CC_DC0077DE6E39,0.1419551236
CC_DC23159A1F99,0.0981845991
CC_DC2458827FD8,0.1911895492
CC_DC2BE35D58AC,0.2142697314
CC_DC49C8D3F7EC,0.3818359532
CC_DC5DE66826E9,0.2128292273
CC_DC6063FC6464,0.0858819226
CC_DC771AE1B4BA,0.7310692426
CC_DC7DEBC30E17,0.3614516550
CC_DC978F3A711F,0.7457889951
CC_DCA2140C7BC4,0.2460458896
CC_DCA5CE7C9DC3,0.1513301147
CC_DCB5798049B2,0.1241724329
CC_DCD10C95C942,0.5212554227
CC_DCD145E8E729,0.2901092111
CC_DCE0BFC03B86,0.0953905053
CC_DCE75AE2FB52,0.0329653880
CC_DCFCEEF21BA7,0.3159015299
CC_DD12A8C462FA,0.1228611241
CC_DD14867350AC,0.1105519295
CC_DD232BC8881D,0.1931693879
CC_DD2473D34D68,0.1650470848
CC_DD2B5C4CD318,0.1056345457
CC_DD4EC06C3A92,0.1899411456
CC_DD5299DA8C1C,0.0932366759
CC_DD59BFF18ABC,0.0980154921
CC_DD6777E1B05C,0.1353872135
CC_DD6EE1501B89,0.0902998154
CC_DD78B52AE022,0.1396579448
CC_DD7983A07B43,0.5583046300
CC_DD80B5CC495F,0.1109061363
CC_DD8956B71825,0.7224294291
CC_DD8D40E7E2A9,0.1254420294
CC_DD9972D0B63E,0.1335870415
CC_DDAE70634ED3,0.0921518593
CC_DDB4A9FF2B03,0.1034445354
CC_DDB68302DA2A,0.1320150244
CC_DDB9DEC9C037,0.0849855332
CC_DDC610D2B2F0,0.1247719085
CC_DDCAEC6BD9F0,0.1829041897
CC_DDDF665EBD93,0.2194812931
CC_DDE66EBF2157,0.1019370985
CC_DDE8B7E9C7F4,0.3409033167
CC_DE019FC36D28,0.2939288796
CC_DE07076B04D5,0.0889015675
CC_DE07AECD2361,0.0817392162
CC_DE08A4514010,0.4894293290
CC_DE093FAC5293,0.5827303696
CC_DE17BC1C2324,0.0545542130
CC_DE1B13B3E504,0.0723011161
CC_DE4264861B73,0.1031918665
CC_DE4810B88C51,0.2960137990
CC_DE4EE8A16896,0.1282131024
CC_DE523A2403BB,0.1438885547
CC_DE52860CFBBE,0.1682248018
CC_DE593193FB9C,0.1532418194
CC_DE5A9B499ED4,0.1330694094
CC_DE6AFFA63ABD,0.1067723667
CC_DE7CEC14CCD5,0.5370100463
CC_DE7D7B5BBB14,0.7246694659
CC_DE81AAB7BF48,0.0888226684
CC_DE8956D433E2,0.7553952560
CC_DE8FB8D1CB71,0.1941477196
CC_DE90D07B269D,0.1874151847
CC_DE9A62529780,0.1811706770
CC_DEA425EA8441,0.1046684204
CC_DEBE01582EFF,0.1434267120
CC_DEBFD4E79A38,0.0419526721
CC_DEC97F13CB8C,0.1080011837
CC_DECF1507C86D,0.1159558131
CC_DED24C8D047A,0.1225587233
CC_DEF4AEBD31C8,0.2037310775
CC_DF062F698349,0.0839361258
CC_DF13D5CB626A,0.1211427900
CC_DF15C526CDC5,0.0851886298
CC_DF1F6C68F7D2,0.1222512702
CC_DF3EB88F509B,0.1213704245
CC_DF4E332C886F,0.0665246539
CC_DF514171DC30,0.1328586170
CC_DF536CEAE5C0,0.0768438209
CC_DF5806CC2CFF,0.1771599335
CC_DF715690EF20,0.2676821656
CC_DF718A37AF15,0.1180530025
CC_DF7276DD74AA,0.1135555467
CC_DF750B2D6872,0.3640179037
CC_DF9FB6670627,0.0660239250
CC_DFA65A0125D9,0.0864577763
CC_DFAE355359B8,0.1812994898
CC_DFEA562F7BCF,0.3556094597
CC_DFEDAF0F0D6E,0.1152120199
CC_DFF6F74C64B5,0.5890710600
CC_DFF87DF16763,0.1424665759
CC_E00D8ECE9FA9,0.1572159366
CC_E027E36615C0,0.5379515308
CC_E02E23CE49A8,0.1106938698
CC_E030B3AEBF19,0.1482225381
CC_E031A4C862C1,0.2404128044
CC_E0339B331F4F,0.0949799820
CC_E038981B2FEE,0.1244678715
CC_E0463868968B,0.1315439779
CC_E05A8621B581,0.3191169350
CC_E07FB0312232,0.1159784635
CC_E088594E0624,0.1202549344
CC_E09AC3B1E534,0.0965909029
CC_E0AC29AFCF97,0.0927803567
CC_E0BAC6E0D0DA,0.0778437783
CC_E0DDDA07F0A1,0.1527500574
CC_E0DF45AB72B6,0.2004516877
CC_E0E1F8E7379E,0.0675890038
CC_E0EF095444A5,0.1800942216
CC_E102E4F7F8B4,0.1840629082
CC_E109B4CA6A8D,0.1130323092
CC_E11470A2D92C,0.3969720357
CC_E117B8A6ADC6,0.0728024568
CC_E128015073F3,0.1402393519
CC_E131D5EB9237,0.2189613557
CC_E14A24095E9F,0.0933003595
CC_E14CADF89123,0.4751795757
CC_E16876025011,0.0767476380
CC_E16C71C15D04,0.5340974420
CC_E16F1BB83653,0.1013594865
CC_E17448FB08EF,0.7153959527
CC_E17AAACEB07D,0.0869315481
CC_E1875522DC57,0.1405069963
CC_E18A0734641A,0.1121027660
CC_E18A22453843,0.1288709104
CC_E1B4E3360C0F,0.1812570623
CC_E1B5AE645169,0.1089484770
CC_E1B71F6B7DD2,0.2414682127
CC_E1D073F693A2,0.2930574772
CC_E1EA83C31C66,0.1378284396
CC_E1ECAE226485,0.2050796095
CC_E1F0C5076481,0.0893236235
CC_E1F78CE289D8,0.0926164447
CC_E1FBCECE0A54,0.2012952944
CC_E1FD46CA26D5,0.1372564642
CC_E20E7C7164A6,0.7468914875
CC_E211E2698C14,0.0776644328
CC_E21B4F587C45,0.1293629521
CC_E22A278A1386,0.0842811754
CC_E24078C03B7C,0.1332923420
CC_E2452737F950,0.1639353803
CC_E246119AA09C,0.6217913013
CC_E246942C7310,0.1497651813
CC_E2474A334F3D,0.1006143874
CC_E2489637D0E8,0.1035205866
CC_E2521AF9C2A2,0.1195813677
CC_E253F4AC4762,0.7035731424
CC_E257805D0F0A,0.1992500815
CC_E25A924EDB70,0.0974586157
CC_E25B5D5502AD,0.1005308081
CC_E2619E24BEDD,0.8184595282
CC_E274DAF3C064,0.0768727325
CC_E2787CBDFBF1,0.2109372825
CC_E28AE2E68BB7,0.6595162464
CC_E2C3E272D059,0.2909131701
CC_E2D653061523,0.3143557132
CC_E2ECDC7D23EE,0.1121840756
CC_E2F0E725C3AB,0.1082375033
CC_E2F7712CD056,0.1804710841
CC_E2FD7FCF0AD5,0.8210629440
CC_E308C7DFB2F2,0.1681694887
CC_E30B791D5F11,0.3069542795
CC_E315F7A94400,0.3258706111
CC_E31DAB1E73F5,0.0844990550
CC_E32034C97E83,0.2255496123
CC_E32DBED5EAC1,0.2406903089
CC_E32DDDDEE3CB,0.1464779882
CC_E343EC3EB052,0.7353298163
CC_E34A04E78D60,0.1395438270
CC_E3503B565AD0,0.2598860889
CC_E356B05ADD56,0.1674167693
CC_E35D02BE6780,0.0497842558
CC_E369AAECB2B1,0.3369177026
CC_E36ACDB4F96F,0.4994343512
CC_E36C7F0E1657,0.8482485415
CC_E381FD4674D5,0.0663923081
CC_E38E3835121E,0.0966496875
CC_E3A70438A0C1,0.2549735978
CC_E3B5C76189F3,0.1768848031
CC_E3B7B7E57889,0.1648823139
CC_E3CCC0D886D9,0.1744300619
CC_E3DD8AD10171,0.2933255416
CC_E3E230CF20A1,0.1347474620
CC_E3E4B2543CCB,0.1046804230
CC_E3E5DF01E014,0.2306668071
CC_E3EB157288A2,0.0966990956
CC_E3FBDA203EDF,0.1219577686
CC_E404FCA6CB2B,0.6790899949
CC_E4054F9C8442,0.1410225413
CC_E405D808772F,0.0588133823
CC_E4137B250609,0.3488732573
CC_E41482A7E968,0.0805240879
CC_E421FA1874F4,0.1206348471
CC_E42C38BBBD04,0.1406954562
CC_E42D90BFB285,0.1004242549
CC_E42EFC05C891,0.0973130566
CC_E430F3C75969,0.1064714990
CC_E4576D6B6478,0.1051257864
CC_E46B27A13728,0.3297638888
CC_E4783FB590D4,0.1575588738
CC_E489009C6500,0.1877341101
CC_E493CB46177D,0.1163320577
CC_E496AFA9B40A,0.2050810062
CC_E4A2FFE0EE1F,0.1340982548
CC_E4C553538385,0.3896816966
CC_E4C7B5501ED1,0.1382615196
CC_E4C8A5A60F51,0.1611430739
CC_E4C94AB69214,0.4515981427
CC_E4D75244E8B8,0.0705479709
CC_E4D9A8EEDBAE,0.1296587295
CC_E4DF787730AA,0.1422490776
CC_E4E0DC070132,0.1087527799
CC_E4E3C08B7F86,0.0941829415
CC_E4FEEB4389C9,0.3044451826
CC_E50598344DD9,0.4978328732
CC_E50C634A9A18,0.0812117287
CC_E5107337FDD7,0.0690552163
CC_E511BFCFEC9E,0.6333342996
CC_E51318749E09,0.1289841903
CC_E53FE6708AD9,0.5049418655
CC_E54290FEA34D,0.0998833365
CC_E54B723C018B,0.0602232846
CC_E554618F383B,0.1953624199
CC_E557336955A2,0.1069396927
CC_E55B48E73651,0.1270623517
CC_E55D8DC645B9,0.0824364777
CC_E575DA02C575,0.2268869713
CC_E576BD98A727,0.1849104447
CC_E578DC77656B,0.1638712420
CC_E57F3EAFD9A3,0.1363003469
CC_E59A01603B7D,0.2685000095
CC_E59B2D974CB3,0.2087177774
CC_E5A1C44F0F07,0.5999360343
CC_E5A8BDF6BFC1,0.1531520272
CC_E5B284DA0E5D,0.1235593292
CC_E5B8363BB378,0.6127432114
CC_E5D8BFFA5F88,0.0607612269
CC_E5DA04902EFD,0.1710052692
CC_E5F53CFC20EC,0.0740576832
CC_E5FAECE63C59,0.7416826289
CC_E5FB6E872C58,0.0526460312
CC_E6045565E7ED,0.1192670886
CC_E60845ADC7F1,0.0650533882
CC_E61567D6B392,0.1003140198
CC_E62174AFA94C,0.1567617291
CC_E6247DD14641,0.1085300342
CC_E6289A61F0ED,0.1191172845
CC_E62E32FB6FBB,0.0410844498
CC_E62F6BE942DC,0.3064882683
CC_E63E49B128AE,0.0889459636
CC_E63F89885A3E,0.7156993981
CC_E6466E6A92CB,0.3639198763
CC_E64BC95F8B2A,0.9101158877
CC_E64C652BBAB2,0.0832768365
CC_E659DB355476,0.1453001128
CC_E65C8BA5A7CE,0.0977233299
CC_E65F39446752,0.2101098872
CC_E67395791589,0.1505474827
CC_E67622A69EEF,0.0811290635
CC_E680830CAEF3,0.1011175764
CC_E6823643AC4C,0.6540864085
CC_E683F33931BB,0.1333378770
CC_E68841DEB163,0.0622847258
CC_E68B2C33D180,0.1753349826
CC_E68EE6EC2618,0.0707025316
CC_E69508D3D3F1,0.2802502056
CC_E698F1348426,0.2715255542
CC_E6A178F3709D,0.1279816251
CC_E6A4B6E8619C,0.6550873793
CC_E6B3887C66BB,0.2542373095
CC_E6B6BBBDBEDB,0.2134074205
CC_E6DBD0F9DC3B,0.1150507626
CC_E6F090F70DDD,0.2421803628
CC_E6F2D8CB45C6,0.1259566051
CC_E6F8FBEDA2A7,0.1334311370
CC_E70854CDFE9C,0.0952702866
CC_E71C05F07F85,0.0841130526
CC_E72797CABC60,0.1028716046
CC_E727C1153226,0.1417969128
CC_E73489D828C7,0.1042852649
CC_E7355465CE6A,0.0751882173
CC_E73CDBC743FF,0.2003408526
CC_E74F00E75A4F,0.1031000196
CC_E751F7E19192,0.0903970104
CC_E7522AD6431A,0.6408943514
CC_E7523630D2D9,0.1375453958
CC_E767372DD95A,0.5462546249
CC_E76C5DFD3BA6,0.2423408475
CC_E77326438575,0.1648280608
CC_E77E29E11EB1,0.1411673785
CC_E78F20B3223F,0.6401458167
CC_E79A23E64518,0.0960573978
CC_E7AC69AEA182,0.7602536665
CC_E7B754CA9668,0.1055566841
CC_E7BA60365AE8,0.0938826239
CC_E7C95D4A741C,0.1012383611
CC_E7D3D728EC5B,0.1795216296
CC_E7E4D5F851D3,0.0704949629
CC_E7EA49D37B64,0.3239179272
CC_E7EF11A24F73,0.7201509675
CC_E7F6F9A7EC65,0.0819862016
CC_E7FBC7F69DBB,0.1774598200
CC_E80B1A55A74D,0.1431925212
CC_E824AB0AFDBB,0.2060115696
CC_E826DAC92D9D,0.2270725770
CC_E83AB7100D06,0.1893182527
CC_E83E6D31EC76,0.2055596693
CC_E86650461FBE,0.1473234047
CC_E868A3754B11,0.8573362992
CC_E86A993F7D05,0.1057402643
CC_E87992FBEE80,0.7297191619
CC_E87B909C4DDD,0.1555472807
CC_E8828BA7EE08,0.1108440321
CC_E886157F6FBD,0.2347089325
CC_E88711C5C98E,0.1308640433
CC_E887680BB6CC,0.1616328219
CC_E8909BF77D8D,0.1245297269
CC_E8A82DA3A246,0.2095625895
CC_E8AC7545DBD3,0.1093226537
CC_E8BA6B224C3E,0.1088021399
CC_E8C6CA45BF72,0.1512114848
CC_E8D2E3126A8F,0.6423843486
CC_E8E55DAC4FF9,0.0700495817
CC_E8EB77AF3F78,0.8865942471
CC_E8F2C6905503,0.2153981350
CC_E90831F897A9,0.1722795992
CC_E90B14D51185,0.4847493784
CC_E9188329C9E7,0.0959949931
CC_E91E1C0C0C61,0.7559569974
CC_E91E9D34C5F3,0.1491892089
CC_E91F555DBA96,0.1306121623
CC_E932CFF4B4A4,0.2541111169
CC_E93643CB34CA,0.2126553574
CC_E937CA493910,0.0712293053
CC_E9409A50B4BF,0.5667159857
CC_E96711AD5512,0.1092341269
CC_E96A3E6912B4,0.3574039694
CC_E98AEE74B9BC,0.2001974225
CC_E992FB78BC2D,0.2726254370
CC_E9A3AECEE3A9,0.1110311880
CC_E9BDA7766728,0.2156502750
CC_E9BF1AFE86C3,0.1381097966
CC_E9CA055AD1A3,0.1560330384
CC_E9CA0A56E917,0.1638311425
CC_E9D3453F53AC,0.6239602028
CC_E9D46EFFA839,0.2038496315
CC_E9ED872B6037,0.1016340096
CC_E9F40C1B559E,0.1366003846
CC_EA06928C0AA9,0.2621797532
CC_EA0A46F64C80,0.1457274157
CC_EA114B15FC04,0.6591587829
CC_EA1F3F67BA2E,0.0981830490
CC_EA21618614D1,0.8239933380
CC_EA26B5A89181,0.1105822559
CC_EA26C6C27662,0.1039152585
CC_EA3B5AC76649,0.2199556821
CC_EA4E669C8528,0.0937644467
CC_EA6917E7A5C2,0.5901106672
CC_EA8A25862433,0.0457387161
CC_EA901D7CA670,0.1161782871
CC_EAA2BCE323EE,0.8747438744
CC_EAA6D5189190,0.1066492917
CC_EAAA8DD7FAAF,0.1439386604
CC_EAB7408CCE0E,0.2581047866
CC_EABEDB3C4827,0.1035358253
CC_EAC6D83D1BFC,0.0627187253
CC_EAD7F3E9DAD1,0.1082509085
CC_EADC7D8196C2,0.2877417938
CC_EAE608E24E29,0.0763534959
CC_EB05AD2C7C27,0.0961192322
CC_EB1DA337E2D1,0.1235623255
CC_EB1F425EC937,0.1328872449
CC_EB2FE764BF6D,0.0760564485
CC_EB55483587DE,0.0849935732
CC_EB569B3E2E12,0.6349730245
CC_EB57E6E6C96C,0.1759795954
CC_EB5A0FE0605C,0.1568381058
CC_EB64EC97D01D,0.0932581933
CC_EB691249B91A,0.1653614202
CC_EB7C50A7D4C1,0.4959638162
CC_EB7C52FDBEC3,0.1253664116
CC_EB86FED24535,0.1673710424
CC_EB89DECC2021,0.1278219922
CC_EB999F9D6095,0.1359017840
CC_EBA2F85924CE,0.0966472140
CC_EBAC5A53FD11,0.0611246392
CC_EBB109EF7619,0.1731310250
CC_EBBD00C18763,0.0511999942
CC_EBCA68C7854D,0.1751341636
CC_EBCBDE122879,0.1236667396
CC_EBDF6C88BBA5,0.1220420263
CC_EBEDAC91ED43,0.0972376947
CC_EBEEC4183FDE,0.1003029308
CC_EBFD9D007253,0.4613674248
CC_EC1ABC58E09A,0.1919930020
CC_EC26EABA68DC,0.8543596010
CC_EC2A485A3E71,0.1179250871
CC_EC3B9E2FE47B,0.0990966789
CC_EC505F03EE5F,0.0648593784
CC_EC5317EC6706,0.1594784181
CC_EC5B7FBD1EA7,0.0920421013
CC_EC5C7471FFC5,0.1795198674
CC_EC5D92B3617B,0.1621005398
CC_EC5E214BFED0,0.7779385756
CC_EC6406527201,0.1199808691
CC_EC79022358C6,0.3672226969
CC_EC831A90189F,0.1291834013
CC_EC87C131FADC,0.0593718332
CC_EC88785D6F39,0.1680731427
CC_EC9173F5284E,0.0464746590
CC_ECB7B3B6272E,0.1231510250
CC_ECBF4CED56D1,0.1007202026
CC_ECBF80B94EAE,0.7227674254
CC_ECC78B7AE3F1,0.7004810099
CC_ECC7E9E691F5,0.1645788396
CC_ECC9235F612E,0.1377674746
CC_ECCB0BD557DC,0.0970106230
CC_ECCCB1B4EA8F,0.1249586714
CC_ECDDF4983DD9,0.0901324476
CC_ECEE93C4F564,0.6078897937
CC_ED07BD8B2CB3,0.0693733968
CC_ED0F4A02A01C,0.1874943590
CC_ED11D72A1D3B,0.0734225889
CC_ED165FC5A06F,0.0828227988
CC_ED2B6A40ABC7,0.1730799059
CC_ED390F22A931,0.0872277843
CC_ED40E7CE5177,0.1066634935
CC_ED4E4B13DB1A,0.0738256054
CC_ED4F22572419,0.1332675952
CC_ED5AE5CB1DC5,0.0561810868
CC_ED6090A4E6E4,0.2127245864
CC_ED645D91E6A5,0.1329660863
CC_ED6B045B6075,0.0844933127
CC_ED9313C71C57,0.0772415215
CC_ED9BCE7C776F,0.7520983391
CC_ED9D4644716C,0.1086690258
CC_EDA794402358,0.2198971126
CC_EDAADACD4DED,0.1754574178
CC_EDBAD2E989FB,0.1216900307
CC_EDC98B474E76,0.2783726656
CC_EDD1FD49A66A,0.7804649306
CC_EDD448008C0C,0.8176630203
CC_EDDA3B790095,0.0859153376
CC_EDF95BF0E3D6,0.2075378363
CC_EE03D7C2BC69,0.1036508699
CC_EE0D95184E81,0.0722900557
CC_EE0FF690C214,0.4678082322
CC_EE2412C352D5,0.1094017549
CC_EE2A010019CF,0.1192498601
CC_EE2AC730827E,0.0942282388
CC_EE3236E6A9FD,0.1083603314
CC_EE3759EA49FF,0.1928145094
CC_EE38C78AD88B,0.3767729016
CC_EE3CE0FD6B77,0.7975082955
CC_EE6B7E58FC63,0.0779931767
CC_EE6E02464067,0.2156718070
CC_EE6E1FA7A753,0.0894458885
CC_EE6FCE6C233A,0.1735206684
CC_EE88C07B9333,0.1099163825
CC_EE9004165810,0.1028083228
CC_EE9BD17AD343,0.1012276089
CC_EEA608D5A455,0.1324176900
CC_EEAFDB1BB486,0.4128329461
CC_EEB482736C41,0.2037819976
CC_EEBD9DA093E1,0.0686210270
CC_EEF23DDD2262,0.1337778784
CC_EEFBDC9AD94A,0.0851302051
CC_EF05000895F4,0.5975453956
CC_EF16B2CE0988,0.3323074974
CC_EF1DD3F0CBDF,0.0801633701
CC_EF2D82085BB9,0.1139918054
CC_EF2DBE79D656,0.3205574072
CC_EF3000C48A4C,0.0922323179
CC_EF359AF608EA,0.0593736273
CC_EF362432D758,0.2483406312
CC_EF548B30F1B6,0.1923514198
CC_EF5B403DFD7E,0.1037904789
CC_EF66DA0DDF9C,0.2214520951
CC_EF70BA4AEEC4,0.1056318069
CC_EF83DD56FCC5,0.0845433020
CC_EF8B642A6F8D,0.1308168120
CC_EFA1EB27DA19,0.0851177532
CC_EFAE84EA9BDE,0.0623084578
CC_EFB26BEA106E,0.2396236897
CC_EFBB51CD8502,0.1282266328
CC_EFC18E9B3B55,0.1296688318
CC_EFC4B0020E2D,0.1218676178
CC_EFC9FA5108D9,0.0791157572
CC_EFE45D9B9D9C,0.0983586277
CC_EFF27FA98DF1,0.1092044556
CC_F000DA497736,0.1607592995
CC_F00107DE219E,0.6643053884
CC_F009FC54A64B,0.7588099238
CC_F01DF28C6BFF,0.1486137966
CC_F037C91F63BF,0.1042380786
CC_F03FADA95A03,0.8222927725
CC_F05235F3C894,0.1119288922
CC_F0649FEBFEB8,0.3582481716
CC_F066C78B5C0D,0.1743578427
CC_F07313626618,0.6463105423
CC_F0783F6A56F5,0.7035654488
CC_F0791523691A,0.1862329064
CC_F080750455CE,0.1002421747
CC_F0809EBB0B51,0.0464203814
CC_F08259F86E23,0.2337824936
CC_F0929F859702,0.2142216623
CC_F0A7203CCA39,0.1522202029
CC_F0CD4DD9C63C,0.1399695821
CC_F0D29AD328E5,0.1513386173
CC_F0D339E5B80C,0.1058006720
CC_F0D3BC14FA77,0.1070585876
CC_F0E16D28D49D,0.1742144880
CC_F0EBE2C00A7B,0.0595628077
CC_F0F137758DC2,0.0914558764
CC_F0F6BD40CA43,0.3204101438
CC_F0F6FCF6010F,0.1899688651
CC_F0FBC9D4ECA1,0.0765265616
CC_F0FEE924096C,0.2018053632
CC_F1074E035DE6,0.0810445728
CC_F108D26930FF,0.4698247110
CC_F10DB853B9DF,0.2658204106
CC_F10E06D52D76,0.1160680736
CC_F11F5F477B91,0.5602541075
CC_F14913B5BE1B,0.7981794678
CC_F156C1647E3D,0.1081464367
CC_F1598097E314,0.5323731791
CC_F1641E3AAB3C,0.0975247897
CC_F166878FB959,0.0907745669
CC_F17540FE7C9F,0.1360319421
CC_F175BB08B29E,0.0768996327
CC_F1782AF286D0,0.2905914080
CC_F1796AD4B774,0.6895546996
CC_F17B3A3A5E56,0.6989138245
CC_F1858D6F0080,0.1518664046
CC_F18689FA8E29,0.0998469173
CC_F18A82B0F153,0.1514281638
CC_F1AE7142A128,0.1766484423
CC_F1B43DD57C9C,0.1070631131
CC_F1BCB7676492,0.1291285126
CC_F1C8B8BB90AE,0.0811504467
CC_F1E044CD2D75,0.2825466988
CC_F1FCB96B5E14,0.2032872011
CC_F2067E92A939,0.2445673467
CC_F21512554CC9,0.1182850942
CC_F243956B7575,0.0889033990
CC_F24FBC9FD3F7,0.2592882173
CC_F252EB3F208B,0.0960904054
CC_F25D793346CA,0.2859470883
CC_F25EB1ED5AD9,0.1025695839
CC_F265A0AE845F,0.5875633192
CC_F274BB4AEBE0,0.0917514268
CC_F28BF2185131,0.0352386290
CC_F29077E45AF0,0.2026176636
CC_F2988560CAB8,0.2510130895
CC_F2993AB36C56,0.1058681840
CC_F29D6C65779E,0.0964170353
CC_F2D2BADD0000,0.0935759965
CC_F2E4AEB73D57,0.0843946210
CC_F2E630BAF431,0.1120313992
CC_F2EFCB40AE74,0.1425595654
CC_F2F085891915,0.7362323552
CC_F3030E2C80A0,0.1944596484
CC_F3044C7C16BB,0.0808129486
CC_F30B21CB4603,0.1609999627
CC_F3140FCE870A,0.0907983299
CC_F32A84B321FC,0.1493940225
CC_F339FF584607,0.2840043874
CC_F33CEE0F6DBE,0.3216081589
CC_F33DAF3E9CF0,0.1227618726
CC_F34EC3FF202F,0.1067171070
CC_F35A6C383B39,0.1441381064
CC_F360E0FF27CA,0.1182770863
CC_F36B7AEC0086,0.1034139129
CC_F370665BECB8,0.5611993319
CC_F373A60E53E8,0.0682675998
CC_F373BDAE18B2,0.0881238796
CC_F3745BC63340,0.1246022883
CC_F37DC9169301,0.2748171052
CC_F394E57C5243,0.1310151514
CC_F39E98FD418D,0.1137904620
CC_F39F51452381,0.0635647762
CC_F3A52465664E,0.1086236490
CC_F3A8CF761A0F,0.1817664876
CC_F3BF1709E29A,0.2591740599
CC_F3BF72C29211,0.1063042732
CC_F3CF35465CF1,0.1070536054
CC_F3E2186DBD4F,0.2201466589
CC_F3F0F9B9B56E,0.1218939980
CC_F3F185395BE1,0.0774106267
CC_F3F68E6599E7,0.1009610170
CC_F3F7763C9DFE,0.1788991472
CC_F3FFF13592CE,0.0956514141
CC_F410C3CE89E1,0.1284670372
CC_F410C8B811FE,0.1218079577
CC_F4132072D78E,0.0921031568
CC_F4157B8E5B32,0.5316127168
CC_F41CF067E828,0.1445633989
CC_F41DC456E539,0.0846392018
CC_F41EEF55A0EC,0.0796105268
CC_F426B5C1F07D,0.2687703388
CC_F437875F9000,0.1465065455
CC_F43C961F8A30,0.2044303982
CC_F43D9BF23472,0.1095834998
CC_F444BE033109,0.1191751207
CC_F4481124F17A,0.1445628213
CC_F44EAAF80F70,0.1870973163
CC_F4521F6D3492,0.4464567079
CC_F46BD9AB1B68,0.1521448626
CC_F4763AA0B824,0.7258179169
CC_F47976F33E20,0.1350364624
CC_F47E588D4470,0.1853009838
CC_F4A2777912C2,0.1422109148
CC_F4A6C2B23685,0.1089369779
CC_F4B3EAEEEA8B,0.0895558446
CC_F4C6CD1E720C,0.0878641600
CC_F4D05DA98C83,0.0891649324
CC_F4D15889CDE0,0.0780127575
CC_F4DEC1E6173D,0.0957691890
CC_F4EFAD6AF8BD,0.2140234340
CC_F4F7835A1FA2,0.1830313928
CC_F500597795FB,0.0803073841
CC_F5197FA9580F,0.7245914956
CC_F5240F59146F,0.1047221808
CC_F534A0B87C3B,0.1064241722
CC_F536972BFE98,0.0867749315
CC_F54FDFE5A5C8,0.0867520826
CC_F55727F65F86,0.2504023925
CC_F558EBDCDD6D,0.1177948883
CC_F56D569AC51F,0.0922713136
CC_F5714D180EE1,0.1319179496
CC_F576ED9554AD,0.4022114458
CC_F57C2559358E,0.1646859095
CC_F5AA72FC0972,0.0719469105
CC_F5AE7DEA2B48,0.1123757658
CC_F5C6A5E9D495,0.0863837199
CC_F5E0731F2181,0.1769260922
CC_F5F4F3B03FE8,0.6953510238
CC_F604D7B9CBD9,0.0761701936
CC_F60F13391D61,0.1405230148
CC_F618D72DF162,0.1390869781
CC_F620B15ACC5D,0.1048577175
CC_F62D426D6614,0.1012621379
CC_F634999D5C1D,0.0605574848
CC_F636E5BAEE47,0.1518478077
CC_F6461B692240,0.6723380024
CC_F65BAD63AED0,0.1744166381
CC_F65DD2AC57E8,0.2519282147
CC_F66C6577674C,0.0949845833
CC_F670896FE959,0.1468590398
CC_F67376F272EA,0.7932616344
CC_F67FFE9E884E,0.1853202602
CC_F683C99F06C1,0.1247318955
CC_F68523E2CE7A,0.8224060949
CC_F68E62F9AA0F,0.0616194252
CC_F69604E05962,0.1135444804
CC_F6B8913740B3,0.1314646990
CC_F6BB4952DD35,0.1750352941
CC_F6C0B7AC57B5,0.8035098606
CC_F6D2B06E6E8B,0.8958833948
CC_F6EB30A84C9F,0.2491154101
CC_F70345A4792A,0.1764244765
CC_F7068C1F77B3,0.3110982400
CC_F70B0EA8C0E7,0.0836188639
CC_F71CC97FCE83,0.0902782689
CC_F722224A84F4,0.6458421473
CC_F72D1046063A,0.2687575724
CC_F72DAB32A281,0.0866619043
CC_F733AA5C0ED9,0.1166955911
CC_F74043C1BBEB,0.0841218144
CC_F74A31E36137,0.0799751860
CC_F756B167634F,0.2297567630
CC_F75CBE8E1B92,0.6400476947
CC_F761F7EEAD39,0.1439323453
CC_F79303D62FCD,0.0885429533
CC_F795134B52E6,0.5832563955
CC_F79533E83ECA,0.1058465330
CC_F79F9A7ED432,0.7798726684
CC_F7B2FC73E020,0.0727705202
CC_F7CF24594B20,0.0909781540
CC_F7D31937AA89,0.0801563180
CC_F7EFD378035D,0.2562637445
CC_F8014B1E00D6,0.1047249571
CC_F80ADE95A7C8,0.0542966822
CC_F82E58E476A9,0.1031926150
CC_F82EB123CC19,0.1134243353
CC_F83088660331,0.0768547715
CC_F83C6DF6A815,0.6439291007
CC_F8620C4F7581,0.1219138902
CC_F869F4DA5077,0.8538433052
CC_F86B1C53EAF4,0.0682465555
CC_F87B7F26FF51,0.1927423212
CC_F8803D1C899B,0.0934762708
CC_F892E51AC9DD,0.0687581369
CC_F89C185743F0,0.1358813066
CC_F8A4D45C3769,0.1108274080
CC_F8AD68EA5A16,0.2358274520
CC_F8B4DBD0CE8A,0.2221210121
CC_F8F3E551F166,0.2610035725
CC_F8F9FE2C9B65,0.1699009493
CC_F912A50D0DD1,0.1385793102
CC_F91B7C2B1AFD,0.1231566756
CC_F925251D4BF0,0.3877048949
CC_F925ADD60E7B,0.0892350285
CC_F9282C144479,0.1149875086
CC_F92EE3287CC8,0.1354336034
CC_F93332608FE1,0.1417323479
CC_F94070DE3B81,0.0832537007
CC_F94C81428D20,0.1509709228
CC_F95DFFDA9B12,0.3961305893
CC_F96A53B02447,0.5540869221
CC_F96A965CDCB0,0.4723875633
CC_F9721FEDBE9E,0.1604574522
CC_F97C3E145882,0.0837194037
CC_F97C64C64052,0.1177331944
CC_F98660A07E6A,0.7152167203
CC_F98BA4B13724,0.0639840877
CC_F9A3F3A76B1A,0.1040200130
CC_F9A8E2B3A703,0.1234392045
CC_F9B3E7E7F2A9,0.2470599806
CC_F9D7D0B1E4A8,0.6513733422
CC_F9EDA4EDDD44,0.0838657039
CC_F9F2176B12FE,0.0787698899
CC_F9F90E76CA5B,0.1320934377
CC_FA0157249C01,0.1212465169
CC_FA169BCA835F,0.1109262286
CC_FA19B61BCABB,0.1345737328
CC_FA1DD203C293,0.2120454713
CC_FA2E30269BC1,0.1589902215
CC_FA304CE8E045,0.1635342980
CC_FA310759A257,0.5206458948
CC_FA32397E7B8C,0.1020799960
CC_FA33D97B84D4,0.0865201161
CC_FA38991B9434,0.0687042555
CC_FA4079FFF1E5,0.1778417761
CC_FA716665CD8F,0.1276340880
CC_FA770268B207,0.1149366991
CC_FA7A2F59245B,0.2917242699
CC_FA8205104EBF,0.0917355772
CC_FA8370AF8740,0.0520051092
CC_FA858F1025FF,0.1388548260
CC_FA86320CF6B0,0.0870679741
CC_FA8B341CD3EA,0.2289670758
CC_FA9057AAF95B,0.1231809266
CC_FA97314C666C,0.0359544765
CC_FA974C1D91AD,0.3373695553
CC_FAA0E5BC9F44,0.8239639006
CC_FAA2694D8578,0.2724688155
CC_FAAFFC74BC35,0.8634320843
CC_FABA6DCF8E45,0.0597933924
CC_FABC53294AC1,0.0741818490
CC_FAC52B8E66DA,0.1239810262
CC_FAD284D8DAC8,0.8808631520
CC_FAE70CA5999C,0.1440467315
CC_FAF1CCB40132,0.1256837660
CC_FAF93D8B3B59,0.0895099433
CC_FB09E5481B64,0.1287286910
CC_FB150A1F7C3B,0.1692472252
CC_FB1808471515,0.3194107310
CC_FB296D823CF6,0.0919995253
CC_FB301E1FA7FF,0.0749476795
CC_FB33C958A19E,0.3866873622
CC_FB40D63FC3D3,0.1442947987
CC_FB45A1837AD7,0.0960249935
CC_FB45B79CED15,0.0879998526
CC_FB52260232E3,0.0804351438
CC_FB6A0A7B8813,0.2029842513
CC_FB6ED10D82D2,0.1822787123
CC_FB78DE84AF05,0.0554923236
CC_FB8DF8F93E7F,0.1706626455
CC_FB8F89048B89,0.1408795778
CC_FB9C3E77A49E,0.1132971792
CC_FBA40CEAEA18,0.1148961370
CC_FBA998938FE5,0.1474938421
CC_FBADBAFCD1B3,0.1679947338
CC_FBCB85E21ADD,0.1523762258
CC_FBCD00EE4402,0.2577590058
CC_FBD40DFBA5D5,0.2956959288
CC_FBDECF3DACAE,0.1341078540
CC_FBE4E2F652EB,0.3083748265
CC_FBEA9510C687,0.3206412660
CC_FBED1E2E1CC0,0.1220021791
CC_FBF54E48EB13,0.1410142022
CC_FC1E279EF320,0.0715614275
CC_FC2E1D460089,0.1267539684
CC_FC31CBD20CDF,0.1226980723
CC_FC41D8134A1C,0.0760252650
CC_FC44D7EF257E,0.0666888169
CC_FC4A649BDD07,0.1445206743
CC_FC51BCDBB6B2,0.1064254959
CC_FC57B6E79AAC,0.0720990987
CC_FC6AA879D9CF,0.1173272247
CC_FC7A926F3A64,0.6462655067
CC_FC83CB9C71CD,0.0786114637
CC_FC9E6D511294,0.1701426259
CC_FCA657E69930,0.3567208316
CC_FCB451237214,0.8787254069
CC_FCC7E51DF812,0.3067955412
CC_FCD42ECC012B,0.0685363532
CC_FCE8FAEAAEF1,0.1339141474
CC_FCFAE9BE2522,0.4158197491
CC_FCFDB5DFE5D4,0.1643653995
CC_FD24FC7961A5,0.1108621834
CC_FD2793DCB5EF,0.1216192584
CC_FD2EEF724088,0.1399872454
CC_FD3205367675,0.1072486796
CC_FD3A21CDCA7C,0.0911607488
CC_FD3C4C2FB68C,0.0973390025
CC_FD41687DC1A0,0.0797545108
CC_FD44B4E31EFE,0.1222694902
CC_FD5721556AB7,0.0868035457
CC_FD643C174587,0.2544151477
CC_FD6BFA30DD9E,0.1699607076
CC_FD7C9DD7F11B,0.1439461825
CC_FD7F2D90CF8C,0.0823350045
CC_FD8C4F601909,0.0520419600
CC_FD90B45AA24E,0.1121434330
CC_FD95457772AB,0.0934101040
CC_FD9D9B58DB1A,0.1362418750
CC_FDA918AEB5D6,0.5371448018
CC_FDD4C2065540,0.2795651579
CC_FDE57A2C5156,0.2203107827
CC_FDE9920975F6,0.2753904163
CC_FDEC856F9C6D,0.0907009500
CC_FDEED2AA92A3,0.4563376312
CC_FDF5607ECC1B,0.1059802908
CC_FDFED3D7E70E,0.1391515964
CC_FE0324F99784,0.1940945787
CC_FE0A18D6570D,0.0942494647
CC_FE0DACAC84BC,0.2304595364
CC_FE16586C9FAB,0.2157203904
CC_FE16FBC86237,0.1709960359
CC_FE1C808C4515,0.0723238762
CC_FE1E64201B9F,0.1497742883
CC_FE33D60E29EB,0.0745052725
CC_FE3ACE674BEA,0.0973238531
CC_FE468E9AA9D9,0.0676950673
CC_FE5AA923C220,0.2110625329
CC_FE6C777DDC19,0.0989147363
CC_FE6DD8C8EC90,0.3123138491
CC_FE7A84AAA8F7,0.1200393598
CC_FE7DB6B410A4,0.0781940373
CC_FE8691B1F3D9,0.0825840604
CC_FE874279A94B,0.1509832473
CC_FEA61499305D,0.1361410974
CC_FEC22B334AC5,0.1355336850
CC_FF045F9508F2,0.1694125238
CC_FF0EFF711598,0.2268060422
CC_FF12F53D5676,0.0637926122
CC_FF13D426EC1C,0.1261399936
CC_FF16A7C8600F,0.2291336704
CC_FF2236DC115C,0.3040880933
CC_FF2725428B6F,0.1021216850
CC_FF3176D91690,0.1298783487
CC_FF393D295D66,0.0998853275
CC_FF4598202C5F,0.5828463658
CC_FF463A4B3D04,0.3061728857
CC_FF4703F7664E,0.0549648440
CC_FF86EC3C0851,0.4793118313
CC_FF8A580DD831,0.1250701068
CC_FF8BD8697ADE,0.2981280492
CC_FFA681A2054A,0.0911450336
CC_FFB6B2D2BB2A,0.3275301609
CC_FFBFA27643F8,0.1188700529
CC_FFC81CC80F9D,0.1068897830
CC_FFCC9C0763D4,0.1002859874
CC_FFD4E33DC920,0.5620068953
CC_FFDE11143038,0.0901942304
CC_FFEF28047C4F,0.2069457699
