client_id,default_probability
CC_0012A082B7B7,0.1674943526
CC_0012BC27DFB6,0.1109881444
CC_001563B2143D,0.1072645284
CC_001B46930B6F,0.0986758325
CC_001D771E1C9F,0.0438982424
CC_0028BD91E759,0.0864817591
CC_0029971D7EF4,0.2245629196
CC_002B8C00B239,0.0417883812
CC_0035DFA86185,0.7604803806
CC_0042D11A6D0F,0.0522136483
CC_004D21A4ABB6,0.1370739535
CC_004EE05FC2EF,0.5143634236
CC_0050E546EDCE,0.6138736034
CC_005D7F31F785,0.0527860266
CC_0079996ED779,0.2008408318
CC_0082B4E1D9CE,0.0641774652
CC_00B01C73CEB8,0.1790245732
CC_00B74FFEEA53,0.2276904390
CC_00BF6791C18C,0.1270693700
CC_00C5E30B288C,0.3116418750
CC_00C68CE1CC12,0.3934568434
CC_00CC4148959F,0.1759996702
CC_00D428772D30,0.3742112638
CC_00D5806C7783,0.0823232350
CC_00D5C677C2AE,0.5166038597
CC_00DA781C4D66,0.0841903207
CC_00E7E2D6B548,0.1709426087
CC_012BC0A68DC1,0.0792347765
CC_014911033882,0.1730626766
CC_014F7EF4E595,0.6404361750
CC_016501B25F2B,0.0443831912
CC_016767D9B049,0.0315334286
CC_017598512EA2,0.1330170449
CC_01941532C804,0.2101810035
CC_01A66C6E22FF,0.7882669891
CC_01A684355200,0.1636859878
CC_01AC62740827,0.1122433658
CC_01B0EFE5DB79,0.2738149177
CC_01B876B2988F,0.2026103775
CC_01CBB64C1DB1,0.3875800883
CC_01DBD993A1FC,0.0619901235
CC_01DC49D55C2D,0.0305955312
CC_01EF18A3ADBC,0.5512334805
CC_020252D37557,0.1779040700
CC_020BCDBCA8CA,0.3608690350
CC_021A6DD97ED4,0.1565075608
CC_022054506F33,0.0640806987
CC_0225D6231EAA,0.0602969205
CC_024B524B0176,0.0278476877
CC_0256303A6DC0,0.2253183622
CC_02589E6E4714,0.0528394467
CC_025927626E10,0.7374030930
CC_0283023DB294,0.0315283990
CC_02903C6FC0C0,0.1684590524
CC_0296E572CF21,0.0364021838
CC_02999E509460,0.6528892612
CC_029E835D91BB,0.0901317086
CC_02A32EC3526B,0.0912439311
CC_02A393632CD3,0.2907949167
CC_02A3E21B28BC,0.7952400796
CC_02A4B4644529,0.0883050564
CC_02B43865B30E,0.0711347856
CC_02B5A1A178A2,0.1691542115
CC_02BC4785773C,0.2468384773
CC_02BEDD9627DD,0.6618295195
CC_02CD2C1EFBB0,0.1092975926
CC_02D4430492D3,0.3477590388
CC_02F79A06858B,0.1057842053
CC_02FA254C9D43,0.0429395030
CC_03062402B4EE,0.0482233326
CC_03072CF2EC63,0.3716878299
CC_0315369B079D,0.0938777488
CC_03199242A810,0.1600866728
CC_03214BA76DB4,0.2143159746
CC_032735A44CC6,0.0886001105
CC_0330340F2FE5,0.1779321630
CC_033236FAAFDB,0.1555841074
CC_0337298F948C,0.0398907555
CC_0341CAE5E2E8,0.1909212619
CC_03434E2371CD,0.3758678999
CC_03547AAB948A,0.2254379052
CC_0354D0453D8E,0.1045216095
CC_03592E51F427,0.7847353724
CC_0365DEB525A3,0.1165075723
CC_036782052BC9,0.3571465076
CC_036977A50F1A,0.1311321390
CC_03720D08B8C2,0.2481420526
CC_038AE599BCA8,0.3211035780
CC_039E67CDFE1E,0.3145223806
CC_03AC962FC717,0.1546711080
CC_03B00DFA3A85,0.7488504827
CC_03BC6380E968,0.5047059929
CC_03BC730E0B02,0.0283675068
CC_03BD4F22DA3D,0.1504231819
CC_03C7E1EF6F69,0.8056059462
CC_03C9FA383477,0.0918107723
CC_03D1AAE90CA6,0.0685858562
CC_03DBB9598F39,0.1282078561
CC_03F18B43797C,0.1399292913
CC_03F80118E46D,0.0668400506
CC_0405E0151A6D,0.1571498955
CC_041FEE6C805E,0.3627132309
CC_042F88EE269B,0.1928115429
CC_043D98ED7F98,0.1877029584
CC_044C3537B769,0.1659386795
CC_045932C46685,0.1332540645
CC_04629624AA8D,0.1647495075
CC_04690B4A6AF1,0.2415161615
CC_046CF40369FB,0.1082223498
CC_046D6EC816AB,0.4269573324
CC_0475CD95EDC9,0.1218420185
CC_04796F06B82B,0.1402327640
CC_04AC7C1CE736,0.3428934252
CC_04AEDD051B96,0.3047957270
CC_04B42AD0E01A,0.3584514122
CC_04BBD1DB360C,0.3146840146
CC_04C767FFDA0F,0.4894574733
CC_04C7B819B9B9,0.1101899942
CC_04D127A775DE,0.0903896217
CC_04D9ED00053F,0.0675017151
CC_04E0EFC4F548,0.2604631505
CC_04E6848903E8,0.0446770203
CC_04F69D03ECE1,0.2626446410
CC_04FA1CFA1DEB,0.2051542274
CC_04FA6842AC62,0.0297470986
CC_0502F3791166,0.2689374978
CC_050B514E15FD,0.1577452564
CC_051ADBD6D835,0.1224157381
CC_051B4644216C,0.0764770267
CC_051C0A644DD3,0.0199771358
CC_051CBF566856,0.0438151991
CC_051EEA9AE819,0.1406026094
CC_0520E27BE904,0.1391877745
CC_05224448D290,0.1252806929
CC_0525DE4744C0,0.0621785798
CC_052F5CD81EFE,0.1977357487
CC_05368FAD2E6D,0.0690396523
CC_053788B82006,0.1031322464
CC_05471A48C6F5,0.1654445080
CC_056DBA1A87BA,0.0637358642
CC_05901F3E7A0D,0.1820143377
CC_05906BC8ED3F,0.1369812144
CC_059D55E32C78,0.0885048403
CC_05A12EF84A86,0.5499890419
CC_05A42D035609,0.1527509997
CC_05AD75A5CE38,0.0499996442
CC_05BBD4B92613,0.5500836249
CC_05C8EF6500D7,0.8000946839
CC_05DDB7B07497,0.0693205067
CC_05ECAE6E0774,0.2521428513
CC_05F11F14DF9E,0.3219911428
CC_05FA9192590F,0.1306739342
CC_05FD764FB154,0.7494742744
CC_0608DBB4DF03,0.2781671672
CC_06198383F6D4,0.1201181738
CC_06199EBE2B05,0.1607530266
CC_062A8881A331,0.0705585919
CC_062F74350907,0.0618870994
CC_0635AD30F004,0.7938305601
CC_0639F539946C,0.2879083270
CC_063DDB42CF5C,0.0661859065
CC_06405C00E240,0.3092794607
CC_064920FC9DAC,0.0750288205
CC_0650AB329174,0.7610125851
CC_066941B109B9,0.1603211712
CC_066AA16F5874,0.3324114466
CC_06732311FB8B,0.1673753415
CC_06780061F889,0.1340146341
CC_068A81B06B74,0.4091201841
CC_06A1C5FE269B,0.3412321972
CC_06AA7138DAF8,0.0319481328
CC_06C0DD0D066E,0.7731210793
CC_06C97CFBD476,0.1162255219
CC_06D15F523C05,0.1767362870
CC_06D35787AD65,0.0423581089
CC_06DA375201A2,0.0803451982
CC_06DB455FF19B,0.6868449851
CC_06F3674E7313,0.4929167853
CC_070232DF9996,0.1673633398
CC_07141FA77DBF,0.0964721706
CC_0715F11CC8CA,0.2303920199
CC_07168A9C843C,0.1625221960
CC_072AB9F855DD,0.0464119640
CC_07337AF6AC2A,0.1221231245
CC_07434E4E5C28,0.0710089589
CC_074381358A2C,0.0343056357
CC_074E7CA75E8A,0.2884993209
CC_075D0C618BAB,0.1756797050
CC_075D804F7851,0.0839819936
CC_0765961D818F,0.4039944167
CC_07698F10563E,0.0643956523
CC_0773B9BA9E18,0.3099594148
CC_0784ABDA7F8C,0.1728731845
CC_0790C9F9EC9C,0.0880362888
CC_07A996E6CA6C,0.2567868815
CC_07B588ED677A,0.1594740896
CC_07B730FD7F82,0.1520148319
CC_07BE6961D039,0.0803155635
CC_07D23A6BAF5C,0.1186801140
CC_07E08196A3DB,0.0567096483
CC_07E4850039B3,0.0883479290
CC_07FAAF8B2D23,0.0378375236
CC_07FB3FD9BE0B,0.0998578746
CC_080CB94A724F,0.3319209165
CC_0837C56711FE,0.0853908765
CC_084100A049EE,0.0472125469
CC_084113D0951B,0.2664894418
CC_0843DDCDD601,0.7023003210
CC_0846C14EAAFE,0.0582070836
CC_085091ADED2C,0.1953251950
CC_087943B4A5D2,0.1671924993
CC_08A97B98C405,0.1552828248
CC_08AA321BC4AD,0.1679588989
CC_08AA44ECBDD5,0.0581388465
CC_08AE2EE9D798,0.1955940500
CC_08B149462891,0.1905594259
CC_08C71A8D2D58,0.0539408177
CC_08D645F7B257,0.0552623789
CC_08D80BF0B273,0.0550644909
CC_08F52B1BE431,0.2974056046
CC_0903571AC7E7,0.1625278276
CC_090D528C09D0,0.4449063992
CC_09106BA6CFC9,0.1238622822
CC_0915905A5D48,0.1340435218
CC_0918F67CDF01,0.1528731172
CC_0925D0B6276C,0.1419511964
CC_092A2830E36A,0.8087568460
CC_0951489C8F79,0.0297586251
CC_0951FA4D5513,0.1085030057
CC_095C712064EA,0.0878317261
CC_0969AA7BEC71,0.0690625592
CC_0974840BED49,0.7858582400
CC_097BD371F652,0.0804367722
CC_097C8139DBD1,0.0798807252
CC_0981CA4DBCE0,0.0301719772
CC_09A5D2F129A4,0.2779550360
CC_09A9BE38080D,0.0901204536
CC_09CDC42E000B,0.1577561670
CC_09D8DBAB2A42,0.1200508002
CC_09EBB1960580,0.0390473748
CC_09EBF206FEE6,0.1980384555
CC_09F2AE996181,0.0770134602
CC_09F45833F53F,0.1561227766
CC_09F4F5C5B4EA,0.7955824190
CC_0A04BF4005F8,0.2153147035
CC_0A0E563D1060,0.0790573601
CC_0A0F781A999D,0.2107108821
CC_0A1138C37BC0,0.1915514452
CC_0A334A16524B,0.0624576940
CC_0A359CD5D73A,0.0753896160
CC_0A3E2C273DB5,0.0597610374
CC_0A4705B1E08B,0.0415933048
CC_0A67EB7C5282,0.1378825639
CC_0A6CD64871E5,0.3378983321
CC_0A75643FDC7B,0.0558295083
CC_0A8066F501AC,0.0456301775
CC_0A83017D027D,0.1585129677
CC_0A9AB7441D5B,0.3227698033
CC_0AAA72FA148E,0.3498633402
CC_0AAC488C8AE4,0.4558958463
CC_0AC2DB82398C,0.3411666729
CC_0ACA2C49A497,0.1301417265
CC_0AD4BBEA75ED,0.0304693974
CC_0ADCD6553B8C,0.0757238373
CC_0ADE56B56C41,0.0365829445
CC_0AF4B5B4162F,0.7571342294
CC_0AF9BD814AC7,0.1034705823
CC_0B083BE0FEA3,0.1059817926
CC_0B1384331163,0.0595800743
CC_0B216C6AF0F2,0.0219988357
CC_0B3465DB0684,0.5984721802
CC_0B442B91679E,0.1493155753
CC_0B455175F494,0.0901105868
CC_0B4C01B4002C,0.1907930842
CC_0B544A526D6C,0.0640686068
CC_0B5B19AFCD18,0.0668582701
CC_0B5BD2D224BF,0.0663832732
CC_0B6407C2C9BD,0.1181517806
CC_0B73F59991EE,0.0831253974
CC_0B7579216681,0.0797601808
CC_0B7F3B4B32C1,0.2548502505
CC_0B830A67900A,0.1287742992
CC_0B84250F96B8,0.2190618012
CC_0B92212B8E27,0.3066676025
CC_0BB43BC4B3BC,0.1192077638
CC_0BB992973640,0.0465744945
CC_0BBC41297846,0.1126999667
CC_0BDDB468A1E0,0.2614809361
CC_0C00A631C2B4,0.0801285389
CC_0C011AF6C857,0.3627405967
CC_0C0459AB67DE,0.1310581607
CC_0C18B07E451D,0.1427899136
CC_0C19EB845CA2,0.2289129138
CC_0C1A736F37CC,0.0686293316
CC_0C335C9D86F7,0.8016689465
CC_0C4C24D066E9,0.1847182117
CC_0C5499989AF4,0.1605062911
CC_0C95548CC1BD,0.1467393310
CC_0CA2DE660B41,0.2432407194
CC_0CA6D8CFCF2B,0.2244910282
CC_0CA9DF9C5C15,0.0833068382
CC_0CA9F52C92A8,0.2031949814
CC_0CAFB6C41CE7,0.1161847270
CC_0CB27D5313F1,0.5802015029
CC_0CC9DDDB8B44,0.0532567581
CC_0CCA18595BA5,0.2613454583
CC_0CD90568D3E6,0.2439040801
CC_0CE0D56B0584,0.0679726482
CC_0CEA028BF961,0.2848180360
CC_0CF67D68AF16,0.4049232763
CC_0CFAA0FB0691,0.0657243296
CC_0CFFD2785D2D,0.0856810578
CC_0D28AF91CE97,0.1539571392
CC_0D34E55A580B,0.1292328090
CC_0D3663B6524E,0.7470223025
CC_0D3C2864ACD2,0.3694921537
CC_0D5F4BE8132C,0.1583987063
CC_0D6D5ACB0889,0.1980924356
CC_0D7BFE8CC0D5,0.1211476517
CC_0D8852AAB481,0.1851652641
CC_0D97EF394C79,0.4708865457
CC_0DA8FDDE6DD0,0.0580926454
CC_0DABB89E37CE,0.0858318067
CC_0DAF0F2FAA86,0.1230167615
CC_0DB9E5F8EDAD,0.0721577339
CC_0DBC64F88C05,0.1531297199
CC_0DBDF018E822,0.1638111809
CC_0DC31A5A1096,0.0504252865
CC_0DC3870F23D0,0.0377824142
CC_0DD39F5D7C0D,0.0643627274
CC_0DDC2C18BBDE,0.0449324326
CC_0DE09CAA93E5,0.1537641750
CC_0DEA4477FDC1,0.1467305111
CC_0DED63EF6639,0.1738533489
CC_0DED7DBF26F6,0.2788657765
CC_0DF01CD21B9D,0.1662944531
CC_0DF6A478C01B,0.2336447416
CC_0DFE1A3FA5AE,0.1482041149
CC_0E07D5FB24B2,0.1299434313
CC_0E0CD9F23A5F,0.7349497854
CC_0E121FCB1D47,0.0670655803
CC_0E1423A4C263,0.1865820490
CC_0E16883EE8E6,0.4607083657
CC_0E1A2BA1C545,0.2095335369
CC_0E2B52BBA69B,0.0599800208
CC_0E40BAFC3530,0.1634594117
CC_0E48EE235179,0.0778279869
CC_0E4FA0FB9797,0.6760242820
CC_0E5162F59924,0.7743610981
CC_0E5E2FCAC8C2,0.2847061152
CC_0E68C2BE2A75,0.1245036464
CC_0E6C5A8D8CE4,0.1012316174
CC_0E6E9B0E674E,0.0861015811
CC_0E746EAD6CE9,0.0748316670
CC_0E968E7C22C1,0.3148862153
CC_0EA1483F50A9,0.1435696683
CC_0EA81362C7D1,0.1767198967
CC_0EAE97520873,0.3105891472
CC_0EBCF4228FF2,0.5174465378
CC_0EBDEFD0BDC2,0.0555467557
CC_0EC6AEDA63EC,0.2547366932
CC_0ED61DD76795,0.0916984082
CC_0EE33B1B71D5,0.1220057147
CC_0EE7EFF13EBA,0.0537120615
CC_0F0F136B0991,0.1499194133
CC_0F0FAF218BCB,0.0469822118
CC_0F125B48F175,0.0792805669
CC_0F292A238627,0.1276817371
CC_0F2949A1746E,0.0898537835
CC_0F2B71163121,0.0870148107
CC_0F393F1DE2EB,0.1016292407
CC_0F41B187053C,0.4848707634
CC_0F52EDC9D383,0.1026750963
CC_0F62C4F36236,0.0843890009
CC_0F6A29CE5D45,0.1839776917
CC_0F7C0515A6CF,0.1622870583
CC_0F8D6C89202F,0.1986116990
CC_0F933684CC08,0.1985728399
CC_0F9BA54F2AF6,0.0532460702
CC_0FA06CE7FAE8,0.0329703523
CC_0FD25AA655DA,0.1288856353
CC_0FF5570E06EC,0.7052533008
CC_10197FE0E34B,0.6853823625
CC_10355B5718CD,0.0961334397
CC_103A9D18EC12,0.1665218352
CC_1040DB6A21EA,0.1071190414
CC_104D2B84FC4F,0.0420102133
CC_104EA2802A11,0.0938214047
CC_105777B1BF91,0.0645075658
CC_1059F1B6C0C3,0.1634349819
CC_1061947FDD14,0.0517669971
CC_10689257E68C,0.3574568327
CC_106BFCFA7D7B,0.0344275474
CC_108FA04AC10D,0.1133021589
CC_1092915D0093,0.1261654776
CC_10A30F88E157,0.1390342375
CC_10A657027AC9,0.7571013689
CC_10A6EAF27BF3,0.0641903226
CC_10B148BED568,0.3613552084
CC_10BB7101F191,0.0362665071
CC_10BC5BC3A9AD,0.4233462245
CC_10F27C70AB99,0.1301565036
CC_10FADDF63CDC,0.1805352632
CC_1107D9301AA0,0.0803768951
CC_111A6DE5D9C7,0.7685033698
CC_111DC3B1756E,0.2525550804
CC_1131156CC6F6,0.1399369084
CC_113B66D5D5D9,0.1195454290
CC_1143254EFF36,0.0711035912
CC_1145E5277FA7,0.3041159613
CC_11521077BBB0,0.1564744335
CC_1154861ABCCB,0.5271037330
CC_115BCAEAE2A0,0.1140294331
CC_115BF13E8BFC,0.2327115495
CC_115EBE5044BD,0.3461007769
CC_1165AA07FC47,0.7410259809
CC_116EE8219753,0.0442740354
CC_1176FA3233B3,0.0455505458
CC_117C2A1587ED,0.0912752421
CC_118C0A1D14B2,0.2190064102
CC_118ECB589F3C,0.1133407132
CC_1190F13FB1FC,0.1400220374
CC_1192EEC65A1E,0.2576858920
CC_119B1FEC4D83,0.2300279456
CC_119C413C2580,0.1548416802
CC_11AB74142A2E,0.8085625406
CC_11C8A291FD11,0.1565637774
CC_11D1E9C39E41,0.0608305817
CC_11D600EE1BD6,0.1789003419
CC_11D7539AC69D,0.1527811158
CC_11D78BB50016,0.1566399960
CC_11E0C583685C,0.1148499619
CC_11E0D2F15AA1,0.0476183743
CC_11EDFE67C719,0.6799368415
CC_11EE85F284B8,0.2217178981
CC_11F700202C6D,0.1505085344
CC_11FB668DF543,0.1031920689
CC_1209FA26609D,0.0353377462
CC_120CA1B916D0,0.1126309154
CC_1210186F4D33,0.0873724836
CC_121F621374FC,0.2417343080
CC_122532C1FBCB,0.1269909534
CC_122B19CBC88C,0.6644861434
CC_123C7F0111C7,0.6149023235
CC_1241EE42F174,0.1426051849
CC_125B7100F1DD,0.1466467960
CC_1263B255B3B5,0.1981725714
CC_12878596E940,0.0655142816
CC_1298ED71A9E0,0.0685413773
CC_12B555C6F086,0.1362873880
CC_12D22C629874,0.1393284663
CC_12DD89EA0C14,0.1745764051
CC_12E24CDE2684,0.1874430670
CC_12F3B7309455,0.5643017229
CC_12F8E7A4BBE5,0.3546596178
CC_12FDEAE4873F,0.1871021127
CC_130F7B067939,0.3565460390
CC_13209EDC85EE,0.6888148034
CC_1332B6F0E543,0.2599332707
CC_1334E256AEBC,0.6465926532
CC_1337726B2AE6,0.0910167684
CC_1338237BF402,0.2145956121
CC_1341DF38D9C1,0.1526365017
CC_1342F868176B,0.7026987355
CC_134651CCD2F8,0.1501319642
CC_1363E3090578,0.0541939011
CC_13736493B695,0.0726098173
CC_1392DE633D4C,0.2661420083
CC_139ED2E0AD76,0.0845193540
CC_13A5383EA098,0.6008623543
CC_13AA272C6861,0.0963670963
CC_13B74E4EE3EF,0.1871476825
CC_13C437E86B81,0.4548833537
CC_13D61B077E7C,0.0695284953
CC_13D7115A8FCC,0.1700434373
CC_13DFE319B21E,0.7719215145
CC_13E0F0B3FAE6,0.2329497491
CC_13FD88C2920A,0.6991274598
CC_1401CB818627,0.2204620456
CC_140B86E74F74,0.8165414316
CC_1452A0B69085,0.0436635359
CC_1458CA7329A7,0.2207384453
CC_1459E7125AFB,0.0748778564
CC_14633EC7F622,0.3963853425
CC_147B1B30DE7F,0.1291849076
CC_1484511F54C5,0.2911532918
CC_1489A941A69B,0.3238711872
CC_14A8B16706E9,0.0695554017
CC_14BE52BADB77,0.0997888287
CC_14D53413FBCE,0.3126565746
CC_14D59B58E51E,0.1543711308
CC_14D964327B1D,0.0507715866
CC_14F5D06CF093,0.1406531160
CC_1501D63D5A80,0.3955679634
CC_150E3A0E5084,0.2416604855
CC_15152312AC56,0.0653009791
CC_1522BA0411C3,0.0642899313
CC_1534B0241A1B,0.0508697748
CC_153BE2BEB74C,0.1430353903
CC_154BBCD4DCEA,0.2725704239
CC_1552EC27FC0C,0.7263960413
CC_1566BFF4BCDC,0.3773308107
CC_1579BD86A63D,0.3655456080
CC_1583CFD90530,0.2656349688
CC_1584385F38C8,0.0707127525
CC_159656F13BE8,0.1174512697
CC_159B6F6AAF1E,0.1198964108
CC_15A4934FD96E,0.1209356665
CC_15B2140CE869,0.0865731306
CC_15C0972DE384,0.6529907903
CC_15C0E30FF2DC,0.1122660356
CC_15D617FAB434,0.0483718848
CC_15DA0F4FFF0E,0.3041013676
CC_15DAE76D15DF,0.0543389379
CC_15DC7C139EBC,0.3222040432
CC_15EB741857ED,0.0797875134
CC_15EC51F4C521,0.2789035440
CC_15F6259C7C53,0.0729677176
CC_15F7C012E10D,0.4206416619
CC_15F7C1BEC28F,0.1696314693
CC_15FF58854AEA,0.2514097243
CC_16035CDDC2F6,0.1235333372
CC_16095572722B,0.0471586691
CC_16109F1CE0A6,0.2589662254
CC_16150E74E4DA,0.1573935299
CC_1629E47AFBA5,0.0704818212
CC_162F4582D06D,0.5822456655
CC_163194DFEDDA,0.0382073447
CC_1640F01B7730,0.0935754187
CC_16460554039F,0.0462113357
CC_164D308CDE41,0.2099315514
CC_1661041F819B,0.7623689749
CC_166829780A76,0.1115426295
CC_16798666E855,0.1146381469
CC_1684B5493414,0.2282643792
CC_168A8907C8F4,0.0629783842
CC_1690EC56D088,0.0623127584
CC_169853EEAB4A,0.1123920564
CC_169B7FD839BA,0.1285073434
CC_16AED1A3008A,0.1469299477
CC_16BAC7837C73,0.1486259948
CC_16D57E1EEA01,0.1466219986
CC_16D833E56D7A,0.1765304123
CC_1702487A047B,0.2251077586
CC_17029F78E70E,0.0545273659
CC_1702F3E986AE,0.0775975149
CC_1707181BB559,0.0525993338
CC_17117BF03935,0.2376895178
CC_1723E40C3D40,0.2239583349
CC_174FBBE9ADD9,0.2071126586
CC_176E6E58FD1E,0.0899112963
CC_1783F37259BE,0.0816678970
CC_178B135605CA,0.1008296646
CC_179AA5165026,0.3790663670
CC_179DBA1C4CDB,0.3065400692
CC_17A1090B69C9,0.1168354999
CC_17AA1A4C904D,0.2180046892
CC_17B06C06FDC1,0.1774471761
CC_17B89AC1FD03,0.2182469118
CC_17DC33AA73F3,0.0612019137
CC_17DE4D267831,0.1110939458
CC_17E929BE0344,0.3866017233
CC_17EB83DECE5E,0.4458142230
CC_17EC9982E5A6,0.1668333103
CC_17ED5555B4FD,0.2355878944
CC_17F4292DAF8D,0.0986583740
CC_1807B0980C86,0.0649687549
CC_181354A58B53,0.0836883895
CC_181E7266E018,0.0982204906
CC_182AAE7CC3CA,0.4973343634
CC_183EDEDC5DA7,0.0807404357
CC_184C47552665,0.2517729357
CC_185A7392A475,0.2799876089
CC_185FEFD3233A,0.3606706300
CC_18676FE5FC07,0.0777615034
CC_18776C4FDE28,0.0861069438
CC_187A8AECEFBC,0.1716787422
CC_187E7D0B4E82,0.7089226834
CC_18839D393105,0.1471641235
CC_1888476F6CF3,0.1291559282
CC_188B1ED2AAA5,0.3349561594
CC_18A4257C3172,0.2878558182
CC_18A7929D9FC9,0.2995725138
CC_18A8695F185E,0.1104920212
CC_18ACE64E8F74,0.1969908473
CC_18BF4A29BB38,0.1383419343
CC_18DE36F7D294,0.1394130305
CC_190EB07AC1FC,0.1233584666
CC_19219F2C60B7,0.1839398709
CC_192262DB0B0F,0.0796805326
CC_1929746E06CD,0.6561187247
CC_193356E72D61,0.7033562301
CC_193938E8EA40,0.1892323617
CC_193C60092202,0.4467900797
CC_193F669537D1,0.1666360131
CC_194E13150BE5,0.0671777067
CC_19556DDCCDB3,0.0305693085
CC_195A6E9B48A2,0.1122486911
CC_196DEC616B33,0.0994402534
CC_1978B23D64A8,0.1058484278
CC_198562A4BD86,0.1330537360
CC_19864C9572BC,0.1589910619
CC_19868B6887C9,0.1245107754
CC_19969E05AB2B,0.1689042021
CC_199FC89885C7,0.1290062353
CC_19A40411B404,0.2236679848
CC_19A6D9B60B29,0.6470458081
CC_19AAB010550E,0.0653867363
CC_19B4743DFEEC,0.0671884116
CC_19B95A61D757,0.1899120491
CC_19E6A00F6A5B,0.0723340030
CC_19E8DEC29F47,0.5291246960
CC_19EA54976042,0.1609557629
CC_19FBBEA75B7F,0.1498136243
CC_1A039E58840A,0.0649337963
CC_1A075331756B,0.1084956079
CC_1A1E1302C432,0.1549762464
CC_1A37690EAEDB,0.1652355025
CC_1A3BF9F5BD42,0.1463676489
CC_1A4268FEB02E,0.1611192723
CC_1A5F8618A912,0.2818677441
CC_1A659D4D521E,0.3936972278
CC_1A879655902A,0.0594280827
CC_1A9F6DA46BC2,0.1134356282
CC_1AAB15E81743,0.0333879768
CC_1AAC389EF8A2,0.2315889299
CC_1AAD0CE365D9,0.1061866884
CC_1AAD9152C90B,0.0512325932
CC_1AB15BDA9296,0.0586715215
CC_1AB8BDA3041B,0.2729009263
CC_1ABB9CB074E2,0.7350479211
CC_1AC1B1A3978D,0.0600740289
CC_1AD20D1F9C08,0.6914856759
CC_1AD881A90D1A,0.3557115577
CC_1AE9811724DD,0.6962263862
CC_1AF1AAAB9D12,0.7578382787
CC_1AFCC4D0ABD4,0.1726618651
CC_1B08ADAFD1C4,0.1625513315
CC_1B10139C7917,0.1281401657
CC_1B127133B948,0.1400497040
CC_1B25964EA376,0.1889312276
CC_1B27A85C7244,0.1824444917
CC_1B29F4378A34,0.1266598842
CC_1B2EC0BD0677,0.3042467944
CC_1B4AAF37FB97,0.0781815114
CC_1B5E792F6E6C,0.3165054542
CC_1B7166DAA790,0.1672249581
CC_1B89FD901C95,0.0849476560
CC_1B91E3A70338,0.0755138176
CC_1B9D9B7184F7,0.1389834634
CC_1BA3FDD92B1B,0.0768559388
CC_1BA9B3D67170,0.1588545442
CC_1BAF97E2BCF2,0.1032980691
CC_1BB7D8A54021,0.0744938059
CC_1BD548A5FEF3,0.1355334260
CC_1BDF1893ECEB,0.3041276571
CC_1BF117A8AF9A,0.0623912390
CC_1BFA7E407428,0.6610720701
CC_1C0066F472E4,0.7294918242
CC_1C09CC2385AF,0.0703060363
CC_1C11467AB472,0.6828904535
CC_1C1627B7EE6E,0.0470116132
CC_1C3259B85E28,0.1518850752
CC_1C334ED885FA,0.0436972920
CC_1C376760FE39,0.0835768347
CC_1C39A1ADF3F2,0.1979484010
CC_1C450FC77478,0.1202006602
CC_1C48409023DF,0.4246015697
CC_1C4D03324C60,0.3435772985
CC_1C5F1E1028DB,0.0389747968
CC_1C6681C0AA7A,0.8083531055
CC_1C84CFE19CDC,0.2063367944
CC_1C8B3F689C6D,0.2226167792
CC_1C95674B902D,0.0412625271
CC_1C9A4C11F28F,0.1521411592
CC_1CA3F50BABEA,0.0735022134
CC_1CBF42D35AED,0.6541921579
CC_1CC11BEADBD5,0.1444441782
CC_1CC3CE396A8A,0.2448305075
CC_1CD2B13C2E6B,0.0845277110
CC_1CE0B37CA670,0.0824503320
CC_1CF5A99FC068,0.1259204129
CC_1CF71AEB6671,0.0779404993
CC_1CFE066F5EE4,0.1965310256
CC_1D00B360809D,0.0544565541
CC_1D1173F82F2F,0.1033558973
CC_1D1E06E0B393,0.1585279979
CC_1D2789866B1B,0.0914824357
CC_1D2DD7DF781A,0.1538744025
CC_1D313498A2DF,0.1674643315
CC_1D68396533F9,0.3567392804
CC_1D7235BA1EAF,0.1676179522
CC_1D7ABAF9D080,0.0538107110
CC_1D7FA51D0D7D,0.4684339360
CC_1D8CFB3589AE,0.0670628126
CC_1D9421A6EB19,0.3165837941
CC_1DA0AC68719F,0.3902939794
CC_1DA366D588B6,0.1133141899
CC_1DACBFE0296C,0.1030171072
CC_1DBD6A716910,0.6662800906
CC_1DCB75B5CBDE,0.3229016528
CC_1DCDADBC0E90,0.4328766486
CC_1DD11FAF43E8,0.1220265710
CC_1DD8064E71C7,0.1488861396
CC_1DEC926EE25C,0.1120328824
CC_1DECBAE4FC5B,0.0577771704
CC_1DFF80E6D4DF,0.0675327037
CC_1E025C3597E7,0.2215708837
CC_1E082052CCBA,0.6375040116
CC_1E0E30441DD1,0.1733067930
CC_1E20E200611C,0.1392680358
CC_1E354C75EB9B,0.0321295311
CC_1E3B2C15EBCD,0.1691699464
CC_1E4DF11FAF55,0.1503840584
CC_1E4FE60DFD8D,0.7536834242
CC_1E5A648D299F,0.1863127098
CC_1E6C0A8B3841,0.6537339217
CC_1E7FA6E807A3,0.2454823218
CC_1E93F760EC93,0.2169816243
CC_1E99F40FA03E,0.0633249186
CC_1EAD09DBC23F,0.1967792498
CC_1EB3D53252DB,0.2431895358
CC_1EC889E04D69,0.1157532806
CC_1ECCBF6853F6,0.4842087444
CC_1EEC4520436C,0.2004011916
CC_1F2827DC99C0,0.1948657030
CC_1F2C184C5227,0.0792889211
CC_1F3FA8091B02,0.1115106548
CC_1F4E07BFDC8C,0.0437904448
CC_1F4E0E9B54BF,0.0592853173
CC_1F55738A6A27,0.3488390143
CC_1F65276D0EF8,0.1272098391
CC_1F65C797BD40,0.0588316562
CC_1F668C0AE868,0.0791882107
CC_1F6B19A04BD8,0.0471155117
CC_1F945A60367E,0.4867467061
CC_1FAB6F11DFCA,0.6871897563
CC_1FACCCE95224,0.2745240534
CC_1FD010E5EA82,0.0600882173
CC_1FD2B7BCCD20,0.6576105912
CC_1FDAEC3D5CBB,0.1125023469
CC_1FDC65FE3DBE,0.1472682348
CC_1FE696D8A81B,0.0586831449
CC_20027685F59C,0.7502252508
CC_2009F3D77774,0.1143011462
CC_200C552C40F3,0.1180516372
CC_201459527065,0.1199905090
CC_20275029A688,0.0930916719
CC_2028DA597C34,0.2089141031
CC_204E557E5046,0.3916730058
CC_20542CFCFB39,0.0367543316
CC_2060F813C9B2,0.2636361302
CC_20813A9A7F71,0.1368370799
CC_208429A11E2F,0.1427103038
CC_208B0FE7CBAD,0.1005557335
CC_209A511030A7,0.0413863327
CC_209DD60421B5,0.0693132255
CC_20B26D646D62,0.1702474629
CC_20C47966B174,0.2233399199
CC_20CFE9681E4D,0.0807431947
CC_20D4DB0F3E3D,0.0425660376
CC_20DD84CE3CA0,0.1082826774
CC_20E57CA675DA,0.6127329348
CC_20F129FFBE00,0.2164227805
CC_20F4E0F62D2C,0.0938388949
CC_20FEE0B2130D,0.5986854516
CC_2111B298C212,0.1205942619
CC_211315AD7633,0.1850361167
CC_211504721E27,0.1512329535
CC_2119919BCB4F,0.7635801113
CC_21375C9ED931,0.1969625900
CC_213D2A5355FB,0.1960872726
CC_214B50E48E94,0.1539418003
CC_215F86D986BA,0.1325774533
CC_21600308F496,0.0446308805
CC_2166F3F6344B,0.1044609994
CC_2168BBB42053,0.1258322366
CC_217030CE0127,0.0433201124
CC_2179067B405D,0.0413034431
CC_219B59B67193,0.1744174320
CC_21A9E8DB58FE,0.1672702739
CC_21AE679C5E95,0.2780033094
CC_21B98D13174C,0.1005737715
CC_21C81BC15002,0.0901734211
CC_21C9B26CFEA3,0.0841172113
CC_21D22081A4CA,0.7787386653
CC_21D29CD736D3,0.3023364574
CC_21D3CEAF838E,0.1800832831
CC_21EF792A3811,0.6564828472
CC_21F04E996723,0.4258324911
CC_21FB6C8AB8BF,0.4466943449
CC_22067686F6C4,0.7290250479
CC_2207A39B7BB8,0.1450020575
CC_221053121AAB,0.1638387872
CC_222423774191,0.0653478229
CC_2230EFBC99AE,0.4704872346
CC_223BDED2A465,0.2753182469
CC_223E3CA7A07F,0.1848244297
CC_2250B42E48B2,0.1395284041
CC_225935E43583,0.1281728403
CC_22781E93CF84,0.1771950309
CC_22784AF3CB6B,0.4400877472
CC_22831690395E,0.2229370368
CC_228E6CBCC935,0.6706698046
CC_229338EBBA6C,0.1040172585
CC_229A63057E54,0.5444244657
CC_22A2D8A4B437,0.0834885862
CC_22ADE1EE9BC7,0.0947798528
CC_22B69E7C415A,0.0370802678
CC_22C590B43FEF,0.2847111121
CC_22F06379D8FD,0.0293498323
CC_22F282264A1D,0.1086368954
CC_22FBF5F0E1C0,0.2485793569
CC_2302088175A3,0.2722726644
CC_230672EAA654,0.0347265421
CC_230870B121F6,0.1685376554
CC_230A051B2B3E,0.0504500895
CC_2316F57AFB7A,0.0934633939
CC_231D091FCD1D,0.0534554346
CC_231FDED1781F,0.2244793001
CC_2320053D1183,0.0666915261
CC_2320AF507566,0.1713004819
CC_23321FF41C3D,0.2349692103
CC_233470D6BE72,0.6458715783
CC_233C8EBC95FC,0.3666458821
CC_235F99F13500,0.1946301441
CC_235FC02CA52F,0.1961766487
CC_236C80CAF53D,0.1907643608
CC_236E7222D97C,0.0759615979
CC_237B86FDC93C,0.0627381241
CC_237E7EB2D7D8,0.0895024383
CC_23830081EE1A,0.6225882590
CC_23894AAA08DB,0.4721385041
CC_238CBFD6E20C,0.3313964505
CC_2392A4A79C9E,0.0329161940
CC_23A474D43C73,0.1806122866
CC_23A9CC59BA0D,0.0296196267
CC_23B158D8306A,0.1203503355
CC_23D147F1870B,0.1575086336
CC_23D2E73DCFCF,0.1404730431
CC_23D9103D1EAB,0.0368314393
CC_23E142182F2F,0.7291863406
CC_23E43713A108,0.0346505736
CC_23EF2911610E,0.4904510032
CC_24056B76BD7D,0.0473833618
CC_2416ECE66177,0.1138810899
CC_241E65816FC2,0.0816302630
CC_241F7E97FBDD,0.0599147942
CC_24217201D7A1,0.3953714546
CC_242301FCCE50,0.0473091856
CC_242C69CF0B12,0.1235092899
CC_243B23702DC1,0.1814461720
CC_2456B9C796E4,0.1099191434
CC_2457D89CB88B,0.6519745604
CC_24667210E2AF,0.2545511681
CC_2468D206CAEA,0.0581830844
CC_2469630A4F86,0.3412124425
CC_2469D83D9594,0.0391665063
CC_248C65EF54A5,0.6331523299
CC_24BCCA7941E8,0.0864162586
CC_24BDC1CE2A3A,0.1893325182
CC_24BFCCDF957C,0.0311533504
CC_24CC8A1B1CB7,0.1187594685
CC_24D4B1852554,0.2304598970
CC_24E65FA5A32E,0.1579117832
CC_24EF3EDB6857,0.0429005843
CC_24F15A19D648,0.1824411195
CC_24F2410B5A19,0.1583377647
CC_24F27E7DE1C6,0.4522413412
CC_24FFFD0C983B,0.0354801098
CC_2504E9D5D5E4,0.1544130840
CC_250F6A0DB62D,0.0740823809
CC_2520E13DF0A2,0.6955821559
CC_2539C315029D,0.2725972932
CC_25519ED78507,0.1871672252
CC_255D49296DB6,0.1298392933
CC_255DC60FF5BD,0.0511248177
CC_2563C9EF9D55,0.0666760440
CC_25756EB9651F,0.1263553706
CC_257CC46D379B,0.4384711004
CC_258D5F80A933,0.6977206435
CC_259D87270257,0.2071144561
CC_25A41AB21C94,0.2315431907
CC_25ABCDCC8B71,0.1318805182
CC_25AF0D0569B5,0.0934423535
CC_25B61D393144,0.1800343536
CC_25B95D7288CB,0.3723177148
CC_25CE2F2F13BE,0.2184219528
CC_25D1A5971976,0.3165326132
CC_25D411B46F00,0.7332496707
CC_25E7A2DC5E41,0.0726799899
CC_25F4C8E51AC2,0.5236740958
CC_260323EFB122,0.5724105521
CC_260F10484312,0.0563866730
CC_2610D0F1D0A7,0.1777371916
CC_2615866F35A2,0.1006043542
CC_261DA4E8DBEB,0.1283483292
CC_2628F00B0745,0.3848500417
CC_26338E9AD15F,0.1277215739
CC_26346B99BDBE,0.6590270756
CC_26351DBC1AF6,0.1687155249
CC_2637397AA3F3,0.5961861486
CC_26675C32611C,0.7247995591
CC_266E49E49071,0.1607263927
CC_2696368A4DC6,0.0380282413
CC_2698641B68A5,0.1400251186
CC_269C5AE6A1A3,0.6726250224
CC_26A06AD1206C,0.7789046390
CC_26A358B0C10F,0.1722881103
CC_26B07CB02EA3,0.6302736451
CC_26B638BEA8CE,0.1268125127
CC_26C33B649FC9,0.0712049491
CC_26D5B969A36F,0.3233866513
CC_26E3A1226C2D,0.1711493129
CC_26EEA3F0224A,0.2452360902
CC_26FA5E5A718C,0.1712403882
CC_26FE119D4919,0.0572130397
CC_270B462BAEF3,0.0480187779
CC_270D929FEA9F,0.0746837149
CC_2731AD82BA11,0.1741012919
CC_274144AE3E86,0.1415855202
CC_274AE6E82879,0.1629438367
CC_2757A490C5E1,0.1178320272
CC_2766F6011BD0,0.3691017370
CC_2768E644C697,0.0576767118
CC_2770DF70328D,0.0647140963
CC_277503968C44,0.5176967521
CC_277CE974AA8F,0.2513888683
CC_277D246E39B9,0.2366492605
CC_27A1CC725B7A,0.0635377891
CC_27A798829CA8,0.7224189464
CC_27C938FC8DC6,0.4243785089
CC_27CA2D819E7A,0.0692448586
CC_27E3712F0E38,0.1346304453
CC_27F3B3F43FF9,0.0336567806
CC_27F9832EAB8A,0.4158619996
CC_2809CC131F3A,0.6898929040
CC_2812523510C0,0.1431937741
CC_28151C75756D,0.0549493997
CC_28203CC976F9,0.1065397432
CC_282AFAE06F96,0.0878868569
CC_282C2404F4C0,0.0825663557
CC_2834BA2F19FC,0.1563940031
CC_28432E22F47D,0.5856183469
CC_2844882CC439,0.0678767964
CC_284F79726032,0.3546699526
CC_28544783AB15,0.5161620459
CC_2856104729EA,0.6771649888
CC_28625CD86761,0.1658075066
CC_2866BDB46FB1,0.0857044738
CC_2872415C6B36,0.0775144268
CC_28752737647D,0.6766180750
CC_2875C281EE88,0.0478382439
CC_287E3E9EDAC9,0.0865464588
CC_288A2C49D62A,0.0593811365
CC_288FA8CD819C,0.1755445570
CC_2891894CCED4,0.0749168628
CC_2895608A9699,0.1274563300
CC_28A2EF7926AE,0.5804223977
CC_28A7DBD2B710,0.1690995748
CC_28AD81DF2C51,0.1438278581
CC_28AEC29CEC25,0.1850314282
CC_28C1C3DF7928,0.0972153750
CC_28CA76962EC8,0.1820336928
CC_28CD47803B6A,0.0688278478
CC_28DF569DBBE5,0.0719714606
CC_28DFE611C657,0.0946219330
CC_28E11E6A6C8D,0.1541187630
CC_28F58ADC7CBC,0.1473919034
CC_2916479EBC84,0.1412413819
CC_2917C6CB0B2C,0.1310558969
CC_291C7830D4B5,0.3649645714
CC_291FE1744E5F,0.0755398265
CC_293124F1ACD1,0.1439618945
CC_293C2D704AA9,0.3116951776
CC_29432A6B2555,0.1288284826
CC_2944B427406C,0.1763218679
CC_29468B7035D6,0.1154295757
CC_294A9A24E473,0.0544271523
CC_294B94EB0E07,0.2628663336
CC_2967C29E4C3A,0.1198153613
CC_29716D5835F4,0.2279274858
CC_297179FF2BCC,0.3896587094
CC_29803690C939,0.1809191391
CC_29821539DC4D,0.1602006428
CC_2983C1D2A273,0.1623154424
CC_298CAC5A1868,0.6169564351
CC_299EBE0FB429,0.1613025677
CC_29A1C0073882,0.4858062424
CC_29B6065F187B,0.3657188466
CC_29BC66C10F87,0.6199446908
CC_29BF3C3D9682,0.1463203271
CC_29C4425FB2DA,0.1904456252
CC_29C5D0D72D61,0.1302424109
CC_29D65E313500,0.1436511610
CC_29FD856F47A5,0.7137226829
CC_2A097F88615A,0.0915602768
CC_2A0CB4CE1A48,0.2035768917
CC_2A14C1652D6D,0.2352018633
CC_2A1F96F80938,0.1183250848
CC_2A23F71805A2,0.1376202574
CC_2A2BF2FD0498,0.1236669494
CC_2A358A1D3DDF,0.6355025096
CC_2A3E371F0DAD,0.2725079297
CC_2A423FC8A330,0.2967877282
CC_2A43368D54F9,0.5766627790
CC_2A47A21C0E07,0.6446798416
CC_2A4CB02E7A1E,0.1191497373
CC_2A510080BA29,0.1903457727
CC_2A5316E550F0,0.0758541804
CC_2A59695EF90A,0.5707628705
CC_2A606D00CC46,0.0434926246
CC_2A6C69145AE0,0.0894318773
CC_2A6CD71471A6,0.1152049505
CC_2A70D6EF64E1,0.0835490318
CC_2A844754AE67,0.5841512044
CC_2A85A7B242FD,0.1995223054
CC_2A9A51067D7F,0.1226948357
CC_2AAAD4020436,0.1981293315
CC_2AB62BCF3704,0.0804967277
CC_2AC1C8DE5649,0.1495688388
CC_2AD10D78793D,0.6944986926
CC_2AD26446A7AE,0.0376153807
CC_2AD2D35975D1,0.0864290505
CC_2ADA07B0211F,0.3035615120
CC_2AED2D284351,0.3145317551
CC_2B01FDE2552D,0.2362294601
CC_2B06DDFD7F8A,0.0724304202
CC_2B08FBC0A948,0.1749768229
CC_2B1914218468,0.7506670230
CC_2B1D93E12DC9,0.1629739220
CC_2B248C488918,0.0793161656
CC_2B256891C60A,0.5316674439
CC_2B2801591A25,0.4203313477
CC_2B2B7CF1E40F,0.1039204594
CC_2B2F4204834B,0.1933927219
CC_2B5443C7AB87,0.0711284261
CC_2B5D780AC244,0.6632121086
CC_2B64E67CFF13,0.0593017947
CC_2B6B872C8D21,0.0809272565
CC_2B85D931F011,0.1037417459
CC_2B959EF030DD,0.1514642522
CC_2B973D1AC16E,0.1205875228
CC_2B98983C2687,0.0426409193
CC_2BA581E7B8D2,0.1077675743
CC_2BB2C432C369,0.1296674986
CC_2BBE19587CD5,0.0923271102
CC_2BCB838A9581,0.1376825858
CC_2BD0E9336EB4,0.0712377269
CC_2BD1633FD528,0.0863563442
CC_2BD58FC8C2B9,0.0535663912
CC_2BD6083CAB0B,0.8108335122
CC_2BDD47B177E5,0.7878625684
CC_2BDE889EB05C,0.2757009945
CC_2BF8DB192A49,0.6136564577
CC_2BFDF46F3AC2,0.1173345288
CC_2C00CF2FAE22,0.1308547151
CC_2C06DDBA1073,0.3659276434
CC_2C16C7838FAB,0.8355147858
CC_2C263A1A732C,0.2173688965
CC_2C34105831A6,0.2098368031
CC_2C43FFA06F31,0.0824062315
CC_2C4DEE4CA1CF,0.0618219711
CC_2C56DB55E40E,0.1027912298
CC_2C59F565C183,0.1547166919
CC_2C7F54E56925,0.2157236236
CC_2C8CFCC646BE,0.0321933002
CC_2C91AB1DB754,0.0538173471
CC_2C93356976AE,0.4333251124
CC_2C9DADC294C8,0.0688988815
CC_2CA94231028A,0.2345175182
CC_2CC8CB17283A,0.1900622703
CC_2CCD42AA2376,0.1437834493
CC_2CCFE560A79E,0.0711398985
CC_2CED227E5216,0.1170166256
CC_2CF326E90715,0.0396033050
CC_2CFEA03CC6A0,0.7089891478
CC_2D1D032137DA,0.1031820246
CC_2D258781011B,0.1797092904
CC_2D30260A1CEC,0.2422155832
CC_2D35C002A9F1,0.1458115642
CC_2D45DEA4EB25,0.1757915617
CC_2D5494C13FFA,0.0873777076
CC_2D5EA2953E81,0.2021229614
CC_2D6E7894EA16,0.6572169764
CC_2D7DA36360AD,0.2099091915
CC_2D7DFEACA38C,0.2922927484
CC_2D836654A121,0.1505237834
CC_2D9CDFC6C57E,0.7354380836
CC_2DAC67585B03,0.1976655424
CC_2DAE338809DE,0.3125046099
CC_2DB062A18C75,0.5923401267
CC_2DB2C55CF89E,0.8289505612
CC_2DBCBF870292,0.0453881315
CC_2DCBC03B4FA3,0.7272457902
CC_2DD78131B5A1,0.0924084460
CC_2DD7BCA75AB9,0.1389603359
CC_2DEB49017220,0.1151492013
CC_2DF6C71ED372,0.1475759911
CC_2DFBFA1A4FE8,0.1602770293
CC_2E12A41F7733,0.0822270821
CC_2E1A348EB1E6,0.1096074434
CC_2E23CB0F6F7B,0.3719198038
CC_2E3634587158,0.0490980827
CC_2E3F4B14D8DF,0.3119424438
CC_2E3FDDBF4F48,0.1803986849
CC_2E61C46BC16A,0.1634985922
CC_2E62AEB14351,0.2856528741
CC_2E6F1C0ADEB8,0.1774489584
CC_2E7415FAB62E,0.0760362052
CC_2E77F7444FDF,0.0409632019
CC_2E78431BE3DB,0.0848239152
CC_2E7D44FB8075,0.1808275046
CC_2E7D8539BDA6,0.3075444447
CC_2E7F248874AA,0.7377634222
CC_2E85BB8F3BB5,0.0894922402
CC_2E8897E4D9BB,0.2882489922
CC_2E8CCDE89E2D,0.2620979919
CC_2E927D910813,0.1186734219
CC_2E9891F5A2D5,0.1303152594
CC_2EA56A7EAC04,0.2809219270
CC_2EB45D13B248,0.1128993869
CC_2EC924B0EAAE,0.1175117665
CC_2ECC248C96B7,0.0502471366
CC_2ECF0C98B06D,0.3791544126
CC_2ED3F6481454,0.1414976404
CC_2EDDF0B40ED8,0.1328258725
CC_2EE2A139642B,0.1492312254
CC_2EEE072DA301,0.1854719021
CC_2EFEBB85DAEB,0.1802181587
CC_2F133BEFAA69,0.1269553517
CC_2F1AAE3B81F2,0.0836090797
CC_2F1BC47CC90E,0.0449928459
CC_2F2128FBBDDC,0.1539401648
CC_2F3D3342834E,0.0724256531
CC_2F42D39F710B,0.6386058614
CC_2F4AFE398419,0.7481413616
CC_2F4C24B38EE6,0.0597289465
CC_2F508C0838A6,0.0769267550
CC_2F50EC193942,0.2333249490
CC_2F5BD03D4900,0.0762759421
CC_2F73AF6728BC,0.0445121736
CC_2F7EBEAB9CF2,0.1630967959
CC_2F9AD2BC25F5,0.0579288741
CC_2FA3172ED3FE,0.7027368316
CC_2FBEF8808F48,0.1854168191
CC_2FC014F0EA3C,0.0906817289
CC_2FC3AD2EC986,0.2287165840
CC_2FCC82AC097C,0.2399014787
CC_2FE2ED7D464E,0.2851354960
CC_2FFCC9802D2A,0.1753403964
CC_2FFE32627DF8,0.2232218665
CC_300BEA90EF3F,0.1435803767
CC_3017B64D0364,0.2027498872
CC_3017E5E87C94,0.1399318071
CC_3028375CC87E,0.7947764371
CC_302A48CFCEDA,0.0689609275
CC_3031F96196BD,0.4258989895
CC_30328ADA0AE8,0.0846366468
CC_30451015D913,0.0283365106
CC_305D33AC15A9,0.7997559979
CC_306015CFB66A,0.1482725478
CC_306413849CEA,0.3353268459
CC_306EF0BC7CB3,0.0291681117
CC_3075C5B861A8,0.1093190794
CC_3083D9B76858,0.0503614733
CC_3096994A495B,0.2283036963
CC_30B106BC1657,0.1706465269
CC_30B967417C42,0.1760197487
CC_30CABAFF5453,0.0951432548
CC_30D68208FB23,0.3562417038
CC_30E2A90BACAD,0.1706013737
CC_30FFD856443D,0.5384123491
CC_311EF26786A8,0.0821273154
CC_3129843EADE6,0.7549829370
CC_312C34EF683B,0.0418053400
CC_31302B64C078,0.1080439454
CC_31344A25B569,0.0307097658
CC_31397A399AD5,0.1039642708
CC_3145B5EAD7AE,0.1890619503
CC_3146EE0BF81A,0.1280321963
CC_314D02632843,0.2275242445
CC_315133406E42,0.2335993317
CC_3180D1C6FB7E,0.2028531490
CC_31827EE8A968,0.3348148221
CC_319BE06CC27F,0.0388276130
CC_31A0A97AFFCC,0.4581963601
CC_31B22116E36C,0.1601203717
CC_31C78D9B6494,0.4079934775
CC_31D3FA367B41,0.1273801735
CC_31DAAB3E6DA7,0.1633261981
CC_31E36F666FB7,0.0782324730
CC_31E72EA14FE4,0.1250372386
CC_31FC6DC9482C,0.2758488132
CC_32076DA6AE23,0.1632854405
CC_3209FA12D938,0.2995383032
CC_320E17F947CD,0.4096862339
CC_3223C706DD92,0.2392297854
CC_322EFB2E377D,0.0941657011
CC_3248EB928073,0.0904928157
CC_325D5DC52B1F,0.0836636654
CC_32662A6DB78D,0.1389310592
CC_328DD3BA068A,0.2573118920
CC_328DF7798F91,0.1510914020
CC_3295CFEB188B,0.0874856571
CC_329DC79286ED,0.6947298092
CC_32CB77D55C73,0.1182352410
CC_32D129B9E651,0.0953474360
CC_32DB12551D37,0.6757702231
CC_32F00D77D5CD,0.1118298103
CC_32FF5F6892D9,0.1980667625
CC_3301EF60877F,0.1322242747
CC_330F334BD816,0.1119761639
CC_331285B3494C,0.2180096881
CC_331364283D5C,0.1542340101
CC_331718E0F54F,0.1798722841
CC_33194D48FF66,0.0900276183
CC_331E8B8BCAB8,0.0640833599
CC_33254134ABA9,0.8376554384
CC_332E42439579,0.0848745541
CC_333102AB964C,0.1411756656
CC_3338AC0E8112,0.2586289942
CC_33656EEDE6F2,0.4507036688
CC_336777D934E0,0.4440799875
CC_336DBFE464D1,0.5228595330
CC_3382BB2F3152,0.1213519768
CC_3387207793E4,0.0426030729
CC_33992C973839,0.2049432737
CC_339C36703675,0.1077822654
CC_339CA5814519,0.0978984814
CC_33B157F2A921,0.1034145910
CC_33BBD10F239D,0.0648030111
CC_33D3B12EE56E,0.0909149390
CC_33DB68EA27CB,0.1070819400
CC_33F0B95E70CE,0.2476921005
CC_33F40275D630,0.0577789766
CC_33FD5DE22692,0.0984764637
CC_340961106343,0.1339568512
CC_340BB1F4CEF0,0.1488684757
CC_3410B11F1FA3,0.1472124999
CC_3424972707B6,0.6521419901
CC_34452758A645,0.0290781094
CC_344D239879D6,0.1478136169
CC_34503B6891CE,0.2174906652
CC_3451722A3813,0.0754689558
CC_34517B513D8E,0.5199581693
CC_346ECB4CF2F8,0.0998951846
CC_3478E8B6B56A,0.0552730150
CC_347AFDE16722,0.0989889840
CC_347B1A01467F,0.0490020087
CC_348AA62FF484,0.3109931818
CC_348D3F098A4D,0.1011656003
CC_349290E4D0C9,0.1800596238
CC_349347D553D1,0.2677566009
CC_3495CE27BB05,0.1967335264
CC_34B10A654721,0.1610660515
CC_34BD2C5130C8,0.1336898809
CC_34C433439160,0.0599909143
CC_34CA271F73E3,0.3012464178
CC_34CEBEA3B15A,0.0799394011
CC_34E58CF793A0,0.1298892239
CC_34E6909B6027,0.5511222409
CC_34F4292A8B5C,0.1712701541
CC_34F6DD223594,0.0404304031
CC_3508A7A5E9EB,0.1434928086
CC_35094977DD75,0.1423509160
CC_350DE157CE6D,0.1834848568
CC_351BD5C2EE8B,0.0230966492
CC_35486249EDEF,0.1461707302
CC_354C9ABE6DDE,0.0695681027
CC_35578162927A,0.1462167322
CC_357C3E7518D3,0.7686003696
CC_3584C15BF11F,0.0361793140
CC_3588C5166872,0.0928013991
CC_35A68306B19E,0.2535112379
CC_35BFB3093D02,0.0520400151
CC_35C085ED37BD,0.5471104737
CC_35C695C13279,0.0694475312
CC_35D1668A4C13,0.2172181606
CC_35D27495E0CB,0.7678716637
CC_35D562E1DBE1,0.6455318922
CC_35DCDC74A757,0.4401213114
CC_35EC2AB1D1EE,0.1388352143
CC_35EEB90317B9,0.6575307931
CC_361A9EAF7706,0.2534439840
CC_361B968FEB98,0.3221308092
CC_361C9FA031A7,0.7743937226
CC_3620C5D1B3E2,0.0583118717
CC_3622D7221940,0.0401367261
CC_363175E92F74,0.3123018822
CC_3638C9146BFC,0.1313783535
CC_3643A4C7EC5C,0.0622954484
CC_36690A9AE112,0.7091097556
CC_36719170F638,0.1222260147
CC_3673466BA7A7,0.0877013577
CC_36847054DF52,0.3839893307
CC_3691CE792752,0.7681748742
CC_36A27FE53743,0.5117245517
CC_36A3FB06D1D8,0.8093925107
CC_36B0F2AD5413,0.0524988422
CC_36B1B7BF5F75,0.1459255649
CC_36B68E66951E,0.4102103353
CC_36D3F09AD810,0.5700671742
CC_36DBD8424220,0.5623925148
CC_36E5645D8018,0.0842130921
CC_36E6592E4E23,0.1686479275
CC_36F143AEC864,0.1108314136
CC_36F2A735DF73,0.1819996370
CC_36F81C003E8F,0.0520117230
CC_36FCD55EE425,0.5198310502
CC_3701D5DB7FA1,0.0842036190
CC_3706E1EB2587,0.5040289836
CC_370E0F8EF86F,0.5676777421
CC_371D47444D5B,0.6750806039
CC_372CFE308EA4,0.6167683914
CC_3731D90357A6,0.3075848131
CC_37322F66C543,0.0391951206
CC_373539DE38C5,0.1394221851
CC_375225700242,0.3571221721
CC_3762D0B6F3C2,0.1227784012
CC_377A277E831A,0.1312479230
CC_377B6066B91B,0.2123289079
CC_378D71726B5E,0.0801095303
CC_37A46BD0DCBF,0.0370829413
CC_37B447368F02,0.7441961874
CC_37BFDFE369A3,0.2334992389
CC_37D09FE492BD,0.0604040838
CC_37D3F4C07235,0.2629362473
CC_37DDACE48E3C,0.1166093937
CC_37DEF85C0A37,0.3147788416
CC_38020CED9EEF,0.0985859733
CC_382207621EC5,0.8270609705
CC_38374AB27F95,0.0886676188
CC_383A5544DD5C,0.1199077733
CC_383C129A5B96,0.2297284347
CC_3847AAA649C7,0.1271114193
CC_3849D992C1E3,0.0792688413
CC_384BB17F0F0B,0.5187779893
CC_3851177E5E76,0.0684003271
CC_3862F88850B8,0.2288855527
CC_3867CFCFCC94,0.3166623556
CC_3872ED018F85,0.1731371037
CC_3881A587C072,0.1372522718
CC_3882F8EB5EEB,0.6049165774
CC_38911341EA6C,0.0814174921
CC_389E5B71E254,0.5157035981
CC_38A0DBCD3728,0.1115623012
CC_38B3E9142747,0.1106152973
CC_38C1B8860300,0.0540319898
CC_38C8CF250B60,0.0324311440
CC_38D32B790B4A,0.1444201227
CC_38EB304A9915,0.1620587843
CC_38F26461C872,0.6898584632
CC_38F942257E28,0.5734836251
CC_38FA5D78A8A7,0.0478716941
CC_3903D7BCCA95,0.0663507519
CC_39043D7ED04D,0.1908951128
CC_39098B256732,0.0638221862
CC_3909A2E4C679,0.1571864491
CC_392344DF8D55,0.3028803380
CC_392628C8AD47,0.1008806590
CC_39285F4C42BF,0.3771738298
CC_392A376EA1A2,0.0993601750
CC_3932E086F150,0.1787498158
CC_393D1D3640D0,0.0624639181
CC_3943B3490B49,0.7411098524
CC_394DE164DBCD,0.1330391325
CC_395600E84A54,0.1396209632
CC_395D181A7E1F,0.0890445173
CC_395E8CACC437,0.1301893732
CC_39635AC6A70E,0.0616139156
CC_3969352E3ABC,0.0892875733
CC_3985C0DF9CB5,0.5023308408
CC_3989F2C6A9F8,0.2164274502
CC_39A82672A1B2,0.0777756959
CC_39AA15DAE17D,0.6466805958
CC_39AA2A3D98CC,0.0330205735
CC_39AC257B00C5,0.1177018045
CC_39ACC63CDAEE,0.1091900360
CC_39CE40784C2C,0.1987468281
CC_39E1A306D418,0.1289490929
CC_39F2B11C46D7,0.0937787252
CC_3A10F5F50A27,0.0535738064
CC_3A27CF9D162A,0.5707086484
CC_3A297424A7F7,0.1114230206
CC_3A39F7930BF3,0.0976596768
CC_3A57566F9977,0.5972220787
CC_3A61121254E6,0.0473414617
CC_3A81C568A7F8,0.1922450406
CC_3A82E7050A4D,0.0393675027
CC_3A860AADE6CE,0.1584535715
CC_3A8B3FC29C9E,0.1109688137
CC_3A8E9056A5A2,0.0843700815
CC_3A9617A5777D,0.4526332399
CC_3A99D25777CD,0.1426138593
CC_3AA9E8D01340,0.5858884763
CC_3AAEFC09C290,0.7199586070
CC_3AB5E579843E,0.2466395367
CC_3AB77A30AD40,0.1709130363
CC_3AB7BA36A414,0.3172199727
CC_3ABA830A5BB2,0.1389092777
CC_3ADDDA550A57,0.1268636633
CC_3AE7B1151DC9,0.1468650721
CC_3AE9A209EE00,0.0455810832
CC_3B06FCD75C98,0.0639796485
CC_3B0722FB5E8E,0.3035457700
CC_3B1C51DD7429,0.1568905121
CC_3B1F4696D710,0.6221740014
CC_3B224413A072,0.2833800070
CC_3B35C3783CCD,0.2443928868
CC_3B3626F3DF9F,0.2035039728
CC_3B4405C7E486,0.5254098870
CC_3B4C4A9C9D99,0.3461928791
CC_3B72F0E9E3F8,0.2253768122
CC_3BB02A95C6C1,0.7409390058
CC_3BB8B675C2BC,0.3791964062
CC_3BC51B069218,0.1101186624
CC_3BCA5BD201AC,0.1681584483
CC_3BCAC9793441,0.2790898124
CC_3BCBC867AC4A,0.0418816594
CC_3BE51412ABE7,0.4161944889
CC_3BEA98B401CD,0.6857276197
CC_3BED6DF1ABF1,0.1720283834
CC_3BF0BF7CF827,0.8051199376
CC_3BF110035599,0.6476881438
CC_3BF213810DEE,0.6320083688
CC_3BF21CA88D3C,0.4655098538
CC_3C0E29764C71,0.0589026450
CC_3C19509D4636,0.1412725673
CC_3C1B038BB068,0.1425916475
CC_3C594CADCA2E,0.1981541052
CC_3C5D909498F7,0.6519294814
CC_3C68D5179A01,0.1122985617
CC_3C83955704BA,0.7844192743
CC_3C93218F41B2,0.2932400822
CC_3C9CFC8FB4D1,0.7350973791
CC_3CA266EB55BE,0.1147858450
CC_3CE49C937F7C,0.0787071903
CC_3CEEB9C04F0B,0.4265408279
CC_3CF504AD4DD9,0.0916138634
CC_3D1092DBC5C2,0.2342620675
CC_3D185833E7BB,0.0481681911
CC_3D2309981121,0.3300779265
CC_3D27A0086AA6,0.2212812654
CC_3D3BE7D0F4D8,0.1479352084
CC_3D412B5EA919,0.0953056241
CC_3D47650C6F30,0.0627094770
CC_3D55D1FD8457,0.0552579482
CC_3D599501BA76,0.0820806525
CC_3D6181EE3C87,0.6433694166
CC_3D65CC165F44,0.1260561482
CC_3D6CF6DB8014,0.4409964591
CC_3D7C14801D40,0.2042495887
CC_3D836BDBF866,0.6100777896
CC_3D8DF3A3DB71,0.7782946700
CC_3D9309851089,0.1615744625
CC_3D9ECB4274C3,0.1238880550
CC_3DC8A9A92802,0.3301185441
CC_3DDD3813D1D4,0.0922653399
CC_3DF3FFB3CFC7,0.0941953825
CC_3DF88701601B,0.1447605334
CC_3DF91A482CFD,0.3142096597
CC_3DFD6349D046,0.6029785323
CC_3E0D54125AE0,0.1656445761
CC_3E10CFE1DD57,0.0430175359
CC_3E13CB98572B,0.1464803291
CC_3E142C8ACA6F,0.1186951419
CC_3E1BAC4E5B90,0.0620650431
CC_3E2DD0D1E2D8,0.1373055007
CC_3E403BF08A45,0.0981654400
CC_3E46368104AE,0.0962641182
CC_3E48A086B5C7,0.2552935736
CC_3E54451B0F6D,0.1057854765
CC_3E6335ED3F4F,0.0700837576
CC_3E87A65C50A5,0.1506532509
CC_3E91109E2090,0.0589431887
CC_3E92A1EDA618,0.2296601640
CC_3E94684FE270,0.4992374221
CC_3E9DB402F352,0.1987063992
CC_3EB5A15A6C04,0.7801840851
CC_3EB8A9A6C49D,0.1376365033
CC_3EC96BC884F2,0.1086309111
CC_3ECA9E44B90F,0.2472289120
CC_3ECE4EF16A44,0.1820615199
CC_3EDDB8E70F57,0.2163410757
CC_3EDF137D0E1C,0.1274388905
CC_3EEEE844410D,0.3657573638
CC_3EF4F348C967,0.1020299545
CC_3EF91DD11A81,0.1252248200
CC_3F08C55E7A40,0.2172886521
CC_3F171CED0CFA,0.0242881025
CC_3F2544EFA753,0.1158220137
CC_3F28F3286CCA,0.0785175328
CC_3F379CB37B0D,0.2076348211
CC_3F42D798AB1D,0.6988094044
CC_3F48724540D5,0.1588169016
CC_3F68068E2D5E,0.1018411514
CC_3F7FBE71B77F,0.0596382849
CC_3F80017B8599,0.0544478268
CC_3F8B17953200,0.0711422849
CC_3F964BADC4BC,0.7040677865
CC_3F9767602FCB,0.1969387619
CC_3FA84F0B23CE,0.0513622930
CC_3FB4B189143F,0.1391161074
CC_3FB7C976EB26,0.4806107929
CC_3FBCEB2F36D5,0.1722033828
CC_3FC4FE843245,0.1218658110
CC_3FD52E32FE8B,0.6953080632
CC_3FDB44EC6254,0.0595779695
CC_3FEFBD6DC62F,0.2787338839
CC_4005466D00ED,0.3552434719
CC_40095FFBC1A2,0.0459672882
CC_400F1887A662,0.1285308475
CC_40133FF3069C,0.0890756866
CC_401C6F0EED5A,0.0993652634
CC_4021AD03FA01,0.1461743799
CC_402E91F3A56C,0.1192246425
CC_403754B6988D,0.0950569747
CC_4052DFCB1656,0.2135775265
CC_40579C5C13D5,0.8326991100
CC_406937FF97E7,0.0793628157
CC_406C4233347A,0.2593873306
CC_4073E42E11E4,0.1901101939
CC_4077BB12A5F4,0.0834767364
CC_4077DD5B5C4F,0.1528566056
CC_40824D899215,0.0733331084
CC_408D79189FBF,0.2966617903
CC_40A3F1D5EA0F,0.3164813612
CC_40A852A592FB,0.1154851793
CC_40AADA91D560,0.2108953321
CC_40B39CB2CC58,0.0324084381
CC_40CE2030F058,0.0626161670
CC_40EA2F8481E8,0.1351694883
CC_40EFD7778F98,0.1225334806
CC_40F278D49681,0.2681124881
CC_40FFCF631F19,0.4034254911
CC_4101D1B82788,0.1936982002
CC_4109B79A4B06,0.0365718864
CC_4119348F051A,0.1087111515
CC_41206EE45803,0.0768396814
CC_412DF740DA62,0.1253653767
CC_413AB4CA7451,0.1036981823
CC_414C06C60FF7,0.6502706029
CC_414F50748A51,0.0502646464
CC_415C65EA66AA,0.0454519271
CC_415CED95F7CA,0.1568009829
CC_416584250060,0.1488239675
CC_416B3A1F0F0B,0.0967062830
CC_41735021FC7A,0.1848588326
CC_417858CD20F4,0.0994761350
CC_41902EFB3974,0.0524566893
CC_41A27790EFBF,0.1421106987
CC_41A4A223F39D,0.1162740390
CC_41B464757ED6,0.1114981495
CC_41D1A87E1136,0.4353568756
CC_420FE297808E,0.0472104588
CC_4211096D5588,0.1877638051
CC_421F4D78128B,0.4394083790
CC_422F2780C85A,0.3158614852
CC_423B0296BE24,0.0719458011
CC_423E78000AA5,0.1702722131
CC_4246081DD359,0.1254272657
CC_4249EDF2FDCC,0.8089254346
CC_42568C67F412,0.3606445793
CC_426A25EA9E21,0.7418188694
CC_427ECDDEECE6,0.2872859727
CC_4289EEC8F0A2,0.1667088237
CC_429A7158AD07,0.1589227545
CC_429C51AE729D,0.0445756373
CC_42A0DE1E5E80,0.0771682881
CC_42A7D0F5388F,0.0996402432
CC_42B23C8C9F66,0.2510637403
CC_42BD3999AC3E,0.2819591324
CC_42C95B199130,0.4139591291
CC_42CD6CE97523,0.4067748698
CC_42DA114F12A2,0.2944407408
CC_42E2736AA331,0.2126467719
CC_42EA825C351B,0.4151964288
CC_42F1B2B4D258,0.5513388937
CC_42F4588EB38D,0.3207853473
CC_431F29A12E99,0.2154178201
CC_432EB78A198D,0.2522895916
CC_43383344BC72,0.1710463595
CC_4339187DD10A,0.0689367923
CC_4344A2E7EA1F,0.4899614998
CC_4347468ABE51,0.5603959007
CC_434894BC2577,0.0543763257
CC_4362DB93FC92,0.0968941329
CC_436850DDC704,0.1611258524
CC_43698E2EEA0A,0.1433369977
CC_4387F73F131E,0.2003166349
CC_43A33C994C70,0.3715543858
CC_43ACD82B5514,0.2615359380
CC_43B37131B8FA,0.2210094498
CC_43BFCAF8BD20,0.1499837723
CC_43C060E01266,0.1919619396
CC_43C41AF27375,0.0655204522
CC_43C5AFA48B93,0.0786100925
CC_43C767A44C55,0.1593315703
CC_43DECAB53552,0.0506641485
CC_43E6D931158D,0.3726927037
CC_43E9F88019F8,0.0645684899
CC_43EBD6EBD675,0.0798912099
CC_43F81C577002,0.3195320565
CC_443C4E041687,0.0776777414
CC_443F63BF238A,0.1165459435
CC_4463776F9AA1,0.1081191120
CC_446F1EDF03C8,0.0677276926
CC_447BAD4F7820,0.8745363951
CC_447D02F917B5,0.0522304362
CC_447E705746E2,0.1433665737
CC_44A017104F93,0.6599113079
CC_44A1E58CDBC0,0.0479451248
CC_44ABCC04C418,0.0822675837
CC_44BF6BCCFC2E,0.0393035905
CC_44D0671A3B87,0.1108274801
CC_44DBEE3A7D81,0.1788620720
CC_44F7DD6A88A1,0.2318052676
CC_45080C42280D,0.1968936859
CC_4524AD74135F,0.4540335226
CC_45262103231F,0.1901112514
CC_452D8C5D039C,0.8215514410
CC_452DECDBC90F,0.0761992405
CC_453C9B3A5992,0.5066084374
CC_4542AACA1FE4,0.0962890120
CC_455209549D3B,0.8314423778
CC_4555C804C4D0,0.0763542417
CC_4581E4190B2E,0.1129177034
CC_458912F91D6F,0.4294809032
CC_45913E1BE65C,0.3159439763
CC_4594791FB40D,0.0985325046
CC_459B49073E2C,0.3209400408
CC_459EA8E0E2EF,0.1144462438
CC_45A4A38557E9,0.1395949375
CC_45ACE2B1DB6F,0.0867388680
CC_45C1A92F0E8D,0.1011505419
CC_45D0673EDD20,0.1384519646
CC_45D70DC84DA0,0.1064335464
CC_45D96479EC1E,0.0637757469
CC_45E8597BF74E,0.0580120949
CC_45E97246F83A,0.3163574021
CC_45EC44761309,0.1333687724
CC_4603A6F83E2A,0.0618844316
CC_46045CEE8330,0.0598726611
CC_464E17187A4E,0.4396977644
CC_4659FB4B8536,0.1489692088
CC_465EF4F9B68F,0.1824130284
CC_4663FDE62E3A,0.2653200632
CC_466D54BE0809,0.0860896016
CC_466ED9BD34B5,0.0671994928
CC_466F7908E13D,0.1699706559
CC_4695A5525A11,0.1418738840
CC_46BBB8A4854A,0.0628218068
CC_46BC61EC8F2E,0.1762338869
CC_46C0DFA660B0,0.1173274636
CC_46C2DCF84CA0,0.1154652954
CC_46C38B9F0D8E,0.0841457380
CC_46CAB9AE7C87,0.5119014279
CC_46D0D1ADEA59,0.1635129892
CC_46DFC1AA0821,0.8225796468
CC_46ECA5976180,0.1302975149
CC_46F5F6D27991,0.1104428040
CC_46FE9F226120,0.2531352876
CC_47130CC63FC5,0.1776119282
CC_472330768F5F,0.0913756075
CC_47292EBB8BD1,0.1075250705
CC_4734AB1281DA,0.0600610316
CC_473989E6BA47,0.3006668365
CC_473AE07014DC,0.1759789463
CC_4741EF45C3DB,0.1983467736
CC_474586BE49EB,0.1330517679
CC_47490BF44944,0.2986698287
CC_477213DAED38,0.0737570387
CC_4778086276B7,0.1268787280
CC_47910B073CF3,0.2150276568
CC_47939776FDF6,0.7218152868
CC_4796F6A64420,0.0599501924
CC_4798549B52ED,0.3344010321
CC_47A3714E7D2E,0.3129174555
CC_47CE219EBAAD,0.1832839332
CC_47CF9074E03E,0.1646896514
CC_47E4537A53FD,0.1429872747
CC_47E8BC938FA1,0.1414034306
CC_47F134D17818,0.1153393733
CC_4812FBE05C7C,0.3554869090
CC_48152725FAB1,0.5941294594
CC_482256495FAD,0.7128007281
CC_4829FF15D21E,0.1564270848
CC_482D26D81935,0.6606145896
CC_4838990A8D02,0.0625200494
CC_4862EA9CD1DD,0.0510924930
CC_4862F8C1B0AC,0.0957940911
CC_486CD67D26CF,0.1868679342
CC_486D8F9AE549,0.3468501092
CC_4877D1BDB737,0.1143060715
CC_4885E34F0B26,0.1650141569
CC_48928CA8082E,0.1673312911
CC_48A74FF0E6C5,0.1056003750
CC_48E0791DDD62,0.0735203146
CC_48F620B6A472,0.0989760954
CC_48FDBB1D7493,0.1330177174
CC_4910EC928152,0.1291009370
CC_491C18C17767,0.0476614553
CC_492F65EF8D9D,0.8011669692
CC_493DDD53B97E,0.0589781862
CC_495F82AA5B9B,0.1426809086
CC_49618412FF86,0.0892983506
CC_496A7CFA344D,0.7530412395
CC_4983EBABAE3F,0.0970386062
CC_4992C1915957,0.5344750637
CC_4993B31028A7,0.0886305494
CC_49945441A644,0.1912096522
CC_49A80692BC68,0.0951367616
CC_49AB67613A58,0.1547027887
CC_49B05CADDD95,0.5011159061
CC_49C6F9AD111E,0.1184926649
CC_49CEB94F0B3B,0.0658470563
CC_49D3A79B55CD,0.0707678931
CC_49D6671DAE8E,0.1229372031
CC_49E6C539B1CF,0.0629583452
CC_49EEDF0DA684,0.0289718409
CC_49FC290E33A7,0.1839229915
CC_4A01CF2F67D2,0.7322070978
CC_4A16DC668832,0.5449699423
CC_4A212461781C,0.0843273950
CC_4A237A8E6706,0.1483816057
CC_4A3DFA0E27A4,0.1363729984
CC_4A513D39DCE3,0.0568923010
CC_4A532B0E6165,0.1932477009
CC_4A5FA9F1C804,0.0993133537
CC_4A7BDEC665FF,0.0621330660
CC_4A7FC9B23222,0.2970204338
CC_4A8A7080FA25,0.2939727479
CC_4A8EFD589879,0.0551708763
CC_4A8F7D2B857C,0.1819819730
CC_4A91E8D4289D,0.3223958008
CC_4A93163A12F4,0.3176022656
CC_4A9FEF48EA65,0.1161322228
CC_4AA73D751AA5,0.3126834541
CC_4AAED0C85F70,0.1341014325
CC_4AB1DEF044AA,0.0448091311
CC_4AB5AE299217,0.2316421966
CC_4ABA0CDC2270,0.1632874626
CC_4ACFFC2F295F,0.6650252930
CC_4B0490BAB1B9,0.0742826214
CC_4B28B03CEFEA,0.1043899127
CC_4B420765EB9A,0.1104127997
CC_4B47C16D9867,0.1362634952
CC_4B494C4D7D03,0.4487332957
CC_4B4C84B015C2,0.0469667626
CC_4B607295E983,0.0445425375
CC_4B6D24E81483,0.0751540106
CC_4B77AF6FAF2B,0.6740041448
CC_4B7EC3F2FFBA,0.0582291796
CC_4B85318DFA50,0.1143584338
CC_4B9B36B36DA5,0.7788417129
CC_4B9E0AD5D692,0.5238890611
CC_4BA041C9678C,0.1056014506
CC_4BB40F2129A6,0.1141633868
CC_4BB8FD274E2A,0.1024451503
CC_4BBB8118FBBB,0.1305259120
CC_4BC8CB91719F,0.1285815402
CC_4BE447D54BB8,0.1272646108
CC_4BE85B1BDB62,0.2877220165
CC_4BEF3C7F6395,0.2155800095
CC_4BF03FF61B97,0.5249766447
CC_4BF4C38EAE8D,0.2186688156
CC_4BF95B8140C8,0.0840685643
CC_4BFE0CB61B5A,0.4285964248
CC_4C2A3F254101,0.3737259102
CC_4C351DEB6230,0.2381050238
CC_4C38031A2A9E,0.1020919700
CC_4C3E35875F03,0.1159258634
CC_4C4D79F933B2,0.1171894361
CC_4C56497F4AB0,0.6846641796
CC_4C827B493CFD,0.1523222667
CC_4C849C6073AF,0.1230881693
CC_4C869E6F618A,0.1526320531
CC_4CA21C15763D,0.1315339306
CC_4CB2F1CAE684,0.1022791579
CC_4CC0265E0778,0.0479293088
CC_4CC5483903E9,0.6004521646
CC_4CD7C76FE235,0.3827402572
CC_4CE2BFED4F4C,0.0689596489
CC_4CE751CB58FA,0.4161146757
CC_4CF3E184C500,0.0485787257
CC_4CF668E60D64,0.2770228204
CC_4D1A1AF53E18,0.0645271329
CC_4D29155FCF33,0.2289553988
CC_4D2CC7618AC2,0.5182800561
CC_4D350FF7402B,0.3726874076
CC_4D38AE84E3CB,0.1869929214
CC_4D4140E1056D,0.0952033581
CC_4D5545FAB130,0.5904924978
CC_4D55E218946E,0.0816217803
CC_4D5E14BD6AFA,0.0878478737
CC_4D78935D66E9,0.0716066962
CC_4D883AAAC6C9,0.0305580334
CC_4D8D8108C51E,0.6606141411
CC_4DB40331777A,0.7993013387
CC_4DBC8652D26F,0.1006554926
CC_4DC0E154EBB0,0.7053579802
CC_4DD5B8780C4C,0.1013935741
CC_4DE0070FF683,0.1192492102
CC_4DE688CDBC27,0.0931823616
CC_4DF37857FCEF,0.0650292399
CC_4E20F0249BC6,0.7528941203
CC_4E2F01B7B9EE,0.1733585209
CC_4E41C247B4E5,0.1512494784
CC_4E479F6989A1,0.0621088066
CC_4E48AF17BC29,0.0962242575
CC_4E6BE67E3C4F,0.0482899830
CC_4E70939C5933,0.4695727711
CC_4E70FB172717,0.1884173334
CC_4E726EE8C026,0.2212400831
CC_4E76F48DFDEF,0.0977072330
CC_4EA180B2B913,0.0333861955
CC_4EA67A160C3E,0.6221063718
CC_4EE41FC91AD2,0.1961284497
CC_4EFECC6C2E36,0.6538710474
CC_4F22CB97C34F,0.0415536459
CC_4F2444DC6C75,0.8083215452
CC_4F2B7F512DD5,0.0693648792
CC_4F504A9744FB,0.1121572638
CC_4F6FEE589187,0.1253607749
CC_4F71AAF96C32,0.0899175806
CC_4F76E57C55EF,0.3715012882
CC_4F88D3E5AA2E,0.0355476521
CC_4F8A4384F6DE,0.1406690297
CC_4F8D83DCCF25,0.2083067679
CC_4F956AA47816,0.6386056580
CC_4F99FCEA10E8,0.1076303987
CC_4F9F10A183F6,0.0944683537
CC_4FA766935F14,0.1087287865
CC_4FB0B9E398F2,0.2587072412
CC_4FD0DF6CA3AA,0.0564183174
CC_4FD902F7ADEC,0.0791645984
CC_4FF1155E3A6B,0.3599509932
CC_50103368F241,0.0830726014
CC_5012B9991935,0.0928304719
CC_50172FF2C2C1,0.1311082780
CC_5017C9BA7773,0.0557320223
CC_502C3D0EC4CA,0.1276597848
CC_504157951119,0.0622429464
CC_5042938B5A9A,0.4473629483
CC_504A57293FE4,0.8089973081
CC_505812CFE43B,0.3458748106
CC_505A6EB06E39,0.3276832662
CC_5064CCE0EF29,0.2357708126
CC_507BDF639FB5,0.1840179147
CC_507E53684AB6,0.1198680152
CC_5087A0D1765D,0.2041397687
CC_509229AEC221,0.2310587958
CC_5092D3A72B03,0.2565590343
CC_5092DF691F74,0.5402569388
CC_5094BB59416F,0.2127721611
CC_509926B384D8,0.8094021291
CC_50A6C96DA7D3,0.0515862154
CC_50AE75A10F3B,0.2824145169
CC_50D4BB93EB1A,0.0714819518
CC_50DF7B02E356,0.2367320364
CC_50EB53CFE7F8,0.0544414382
CC_50FC7D563CE4,0.1591001101
CC_5100E6EAA3FF,0.1829384883
CC_510F2944B2A0,0.1207783970
CC_5128881AAD54,0.1484130856
CC_5138941DB7A2,0.1469355956
CC_5139EF8BEAFB,0.1546190976
CC_513E5EEC6B04,0.1304631614
CC_51427EF15375,0.3610249403
CC_5147B281DA64,0.3530410500
CC_515D968ED36E,0.0967764162
CC_5176FF858154,0.1087611969
CC_517CB40FB016,0.0785638896
CC_51884D5F3E4D,0.0972589174
CC_51AE98263438,0.1371648212
CC_51C9CE782368,0.1547568061
CC_51CC80D1570F,0.0477020447
CC_51D2E3476902,0.0707415840
CC_51E05E706D64,0.1422001790
CC_51E5A5E9801C,0.0592687345
CC_51F5DA44F9A0,0.4053022886
CC_51F6BDD355F4,0.0480371846
CC_51FE657FE212,0.0996758976
CC_520950C9BAA3,0.0491102035
CC_520B1D31AB99,0.1033748268
CC_522550E1761D,0.7816324327
CC_524CD519E76B,0.0949869949
CC_524FE9E3DAD3,0.4943561499
CC_52629A025048,0.1167284615
CC_526765FC100C,0.2326737456
CC_526E56249FFA,0.2519132022
CC_528B42A34966,0.2395325096
CC_5292B36E4882,0.2218610944
CC_529A2F110236,0.1331155757
CC_529BC4ADAD6A,0.1810328508
CC_52C1C5A6F887,0.0786460439
CC_52C3B674FDFD,0.2338090278
CC_52CCBB8F9964,0.0875028226
CC_52D21FFA24DE,0.7329863037
CC_52D32EDBAA78,0.2065075395
CC_52D7821A8363,0.1223967394
CC_52D9087EBCD6,0.8182936617
CC_52DD62E1AC2E,0.1913650096
CC_52E8B04F0FA0,0.1386971861
CC_52E965E9E2C3,0.1609856686
CC_530BA492842A,0.3049945686
CC_530F6E906D6B,0.0659031964
CC_531FCFBE3B13,0.1303122232
CC_5320DFEAD897,0.1589501660
CC_53319AE7B829,0.6371849389
CC_53481151859F,0.0450003282
CC_534D4FC05F82,0.1875643425
CC_53687DA8C9E5,0.3526570122
CC_53795A7B7751,0.0561969508
CC_538328A6B3BA,0.5195357762
CC_5385266461B1,0.1899718501
CC_53891CB35BF8,0.1573335355
CC_53A6E1083B13,0.0680818209
CC_53A77DA726A4,0.0878456731
CC_53ADBC2F6E34,0.2538169418
CC_53B249809561,0.0963702704
CC_53B2DF5B019C,0.0599873332
CC_53C1F3E031A3,0.1813339106
CC_53CBF2E8AD05,0.4647317957
CC_53D04793ED9D,0.0731232557
CC_53E23A9B6F74,0.0562424118
CC_53EB59C99100,0.4215593908
CC_53EB9AC04311,0.1058936627
CC_53EC732C9B30,0.0249367226
CC_540122E71534,0.1425648209
CC_5405C89DF8BD,0.7348915031
CC_540D69F5BA23,0.1383453713
CC_5414446319CC,0.6980986619
CC_5418410F95A2,0.0808894679
CC_5431A01C30E4,0.0882140934
CC_5452437FC605,0.4308052864
CC_5452979BF98D,0.0686806454
CC_546EE83F84A4,0.4868006403
CC_5473268241FC,0.1379068492
CC_5474EE64D859,0.2895900353
CC_5476E2B2FCA0,0.1258391237
CC_54892024F98D,0.2340887121
CC_54B33C66DCF7,0.0848137962
CC_54CF66B660B4,0.4271949512
CC_54D3A35EC69F,0.0747234287
CC_54D6AE2665AA,0.1035547453
CC_54D93974E62F,0.3032746893
CC_54F5F552A0F2,0.1138295519
CC_54FC3B361BDA,0.0992120553
CC_550135E8FAC6,0.1425081094
CC_55020AD0D117,0.1558064375
CC_55094AF7EFEF,0.1066461109
CC_55126E23462E,0.0351910939
CC_554C21CCAF3E,0.1428440646
CC_554C912C7DBE,0.0716468894
CC_556B02A2B401,0.3334950313
CC_557A0B0CD0F4,0.2145599668
CC_559A14E729EB,0.2832869532
CC_559F0DD4E4A7,0.2637397570
CC_55A82B4E57F6,0.1486880032
CC_55A98ABE4C75,0.1379644713
CC_55A9D45EA466,0.0395540918
CC_55CB872FF50B,0.2392039455
CC_55D9E3D58435,0.1688863670
CC_55DFF3C3BB46,0.0952285015
CC_55EDC3996984,0.1624842466
CC_56013299D8C5,0.0966812881
CC_560B519C1F50,0.0851029830
CC_560CABF0F5D0,0.1771596423
CC_56178AD87948,0.2263856522
CC_5619A7BB54EA,0.0967006615
CC_5624319D7B28,0.1204816747
CC_5625119D6C37,0.1964447331
CC_562BE7245E1B,0.6715043218
CC_563684010DF5,0.5624196992
CC_563EA9A29338,0.0996963472
CC_564590AFB575,0.0279258640
CC_565E01191BF6,0.5777202615
CC_56612A039382,0.0744375900
CC_5665FB827721,0.5385336719
CC_566932C3CC97,0.1062208117
CC_5671D59B2A51,0.1219931851
CC_567E7DD24A97,0.0994520905
CC_567F47F37683,0.0366136410
CC_56847A91065C,0.0805592953
CC_5698480F8634,0.0611244341
CC_5698B024CECC,0.5940951262
CC_569DC051A2EA,0.0945455607
CC_56A322152604,0.3447831829
CC_56BFD9A8335D,0.3261623898
CC_56C9379BADB6,0.0357283493
CC_56D410FD8F56,0.3958739019
CC_56D4549919EA,0.1618545684
CC_56D918CA6353,0.1238146709
CC_56DB30CE666D,0.1909508032
CC_56E760C3206D,0.2332564803
CC_56F73F905615,0.8244135805
CC_570683C088DB,0.1547044443
CC_571C6AFD00ED,0.3673383272
CC_5725663C3B89,0.0993925501
CC_57291D7667C8,0.1614746629
CC_57313F6E7927,0.1858518591
CC_5735F9B859AF,0.6566901804
CC_573B34826B2B,0.6360661930
CC_5744447CAF7A,0.0737832249
CC_574CC0FC7B05,0.1000699810
CC_5759E2982909,0.0878719135
CC_575CCCCDD7B6,0.6752395380
CC_57603A37D19F,0.0518380943
CC_57639D4995CF,0.2264924355
CC_576E6676FD55,0.0641939262
CC_5775C148E05C,0.1046548866
CC_5798E560E9F3,0.7877779328
CC_57A486F61065,0.5301483533
CC_57A726458B99,0.0644956601
CC_57B0D41BD7D3,0.3724547955
CC_57B501E60C35,0.0870618254
CC_57CA90509CB1,0.7136799442
CC_57CB7673547B,0.0827970680
CC_57DE479CB61A,0.6991226395
CC_57E7F1A6B895,0.0373125771
CC_57F13C4115FA,0.3286490511
CC_57F480CA9A42,0.0916197655
CC_57FDFC6DE726,0.2359972180
CC_5810468B76BE,0.1377164118
CC_5810F212B2EE,0.3394267349
CC_5817759E7007,0.1266144004
CC_5818B5089B3C,0.1266311040
CC_582C78363EB6,0.0899427687
CC_58391600720C,0.1209386255
CC_583D7B177F85,0.0924829515
CC_584C11014F63,0.1361756817
CC_584CDC12578D,0.0768979959
CC_5852F443C55D,0.0885370221
CC_58565AF0F70A,0.5096610117
CC_58568DF9AECF,0.1784979072
CC_5859EE6309D5,0.4411048026
CC_5872B45E1C19,0.7434161887
CC_58797A417EEA,0.2108259076
CC_587A4844B482,0.2104077717
CC_587C0CC3DD82,0.6895796625
CC_5881A04052CE,0.0846742732
CC_589A4E02EF81,0.1500049692
CC_58AB46E5655E,0.1582967385
CC_58B0CFC9F3D2,0.0746619578
CC_58BEFDA6B4C6,0.1195914991
CC_58D95C7247D5,0.0658661778
CC_58DBF3409D48,0.0693247575
CC_58E35A47B880,0.1835732934
CC_58E40EFF57CF,0.4265742168
CC_58F551219BD6,0.0599960346
CC_58FA76C6C45C,0.6290695774
CC_59018149723B,0.0560705613
CC_5904459ACECB,0.7926178888
CC_59088B2886E8,0.0374708475
CC_590D2E0AD18E,0.5825056912
CC_59146CA05E8C,0.0893129934
CC_592592397DC2,0.5241976322
CC_5926F5B4E054,0.1584748373
CC_592A5A163624,0.3464363878
CC_5941C323917F,0.0679249462
CC_594E4E86A1C6,0.2096919017
CC_595ADAA76A32,0.0940266688
CC_596A20270C3D,0.1587819602
CC_5970E93E11DF,0.2773218049
CC_597AD111527C,0.1303143060
CC_597FDFFA265C,0.1027999923
CC_599C287D2BAA,0.4374941960
CC_599E345094D2,0.1185941473
CC_59A4741B5A92,0.1402053824
CC_59BB3A5BA2A3,0.6013513278
CC_59BFD1200F6B,0.1450777850
CC_59C07CCAF4E0,0.2321236138
CC_59C49474B501,0.1560084908
CC_59CFBC2CA471,0.6479322710
CC_59D62BE0C0C6,0.1167437779
CC_59D86F572716,0.0999100350
CC_59DF71FBA4B0,0.0397132636
CC_59ECB7465DCD,0.0687483486
CC_59ED43A803B3,0.0422086148
CC_59F5E81F4EA0,0.1247314103
CC_5A10371BE7B1,0.7918832275
CC_5A2F9A594A05,0.5833329383
CC_5A38E46246FC,0.5514727689
CC_5A3F52B0A07B,0.2124428888
CC_5A5507A49F6D,0.0944494317
CC_5A58A5E6DE82,0.0865086876
CC_5A5BB6DC1018,0.2047681763
CC_5A5C0DF50E01,0.1254715394
CC_5A633C535360,0.1259909029
CC_5A67E62D8D5E,0.6736101677
CC_5A6BA0007593,0.1232875434
CC_5A7513434C72,0.0321162483
CC_5A756D8AE60D,0.2037892226
CC_5A7C13841B7A,0.6272869662
CC_5A7CBB6E8716,0.1927207478
CC_5A83A1E25A2B,0.3789408979
CC_5A86EB53A14D,0.7343064425
CC_5A89E13CE597,0.1570512317
CC_5A9466D0CF9F,0.1108805564
CC_5A95331BD0C5,0.1195170577
CC_5A9F63C3E428,0.0647332607
CC_5ABC76FF707A,0.0519229670
CC_5AD0F1B43457,0.1065416216
CC_5AD82250C271,0.0416991002
CC_5ADD27165E38,0.7050898676
CC_5AF32E5C8018,0.0383107789
CC_5AF3690FA0B0,0.1985992946
CC_5AFDFAA63B45,0.1332209866
CC_5B025DA26FE6,0.0487509380
CC_5B07C7DE7E7E,0.2144700635
CC_5B08171A6880,0.2256582739
CC_5B09FB1A0BE2,0.0710810360
CC_5B0D6BA12702,0.5303879873
CC_5B0EF2D4C3CC,0.1964075162
CC_5B195D88C182,0.4380534732
CC_5B1F6FE71A38,0.0599545767
CC_5B247961602E,0.0652944184
CC_5B276421F4CD,0.0518868910
CC_5B289AFA1662,0.2490154522
CC_5B3A16421A31,0.0449855508
CC_5B3E78897EB7,0.0602044752
CC_5B480B44A9B1,0.1402926561
CC_5B546C3A21F8,0.1476598363
CC_5B5BC4023EE7,0.1901765320
CC_5B6D63DD34B7,0.1012996768
CC_5B6E868912E6,0.0740161569
CC_5B818D2581FB,0.1186395350
CC_5B82E8BB921F,0.2660464417
CC_5B8E8DA14EE6,0.1551335829
CC_5B900A135A69,0.0800892600
CC_5BB64BDF3C99,0.0939055547
CC_5BCB2C79D1CA,0.1876344130
CC_5C072DB8586F,0.0668462193
CC_5C0BEC2A0850,0.0949831432
CC_5C24010127D1,0.3116064575
CC_5C2DAF5E0EB7,0.4329980698
CC_5C3E8DB90978,0.1300198461
CC_5C4A7CE69975,0.3046773393
CC_5C5766F933B0,0.4738948753
CC_5C5808240054,0.0965976689
CC_5C5D6E15EA27,0.1780379717
CC_5C60C4545922,0.1223944259
CC_5C626D70F6D6,0.1571515195
CC_5C670F0622BF,0.0768143357
CC_5C799E57EF53,0.0629355284
CC_5C7B44735AF4,0.1769297711
CC_5C7D8DF047E9,0.1736221452
CC_5C80F394EFC3,0.1530935433
CC_5C99E6189441,0.1148741840
CC_5CA9AB4A6AB4,0.1128750881
CC_5CB78ADD2432,0.1456045829
CC_5CDE37CE08CF,0.0453974217
CC_5CE258D12432,0.3525487794
CC_5CEEF006ABF9,0.0637412021
CC_5CFD2850E277,0.2385544001
CC_5D01F71B9FAD,0.1296430032
CC_5D065A455A45,0.2075037830
CC_5D0AA7D4954A,0.2183360679
CC_5D242448B812,0.1067089866
CC_5D2C5115BDD2,0.1962514474
CC_5D3273E039AF,0.6221152093
CC_5D398BB3365B,0.0742950610
CC_5D3C1CE64952,0.0914472890
CC_5D4B0EBB5CD6,0.1375830505
CC_5D5E897588D3,0.0971727768
CC_5D65F25FFB8D,0.0573221840
CC_5D665A86C465,0.1002724206
CC_5D80C353E475,0.1555077756
CC_5D8895A0AB4C,0.1728360994
CC_5D88A673BF50,0.2132651017
CC_5D89688B69A9,0.4036330244
CC_5D8AC8E18A8E,0.0742968594
CC_5D8E7DC2FA6A,0.5649467985
CC_5DA29AD9E85E,0.0490244741
CC_5DB286EAC626,0.2596290139
CC_5DBC1BB95B84,0.7978729162
CC_5DC0A465470D,0.0445308954
CC_5DF82CB03C3F,0.0923995042
CC_5E001C93F359,0.0602242454
CC_5E029094A55C,0.6803938978
CC_5E0808121A65,0.1422083096
CC_5E1117E4E593,0.1217202582
CC_5E1541060A97,0.7339330303
CC_5E1C11540C0B,0.0981949763
CC_5E1DC0E143F2,0.1897222218
CC_5E206AC277E4,0.2190581981
CC_5E22B4BC8B12,0.0880036058
CC_5E22D889B6BF,0.1598354244
CC_5E38425EC99F,0.7357585627
CC_5E3A70C2077A,0.1387774476
CC_5E5607D275CA,0.1154148590
CC_5E73C3D2B3EE,0.1491393845
CC_5E7F23A07A71,0.0852253508
CC_5E80A96974B8,0.1937337238
CC_5E8C0453B9B8,0.3620094496
CC_5EA599FBA5E0,0.5407621123
CC_5EB379BA6C7A,0.1231855253
CC_5EBB96F65AFE,0.4273235063
CC_5EC41568C2E1,0.0911998859
CC_5EDB5C924107,0.3299319825
CC_5EEE5D0FF8D3,0.1976471808
CC_5EEF07FFC243,0.0527087507
CC_5EEFD690759A,0.1022789658
CC_5EF2176F01D5,0.1120632950
CC_5F17CA33D26B,0.0669940485
CC_5F20750D6658,0.1494368320
CC_5F2CE32A6EC3,0.1119801841
CC_5F328EE757B6,0.0459325446
CC_5F35B8D87D06,0.2380684568
CC_5F390BA40E83,0.7026652181
CC_5F59092CA9B2,0.0879298374
CC_5F5916E96E19,0.1556562350
CC_5F5E835B9E6E,0.0910761487
CC_5F648D39D67F,0.5655646207
CC_5F6D4104C808,0.1460926118
CC_5F72EBE104D4,0.0346789012
CC_5F765C41F051,0.0732637117
CC_5F8859A6F0DB,0.0264378296
CC_5F88ACC7C384,0.1088157639
CC_5F89DFA97B7C,0.4788804472
CC_5F93A3E31DD6,0.5825560552
CC_5F9A44423DD4,0.1247284207
CC_5FAA7965BD71,0.1522476293
CC_5FAFA265CA02,0.3781085765
CC_5FBE1A34704F,0.1801987489
CC_5FCAA919577A,0.2136317888
CC_5FCD208ADD77,0.1791885246
CC_5FECD2BB0094,0.1187719125
CC_5FFDE52E6B7A,0.1033905472
CC_6002BFD3F26A,0.1593869864
CC_600311592F72,0.0548644831
CC_600AE12112D6,0.2721387689
CC_601C3178E38D,0.1583355511
CC_6037EEA42F2C,0.4092289923
CC_604C08F76272,0.6266983042
CC_604C72AC662C,0.1542663284
CC_60510AFA8A87,0.1946355936
CC_605E2E26E52A,0.2456415583
CC_605E3904CD8E,0.1499424496
CC_60611B935106,0.1348206392
CC_6061787228F8,0.1573874187
CC_607270A72DFD,0.2075684800
CC_60738E418DB3,0.1589484967
CC_60961DF8A134,0.1300537691
CC_609B7A7FA165,0.0713038110
CC_60AC5C892D01,0.1090318690
CC_60C09FF84412,0.1698710982
CC_60C87349D73D,0.3264865633
CC_60DA2FBF1FBF,0.1113073847
CC_60DA539A39FD,0.1920322932
CC_60E974A0B278,0.0572208080
CC_60EF7D647EFC,0.0740028671
CC_60F525A39898,0.0301222718
CC_610009B69EBA,0.7054748263
CC_610FDDF5FE54,0.1309774317
CC_612C06CB5FF4,0.1028643806
CC_61307D82CC26,0.6688104907
CC_615030FD33CC,0.7050155376
CC_61649241FE59,0.1905060759
CC_6170051A606A,0.1705616538
CC_6179A630658E,0.0763930614
CC_617BD59427E7,0.1364850082
CC_617EC8BD5153,0.1992803578
CC_6191E14D21BE,0.0575813125
CC_61A798B8D222,0.0484871076
CC_61B4A983D1A1,0.0768088946
CC_61C9732AA682,0.7217560717
CC_61DC64E37471,0.0398538936
CC_61EAF14033DB,0.1171284295
CC_61F18E0C218F,0.0703067837
CC_61F1A1263F5B,0.1428561029
CC_6209EA426553,0.0459091081
CC_622BD8CB3807,0.3300563233
CC_6234A9617A7F,0.1103179694
CC_623AC074EB25,0.1851958783
CC_623FAACE8A80,0.0749970427
CC_6244E2935407,0.2240932875
CC_624535E11F69,0.0579753428
CC_624EA2917CDD,0.6830972853
CC_62565D08DDDD,0.7763789750
CC_6268ACD3F95B,0.5579192879
CC_626B61F4789A,0.6064000904
CC_629193C2A090,0.2290346564
CC_62933641AC43,0.2510656474
CC_629480877536,0.3552178809
CC_629CB045D9FE,0.1077807549
CC_62A84BC400F0,0.2833258004
CC_62C36DF81797,0.1675861832
CC_62CC835CAE4A,0.6761686468
CC_62D4192F126E,0.7603453478
CC_62D7A3C9483D,0.0858528213
CC_62DF1B99B4DA,0.0821338023
CC_62ED7BA3E620,0.0460192419
CC_62FC001AFC78,0.0836694210
CC_630412B4AFDA,0.1721331876
CC_630903AD39C1,0.0432473682
CC_630938DCC1B5,0.0597714818
CC_630ACED773E9,0.4568553481
CC_631E1690D913,0.0784896770
CC_633A7C7FC25F,0.2278815200
CC_6342051D8FEA,0.2441098257
CC_634CE4E8AE49,0.1419753945
CC_6359692F5EF6,0.1343977586
CC_637278423A6D,0.2403975900
CC_6377AB848081,0.0904101517
CC_6381A65E0A3D,0.1110252348
CC_63871B4814E2,0.1097654573
CC_638AD269F05C,0.0275939954
CC_6391AE0FB83F,0.1415501720
CC_639703EE2ABD,0.0411871100
CC_639750C87A7A,0.7697826469
CC_639B1DCECD2F,0.1842068146
CC_63A869443AC0,0.4281940123
CC_63CCEE26BCAE,0.0511009427
CC_63D51CECB6D2,0.2695364690
CC_63E53402FC02,0.0407545956
CC_63FC6895901C,0.1307865982
CC_63FC8A97D9C1,0.1266028966
CC_64117B93EF73,0.3485606620
CC_642D9C325F1D,0.3492693427
CC_6436B950E22B,0.1847390165
CC_6445BD3DDB6E,0.0310900304
CC_645C15569E42,0.1140510875
CC_646472AD66EF,0.0983156113
CC_646B8254357E,0.1470591429
CC_647F4BB4983D,0.6339676038
CC_6489ECEEFD0E,0.0860620780
CC_64946E57306A,0.0328818223
CC_64976830B0B7,0.3046791602
CC_64BA10F3FAA1,0.0814241348
CC_64BA39A0DFC6,0.0861019836
CC_64CF9A79EBFC,0.1057160141
CC_64F0E0473D1E,0.0812832666
CC_65006C2AB2D4,0.8021027359
CC_6500BD19FA06,0.3025663277
CC_6504DCAA90E1,0.0912820766
CC_6509C7361994,0.1575299820
CC_651486189673,0.0791126004
CC_65194BAE506A,0.1922698254
CC_652539353439,0.2061358276
CC_653CE5FA5A76,0.2701980463
CC_6560C2F4EDA4,0.1594763892
CC_656137F98187,0.6815156006
CC_6575B4B39113,0.0399735908
CC_657F629D31E2,0.2554535718
CC_6580B7583ADE,0.2310363571
CC_658477BA75D6,0.0379160588
CC_658B7867BE7C,0.1128930424
CC_6593FE5349F2,0.0913511810
CC_659EE0F05A75,0.3554716650
CC_65A0D8134410,0.2509151734
CC_65ADD5A19F64,0.1059693339
CC_65C3F0F73BB1,0.0920679245
CC_65C47521C285,0.0467784930
CC_65C4EE0B737C,0.2320438674
CC_65CB68404333,0.1795892450
CC_65D6DFF1B766,0.1162072653
CC_65F1545C35E1,0.2186096950
CC_6602547E2FCF,0.2111017020
CC_6615D7044816,0.2625708083
CC_66244D4B72EA,0.0950431018
CC_662E5AAE07A8,0.0469693360
CC_66322B339E84,0.0446889720
CC_6634FD4B1CD5,0.7600605612
CC_663DCEF4923E,0.1818778404
CC_663FE5BF918D,0.5136859422
CC_6645798E740D,0.0789520415
CC_6649736C8321,0.8054061812
CC_664E1026C4D9,0.2470931900
CC_665603C4A33B,0.0618559932
CC_665BDD9C8039,0.3598955961
CC_665F2AD58363,0.1728734597
CC_666767444BC3,0.2325249212
CC_666C0A2A8674,0.0586748750
CC_666F2BCDC7D7,0.1851336500
CC_66775178B226,0.0554101103
CC_667B6F8C846A,0.7075125115
CC_667E909835A4,0.2525973434
CC_66809C278FCC,0.1637881490
CC_669CCC44CFCD,0.0666430417
CC_66B0BD3F6516,0.3001615732
CC_66BF02C05DD8,0.1455073723
CC_66C491256BE4,0.0665167119
CC_66CEFA65F912,0.3784618222
CC_66E025DB3282,0.6221941388
CC_66E7B423A32F,0.6224488428
CC_66ED26E7BAD9,0.0752360406
CC_66F7FF7735C3,0.2186122693
CC_66FD0CE6D57B,0.0470208528
CC_66FFFE05C2E8,0.0858125279
CC_6700012A39B8,0.1211995535
CC_670FC6A064F0,0.1993547449
CC_672932B65802,0.0850605842
CC_6742C6478F98,0.1792717420
CC_6745321663BF,0.0514548293
CC_67579CF57290,0.1346961256
CC_675F7483FB90,0.1701280565
CC_676ACFAA6131,0.6851582613
CC_676B423C495A,0.5839526548
CC_6771C0D1CB1F,0.0553168297
CC_677EE0369CA7,0.0930791539
CC_677FE35855A9,0.1596958956
CC_678091614A14,0.1055194221
CC_678A43ED0803,0.6692422879
CC_67955C210226,0.0815298084
CC_6797E0B01112,0.1992778868
CC_679D90941842,0.1533610497
CC_67C05273700B,0.1232759501
CC_67D5172B6450,0.1827062149
CC_67E8CF412D93,0.1058020432
CC_67F6576A6836,0.2163696593
CC_67F985A00A12,0.0694147402
CC_6801AD1D4478,0.0687514212
CC_6803BFA94B17,0.0605936035
CC_680B16E5E240,0.1468529696
CC_680F2D0F4F6C,0.1001723758
CC_68221E1393E1,0.0986826176
CC_6822590B968C,0.1929420199
CC_682D8EBCEE94,0.2005579536
CC_68429B4AE401,0.4433957483
CC_686B26BDD061,0.0739451034
CC_687518442359,0.3621570108
CC_6875DA61F422,0.2428745712
CC_68A3D749608C,0.1927575097
CC_68A9C3CE2557,0.0759368678
CC_68B9F8C6D9D6,0.6251003781
CC_68BC65E3C84A,0.3941699682
CC_68CC4D1D898F,0.0625690415
CC_68D0ACBD2D0F,0.0401551082
CC_68DA8D5488B3,0.0768266916
CC_68E675A69AF3,0.1418772978
CC_68FC9E6FA27E,0.1820723666
CC_69322F7C4CE3,0.1435210717
CC_693710EAD59A,0.1710759623
CC_69387752F41F,0.5195009058
CC_693B71DDFE67,0.1603725807
CC_693D4AEDA3A2,0.1078790002
CC_6952171BCD2D,0.1610766293
CC_69547DEB412A,0.2365134387
CC_695E80DBA42A,0.0858355707
CC_69717E76CFAF,0.3972208401
CC_69741BF89A2D,0.1170664049
CC_69825C70EEE9,0.2280738662
CC_6985C268DC74,0.4745488387
CC_698886C4AD90,0.1334462741
CC_6999901A6060,0.1461965070
CC_699ABD34646F,0.0880084322
CC_69A98DC7A907,0.0523952337
CC_69AA6E0DDE10,0.2824164624
CC_69AD5A48A78B,0.2347583739
CC_69BA7BFF98E2,0.1275966979
CC_69BBE365C097,0.0671320825
CC_69CD95A00D9C,0.0399887191
CC_69D328691680,0.0945171672
CC_69D39C9F36F2,0.2616637699
CC_69E09390CD64,0.0897061765
CC_69FD49E90AC9,0.3328363298
CC_6A099AFE73BC,0.1650842431
CC_6A099E6C91BA,0.3028713478
CC_6A19EB191A81,0.0263231737
CC_6A39017046FE,0.0957107365
CC_6A4A401F2920,0.3649499860
CC_6A5261180031,0.0788446841
CC_6A7432494840,0.1687090155
CC_6A7963180D20,0.3464028728
CC_6A7D7E5F814F,0.5558995315
CC_6A8B8BBA749E,0.1539618608
CC_6A8DFDB0621D,0.1535531453
CC_6A93C436E2FF,0.1018988327
CC_6A97F81D9A0A,0.1379922495
CC_6A9D1622B4DE,0.3433214351
CC_6AA6589445C1,0.6731620233
CC_6AA7A87F59FD,0.1675791708
CC_6AADD44C0B52,0.0785669752
CC_6AB4A5EBA3F6,0.2265141440
CC_6ABA7D0ABAC5,0.1103997558
CC_6ACF1E52BE8E,0.1299562388
CC_6AD3513459CB,0.1172969352
CC_6AD4238EE77D,0.1652744439
CC_6ADD0FE5DD74,0.6797369021
CC_6AE2737BD3A8,0.0717301792
CC_6AE48C1F2448,0.1555187160
CC_6B00A666A420,0.6834331513
CC_6B07C3992304,0.0692560940
CC_6B0A72BBD800,0.7038256382
CC_6B12B975F2EC,0.3419223768
CC_6B12C9507F32,0.2002381361
CC_6B34719D93AC,0.5616474275
CC_6B34740DD355,0.1643309821
CC_6B41081727AD,0.2341431849
CC_6B4902892E70,0.0939200546
CC_6B5BC2D89077,0.7312183101
CC_6B65242C2CCC,0.1746082950
CC_6B823BACBE75,0.3104559659
CC_6B83E1A959C2,0.2442244901
CC_6B84FB3DE604,0.0408578524
CC_6B8AABAA752E,0.2270936414
CC_6B8AC0DEE990,0.3891572204
CC_6BA45C072D40,0.1654807686
CC_6BA72ECB5027,0.1115735616
CC_6BB560F020BD,0.0749323627
CC_6BDF0B68C126,0.0377664128
CC_6BF0A9437728,0.1160117784
CC_6BF3B9097199,0.1559529831
CC_6BF7A1EF31B9,0.2192903983
CC_6C29DF49246A,0.0752836834
CC_6C3C86C2125E,0.0797074664
CC_6C42FF6D7218,0.6833442121
CC_6C541A482CF2,0.1756799196
CC_6C585A6BFE01,0.8342691029
CC_6C5CE36700D0,0.1693349890
CC_6C62C2094733,0.1004401806
CC_6C66539A9D02,0.2752987130
CC_6C684505E498,0.0679551242
CC_6C6E40927C35,0.0412360200
CC_6C7736F51C12,0.7152075476
CC_6C781CEB6F52,0.1017820688
CC_6C7E39BF4744,0.1530212545
CC_6C9EE9BAECEE,0.0696921642
CC_6CA0F076091A,0.1398095058
CC_6CAD299645B0,0.1662290115
CC_6CC3C50BA394,0.1034717128
CC_6CC593C5385D,0.0348241552
CC_6CDA4B24C602,0.3036963506
CC_6CE31AFF7813,0.0609075234
CC_6CECB68DE9C1,0.3329673961
CC_6CECD3DBA212,0.1652384603
CC_6CF17D012682,0.1781327156
CC_6CFCDF903310,0.1500507832
CC_6D08B5E62654,0.0890296558
CC_6D0F60667273,0.2546365565
CC_6D127EE83945,0.0499780603
CC_6D134DB29068,0.4016386922
CC_6D141A49D94E,0.5995370791
CC_6D148C0A624D,0.1528614837
CC_6D1EFDDE2EED,0.0666756382
CC_6D22B938D7B9,0.0665907100
CC_6D27409F4956,0.0825104255
CC_6D2F0EBBCA4D,0.2338338433
CC_6D43BE30E8B8,0.2567501892
CC_6D4EDEAF67C7,0.1963039132
CC_6D72571304DC,0.5026918836
CC_6D7C62C7C161,0.0535922871
CC_6D8A18C28AF0,0.0725332611
CC_6D8B35007242,0.0923283756
CC_6D93A9E49E3B,0.1698656365
CC_6D9C644A082B,0.0943887192
CC_6D9F52BD4D0E,0.1214471749
CC_6DA058F9B631,0.3201278473
CC_6DA1F8DF9CDC,0.2805930145
CC_6DB000AEF16A,0.0916128118
CC_6DB5025899E3,0.2293149127
CC_6DD6FA2FA0C6,0.1009013465
CC_6DE4E4C1A31D,0.1852488773
CC_6E09CBC15C94,0.5653143758
CC_6E353816938F,0.0490321023
CC_6E3AB992A5C9,0.1720376995
CC_6E420A2FE490,0.1402948827
CC_6E46D01888D5,0.1433675893
CC_6E4702162475,0.0612120731
CC_6E548AF15091,0.2375116916
CC_6E5C9A2DA27E,0.0380875878
CC_6E610F3976CB,0.1939649358
CC_6E614FF9BE02,0.6765591938
CC_6E68D46447E2,0.1014200377
CC_6E712C21215D,0.0401016488
CC_6E84DED41B8B,0.1320654910
CC_6E8557E30DC9,0.6130122163
CC_6E8963475D35,0.1858795754
CC_6E9880CA0BF9,0.3112798748
CC_6E9FCD68ED52,0.7109675267
CC_6EB194A93F60,0.1413703953
CC_6EB370F511F7,0.0562454447
CC_6EC722B2BC2F,0.1579458942
CC_6ED1B0EE4B6C,0.2121901017
CC_6ED65E7CABA2,0.1329423125
CC_6EDA84B653B8,0.3703288333
CC_6EEE8E7C1D1C,0.1939625938
CC_6EF17801ADD6,0.1279252021
CC_6EF337CC4BA9,0.2680730114
CC_6EF464EC9FCF,0.1120264283
CC_6EF6B8AE7DCD,0.0384135234
CC_6EF8C59D8395,0.8880861583
CC_6F2146FE362E,0.0611863697
CC_6F2408B665A6,0.3444328249
CC_6F2B8E925D59,0.0244893468
CC_6F3034E96848,0.0937644446
CC_6F3559ACC2F5,0.0372844885
CC_6F46C5897DA8,0.3942833927
CC_6F49ECAE902C,0.0660121544
CC_6F4B818665D3,0.1281528659
CC_6F4E696A1F88,0.2773867531
CC_6F54BD66C0EA,0.1843097530
CC_6F786C433998,0.0947659808
CC_6F78BF56B0C0,0.0844647722
CC_6F8346F138C1,0.4227432220
CC_6F86CFDB23D6,0.0431946678
CC_6F8E30AE9457,0.1583522518
CC_6FC25B27AC26,0.0721519498
CC_6FC8BE007FE9,0.1290555290
CC_6FC8DA40122A,0.1933659537
CC_6FD8BAB1DA3E,0.0717390030
CC_6FE4FD09A9D8,0.0895070915
CC_6FE78CB02174,0.0394250792
CC_6FEB8EDBF2A4,0.2001390372
CC_6FFCF2DAD0A4,0.0698768069
CC_7002034B0979,0.0944543477
CC_7006523D45E4,0.0849588310
CC_70097151A773,0.0549886585
CC_7011BC95A91B,0.0645251952
CC_7020F3C11A3F,0.1769146528
CC_70306409A3E8,0.2886634920
CC_706B18DA7204,0.1352323748
CC_70703A59C070,0.1780791571
CC_70749DDFF595,0.1320240301
CC_7079CE5127A3,0.0284710461
CC_7087A46F0AB7,0.1072862231
CC_708B73EBD939,0.1429810810
CC_709315667BCA,0.0779851223
CC_709970475B6D,0.6387309874
CC_70A56ADAC199,0.0550727930
CC_70ABB244502D,0.0401676942
CC_70B0176647CE,0.1437349124
CC_70D3353DA1C3,0.1018193370
CC_70D652DF4E91,0.1301801008
CC_70E3121BFDC4,0.1024408310
CC_70E5FB8B072D,0.0287461989
CC_70EFECA3FAEB,0.1586413599
CC_70F59DA18BCA,0.4218884347
CC_7100129A0AFF,0.1253283151
CC_7113554E33B9,0.0717245578
CC_71260405461D,0.0850883663
CC_712677251322,0.1759467615
CC_712D31B2785D,0.0785801901
CC_713052DB1E2E,0.0725902962
CC_7139C2D6F1AC,0.0983352436
CC_71427FC8FA49,0.2662987255
CC_714912E93A71,0.1222887647
CC_717A5C2ED311,0.2531744014
CC_717C94F5C8F1,0.0693776163
CC_718F067F4DA0,0.0310030605
CC_719E714DD38C,0.0523807769
CC_71B169C874D0,0.1579038871
CC_71BB5070615C,0.1218233503
CC_71D37D6D19C6,0.2131042954
CC_71DC80205F42,0.1612703573
CC_71DEB636B8CD,0.5638036505
CC_71E4CBAA1211,0.1409506365
CC_71E787049755,0.1140879152
CC_71F1EF5575AC,0.0989491143
CC_7201DD8EB33B,0.2114683023
CC_7202C8CE2317,0.2886398299
CC_720B06583C57,0.0480570259
CC_721DEC038BAF,0.0758627806
CC_72219BCC83E3,0.1294186664
CC_7223DABA7E98,0.1086499074
CC_7233459FF7B8,0.2516536874
CC_7238A8A6767A,0.2125756061
CC_724559551664,0.6666628325
CC_7248EB4B76CF,0.0708809031
CC_7259B5314D92,0.0720919994
CC_725CA03102FE,0.0550123211
CC_726E05E5A555,0.1166112175
CC_7276AEED6D4A,0.0884345539
CC_72A18E8D6670,0.0384206728
CC_72CDBC38202A,0.5185103972
CC_72D8B2ABA2D1,0.7239839236
CC_72E4590D362B,0.3834483773
CC_72E8542AE4BA,0.0451709965
CC_73010B6E55DD,0.6542376069
CC_7309A4693D52,0.1582029249
CC_730C2A3FF1BF,0.1639197916
CC_731C1BCED024,0.6185980962
CC_732C325832D8,0.1790386627
CC_732DFCAA0A75,0.1840615558
CC_73322A6A24B1,0.7972185686
CC_7336B19A18AB,0.1974405224
CC_733AF1D123B8,0.3120790616
CC_7344A0E90AFC,0.1110253179
CC_7348C2B475B7,0.1165321480
CC_735E1A78B058,0.0789990921
CC_735ED2A02DC4,0.1338815215
CC_736015DE4E3D,0.3933822682
CC_736A42761E55,0.1110116371
CC_736C0436B98D,0.1774042881
CC_7379212919FD,0.0689074462
CC_73859CD59E75,0.5859649606
CC_738B201B1CF9,0.1765443231
CC_738DCB11942F,0.0651003599
CC_739198ACE582,0.1237322189
CC_739D093D7B69,0.1056367551
CC_73A7FC903662,0.1657771498
CC_73A8927DCEB9,0.0912455147
CC_73B575BBBBE3,0.1372020834
CC_73B6B9AD2002,0.0427218099
CC_73C28D72A5A3,0.5042083479
CC_73C38DBDF9A7,0.1060833713
CC_73D44BEF6754,0.3393318841
CC_73D4C1D7C022,0.0797523329
CC_73EF383F3C2E,0.1539316120
CC_73F34B1607C1,0.0746126991
CC_74137206902D,0.1213706748
CC_74198E5EC366,0.0552005279
CC_744FB5804A8C,0.6432721429
CC_7451E64B6D47,0.1650856167
CC_745A64878AF1,0.0840398940
CC_746B196CECA1,0.1461917166
CC_746C06898D5B,0.6802075320
CC_746DE1EED0DD,0.2176360288
CC_7476938CF6A0,0.4923127812
CC_747CFDB7E305,0.0837478291
CC_74845374E870,0.7572945855
CC_74AD8D3B192C,0.6692374092
CC_74B90A15B270,0.1066508248
CC_74BA5D46E909,0.6260060345
CC_74BE0AD5E21D,0.1635402830
CC_74C33B66F002,0.1414154129
CC_74C9C3F17421,0.0620143917
CC_74E4BD5C07D2,0.0624417833
CC_750D90249EFD,0.1293847645
CC_750DA21B7EDD,0.2875775729
CC_750E6537383A,0.2575327056
CC_75137D6F9DCB,0.0889617907
CC_75173A8A11D1,0.4012147576
CC_751DDC1FC2AD,0.1128544496
CC_75357E0206F5,0.0782127588
CC_753D160E3A58,0.1488115298
CC_754447632F75,0.0621963253
CC_7549363C5D36,0.1157340753
CC_754F3894627C,0.0914674732
CC_7562CD43897F,0.1436245437
CC_756A077EC614,0.3940403681
CC_756D3492443F,0.2459822966
CC_75783B3E6C6E,0.0451308898
CC_7598068A716C,0.0371907985
CC_75A37D8C1F6C,0.5714321701
CC_75ABDDA24C26,0.1124012533
CC_75B287424E59,0.4218736496
CC_75B2B88876B6,0.0953484781
CC_75B324FCDD4A,0.2364067475
CC_75C1466E61E2,0.2606143884
CC_75CCCD9D4568,0.0851925682
CC_75D2DAF4491C,0.3473401990
CC_75D54090AAD4,0.1287500845
CC_75F1927E5941,0.7141042379
CC_75F99AD6844A,0.2865011352
CC_75FBA505C727,0.2464463338
CC_7615CC930B76,0.1402599812
CC_76168488EBB0,0.4906688218
CC_76197A77D666,0.0280420223
CC_761F48F8E962,0.1764115489
CC_764C6ADC6D1A,0.0846713345
CC_7658A6B0910B,0.0475451864
CC_766347951B7B,0.5976655650
CC_76857712D8F5,0.3184776454
CC_76A0DF2549B7,0.1169872183
CC_76A636414AEB,0.2757524295
CC_76B01540CDD1,0.1821901753
CC_76B420FC66EB,0.1034908632
CC_76B6BCD2EBAF,0.0521111061
CC_76B7A0029620,0.1067600610
CC_76BA435EF2AC,0.1252503567
CC_76BCC1AFDA4D,0.0744382491
CC_76C35913E797,0.1537511827
CC_76DE3DF1DEE3,0.1885224581
CC_76DFA4CD068B,0.0952226080
CC_76DFE3568C72,0.3577519951
CC_76E201F1E036,0.3234331555
CC_76E83166FE0A,0.1386519865
CC_76FD9E9D9ED0,0.1448988574
CC_7720BBD06736,0.3403882866
CC_77340228F356,0.6708918971
CC_773CBBCBAFFE,0.1122250422
CC_773E9B092923,0.1159482354
CC_773F22C3E42F,0.0378939372
CC_774ED295BF96,0.1775568163
CC_7751ED6DF76C,0.0442607250
CC_77571749B970,0.1251162108
CC_776F8B3BAC08,0.1046570645
CC_777889F9694E,0.0532537769
CC_777D08513AE8,0.0855498685
CC_777E3D988EFD,0.2888548426
CC_7795BEDE05E8,0.2991012860
CC_77A9EA3A6784,0.0735272194
CC_77B1AB7960A9,0.2039417223
CC_77B6EA810549,0.2561921913
CC_77B9889C9BFD,0.1929116862
CC_77BC55DC92B6,0.1346341996
CC_77D1DFCB0A8B,0.0507935300
CC_77D9AC43DFE1,0.1932889491
CC_77E6EF1CF2F7,0.1233834921
CC_77FFA8E6B36D,0.1234131956
CC_7801661A9DC2,0.1584479000
CC_78069B1BD931,0.1380680658
CC_780828B48716,0.1497952393
CC_782130B98F34,0.1242541504
CC_78273789B3C5,0.7527175456
CC_78296783E4EA,0.1747167041
CC_782B06291D87,0.0765132051
CC_783A2D4C89F9,0.4438170113
CC_784407E16923,0.0841557048
CC_78491B6255F2,0.4229767915
CC_784F17AC712F,0.0656113190
CC_7852FC3BBADB,0.0923787606
CC_7866E4CE528E,0.8190931750
CC_7867E7C01013,0.1875175537
CC_7869F609EC2E,0.1835200551
CC_7874F14ABD7F,0.1667341217
CC_78774E05FF12,0.1552133251
CC_78815A352067,0.0926802440
CC_788FF4549766,0.2287233471
CC_789977501322,0.1376725708
CC_789B2BA880E7,0.0367420417
CC_789D87F51AA1,0.0681232512
CC_789DC3C358CB,0.2241095941
CC_78A036DF6320,0.7277264641
CC_78A3EA63B7EF,0.0389566675
CC_78BF1B8FC1CA,0.1141260342
CC_78C96E7015BA,0.6536495418
CC_78CC84FA2CE2,0.1831430129
CC_78F0087076CF,0.1572000590
CC_78FAA95F5B5F,0.1213446467
CC_79033EFDE096,0.1095225210
CC_79086C18A963,0.1117015743
CC_790DA2ED9F5B,0.1193267808
CC_7928811F7D86,0.1049658549
CC_79345478FCE5,0.2014796931
CC_7936C8D65B95,0.1390788774
CC_7948C5509411,0.4507708428
CC_794ADB0677CD,0.1218060941
CC_794FF8E7F876,0.0531058090
CC_79500EA652BC,0.5397006008
CC_795083A66DB5,0.0374811138
CC_7950D4B773CF,0.1554272590
CC_7955AEB49759,0.1539762929
CC_7964F862DFA3,0.3810785716
CC_797A700CF967,0.5115275378
CC_798180DDF677,0.3650879580
CC_7981ABA9C370,0.0963775333
CC_798B2DC03C5A,0.0807555313
CC_79BD986C23CA,0.0674606212
CC_79C6BA680815,0.5678069300
CC_79D694E6F5AF,0.2567802212
CC_79ED9A0F6E49,0.4266229381
CC_79FA2512E5A2,0.1572325117
CC_7A0024F6FA60,0.2280417896
CC_7A193A453F27,0.0379737521
CC_7A1F071DC5D4,0.4555598987
CC_7A5D96BC99AA,0.7495840415
CC_7A6B51562949,0.1995644708
CC_7A6D7F9654DD,0.4134740832
CC_7A778E010F33,0.2203481749
CC_7A7FB841B669,0.5537753743
CC_7A91013D31E1,0.1074415485
CC_7A9117596769,0.0475663990
CC_7AAF340DCE8F,0.1748753713
CC_7AB146267981,0.2415649710
CC_7AB2A9CC8424,0.2846987379
CC_7AC1DF18CBA4,0.2344007720
CC_7AC4240DD225,0.2844381881
CC_7ACB325BD924,0.1807310433
CC_7ACB88002397,0.4910519813
CC_7ACD4F370AED,0.1841412973
CC_7AD4072A9F82,0.0627261820
CC_7ADEECDE4D73,0.2370593788
CC_7AEB48D8C5E0,0.0775603919
CC_7AFA5CD2B29E,0.1094368099
CC_7B092786DDB0,0.0538813020
CC_7B1B35D5628E,0.0681381686
CC_7B210557F04A,0.1052149324
CC_7B369A7C1D3F,0.1566766341
CC_7B4002591821,0.6624599385
CC_7B42BD80D79A,0.1960993587
CC_7B44FDF08B93,0.1144159172
CC_7B501C32CAE5,0.0731896206
CC_7B88520D4FA2,0.4041404627
CC_7B8ABE6E552B,0.1521705132
CC_7B8D2E07908E,0.3390577497
CC_7BA150468D19,0.5561253737
CC_7BB159FCEB53,0.2729082502
CC_7BDD72710831,0.0649214133
CC_7BE02C65B967,0.1582610411
CC_7BE382988C1C,0.6882184670
CC_7BE6110DBAA1,0.3371083671
CC_7C0B14BB0573,0.1568487222
CC_7C0CF5558904,0.7104881046
CC_7C13E7F561DA,0.6907843390
CC_7C46F7F667F3,0.1639880742
CC_7C510CE0521B,0.0842234589
CC_7C61B5D39E49,0.4810611585
CC_7C6770DDA182,0.1152698459
CC_7C6DBF78A610,0.0957662482
CC_7C7B0438E3AB,0.1754560157
CC_7C87DFBC3176,0.1190025121
CC_7C9528E94215,0.2571274180
CC_7C9ADE65CF81,0.1155435938
CC_7CB6CD1B9DD0,0.0446363069
CC_7CB7C7E55BE6,0.1580651946
CC_7CCC3A690325,0.1859950284
CC_7CE5689488DB,0.0551653285
CC_7CEB758A9814,0.0490047918
CC_7CF7443D923A,0.0557648698
CC_7D0D597690BF,0.1636058980
CC_7D0EA0307817,0.0483200085
CC_7D12E6FF25C3,0.1219163026
CC_7D28D39AED1F,0.6556266971
CC_7D2D19D832FF,0.0617571916
CC_7D34A67E1369,0.0653720814
CC_7D4388B41EB9,0.1401491769
CC_7D46FE573D79,0.1178089726
CC_7D7810799F2E,0.0535541375
CC_7D79241150C8,0.1171611162
CC_7D7B92EF2655,0.1533409788
CC_7D8C2495C1F7,0.0840387314
CC_7DA4F1BA24A1,0.7004401692
CC_7DAF18939084,0.0574751115
CC_7DB8BA427410,0.0547407737
CC_7DC9456F1161,0.0327810280
CC_7DD2CBE0F0BC,0.2027741711
CC_7DD495158BFD,0.6231346780
CC_7DD5411F7A14,0.3018170680
CC_7DF099A7A092,0.2160890527
CC_7DF27D2AC111,0.0509653148
CC_7E0CA072EF93,0.0775843359
CC_7E0DA100F5F2,0.1649526077
CC_7E1086EFDED5,0.0362765362
CC_7E12E0F3CF6D,0.1014439625
CC_7E178CE78FB8,0.0780984920
CC_7E1C1A6D0E9A,0.1453795857
CC_7E2A76850DF6,0.8048560269
CC_7E3ACB15C69D,0.1301394019
CC_7E3F3373A73D,0.7078915485
CC_7E42A3D0737F,0.1000724910
CC_7E4679C534D7,0.2324910474
CC_7E53FEEB19B1,0.2611320224
CC_7E71CE7FC603,0.1927435432
CC_7E8333DBAEB4,0.4365727727
CC_7E843438DE4A,0.0477816348
CC_7E8E4747C0D0,0.6325186899
CC_7E952828C1B5,0.1092502560
CC_7EA6431FE6F5,0.1205681800
CC_7EA7BA7621C3,0.2615328818
CC_7EA8F24B3010,0.0938193509
CC_7EAB28B0309C,0.0626762022
CC_7EB4A5BDA97E,0.0855157266
CC_7EB4B0A36534,0.1105852264
CC_7EB791F4AB2E,0.1422943804
CC_7EB883C9D5F9,0.0416365220
CC_7EC59C577F02,0.0592884091
CC_7ED2683D26DD,0.0792655974
CC_7EDB3440E0AB,0.5948061846
CC_7EE12013C7DF,0.1821255163
CC_7EF824CC0D3C,0.1313363234
CC_7F09C6F6321D,0.6993265286
CC_7F1AD40DA179,0.1990352968
CC_7F1D38A39164,0.0673050676
CC_7F22B7D326CC,0.1874159848
CC_7F2614F1AAAE,0.2514962540
CC_7F2CDC7C1634,0.0473707652
CC_7F2D46DF9BC7,0.1502510483
CC_7F57A90B69E0,0.2417037422
CC_7F633226A676,0.2912061187
CC_7F753D809267,0.6114275696
CC_7F7EBF25AED7,0.0325244595
CC_7F8496CC5779,0.0453391837
CC_7F88D9C5D258,0.1009177587
CC_7F8AB4DCA794,0.1262066617
CC_7F8CC9509418,0.2473556570
CC_7F9069571F79,0.2945856476
CC_7F9AD27E079E,0.1689841012
CC_7FA281AC1C7A,0.0964629131
CC_7FA389E90548,0.1017184879
CC_7FBF4A48AF55,0.0529733399
CC_7FC40175A8E1,0.2716350599
CC_7FD58EE7029D,0.0803063668
CC_7FD7F635C341,0.0513778321
CC_7FDD458DA059,0.2145415799
CC_7FE85C259E03,0.1056704583
CC_7FE8CD30D7E0,0.0820502048
CC_7FFA32DE7B04,0.1451917219
CC_8014F1E2C5BF,0.0386279582
CC_8015895C1C29,0.2120108531
CC_802BA7E39A13,0.0587829670
CC_80300D23C3FE,0.4621435113
CC_80465303B6E2,0.1896859545
CC_805ADFD46B84,0.0503054174
CC_8060F40D9522,0.1579551634
CC_80621E822131,0.0580886284
CC_806654B580B5,0.4446966013
CC_806CFD6A52BA,0.0394021004
CC_807935BBEB7F,0.0541495664
CC_807C57E626E4,0.0754962514
CC_807C91C98684,0.0287701527
CC_8096B589BB07,0.1595991874
CC_809D60155E9D,0.0828401399
CC_80A2189E5125,0.4322096594
CC_80AF87F62770,0.1503667120
CC_80C03DF9CC57,0.1950263260
CC_80D9B6563750,0.5335683473
CC_80E9638ABD4B,0.0470202850
CC_80F7171B71CF,0.1211376987
CC_80F9983BC18B,0.0657445714
CC_811109A98EFF,0.1048873102
CC_8129480B056D,0.2995170729
CC_8134E5DA9FEB,0.5561282510
CC_8140399AD344,0.1201692586
CC_8140E278B6A0,0.2183156349
CC_814E0F756757,0.4687529259
CC_815FAAABFC91,0.1812746714
CC_816B28807CED,0.0609959070
CC_81821F9F2307,0.5266048158
CC_8186D7991EB8,0.0507028049
CC_819E203180C8,0.8028283196
CC_81A5E3141BDA,0.5871166857
CC_81B5CED8EE79,0.1365106892
CC_81B91198E00D,0.7340248455
CC_81BADC379C8B,0.2093604585
CC_81BF8EA390F7,0.0495378727
CC_81C5FC962C72,0.0835208957
CC_81DDBFAF1CB6,0.0561441783
CC_81DE637E6138,0.0619415894
CC_81F389DEC9C5,0.0795559793
CC_81F647806849,0.1238013822
CC_820D491B2903,0.8033413572
CC_82172863AA45,0.3384719621
CC_82195FBE9366,0.0508825543
CC_821F503DA953,0.0797868892
CC_8221AF9B0B93,0.7086071299
CC_8222D1C47857,0.0836308122
CC_824BB6CD2B25,0.0594266152
CC_825192411933,0.0941532766
CC_8270E213EDF5,0.1717378743
CC_82839CC161E8,0.0538077794
CC_828A0B6D7291,0.1226360460
CC_828EDE22A438,0.0357838836
CC_82928B5ABD45,0.2816399510
CC_82A7FE954659,0.2006009108
CC_82ABE1FFFA1F,0.1417446290
CC_82BDFA01C41F,0.1187393395
CC_82C20057CB4A,0.1042366486
CC_82E52529A567,0.2014577652
CC_82EFBFCF68AB,0.1267626104
CC_83092F58B321,0.1408073101
CC_83098B4BBD4A,0.1467193521
CC_831F9E623C5F,0.1816845548
CC_8326C8A3D569,0.1137117374
CC_832730F42A18,0.1422508491
CC_832A44C3F2A0,0.0466051071
CC_832EBAE498AE,0.6356649957
CC_833B196A70F3,0.7409985879
CC_833E14DFF4C6,0.1503170558
CC_834092035687,0.3053052438
CC_8351244DE3CB,0.0602752465
CC_835B90025058,0.0500812581
CC_836534CEDFD3,0.1500791185
CC_837ADC1EA55A,0.1768067752
CC_83884D799788,0.1833394545
CC_83947255841B,0.1131976488
CC_83A5A3022ADF,0.8053704119
CC_83ABA98906DE,0.0773482687
CC_83C75D07414A,0.4173633327
CC_83CBA767432F,0.7635891148
CC_83D342F53F36,0.1593809945
CC_83D5CA2A23C2,0.0411005380
CC_83E002D6D82D,0.1757247316
CC_83FE1BCC83E6,0.3655515634
CC_840E5B830DB4,0.0430110113
CC_842525788FC1,0.1787552084
CC_843076C8EB9E,0.3081709402
CC_8442C97EE91A,0.1241753739
CC_844C3C30ED67,0.1288023451
CC_844E345D2636,0.2184486525
CC_844F26E92B12,0.1768925413
CC_845032D8A261,0.2634815185
CC_845223F606E2,0.3099643633
CC_846F5B19B110,0.4031181803
CC_84797EA9ABF9,0.1990647244
CC_848D59D48081,0.1875926023
CC_84AB057BFCCA,0.0623795559
CC_84B0BA112537,0.0638536236
CC_84B8FCEDADD5,0.0696439965
CC_84C61A6BE99D,0.1000989806
CC_84CDF830F68F,0.0805168134
CC_84D5B88572DC,0.2454872229
CC_84FABECED186,0.1291377720
CC_8503F43FB29C,0.1835284875
CC_850ACB004EE2,0.0830967791
CC_850B114489CE,0.1133028814
CC_850CC17BB13B,0.1169508534
CC_8518C159BDE6,0.1205928321
CC_85299261146C,0.0910452718
CC_853986C52A17,0.0460633465
CC_853ABBECF2E1,0.7955217765
CC_853BF4485D85,0.1853503536
CC_853EED03843B,0.0723648418
CC_853FD1B551B1,0.1723895122
CC_854AAA98CC0C,0.8144663186
CC_854F8AB5F1FE,0.0492642653
CC_855E2A785BAA,0.1135929560
CC_85614CA68432,0.0606468898
CC_856B92B23BB5,0.8088385966
CC_856DF4A30E13,0.7344384998
CC_858704DBD5A6,0.0668766041
CC_859EF0AAA74A,0.0475729980
CC_859FB710961E,0.1359079009
CC_85A0EB3C9884,0.5933112136
CC_85C887BB996A,0.0902817515
CC_85D9A6C9CA60,0.1670447272
CC_85DAF10E61A1,0.5370033322
CC_85DEF8ECB524,0.1409362329
CC_85E2E0B8B15F,0.7000492915
CC_85F018DC47FC,0.2548170986
CC_85F376B33951,0.1951223486
CC_85F745E1D307,0.1268754072
CC_85FAFB430486,0.2730620147
CC_860D4B868C17,0.0253182200
CC_8614E30C9FCE,0.3607468460
CC_861F5DC22035,0.0483784903
CC_8624ABB391B1,0.1967513742
CC_862BAB422756,0.2929952092
CC_8642F98E5504,0.1747791427
CC_8655B8862C81,0.1740668898
CC_865FCEE75A8E,0.0359988427
CC_867372811CCD,0.4614256082
CC_867695B5C296,0.5835093558
CC_8682B1F914ED,0.1397333140
CC_8691DF144B92,0.4698949784
CC_86AD259FA5B1,0.1437075643
CC_86AEC21936BB,0.7379005793
CC_86B1D15F8424,0.0495752139
CC_86C2A6EC5712,0.7410703216
CC_86CF816B494B,0.0635811317
CC_86D4D58B1D0C,0.1478869296
CC_86E2C4E17CB6,0.0494922107
CC_86E9E191E3CA,0.4375456490
CC_87000C16C856,0.1071648243
CC_8703DD5FA02C,0.1644580803
CC_87065B1F429D,0.1057794664
CC_87434BBA1CE7,0.0482775145
CC_87450EA8CD55,0.6337558545
CC_87480F785786,0.0868334335
CC_8777EA6EBFD4,0.0416099096
CC_877A35E76904,0.0798959122
CC_877B37D01563,0.1086528435
CC_879759A5EFB8,0.3520680178
CC_8798AF2651BC,0.1231654689
CC_879989FB3B92,0.5570748682
CC_87A3BECEE5A4,0.1551313136
CC_87B7CDF4BDDE,0.0409637442
CC_87C13E620006,0.2836735736
CC_87E3AFB080F8,0.1404519535
CC_880044F77ACC,0.1169046856
CC_8809BCAC74A9,0.0486483828
CC_880E0019DB5D,0.0463643959
CC_880F027D886E,0.1250873728
CC_8812BC579F7D,0.0792386189
CC_88225FE57D82,0.2210803337
CC_88315318E9DA,0.3610075308
CC_883864E584A8,0.0615500505
CC_88469BAD58C4,0.0591436262
CC_8854EE679596,0.0690078479
CC_886273CC4072,0.0683245053
CC_8866B6D4524F,0.2323493746
CC_88A943606806,0.2946227062
CC_88E916A3F984,0.8636497412
CC_88FDC55C31A4,0.1056389932
CC_890D5EE59076,0.0518150897
CC_890F721517F2,0.1192545442
CC_89129D16418A,0.3586017468
CC_8917F02F9326,0.1191643250
CC_8920B6584A43,0.0676579856
CC_8929DF270419,0.7245553495
CC_892B119F0E5C,0.1474769757
CC_89302456B9D5,0.6544235340
CC_893FAA6D1F04,0.7513584421
CC_895AF697BFBB,0.2747283400
CC_8961FF892F79,0.0286270884
CC_897674493060,0.0644748503
CC_898AFCD28B03,0.1457369466
CC_898CC919D10F,0.1907335519
CC_89A711195EEB,0.1502835816
CC_89B4DF07DF12,0.0789041973
CC_89B941079E10,0.0888888282
CC_89B97E9FF67A,0.1014282552
CC_89C5162E8055,0.1741686410
CC_89CA0F1E2DBF,0.2404792487
CC_89DEE29A78AA,0.1026230471
CC_89E089707730,0.1745472990
CC_89F0B865A6D4,0.1152994042
CC_8A04C5D4D02D,0.0720084298
CC_8A081AA1FB92,0.3383815465
CC_8A0C640E7A89,0.5152464109
CC_8A12B68246A6,0.0436250623
CC_8A14A46B280C,0.1631421551
CC_8A165A18560F,0.2695540084
CC_8A19196788FA,0.0744244566
CC_8A25FA445037,0.1163151840
CC_8A29EA87B295,0.1416870060
CC_8A2AC87CB22A,0.0574370764
CC_8A34634E7423,0.5935877005
CC_8A38BC1AFE57,0.0863608176
CC_8A4CAF0CD0F3,0.0901214588
CC_8A5A0429CAB0,0.1488473154
CC_8A6E60FAE870,0.0676368359
CC_8A7DA054E397,0.6929109935
CC_8A7F5FF4B421,0.2655906429
CC_8A8249A44847,0.1318003994
CC_8A8BCE16DF45,0.0969017615
CC_8A8EC764734B,0.1005127256
CC_8AB553BFA00A,0.0986965561
CC_8AB57DC077EE,0.6455447545
CC_8ABA5808D313,0.0748488579
CC_8ABDD9A05C87,0.3729029965
CC_8AC7520DBCCF,0.1497237195
CC_8AC7F8BABF28,0.0617826660
CC_8AD67FB3A5CC,0.7818894006
CC_8ADDCF5EDCC1,0.0988325477
CC_8AF1C3A0799E,0.7238147277
CC_8B388FAED0B6,0.1096083245
CC_8B46CA903D09,0.0310362415
CC_8B5819403FC8,0.7065053373
CC_8B581B8207A9,0.1355175925
CC_8B6DBEF19F46,0.1432603599
CC_8B8326C4C229,0.1199139960
CC_8B850FDCFC83,0.0771312501
CC_8B8F41F19B72,0.0691048317
CC_8BAF98C60957,0.1179154956
CC_8BB0824B181E,0.0507003373
CC_8BB963DAD9E2,0.1573616434
CC_8BBF5F939D7C,0.1367154841
CC_8BCBDCF4DFF1,0.1028474585
CC_8BCE343561CB,0.7747792486
CC_8BDA87361657,0.1407450626
CC_8BE68A4DB87C,0.0520714705
CC_8BE9BBD879A5,0.0454546808
CC_8BED85B91011,0.4382417368
CC_8BF68E552DA2,0.1809851846
CC_8BF832E6464E,0.8255411300
CC_8C1561920E84,0.2149233438
CC_8C2A7D9A667A,0.1685969595
CC_8C3A5DFE70B9,0.1786707069
CC_8C534CCBDA4C,0.2032087999
CC_8C6472A3EEAB,0.0548199817
CC_8C6B4854D16C,0.2447428334
CC_8C76DE4F58D4,0.0827015350
CC_8C7DA3F4F88F,0.0767727672
CC_8C8527DE7DD7,0.0772516586
CC_8C9416612FDE,0.4174056550
CC_8C9973F02AD6,0.3381300405
CC_8CA1DB61A2AC,0.0479860726
CC_8CA59CAE22F6,0.1282718057
CC_8CAFD04A6EDD,0.1064524019
CC_8CCCC389913B,0.6327068543
CC_8CCEF12DC7B9,0.1847017783
CC_8CDCD714BD1F,0.7767431669
CC_8CEC7987D1B1,0.0847907733
CC_8CF621ADAC0A,0.3049331032
CC_8CF8FE2A4B82,0.4305401531
CC_8D048396D9D5,0.0964292379
CC_8D1089C58563,0.5251567884
CC_8D35A37FC4B1,0.1389291545
CC_8D41E12FE5B6,0.1372583279
CC_8D4A859839EF,0.1380782926
CC_8D4AD431C55F,0.0875227187
CC_8D4D882CA579,0.1175904486
CC_8D6151025078,0.1213414132
CC_8D637233FE54,0.1767500714
CC_8D6AEBA2D7EC,0.0886021948
CC_8D6E16DED971,0.1762527473
CC_8D7329F79BBD,0.5114438558
CC_8D7B7307C43F,0.0814902446
CC_8D7B9D4936EC,0.7623557100
CC_8D80B1B44AE1,0.4478674163
CC_8D9516D61143,0.4258628385
CC_8DBB8445786A,0.1106655924
CC_8DC5B86D9DCC,0.7909434734
CC_8DC6465998DD,0.1950897878
CC_8DDD0EDA9CB2,0.1555743858
CC_8DDEF0265CB4,0.0633695909
CC_8DE06BEB95A1,0.0854256217
CC_8DEBB5B14A14,0.1420631072
CC_8DF5BE7F759C,0.0591948307
CC_8E0ADCC71F85,0.0495276620
CC_8E0BD86F6F0E,0.1065910426
CC_8E143BFCF3E5,0.1040985202
CC_8E170A60D71C,0.3730640851
CC_8E1C3A21FAEE,0.1123293582
CC_8E408E18F060,0.0999069775
CC_8E42FB163DA5,0.7981078771
CC_8E47536D29BE,0.2246466971
CC_8E50AFFC5BBD,0.0566611019
CC_8E5FB1035354,0.1846273930
CC_8E7B9B8DD1A3,0.0940864781
CC_8E85B08196AF,0.0329258136
CC_8E96FC75AE5A,0.0879793468
CC_8ECAB5A6C7B9,0.0776677612
CC_8ECC4C7A6638,0.4950357933
CC_8ED6F13C35F5,0.2074213740
CC_8EE5E9467038,0.1792794391
CC_8F037E5AE692,0.0497837352
CC_8F1A418D96B3,0.2466669782
CC_8F1C4014F91A,0.1583875925
CC_8F30A5FC9D49,0.0968116965
CC_8F3456F298F7,0.2063056705
CC_8F393D485C29,0.1197426884
CC_8F4A41130110,0.0477246345
CC_8F7AA6E4D486,0.1038169113
CC_8F887BE25314,0.1572916408
CC_8F90CD1A5E00,0.1523834993
CC_8F9B26042C4A,0.1052741277
CC_8FA9423E65C6,0.1025984431
CC_8FBA6C32E0A5,0.2847672955
CC_8FC1C50C41E7,0.0780369610
CC_8FD005425792,0.0626259101
CC_8FD6A223135B,0.1500847958
CC_9002450E1B5A,0.0564870627
CC_901CE62199C7,0.3729491801
CC_901D2136E1F9,0.1746439399
CC_902648F62345,0.1519112475
CC_902BF0612E70,0.1372218753
CC_9036F7423277,0.1632163981
CC_903AD2767BAE,0.7618043926
CC_903E4BA690FA,0.3012241663
CC_904386E31210,0.0631055219
CC_904EA6C846F8,0.4640514643
CC_90549DD3CC39,0.1340861218
CC_905739E5494F,0.0856756895
CC_906F852C69D6,0.6510276583
CC_907911F4930A,0.2754959310
CC_90798A7273BD,0.1315165296
CC_907F3A8AFCFB,0.0765356317
CC_907FA7722881,0.0992155508
CC_90812D9F30FE,0.0895591044
CC_90870A89F310,0.0386287390
CC_90894CA021C3,0.5979578760
CC_9092C5EBF5F6,0.0691959591
CC_90A10D649D9C,0.6678278589
CC_90BF8E127519,0.6507666208
CC_90DBB385A7F3,0.7152110142
CC_90EAD308012B,0.2888580028
CC_90F4BF0B868D,0.1570603880
CC_90FA39516EAF,0.0841309270
CC_9117894F31C2,0.2085537564
CC_911ED63BB556,0.3624122066
CC_912730AE6E8F,0.3053603859
CC_912CA7EE4C26,0.1280170994
CC_912DA46AAED2,0.0850886359
CC_9132E67EA479,0.1620538853
CC_913D95FB31E0,0.1657177082
CC_91529F20D461,0.8074340471
CC_91586318C780,0.0359839815
CC_915F2708219D,0.1702797976
CC_916CCF9CBC08,0.0360967615
CC_916CF77A29CC,0.0891058904
CC_9189E4FF82C5,0.1654533447
CC_91A27CB6139A,0.1687936488
CC_91B7A4A15A37,0.6352510821
CC_91C2077BA6D7,0.0984061314
CC_91C4CC43EEE5,0.1566482255
CC_91C55BE33AC7,0.0560658123
CC_91C81BC58B49,0.0644868602
CC_91DE12EE18A7,0.3748403864
CC_91DED13CDCD9,0.1574502459
CC_91EF639761F8,0.1337566076
CC_91F23A7E743A,0.3340697728
CC_91F4C5E889C7,0.7466351210
CC_920E91EB28A7,0.1858405983
CC_921481F5F77E,0.1097143693
CC_92221DB27176,0.1512290470
CC_9224D5677C66,0.1349673621
CC_9230B9656F93,0.2061116064
CC_9231D0F8A993,0.7003209776
CC_923727159A8F,0.0543324064
CC_9248706729D9,0.0424675870
CC_924AEB5DD991,0.1931730813
CC_9250BA851692,0.3163071203
CC_925BACE3417D,0.1168743748
CC_9260CD0D7C0A,0.1011817458
CC_9285EB21B38A,0.1073504289
CC_92A09F03DAB5,0.8071657831
CC_92BC35D7F9CD,0.1019479184
CC_92C5FE9E5B12,0.7297219982
CC_92DC8CF8C902,0.0767890624
CC_92E006664648,0.2632077951
CC_92E4EFB9F0DD,0.1170368312
CC_92E621E0298E,0.1840680840
CC_92F412AC7D22,0.0844752272
CC_92F42886B7E4,0.1983407123
CC_9301E23D376D,0.6682909649
CC_931133320380,0.1718048242
CC_9314B6D8B7F2,0.0650495614
CC_9337E3B43211,0.2397700955
CC_933E044F26DB,0.0832196447
CC_934BB89938A3,0.1209285383
CC_935296A995DA,0.1264642639
CC_935326AF26E2,0.1670775760
CC_935B72B8E7F0,0.0586803671
CC_936FF3C9BE68,0.0387696250
CC_937FFE1718BC,0.0474944105
CC_939F92AEE460,0.8217737492
CC_93A4365B25CF,0.8375665131
CC_93AB9D6A7EFA,0.0734154322
CC_93C719738590,0.8252660877
CC_93CB48930B37,0.2068881567
CC_93D24FAFD21D,0.0988501357
CC_93DB5F477493,0.1092556060
CC_93E1CAFAD44D,0.0697455379
CC_93EC9F853123,0.1998315229
CC_93FEAF515A8E,0.0468430711
CC_94063A67F136,0.3149188169
CC_9406E32819F5,0.0584836084
CC_940971CBC1A4,0.1511859285
CC_940ADC8DEA3F,0.1168380526
CC_940C7E8E0C52,0.2292793129
CC_941DD2E1DE56,0.1459703863
CC_941FC1FD0D55,0.1961621271
CC_943B720DB5BB,0.1089433253
CC_9440309323A0,0.1167286657
CC_944B461BC558,0.0626707689
CC_9453654BACE9,0.1843463282
CC_945888CEAF10,0.3613865952
CC_9458D4A483A8,0.1183978820
CC_9464BA7E98B9,0.1026775460
CC_94794B478A5C,0.3839879230
CC_947E58EFF90A,0.1033960824
CC_948537FC17AA,0.7980775320
CC_949576D25153,0.0626801136
CC_949B8CEAD619,0.0894345768
CC_94B4E05906A9,0.1433875475
CC_94C3B6F3B0CC,0.1398577155
CC_94C3D9D8FBF3,0.6220371846
CC_94CD530B2099,0.0807883132
CC_94E9D1E527E6,0.0316762268
CC_950450C0845E,0.4062290174
CC_95169A4360C6,0.0476303204
CC_951A69571676,0.0486469636
CC_95232636844F,0.2142427589
CC_953A5913EDD3,0.1640638033
CC_953B678083F9,0.0626350463
CC_9541BD0604B6,0.1951754053
CC_954404C1BEE6,0.3860801200
CC_95444ED71872,0.0750519916
CC_9544B86C78A6,0.7534294652
CC_954AD7E7C8F1,0.1590186644
CC_95525CC6C854,0.1393331646
CC_95573B318A91,0.0370883740
CC_9569309DC18E,0.0790206244
CC_956A2DF28600,0.1939391264
CC_957C7A0D7B72,0.3739437347
CC_958BECCA0BAB,0.4492008370
CC_95A6C4DA2F12,0.6389517685
CC_95AB75B5BBBB,0.1184362949
CC_95C1274DD7DF,0.0333003681
CC_95CD8F6A8CBA,0.0356896392
CC_95DD4DC604BD,0.2005975974
CC_95E1AC08266F,0.1253552501
CC_95E3DDCB74EF,0.0864113346
CC_9601384AC971,0.4230078669
CC_9608A73A8025,0.1601259892
CC_961F3BFBDDAC,0.8893889377
CC_96206C1277EB,0.3059718773
CC_96396AE6347C,0.1742098776
CC_96416D2A937F,0.2214805487
CC_964C2E0B00C1,0.2298630402
CC_9657A2A04BAF,0.2125905798
CC_9662D713B7BB,0.2410733251
CC_9664F83B7F1D,0.1848938769
CC_968AF836D0C4,0.0462560780
CC_96A6735A4317,0.0654082770
CC_96BC62A4A0AD,0.2272771333
CC_96CD75668A6C,0.0914323340
CC_96D928252719,0.3970264135
CC_96E40BDE9A6C,0.1230020038
CC_970116768415,0.2268977157
CC_970E94875C2B,0.7837288543
CC_9721C8A61D80,0.0955087194
CC_972313B0F814,0.1852975622
CC_972FD8FFFF63,0.5961016200
CC_97478A77EC17,0.1605696363
CC_974D14774BD8,0.0702144277
CC_974D86BD39FD,0.0488830266
CC_97508465AB76,0.1207395123
CC_975689C0CD6E,0.0742724427
CC_975967702106,0.0407410664
CC_975F3F07ED23,0.0634184190
CC_976E0D9A64ED,0.3843706484
CC_977145B2B363,0.3679083817
CC_9772CABFE1D2,0.8093693742
CC_9773C1E6AC8B,0.6345061985
CC_97832657396B,0.4281710825
CC_97963C337FD3,0.5008200063
CC_97978B581F20,0.1655124163
CC_97A9ECF23955,0.2145191662
CC_97ACD6D965F3,0.1275956143
CC_97C69AF6E34B,0.7407078132
CC_97D0E7256861,0.6543922849
CC_97DEBFBE2BDE,0.3261300981
CC_97ED469F2950,0.1123111754
CC_97EE84ABA6BF,0.2828553637
CC_9801B22BF375,0.0905569649
CC_9803B6D4D780,0.2688780395
CC_980E90C8A301,0.1187808169
CC_9814B3D08A69,0.0652216836
CC_9821BD45BB0D,0.1821419423
CC_9829FA0350F7,0.0483030687
CC_982CAA309A38,0.1555752472
CC_98346EBF382E,0.1508666290
CC_986698CCC6AA,0.1303900997
CC_988FC580CD50,0.1311921244
CC_989795BA3DD2,0.0655412189
CC_9897A1DFE807,0.0946287532
CC_98A2C8F4E956,0.0647290885
CC_98A3E6CDC707,0.1266283697
CC_98CE15EE1565,0.0679264967
CC_98D036D16215,0.0615905909
CC_98D09B14EE3D,0.4221376825
CC_98DB782DF852,0.0463568238
CC_98E2EA67BC97,0.0646977137
CC_98E6E7CF74AF,0.0889729900
CC_98EEEB2A83DF,0.6613446331
CC_98F3D3194788,0.1095308753
CC_98F8A8CF4F9C,0.3344053283
CC_98F91BAB57EE,0.1735011992
CC_98FA377070FB,0.2662142670
CC_9900D0479959,0.2993019744
CC_99061A735C6D,0.2161491695
CC_99093EC1A2C2,0.1077007555
CC_99376CA4DC26,0.0334843516
CC_993A588895DA,0.1298939651
CC_993EE6417CED,0.0786294998
CC_99559319913F,0.0364223213
CC_9970123DCC41,0.3018000523
CC_998BB6848FDE,0.0918771778
CC_99958287B2A9,0.5246725956
CC_999BAB2D16FA,0.4194861074
CC_999C7029261D,0.7163944311
CC_99AA61D1896E,0.0882229809
CC_99C03E7D99CE,0.0548172732
CC_99C62022794F,0.0817729874
CC_99D46BE6593A,0.1568048633
CC_99D5A5371B39,0.1739632397
CC_99D79709AD9F,0.7479336574
CC_99D7DDAA460A,0.1309624531
CC_99FC44B3C58A,0.1131203331
CC_9A02B2A17C07,0.0981413493
CC_9A05DE55D408,0.1810776382
CC_9A0C42AA09BD,0.3968122027
CC_9A2B390551F6,0.0450815363
CC_9A2D66206BD1,0.4862866325
CC_9A366E181FA0,0.1685156898
CC_9A39365FA850,0.6340264360
CC_9A42833BA860,0.0416348586
CC_9A4911A0140F,0.0773033240
CC_9A4FE1E8E0C5,0.3944895600
CC_9A51017C734F,0.4105531415
CC_9A5DCCD62D0A,0.3180038414
CC_9A602F492510,0.2027099740
CC_9A66BDD34B89,0.0438076410
CC_9A6AB0AB1E67,0.0442478187
CC_9A7049ED5656,0.6203960282
CC_9A7AF31828E5,0.1006065928
CC_9AA750377C6F,0.0920167198
CC_9AB359C82202,0.0611310600
CC_9AB7BF77EE83,0.7727746707
CC_9ACAC8474B9F,0.0279803250
CC_9ACCA4FB9101,0.0674911423
CC_9AE1529AF9E0,0.1485079909
CC_9AEE181F1156,0.2609853109
CC_9AFD130D3725,0.0874640061
CC_9B09C3353732,0.0771650374
CC_9B0D37817EBB,0.0812819085
CC_9B290B59155F,0.3750857430
CC_9B2D487C64B0,0.0930204518
CC_9B3DEC76ABF7,0.0666522193
CC_9B4F778D0A6E,0.1380964535
CC_9B581A92C2A3,0.3899068913
CC_9B5CA8C38414,0.1864593292
CC_9B6E82167593,0.1871769960
CC_9B6F6B2BCC05,0.3295282049
CC_9B7FC3DA1594,0.3521361661
CC_9B957DC280F6,0.1957506434
CC_9B997DF20042,0.3645688309
CC_9B9BC4B83736,0.0717656599
CC_9BBE1A16C04A,0.1664054565
CC_9BC63F1A568C,0.2463413339
CC_9BCB0166227D,0.2046015894
CC_9BD3DC96ACC5,0.1213578713
CC_9BDC5A0E43C7,0.4333233379
CC_9BF9485A3F9D,0.2398130282
CC_9BFE93FF2145,0.2574891207
CC_9C0470A0536E,0.2355407049
CC_9C205AF09E47,0.5027408864
CC_9C30DC5C1E46,0.0579859311
CC_9C325B6CAD11,0.0397224939
CC_9C4A200D0BFB,0.3945497534
CC_9C5EAF238007,0.2394476241
CC_9C601C6BBD37,0.0546600658
CC_9C606C2C92CC,0.0615234732
CC_9C6192D3A16B,0.0754892426
CC_9C84FB9B1469,0.0653822780
CC_9C989433D637,0.2988205309
CC_9C9B2FEB4937,0.1641991519
CC_9CA7FBE1DD54,0.1320700328
CC_9CACA50F80F2,0.2041994660
CC_9CB40D552388,0.0871220386
CC_9CB8127D17F0,0.0383203966
CC_9CB9CE2989CF,0.7373975976
CC_9CCE51CD83ED,0.8378484683
CC_9CDD2F3D0BE7,0.0485982674
CC_9CDEC693AA99,0.4360652427
CC_9CE9091AA9A9,0.2186643112
CC_9D007C60D29F,0.0824200328
CC_9D017774D4FC,0.6534856399
CC_9D095EC1F232,0.2805156075
CC_9D1A1281C8FB,0.3180412699
CC_9D23F42B7996,0.4532215782
CC_9D2FBC479646,0.6890546199
CC_9D363365CAFD,0.0829255049
CC_9D44E4543573,0.1664500261
CC_9D45F67E3B01,0.0675840050
CC_9D535DD207D2,0.0766464329
CC_9D53ED53A15A,0.5594746429
CC_9D5D97AEE98B,0.4744730630
CC_9D5F2A5B6913,0.0865426926
CC_9D6BC1C470B0,0.5103539800
CC_9D71FBDE765A,0.0565281297
CC_9D73939E357F,0.0991212524
CC_9D82F401BD88,0.6271894568
CC_9D8B4454BE84,0.2531370847
CC_9D92537645DB,0.0621259383
CC_9D95ADE03ED1,0.1705622891
CC_9D98FE7A1809,0.0524742184
CC_9D9D59757786,0.0734160436
CC_9DAEB38616AC,0.1365845729
CC_9DD55CC0E928,0.0275336105
CC_9DD6B460CDFB,0.2710372933
CC_9DD80B5E3729,0.1028111538
CC_9DD82B4310AC,0.4130467654
CC_9DD9389E8AE0,0.0965025259
CC_9DDA8ACEB3D8,0.0776324207
CC_9DDCD898D01D,0.1503643730
CC_9DDD90B42A27,0.8547458571
CC_9DF1807A4316,0.0412342134
CC_9DF786FD2620,0.4605712442
CC_9DF7B9B3C8F8,0.0734439432
CC_9DFF6E2AC586,0.1484915162
CC_9E0546BD7BD6,0.1475766327
CC_9E0BE8227931,0.0967724759
CC_9E1A205BA261,0.3811976311
CC_9E2967559B00,0.0642608953
CC_9E323A031449,0.7358956208
CC_9E377CC03D51,0.0538892549
CC_9E3B83584C12,0.1298233466
CC_9E3D46FF5709,0.5395576865
CC_9E4FA91B86A9,0.0850579147
CC_9E53534DCD6B,0.1235203946
CC_9E73656FC8C0,0.7357993696
CC_9E7430675033,0.1839863767
CC_9E84CACDD7B6,0.4317723878
CC_9E84E0E4C5BE,0.3244992735
CC_9E9C65275B4C,0.1045491761
CC_9E9CB6473D59,0.2045115424
CC_9EA4F11BE6C2,0.1519257815
CC_9EBE3F26F2FB,0.0592041917
CC_9EC23AB6C573,0.3516558126
CC_9EC34DDD0E53,0.0531058694
CC_9ED8EDFE8C55,0.0731940161
CC_9EF352F179D2,0.0659237947
CC_9EF505400F8B,0.6337530436
CC_9EF66D83B743,0.3166197517
CC_9F051572BFE4,0.1870090654
CC_9F151A782BAC,0.2413656987
CC_9F1A5DF4619C,0.4682652720
CC_9F1BF78ECD7A,0.0898289624
CC_9F263092AD72,0.1736028580
CC_9F36EC36A9E6,0.0896561747
CC_9F3D52242888,0.1627598734
CC_9F41F312CDBB,0.3786755927
CC_9F425167F9ED,0.1881739684
CC_9F6981E0009A,0.3445527773
CC_9F706DFE0AE7,0.0319395764
CC_9F7B525DD52D,0.3778422286
CC_9F8D5A5A9DAC,0.1629012579
CC_9F8FAE57E6A8,0.1343916333
CC_9FD1AB8E65FE,0.0564233032
CC_9FD2689202D5,0.1450628722
CC_9FDBB5C2CD09,0.0425625338
CC_9FE52BD71CA2,0.0964627570
CC_9FE8E62EB24D,0.1039222642
CC_9FEA59AEA00C,0.2683302556
CC_9FEA77B36A29,0.3651996438
CC_9FEE9701D16D,0.2312352789
CC_9FF35BA60E6E,0.2881500366
CC_A0003F08B22E,0.1479464169
CC_A00AE2543224,0.0689237458
CC_A02A29DECDC6,0.0881015283
CC_A0336C21117C,0.6491425664
CC_A053B42BBE0B,0.0806794995
CC_A0591F16FA37,0.0306862215
CC_A05F962C80FF,0.1497925210
CC_A07B0549E53F,0.0633224789
CC_A09F230CCF5D,0.6369571634
CC_A0AED6346ECD,0.2145866585
CC_A0C4A796643F,0.1081128831
CC_A0D6DDFB430F,0.0543760827
CC_A0DF672F9C4E,0.1273045290
CC_A0E8C7C5558A,0.2309488955
CC_A0E9269DF22C,0.5628969813
CC_A0F1DB5CB28C,0.1117621874
CC_A0F42B26F8F0,0.0467070771
CC_A0F8F80EDFB0,0.0638298723
CC_A10AD9550E4D,0.0290614862
CC_A10EB26E5EE1,0.1703890451
CC_A111B065F623,0.0757602149
CC_A113D95B4AB2,0.1424172699
CC_A1320C0F0129,0.7753175372
CC_A1348D850EFD,0.7541240421
CC_A13D08B372E8,0.0799712597
CC_A143E64BD9D6,0.3754128513
CC_A14B0A24DC3C,0.1080000349
CC_A15137F25F7C,0.0659750209
CC_A152DBEC5BE7,0.0508378933
CC_A1591CFF6D81,0.0488349291
CC_A168CCB582C6,0.3549674887
CC_A17DC38133CE,0.7617725777
CC_A185D5EA3DE8,0.6359062472
CC_A19C842508E0,0.1307516003
CC_A1B648DA406D,0.0247240344
CC_A1BF7028CAA8,0.0207004776
CC_A1D035FA36E1,0.0616542251
CC_A1DD653D41A7,0.1071395048
CC_A1E3AD4B934C,0.2730433762
CC_A1E58421CE87,0.0607316175
CC_A219144EDEFE,0.0864881662
CC_A21FCEEBB3C3,0.4291070431
CC_A220E4278D79,0.0515657797
CC_A2231BDC961C,0.2231633656
CC_A234E219EFC7,0.3495221885
CC_A239B1BD81FF,0.0645729114
CC_A23D8CFFA31F,0.0744876280
CC_A23F463F4B4D,0.0415966904
CC_A23FFDC4A7A4,0.0812011179
CC_A2423E273F84,0.1040820444
CC_A2493E6036AD,0.3235506448
CC_A25C54470CED,0.1046984900
CC_A25FA690BBBC,0.1337772190
CC_A2636CF7C075,0.0762887544
CC_A26C22870E3D,0.4265833810
CC_A26F6A272B3F,0.1119332227
CC_A27CDC9BCBAA,0.1830299912
CC_A27E5269DA60,0.1469412810
CC_A28D4A46B6FA,0.1220334769
CC_A28EB319030E,0.0425863122
CC_A294D3A59462,0.7375484534
CC_A29D8034C304,0.0700734070
CC_A2A109409963,0.0523021853
CC_A2A4FA5F9962,0.1157789474
CC_A2A7E30C59D0,0.1494415975
CC_A2B5D2D4E269,0.5682779959
CC_A2BB24180208,0.2778994840
CC_A2CF1DFEFE46,0.4853455296
CC_A2D6090EA5B8,0.1281428263
CC_A300BC40BC9D,0.0399830890
CC_A3212501F639,0.1834029247
CC_A3278A566572,0.0561686411
CC_A327EBE4F783,0.1863330450
CC_A32FB6659B01,0.0663280750
CC_A33915EE72B6,0.1323943365
CC_A33D350BE79E,0.1853873411
CC_A3553B8AA8F6,0.1028590178
CC_A36EB077BF3C,0.0249145036
CC_A3753EB66DEC,0.1287396214
CC_A378342AC9BB,0.1910092403
CC_A379E9455C60,0.1711364000
CC_A387ADBD7249,0.0941043844
CC_A39E961FC29F,0.1759440234
CC_A39FA1EF0B16,0.2690053280
CC_A3A4E39FB04D,0.1502099686
CC_A3A751BE68D2,0.0418850740
CC_A3ABB3C5E9D5,0.6668841667
CC_A3AF9C2C68F1,0.1862668118
CC_A3BEA14873AD,0.1448917911
CC_A3C2FEE13C37,0.1249513000
CC_A3D6435D5F17,0.1482383189
CC_A3E3E51AD0E7,0.0494687506
CC_A40566694D53,0.2277671206
CC_A410C0DC7125,0.0292780124
CC_A42168D2B94B,0.0814936098
CC_A43CED9AFEF5,0.4841351907
CC_A4475A788D13,0.1501425202
CC_A44D677C0C07,0.0594214370
CC_A44E2673E71E,0.0473088675
CC_A44E79A96425,0.3430535888
CC_A462CA147DB9,0.1146849545
CC_A4660E424386,0.2148206410
CC_A476C9F116F6,0.1276277737
CC_A47C83B6EE2B,0.1536261866
CC_A47F8594678C,0.2175643901
CC_A48A7592F96A,0.0693595738
CC_A49195E659EE,0.0559202662
CC_A498A936AD21,0.1144631362
CC_A4BE6692361C,0.5947933928
CC_A4BF2115580C,0.0773511738
CC_A4CACCD14A0E,0.1144003499
CC_A4CE57A1AB74,0.0641374544
CC_A4DE4F1B5F93,0.1749528620
CC_A4E300558DAB,0.0790228403
CC_A4E972915D89,0.7759401592
CC_A4EEA04CF3D0,0.2034947816
CC_A4F400E9A0ED,0.0580170611
CC_A4F550D7F95B,0.1996524868
CC_A4FB91B1BF31,0.2138452403
CC_A500C1ED0A33,0.1932847656
CC_A50471962A96,0.7049447024
CC_A5161D8AA57D,0.1343696063
CC_A519C84307D2,0.0724741721
CC_A5277A9BE02B,0.6765712785
CC_A53578FCEA71,0.1165530439
CC_A54EAD1CCE27,0.1427893946
CC_A5512DA239BF,0.1545258471
CC_A5545DF298BE,0.0705356931
CC_A556EEF3010C,0.4688049715
CC_A56756C65136,0.3460047648
CC_A5852E06D2D5,0.2777193297
CC_A5886994671C,0.1597006403
CC_A594D8B41A99,0.0630652369
CC_A59C6A6B71C3,0.0884795471
CC_A5A06987AF5C,0.1928143945
CC_A5A1512FEEFD,0.1730492335
CC_A5ACE4284283,0.1358570236
CC_A5B10F07BCD5,0.0987624491
CC_A5BC9ACDB4CD,0.0602070204
CC_A5BF8B260922,0.4652686025
CC_A5C52379AE06,0.2487386275
CC_A5DD4441568D,0.0274894542
CC_A5FE3BE2949D,0.0480640197
CC_A60EF94F09C4,0.3392089694
CC_A628BE74CB45,0.1443993427
CC_A6292E9B43AD,0.0669884365
CC_A638610BF8F8,0.1124393507
CC_A63BBA86CE9A,0.2901431782
CC_A63BDDAC43CB,0.0623936529
CC_A6409E37A735,0.1311900363
CC_A655EC341406,0.1366606752
CC_A6562E47BFC7,0.1688804289
CC_A6563A22D668,0.7307777410
CC_A6601278C1BD,0.1385083406
CC_A683678AC9FC,0.3028216563
CC_A6864FE80A94,0.0945649941
CC_A69117CC3C24,0.2025131141
CC_A69928C7D217,0.1838384843
CC_A6A8BAF7124A,0.2595442202
CC_A6B7DFC69AAE,0.6098901192
CC_A6BB595B55AA,0.0861194854
CC_A6C5284C4586,0.1022134362
CC_A6CB0D0191D3,0.1072874195
CC_A6FA3FA9F0FB,0.1108150736
CC_A6FDADD23BD7,0.0427979042
CC_A6FE3938F001,0.1954114086
CC_A71DB65F0BBA,0.6138488268
CC_A730F4964FD4,0.1000028976
CC_A73C02C58DDA,0.1049992663
CC_A746BC2289C7,0.2916665640
CC_A766C3608214,0.1124569504
CC_A76F48111A8D,0.1371368951
CC_A77AEC8AD2D1,0.0239594339
CC_A781174166B3,0.1815189306
CC_A79024286DFF,0.0742267712
CC_A792720B875E,0.0930490520
CC_A7952C2BC5B6,0.0698525255
CC_A7954EE1A1C4,0.0520284184
CC_A7991E6B3CAD,0.2200704270
CC_A7B141DF4AAF,0.0567641472
CC_A7BE2CED0B93,0.0574509247
CC_A7CF446093DD,0.2581171437
CC_A7D1C6692090,0.0754706879
CC_A7D6CAB54328,0.4756687236
CC_A7D8D1DA4EA6,0.1501384341
CC_A8102BA6933F,0.0572484668
CC_A81C1EDC5FE0,0.1010508049
CC_A82C0FDDC303,0.2469096959
CC_A83F92C0CABC,0.1421516690
CC_A849B0F60EEC,0.0635966742
CC_A852AAB180D7,0.0451617190
CC_A8536626873D,0.2243513610
CC_A85F953FFD40,0.3725973973
CC_A865A3F1E28A,0.6501465878
CC_A867253FC73C,0.5928365712
CC_A877592FE1AF,0.0561742128
CC_A8AE26057851,0.1697298674
CC_A8D50530622B,0.1209861154
CC_A8D5C834B061,0.7244781090
CC_A8DF49EED27D,0.8104136922
CC_A8FB53A944AA,0.0997679939
CC_A8FF19BCFB18,0.1535599706
CC_A9042AA97760,0.0700478014
CC_A917D68B7F33,0.0642682963
CC_A925B3023F01,0.1376045485
CC_A93A49678A0E,0.7218616487
CC_A944C14551E0,0.1034473803
CC_A949A4D6CFDF,0.0300497860
CC_A96085AAACBB,0.4960817887
CC_A968E7B519AC,0.5912684208
CC_A96F61DA3920,0.2526349646
CC_A98AA461487F,0.0513344133
CC_A98DE37F48B1,0.0448542512
CC_A99526CAE7B8,0.0908856953
CC_A9997F50D935,0.1120618590
CC_A99C3B09B728,0.0510818263
CC_A9A0DADE60F5,0.2863067757
CC_A9E27E0F8BF7,0.1133698578
CC_AA06B8C44B08,0.5784906921
CC_AA078692F54D,0.0518708647
CC_AA3181148667,0.1219150485
CC_AA36C8AD0AD4,0.0876875960
CC_AA36F0397FF6,0.0838944992
CC_AA3A8989A632,0.7016152114
CC_AA4A1B7522D9,0.0957846762
CC_AA4AE0378324,0.2122100049
CC_AA5E4D5A692F,0.1283304535
CC_AA68EABEE4B1,0.0808533246
CC_AA6B5A7A5B67,0.1125765184
CC_AA6BD423C239,0.4130938617
CC_AA7074B42A4C,0.4464573755
CC_AA7A7F3159DC,0.0949158661
CC_AA7BDEB972E4,0.1093137345
CC_AA83426311A1,0.0601794554
CC_AA8F7D307212,0.1405900370
CC_AA994120654B,0.0937506866
CC_AA99CC1D0A77,0.0873722104
CC_AA9DF917E958,0.1514726785
CC_AA9FC6678135,0.3209131286
CC_AAA47EC0D4CE,0.1090642703
CC_AAD9F600283C,0.1235316995
CC_AADF003A3927,0.0677075395
CC_AAECFE806C8D,0.2498482645
CC_AAF2022B9CD1,0.1693026441
CC_AAF445E4CCF4,0.0890673534
CC_AAFDCAA5CA06,0.6484175307
CC_AB0384E131D8,0.1687853014
CC_AB0A4F4A2968,0.2272011132
CC_AB108580856A,0.0862249014
CC_AB10FED15FC0,0.8114260602
CC_AB176233A184,0.0545214391
CC_AB250982887C,0.1122951257
CC_AB25C565EA6F,0.0761721040
CC_AB31BDAE74E0,0.2399225523
CC_AB38A76F5698,0.4246493865
CC_AB38F588BDD4,0.1827987251
CC_AB3DB55C9A2E,0.1603179997
CC_AB42A7DA8FAE,0.1665572583
CC_AB486E8855F7,0.0946867496
CC_AB4A79BF0F21,0.0440988000
CC_AB7472FE1C8B,0.0696665571
CC_AB78F64D1DA0,0.1209983512
CC_AB821E2FB031,0.0692027607
CC_AB873276D910,0.0655661250
CC_AB8CF3C05B61,0.1006735347
CC_AB8DD8448ABE,0.3465288431
CC_AB953366A38C,0.0866746798
CC_ABB193697B23,0.6232218681
CC_ABB3F0A040BD,0.1142305630
CC_ABB618AD3E52,0.2360223599
CC_ABC0DA7DAFA5,0.0393355447
CC_ABC49E43DF40,0.5788684607
CC_ABD89F61734F,0.0988768768
CC_ABE04CDC2866,0.5724473669
CC_ABE98746DB91,0.5164405748
CC_ABFDF22BBD97,0.0597036594
CC_AC0498A54CAD,0.1780940015
CC_AC1C23EA2767,0.3492134716
CC_AC1E028B2A1A,0.0946447017
CC_AC255B902EEB,0.1447016704
CC_AC44A88F7869,0.0572535762
CC_AC51CBCACA63,0.1263167655
CC_AC723E5F5EFA,0.0335992147
CC_AC7994A5FDC4,0.1080269208
CC_AC7EFDBCF2E8,0.7242275185
CC_AC8A45716CD8,0.1339860027
CC_AC8FB78319A0,0.0300277648
CC_AC95C517E726,0.0914535793
CC_ACA4C6C9316D,0.0757450212
CC_ACAD97A186F4,0.0856580517
CC_ACC12168D6A9,0.1409770085
CC_ACC53294D3A0,0.0873079022
CC_ACC6A74A8BEC,0.0711325587
CC_ACD94D2B1200,0.0683598037
CC_ACD988315902,0.0272797858
CC_ACDA59536C9B,0.1300835805
CC_ACE5A4081F6E,0.2531691619
CC_ACF4F9A2CCFC,0.1850788938
CC_AD0D7D212968,0.3313936054
CC_AD131D09EB0F,0.1222563248
CC_AD13C87CF26E,0.1972331690
CC_AD2050A0C79D,0.1626330504
CC_AD276D71D3A7,0.2830873819
CC_AD2C54521FE4,0.1761196868
CC_AD2E59624FEC,0.4054858355
CC_AD3A36AF2840,0.2062204098
CC_AD3D286D0B68,0.1801077178
CC_AD46818E459F,0.6308212353
CC_AD4BB2E22EA9,0.1830180548
CC_AD4F7F88242F,0.3444428323
CC_AD58ADCD54CE,0.7061459650
CC_AD71619FA389,0.1294973736
CC_AD84592B950B,0.0783419096
CC_AD9898C0E8D2,0.1323699529
CC_ADC70A21D661,0.2718293970
CC_ADCF16189AF2,0.2165391902
CC_ADD894E6E4F4,0.2939631965
CC_ADE899835555,0.1537593619
CC_AE0D73A1EE19,0.3802563240
CC_AE0F08EA3935,0.2447774885
CC_AE23B59E6FC8,0.3321801685
CC_AE289E013D60,0.0816673850
CC_AE34D3F7F224,0.7626430395
CC_AE4069D8B4F6,0.1846773604
CC_AE4896E2BE76,0.7201463073
CC_AE51DCFE0671,0.0890483624
CC_AE69FEA8DA68,0.1781424564
CC_AE7C129CC90F,0.2658601859
CC_AE7CD49F20AB,0.1675756947
CC_AE89526E0335,0.1725619680
CC_AE8D62CF30C0,0.1246723775
CC_AE8D9CE8D6FE,0.0385810301
CC_AEB019CB9065,0.1592524736
CC_AED1D50AF584,0.1506712159
CC_AEE546316FB0,0.2022998732
CC_AEE5FA00FA6C,0.3372522670
CC_AEEC765D157B,0.0388964774
CC_AEEE44D6C8A4,0.0217045247
CC_AF14FF3EF570,0.3789798788
CC_AF1C3ACBA6B2,0.1037368099
CC_AF1E911C98B6,0.3056434341
CC_AF337F410520,0.1001377825
CC_AF3C7BC3BA40,0.1301855784
CC_AF41E4075C87,0.1658204202
CC_AF6B4405276D,0.7689417720
CC_AF78FE0BDBEE,0.1296513561
CC_AF8238D9082F,0.0883270817
CC_AF8CA6EE53C3,0.0635026926
CC_AF9AFA7C49A8,0.0944128335
CC_AFA1E3D3C685,0.1673467778
CC_AFA680030CB4,0.5866151238
CC_AFB351270B8B,0.0354173988
CC_AFC405AE0029,0.0806563913
CC_AFF90422E4FC,0.3475059099
CC_AFFBE2744B87,0.7501781526
CC_B0043CA53FCE,0.0871005840
CC_B01B2BD4EFD7,0.2221431997
CC_B01E87EB9940,0.1443500245
CC_B0273E66E2A5,0.1517496298
CC_B03E98085A9F,0.0673013946
CC_B0420D8C42DC,0.5356028243
CC_B0497BEB9F6B,0.1508199779
CC_B04A5E60B69D,0.0742406519
CC_B04D5517A193,0.1071921314
CC_B05FF3A960A0,0.2228753663
CC_B06A532EC131,0.2655285068
CC_B06D33A6761F,0.1406049231
CC_B074D4472CE4,0.0402955786
CC_B07CE95BCD88,0.3134036861
CC_B07D79368225,0.1164932049
CC_B07DD1ABABCE,0.7506764341
CC_B086C2D77820,0.1767614156
CC_B088DE9C9E3B,0.2645553966
CC_B0CD7932067B,0.1161045858
CC_B0CF90073A5E,0.6353025667
CC_B0D397D86639,0.6348108811
CC_B0EF4FD19FEA,0.0969165938
CC_B0F2F9514AA3,0.0987962960
CC_B0F3B79F51C8,0.1446694319
CC_B0F4041B1C76,0.0250047225
CC_B10FE31C61D5,0.1086855845
CC_B114E8F19D65,0.1847229454
CC_B117F0E3CAAE,0.1245481009
CC_B11D58F331A9,0.0340841872
CC_B1262188BC41,0.0992491027
CC_B12FFB2FF21F,0.0826049413
CC_B13253F34A9F,0.0389560082
CC_B137E2BBB53B,0.0776272668
CC_B13FEA7CDB99,0.0783884050
CC_B1481ED21111,0.0451970011
CC_B15BE5C9976A,0.2616342628
CC_B15EB6933578,0.0867842301
CC_B163CCB3BE4D,0.1175619488
CC_B16DC354FD71,0.3922077595
CC_B1777349EB15,0.1825647134
CC_B17C6CE0231F,0.2831150792
CC_B17CA8C22E5C,0.1105560865
CC_B18F3C9C30E4,0.1340524339
CC_B19CD93DDC96,0.0659354889
CC_B1A647674B84,0.1004519226
CC_B1AEC2E5E33B,0.2573339655
CC_B1B5C81AC0A6,0.0545701915
CC_B1B932EFD646,0.1607082092
CC_B1C3C0B52B88,0.2657209548
CC_B1C7216344F3,0.1248544541
CC_B1C982DBBD12,0.3539317386
CC_B1D81F8197B3,0.3166366817
CC_B1DF1DCBDC7E,0.6144039555
CC_B1E2C36607CB,0.0613775069
CC_B21351C93D8C,0.1296334424
CC_B2174860AB11,0.7438105517
CC_B235818E6A04,0.1666862912
CC_B23CDE30F00B,0.0656015151
CC_B23DE4971DF0,0.4469570843
CC_B23ECF574D8E,0.0578131913
CC_B24C41DDFBDA,0.2447023817
CC_B25EC73B9510,0.1426949715
CC_B25F69904D0F,0.0747048780
CC_B25FB6C11D05,0.6496564437
CC_B264F2B92259,0.5920184776
CC_B26B8FC23F1B,0.0584726266
CC_B272E29922B5,0.1334835444
CC_B27AA8E27BE7,0.1155310279
CC_B2A68FD3C236,0.1049200556
CC_B2AC50C00979,0.0841394604
CC_B2B16D7B821C,0.1722354214
CC_B2B32F1511E4,0.1356302082
CC_B2C241A93527,0.0874617526
CC_B2CB104FED6B,0.6804964633
CC_B2D352013F92,0.1092936297
CC_B2DF694BAB08,0.1074241026
CC_B2E993A9343F,0.2011232349
CC_B2EF61C93AB6,0.1295289101
CC_B2F94405EA89,0.1195132886
CC_B2FC07BF6251,0.0467851940
CC_B301A65B4164,0.1102735250
CC_B313E3A208A2,0.1975161259
CC_B318FF5D976D,0.1573536479
CC_B32AEF0A2299,0.0717291800
CC_B33BD3C618EA,0.1235405529
CC_B348627365A2,0.1228717666
CC_B35109450BDD,0.0436522286
CC_B3528B870544,0.1026177877
CC_B3530E7CF8F5,0.1011751533
CC_B35C5B1DB9C1,0.0609249195
CC_B35FF59389D4,0.1746669681
CC_B3812C6700F2,0.6569668914
CC_B38280B483B8,0.1355546398
CC_B38B694A18EF,0.4579674512
CC_B392BDECD913,0.3251790547
CC_B398DF1ABAD4,0.0347786298
CC_B39E75E151A1,0.1256447243
CC_B39FD0E249E8,0.0511869066
CC_B3AA0891CA5E,0.4176248257
CC_B3B1C8EBE5C1,0.1147937195
CC_B3BBA28E2D39,0.3734822798
CC_B3C4DB0303A7,0.1166928734
CC_B3D32FE823B2,0.0336899945
CC_B3DA429C6C8F,0.0846750820
CC_B3DC5786AB0F,0.1648930993
CC_B3EA537531A3,0.1493892154
CC_B4096D3A38CE,0.0411692395
CC_B41EADCCC95F,0.0698454352
CC_B421940B9A48,0.6544226113
CC_B42B3B83935C,0.8323078526
CC_B436B1CA6B2F,0.0725929935
CC_B439B06AF274,0.2493043553
CC_B4482E7879F4,0.0751330392
CC_B4660022C612,0.1296307415
CC_B46B899B4A63,0.1397346015
CC_B470280A580D,0.1297317149
CC_B471D3BF0C72,0.4831572752
CC_B4751DEE43CD,0.1477401176
CC_B482C254BAA5,0.0575421579
CC_B4889D036D3C,0.7554559869
CC_B4950F811C90,0.1372005858
CC_B49A6DE7A340,0.3259337388
CC_B49CD4C13DE8,0.3396960837
CC_B4A90370CA96,0.4622278643
CC_B4ADE6BC8A10,0.6581607421
CC_B4B6F805888C,0.0415627332
CC_B4B8F66BF4ED,0.6460972548
CC_B4C6F80DEE44,0.0328434587
CC_B4CCE78C09EE,0.1665525180
CC_B4D68D1C1C55,0.2005980697
CC_B4DAED63089A,0.1556157916
CC_B4DD9841E6FD,0.2338894813
CC_B4EF6743DDCF,0.0677519686
CC_B4F67F73D097,0.0949654203
CC_B50EB15EBA18,0.1272967081
CC_B51DCAAF4549,0.1475001454
CC_B51DFF8702D0,0.5683757753
CC_B520A001BF69,0.0914224280
CC_B529919BF24E,0.6486177887
CC_B542342650A1,0.0845416357
CC_B54A106E91E4,0.0432791695
CC_B54CFFC21F2B,0.1060851571
CC_B55C134C04A5,0.2164886065
CC_B55C2DBF6D3C,0.2135404282
CC_B569705352B4,0.1063463538
CC_B56E74A967C3,0.0716940814
CC_B57519F33EEF,0.0410347664
CC_B582E4405D85,0.0833211588
CC_B585A11F7BA7,0.1198566820
CC_B59726D36AEF,0.1816757598
CC_B5995E4F1A21,0.1473481306
CC_B5AC2AAF871B,0.7662155944
CC_B5AD19125E1B,0.2177295262
CC_B5B1E42858AC,0.0587291606
CC_B5B7599E8BC6,0.0714796102
CC_B5CAE0595637,0.2261021827
CC_B5D49843A799,0.3294997989
CC_B5DDFC7AEE78,0.0882586836
CC_B5E29344F63C,0.2196314008
CC_B5EE5AE6378A,0.5426278120
CC_B5F2A93AD996,0.0954508605
CC_B5F611613A78,0.0616444625
CC_B6055039255A,0.7629832465
CC_B607B2B0AFB7,0.0379421427
CC_B60CFD0F39F9,0.0702955829
CC_B620087B1C52,0.3961350724
CC_B6203BBBD151,0.1094292893
CC_B622662E664A,0.1696477069
CC_B62C9A2BC846,0.1482522569
CC_B636210548E5,0.4098155798
CC_B642C6714501,0.0696456267
CC_B64F81B8A263,0.1247513451
CC_B65CA581B9BD,0.1397486343
CC_B65D1B9B6F67,0.1311151326
CC_B661A8FCA431,0.0429201814
CC_B66AC40957D6,0.1293554006
CC_B672B35D1162,0.7529982530
CC_B68379D197F6,0.0959444375
CC_B6923D10FDA2,0.1601221754
CC_B69CC776BBE6,0.2741356938
CC_B69E50D76B29,0.0960504490
CC_B69EAA8C296F,0.2313199112
CC_B69F7CB8CDA0,0.0886356516
CC_B6B4AD157354,0.1669094081
CC_B6BD764CB8B9,0.2054903368
CC_B6BEC3F4BE91,0.1051351963
CC_B6C13F4A610D,0.2794958379
CC_B6C1C3B5766B,0.1026790798
CC_B6C72241926C,0.1341712455
CC_B6CB40E245D7,0.6482668165
CC_B6EE58A108C5,0.0826269348
CC_B706F631F5BA,0.0255576826
CC_B71DC1206985,0.1297706638
CC_B72284CED807,0.1830685659
CC_B727865A5B5F,0.6000880751
CC_B72FD7EFA6BD,0.2047092341
CC_B7365B5A3392,0.7833489434
CC_B73820D308C9,0.1114982419
CC_B743560D847F,0.0910789021
CC_B76EF26F7C9A,0.3578189934
CC_B7764FC130E8,0.4659762834
CC_B77B73B95532,0.1168881696
CC_B77D6653C7D4,0.0380723212
CC_B77DA6B77DEB,0.2736100857
CC_B783AE19622D,0.1425300610
CC_B78761738CAF,0.0187064679
CC_B787BA135B5D,0.3733415478
CC_B78B4449EA19,0.0996828073
CC_B78B4B7F80B5,0.2279187721
CC_B78BEE888CA6,0.0981592320
CC_B791FEE1CF37,0.0450978124
CC_B79A58AA4441,0.1047019135
CC_B79BEC538198,0.1050999556
CC_B79DD53178D3,0.0661519534
CC_B7A7EFD85149,0.1530741479
CC_B7B5F2A15C41,0.1028590924
CC_B7BC46A7D4DF,0.0913488830
CC_B7CBC65D9AF9,0.5464204520
CC_B7D40C5C891F,0.0801217017
CC_B7D4337C4797,0.3210639144
CC_B7DA04826165,0.3012771814
CC_B7DC19DA1440,0.1496138442
CC_B829EC622F0D,0.5330776720
CC_B82B9C0C7B85,0.6259095077
CC_B82C55DEE5E6,0.2024107283
CC_B8475B977AD2,0.7029736720
CC_B84BD2F4EB01,0.1899732574
CC_B86DA7D69F20,0.0539799645
CC_B87989F406EB,0.1957960899
CC_B88B702183E7,0.0359622550
CC_B89B80945ADE,0.1539784506
CC_B8A3A44BFE8A,0.4623008553
CC_B8A7A6548AE6,0.1570791842
CC_B8A8FB83065B,0.1915625683
CC_B8AAC20D626E,0.1875351349
CC_B8AC99873641,0.0630413322
CC_B8C9673B7834,0.0893103614
CC_B8D5FEB15CC8,0.0759786443
CC_B8DA64A33076,0.5682164657
CC_B8E912A01706,0.6127214189
CC_B90869280808,0.1310134177
CC_B908EC99951B,0.3103357005
CC_B90CBF2A6775,0.0589828591
CC_B91080C1ADA5,0.3388036905
CC_B918FB42AFD2,0.1936857887
CC_B92CA425080F,0.1226256598
CC_B937F632B71D,0.1746307028
CC_B94477C20476,0.3364650684
CC_B9483A5C922C,0.1335256192
CC_B954EC1C63B5,0.3377566359
CC_B95580F93537,0.0445083609
CC_B96086044329,0.0722958328
CC_B96EB0A91589,0.2097054588
CC_B98357C70A41,0.6585829744
CC_B9929A66C2FD,0.7013641996
CC_B9BB52E4C529,0.1392793110
CC_B9BD45744855,0.8047577755
CC_B9BFDE4662AE,0.1071123363
CC_B9CEAF324145,0.0441072349
CC_B9E89F42B509,0.2195740744
CC_B9E8A3887223,0.2006145935
CC_B9FC67268C45,0.2392862402
CC_B9FE9DFEB3DC,0.0863945534
CC_BA041E14DD98,0.0732242903
CC_BA0619F54427,0.0944664397
CC_BA15072C4EC2,0.2553420218
CC_BA183CDC5429,0.8932925286
CC_BA43646012D2,0.4434627981
CC_BA4F7E494E71,0.4759469848
CC_BA557F75E2DD,0.2135404439
CC_BA740903CBDF,0.1534690237
CC_BA77722A827A,0.5177379831
CC_BA78E47BB021,0.2294917061
CC_BA8C427054F4,0.0333339690
CC_BAA19F8D2563,0.1064583919
CC_BAA1BBFF8C6C,0.2954238150
CC_BABA44B5FB12,0.0795335083
CC_BAC25BCCEAD2,0.1022722764
CC_BAC74D0014D3,0.4728007588
CC_BAD99E36CC71,0.2515486553
CC_BADE7EB1D16D,0.7935478510
CC_BAE7410803AC,0.1587958779
CC_BAEBBF8054FB,0.1688053165
CC_BB054686B6F2,0.0495677019
CC_BB05D9DF72BD,0.0694047768
CC_BB0D54068D07,0.8338244183
CC_BB15DE5E0DA0,0.7723903895
CC_BB1A57AA813F,0.1298539736
CC_BB1CABE261EB,0.1564348974
CC_BB2BC46FCF61,0.2366339596
CC_BB2E5437EE04,0.0515372101
CC_BB2EF1FF6131,0.0941641193
CC_BB2F56C6BF57,0.0975176850
CC_BB35CEC5314E,0.1181971528
CC_BB39E3597B61,0.0438443514
CC_BB3A9EECD51E,0.0834389313
CC_BB44CDEE5103,0.1902932296
CC_BB458116ABA4,0.3757068676
CC_BB5F6936F6FE,0.2355453828
CC_BB666F8A551E,0.0647812851
CC_BB7355E735D2,0.1371865238
CC_BB8A2F186D6A,0.0480658246
CC_BB9FDED12C65,0.6870227446
CC_BBA8C316C8F8,0.0753618999
CC_BBADC7DC73EA,0.1831943818
CC_BBAEA7980B09,0.4424523035
CC_BBBA078A6429,0.7678152926
CC_BBBFC3EC2C72,0.4319479919
CC_BBD34B3225EE,0.0363026677
CC_BBE6C58C59A4,0.4484407764
CC_BBEBBE1E226D,0.1309504980
CC_BBED56D34D38,0.0974787517
CC_BC0244FBDAF6,0.1796639901
CC_BC099E880236,0.1513717364
CC_BC0F05C89E25,0.1085708823
CC_BC1BD06C1085,0.1157018573
CC_BC21E8824A34,0.5051897700
CC_BC23655B2BF4,0.0703893067
CC_BC24F9024F49,0.0525152304
CC_BC2A58939715,0.0968507407
CC_BC2B90F226E0,0.1902355035
CC_BC31382964E4,0.0489852032
CC_BC31DA3EAFFF,0.1500727678
CC_BC3A6CF6FD16,0.1271645162
CC_BC410BDD9ED8,0.2491404274
CC_BC458960887E,0.1641532949
CC_BC484C329704,0.1506814993
CC_BC4D6D6D4553,0.3697438122
CC_BC5A59D88AFC,0.0878123361
CC_BC736DA19A00,0.1782707762
CC_BC7B9D13978F,0.1999166571
CC_BC84BF34D69E,0.2659248635
CC_BC95D473C9CE,0.1525929810
CC_BC96FC9DCFE7,0.1039232691
CC_BCA0D6159C23,0.1803764347
CC_BCAE73132BA2,0.0820937628
CC_BCBBF055366F,0.0491893475
CC_BCC94F494979,0.0906950477
CC_BCF75F8B9A5D,0.1219663837
CC_BD10F4F15094,0.0795093191
CC_BD1A2052ACD5,0.8198883115
CC_BD217C39702F,0.3659360515
CC_BD2A9D4B9FAA,0.1673409447
CC_BD3EDD1630E8,0.0549064322
CC_BD4AAFE9EFEE,0.0640675517
CC_BD59D1252975,0.0895522011
CC_BD607BE97C17,0.1141140639
CC_BD889F165227,0.0909651682
CC_BD900B6BCF65,0.1361520982
CC_BD9967660461,0.4081866678
CC_BDABB99ADE2A,0.1605702589
CC_BDB07C66EDBD,0.4954306023
CC_BDB71DAAE50B,0.1451914944
CC_BDCB91FACECF,0.1071844201
CC_BDE1E398B4E4,0.0579443478
CC_BDE8D325637B,0.6470488964
CC_BDE9E7F390AE,0.0972942574
CC_BDECF392D7F9,0.1643823751
CC_BDF401C3BBCA,0.1378647624
CC_BDF53C42C5BC,0.2701383578
CC_BDFE5778530F,0.3466595163
CC_BE05EB5976EC,0.7497776751
CC_BE08A6D5E76D,0.0495084068
CC_BE146CE5BEE6,0.1473378255
CC_BE24C1EE877A,0.1333460177
CC_BE27E98C4BED,0.0766337890
CC_BE32DACBF6C2,0.0978653844
CC_BE3F52F9C9EA,0.1469299931
CC_BE3FC1024389,0.1489593151
CC_BE4595898BF9,0.1004168128
CC_BE4F1F53F4B6,0.0811605194
CC_BE648663620C,0.1638778687
CC_BE6627F3B9EE,0.6164519131
CC_BE673F70B591,0.2948515026
CC_BE704640727F,0.0278511537
CC_BE7295B354DA,0.3286221951
CC_BE760A430ACD,0.1819460857
CC_BE8A340F3876,0.0404965890
CC_BE9CB8845101,0.1822871873
CC_BEA12286E57C,0.1324195940
CC_BEB24EB997CA,0.1086891633
CC_BEB80CCF2ED0,0.0490041949
CC_BEB86014B5BF,0.1989038506
CC_BEC035C8801A,0.1387765869
CC_BEE1B858F0C3,0.3117871667
CC_BEE664893442,0.1849477063
CC_BEE75A33F038,0.0490768115
CC_BEF22728402F,0.7083953209
CC_BEF8AB2DF19D,0.4291962522
CC_BF03683CC755,0.1187764991
CC_BF066CB8F7A0,0.1509197552
CC_BF154A9FEE8D,0.1395800274
CC_BF17E635C67F,0.0995658657
CC_BF196AFA6AE6,0.1749315481
CC_BF2012FCFE14,0.1830134033
CC_BF3733356D4B,0.4348118729
CC_BF376C8D14ED,0.4672001813
CC_BF3BF8B9F646,0.1214360972
CC_BF588A5FF18D,0.7363826795
CC_BF7C643B8874,0.0439388639
CC_BF8919F14394,0.1379444321
CC_BF8B759EE1EF,0.0679493147
CC_BF971FA7A950,0.1484620017
CC_BFACE960372A,0.1241819870
CC_BFBF917EFEB7,0.6472078381
CC_BFCAE2959708,0.0476401178
CC_BFD80ECB739A,0.1848460101
CC_BFDEC7E68821,0.0740320816
CC_BFE3AD881F4C,0.0466119305
CC_BFE511C0F9F3,0.5951341967
CC_BFEE9CF8A6E9,0.0770801518
CC_BFF8E82FE4BE,0.1524177564
CC_BFF9E8C0FE28,0.6051080247
CC_BFFCB2882E26,0.0380151319
CC_BFFDCACC1E4F,0.1031456174
CC_C003A15648F3,0.0786071602
CC_C004160ABB18,0.1250572351
CC_C012746F45D6,0.1147494436
CC_C033B4EC89DA,0.1445483884
CC_C03578357D0D,0.4059927100
CC_C040C14F27A0,0.0571474550
CC_C0474C48C443,0.1411274609
CC_C04A1EF46A13,0.2556643449
CC_C067DA2C5F99,0.4155465147
CC_C0731DB0CD7F,0.6316108686
CC_C07C70AA1AF0,0.1444510677
CC_C0877F4DBC62,0.1077251512
CC_C0896CE6B4E2,0.0993495189
CC_C089B0517E81,0.0772734888
CC_C08B9066A5BB,0.1782504131
CC_C08DFB22BC71,0.0813064665
CC_C0A2108BEC82,0.2348612547
CC_C0A6B0787F91,0.1086067640
CC_C0B29B279C90,0.1208542197
CC_C0B7151247C2,0.1028552256
CC_C0BEDCC974E6,0.0925641397
CC_C0C6F913C2CB,0.7322833331
CC_C0C7EAB055B1,0.1931493511
CC_C0CCCF588BEB,0.2636571407
CC_C0D65A1BC1DF,0.6179435347
CC_C0D6ADDF1E0F,0.0832674594
CC_C0E49708EB44,0.2371612399
CC_C0F32BA57D17,0.0461535525
CC_C1094828B26C,0.2908808830
CC_C124E4C094F3,0.2546631795
CC_C12ECF48FA03,0.1974846770
CC_C12F5F7E5C54,0.1166787297
CC_C131509731A1,0.2004607965
CC_C14173B64C58,0.1974671819
CC_C14A4D39F494,0.4333403657
CC_C14DC9106B7E,0.2642735785
CC_C1624A910E58,0.0368538086
CC_C1645FA6EE7C,0.0780560413
CC_C165A26E7C1D,0.7170946457
CC_C16824A69631,0.0514818517
CC_C177831DEDC2,0.0768051695
CC_C1815DD481ED,0.7111935326
CC_C18313F97FC1,0.2902682306
CC_C18A7BC23071,0.2717296023
CC_C1941883C762,0.1065080524
CC_C1A0989CDF23,0.0204484027
CC_C1A8C99D910A,0.1008883538
CC_C1B057BAE0BB,0.2829528637
CC_C1B5D9A95708,0.1065232855
CC_C1C28181E30E,0.1282813013
CC_C1E8CA45E983,0.1008417307
CC_C1F4DD05F5FB,0.1923705067
CC_C205BAC0D181,0.0724407918
CC_C208790016F7,0.0711067585
CC_C219E603FD0B,0.0790606257
CC_C2323893E922,0.1224108219
CC_C236A614F73D,0.1162555508
CC_C241491551A8,0.1316526052
CC_C247E0377048,0.1191469257
CC_C24FBA584039,0.2621239149
CC_C25078D044CC,0.1845879144
CC_C255BE787955,0.1948578455
CC_C25ECB5C5FD8,0.0731328923
CC_C276E722FB1B,0.2948595508
CC_C279090E1F74,0.7982260392
CC_C279CA96D14A,0.1092644823
CC_C283330B9999,0.0568937928
CC_C289AF57EB24,0.2724680638
CC_C29558864857,0.1167997662
CC_C29846DE78AC,0.6390851485
CC_C2AEE09D92AD,0.0983284892
CC_C2BBFB603032,0.3420020673
CC_C2C2B2EEBA69,0.0400061904
CC_C2D1CBB42952,0.1450364804
CC_C2D4587A871F,0.6810070416
CC_C2D583F20739,0.3564262425
CC_C2D9086A8C67,0.0688205551
CC_C2E8FA308586,0.1860457667
CC_C2EA104630E3,0.0963624226
CC_C30ED2C6265A,0.0451816430
CC_C31BA9FD4FFF,0.2249490571
CC_C31DC3117984,0.1790109852
CC_C33142B2E26E,0.4407615745
CC_C340668CE604,0.0873998435
CC_C36580241000,0.1294027008
CC_C3664AFC710F,0.1134432257
CC_C3676D2ADC91,0.2029845009
CC_C368AC6AE19C,0.0430800797
CC_C38B446B7432,0.2168057256
CC_C38BE6D69E61,0.0618266553
CC_C38FB634E7B9,0.1040563792
CC_C3913A125FC9,0.1590618375
CC_C392AC1AABDB,0.1207703611
CC_C3A37C3EDCC5,0.3763692500
CC_C3A42A96D260,0.2535727293
CC_C3CA355F78BC,0.1047743525
CC_C3CD972B25E9,0.1620270472
CC_C3CE9FCB05EA,0.0594410539
CC_C3DA12B31CD5,0.0806184680
CC_C3EF46D2CF29,0.1892173296
CC_C3F301EAE202,0.2080408065
CC_C404C200B723,0.1090019571
CC_C40BEE2EAD73,0.2556643523
CC_C40CA3E960D9,0.1482611453
CC_C40E0EEBA53A,0.1529223822
CC_C42183D7A586,0.1131078706
CC_C427199DAC5F,0.4484052271
CC_C445AEF194CA,0.0770297460
CC_C45051D20EC8,0.1375634903
CC_C47FCA703A69,0.2990985999
CC_C4965C6C6935,0.3523594274
CC_C498BD798847,0.0428567729
CC_C49A42D1C3CA,0.0920105520
CC_C4A2F5B06976,0.0790179311
CC_C4B632AEB96F,0.1564621196
CC_C4D194378554,0.0382477547
CC_C4D90E9CA5E9,0.1197492232
CC_C4D941D5A5F9,0.1312709547
CC_C4EB2486A9B1,0.1984093870
CC_C4EC2923D96F,0.2848121066
CC_C4EC9ACAE8C4,0.7468235605
CC_C4FB2ECB13DD,0.2865066782
CC_C50467EBCC58,0.0975950405
CC_C50C5E2A77CA,0.1303520651
CC_C50D7FAA75C1,0.0457295263
CC_C51FE3F4D2F3,0.1772799585
CC_C5234F4713B7,0.0805742155
CC_C55110310E14,0.1050402151
CC_C563D509181A,0.0815573227
CC_C5736F4887D6,0.7321990663
CC_C57C4F09442B,0.0752259243
CC_C59D2CA55CAD,0.8101169319
CC_C5AD04ABF022,0.0912620050
CC_C5AF7BF4B951,0.0338671913
CC_C5C5FD9FCFE4,0.6385422862
CC_C5D9A89022EF,0.1883322834
CC_C5E1FA10BD6B,0.1494450842
CC_C6039EF0459B,0.1358634447
CC_C6133F44EB0E,0.0988682247
CC_C637C1142503,0.7869709945
CC_C65496C86EAE,0.1243375543
CC_C67C2B86A807,0.1319752155
CC_C690CF8AF3B4,0.1158827965
CC_C69204FFED48,0.3080367253
CC_C69DD80E5055,0.1008957294
CC_C6AE389CA79C,0.0862812054
CC_C6AFA8AF33BB,0.1278278173
CC_C6B56B2869A6,0.3818643460
CC_C6B61E03B42D,0.2123832950
CC_C6C2B357FDF2,0.1361711471
CC_C6C4A4A318E4,0.1127022723
CC_C6DECDCC7956,0.2062505917
CC_C6F134ABD932,0.5101309308
CC_C6F24128D8D3,0.1911721136
CC_C6F8C5E3D746,0.1367694093
CC_C6FB2BDCC78F,0.3895296015
CC_C70DBEB08378,0.8321994167
CC_C71AAC6F9607,0.1002153880
CC_C73D1C53BEC0,0.3200085309
CC_C7423B380FD2,0.0660807684
CC_C747ABF2B4BC,0.0760042303
CC_C74F0C45C093,0.1395350421
CC_C75307665BCF,0.2332898514
CC_C76473DBFF83,0.3149000822
CC_C7652C2D1CC7,0.1882648981
CC_C77B38900325,0.2592258245
CC_C782A94E6754,0.0369697267
CC_C786E0FDA098,0.7668928650
CC_C794632B3AAC,0.3084358985
CC_C795250A7B3F,0.1034462844
CC_C79BF5794AD9,0.0662042049
CC_C7A2A7BF85C5,0.0649238788
CC_C7A2CEDA36CD,0.4731169476
CC_C7AAAC514CD0,0.1144423434
CC_C7B39AE8206F,0.1211063137
CC_C7BA884F8DCA,0.1405079481
CC_C7BC592C11DB,0.0472090101
CC_C7CB29EBCEE1,0.0484599642
CC_C7D2BE35C77A,0.0800090989
CC_C7E56C7FFA19,0.1592048238
CC_C7ED63E403A8,0.0903326934
CC_C7EFF4BBEE1E,0.0605525423
CC_C7F1C90A261F,0.1330438680
CC_C7F38C2DEDFF,0.2071235343
CC_C807F881A35F,0.2236012591
CC_C808346EF2A7,0.0422659135
CC_C822401D05A0,0.1439721019
CC_C82D0EB32984,0.0914114833
CC_C82DE4520088,0.1916488128
CC_C84080607284,0.0694981763
CC_C85DEB66D6EC,0.2485767035
CC_C8601860B3AB,0.2958506659
CC_C86B56E5B000,0.1064051434
CC_C874E7D8B96A,0.0607372920
CC_C88F02C38654,0.1876832648
CC_C895990DF270,0.1264746167
CC_C896D6E93110,0.3680835934
CC_C8A57920FB6B,0.0751276378
CC_C8C2CEAC6750,0.4446061833
CC_C8CBB38CF4B6,0.4655362500
CC_C8DF2AEC8023,0.1674221945
CC_C8E24B1925A2,0.1594364262
CC_C8E2F0CA5050,0.6865560336
CC_C8E875AAFD58,0.2757084778
CC_C8EF7366016A,0.0625362918
CC_C8F1FB9C56E5,0.1111529975
CC_C8F2FF7E6DAF,0.1795049841
CC_C916DC82A00B,0.3045191002
CC_C91FF308D57A,0.0654536016
CC_C9297D88CD26,0.3440238469
CC_C932D885E1AA,0.2264277765
CC_C947A66A6A34,0.1377635369
CC_C953D19C82A6,0.2943909750
CC_C960365C1125,0.1920386299
CC_C96221203852,0.2336192514
CC_C967937FC81A,0.7139852775
CC_C97434767545,0.1942734605
CC_C974620D4D4F,0.2825009072
CC_C9749B07E3CC,0.1168998197
CC_C979F86EC4EB,0.0548557968
CC_C9882357496D,0.0767567100
CC_C98B5F2B994A,0.0908377681
CC_C98CA453DC7F,0.1228333348
CC_C996515164AF,0.7160071024
CC_C9A1B8F512F3,0.4631922023
CC_C9E008678B77,0.0905197795
CC_C9E89E3728DA,0.2092258039
CC_C9EE0357CF4D,0.1849906640
CC_C9F15C15BA6A,0.1122152055
CC_C9F3BB887EB9,0.1842301485
CC_CA0906B9B58E,0.0703570657
CC_CA16B9133E4F,0.3026719026
CC_CA2524A5C7AF,0.2795399780
CC_CA2A17C9CD44,0.3918898107
CC_CA32C61E255B,0.1179571462
CC_CA37F92A8BC6,0.1470037674
CC_CA3C9D0F42A2,0.5406630701
CC_CA4669FF2379,0.1031859604
CC_CA486E08F176,0.0651501633
CC_CA5CF069C36C,0.0713167405
CC_CA6AB58D2C8D,0.2094788995
CC_CA6EDCBFA9E3,0.1908487767
CC_CA6FB58C11F4,0.0669403820
CC_CA7902338F91,0.1770331806
CC_CA7BE11DCB92,0.1320042269
CC_CA87A148C386,0.0935051027
CC_CA8E7E45347C,0.1659222691
CC_CA9214D0E170,0.1304039260
CC_CAA07EABEF71,0.0666055928
CC_CABC0190A9BF,0.4873195872
CC_CABF171B8582,0.4938540772
CC_CAC2F989A2D6,0.2137491705
CC_CAC50FF13A43,0.4608333610
CC_CAC9C52B6FB8,0.2373525356
CC_CAE19DE8446F,0.0612855163
CC_CAE5F6D8328C,0.4113104232
CC_CAFA0C6DBCEB,0.0602939423
CC_CAFE5D6E3E1D,0.1437269919
CC_CB02A97FAC1F,0.2345959657
CC_CB1155AAC7EB,0.1309794080
CC_CB1B2FC5769C,0.1658093526
CC_CB1BD3C19303,0.1753056278
CC_CB2423DD4809,0.8154172505
CC_CB33381406F3,0.6579261606
CC_CB3CBA971E97,0.1113328483
CC_CB45CB5C940D,0.1661730771
CC_CB4A2667F8CE,0.2138105913
CC_CB4EA92BE238,0.0621181878
CC_CB4EE5CC0B09,0.1566172622
CC_CB50BDD92A4D,0.2155480531
CC_CB6A55831080,0.0698008891
CC_CB6CE149111A,0.1269994063
CC_CB6F9DA78019,0.0398233418
CC_CB722FAA608D,0.2003470158
CC_CBA786C05C1C,0.7846426835
CC_CBA9A6206DCB,0.1375321043
CC_CBB7AE2847B6,0.1808827536
CC_CBB9DDEAC819,0.0379591625
CC_CBC30D127BA4,0.0865918188
CC_CBE67EF0D3C5,0.4701990657
CC_CBEC318365B3,0.3829265451
CC_CBED6669EDA7,0.0626677881
CC_CBF1B052FA7E,0.0707344481
CC_CBFC7EFF2F94,0.1299392020
CC_CC27394B5E35,0.0892731356
CC_CC2A7B3D7A55,0.1388766274
CC_CC34B2523794,0.1448793774
CC_CC34E9023873,0.6990816346
CC_CC37D81F02A7,0.5836286935
CC_CC4822AEDB83,0.6959861334
CC_CC5D6CAE5ADB,0.2144225708
CC_CC6D27804EF0,0.0620163860
CC_CC71D4876B90,0.1026020125
CC_CC75EA7F2C8F,0.1025766557
CC_CC9214A5C0CF,0.0869813901
CC_CCA2B8D2446C,0.4544677670
CC_CCAB3E56FD92,0.1841530727
CC_CCAF321D46D7,0.0330469796
CC_CCB46EA56584,0.2106523459
CC_CCB60CB8754C,0.1387352717
CC_CCD759553325,0.0666427619
CC_CCDC28D49832,0.1440404857
CC_CCE55029E621,0.6678416419
CC_CCEA133D7268,0.5362000287
CC_CCED6CEBC3D6,0.3705729351
CC_CCEE76415B51,0.3117596807
CC_CD1326D52AE1,0.6750640234
CC_CD35EEA81CE8,0.3327802784
CC_CD373485942B,0.1010414233
CC_CD379DD39658,0.3009849964
CC_CD37D5CF0EB0,0.1854071303
CC_CD380545A7A4,0.0648986229
CC_CD3A378249BA,0.2642121748
CC_CD415B1C7741,0.0440799277
CC_CD4976814F28,0.0428699007
CC_CD4F5F1C357B,0.2396332386
CC_CD54829713AF,0.0746075148
CC_CD5E3556D5AB,0.1887308165
CC_CD6C797F3C4F,0.0728659865
CC_CD7BA8F6C4BD,0.0954123917
CC_CD8352F0478D,0.1725812994
CC_CD972E578564,0.8322805885
CC_CDA1B20179B6,0.1168713669
CC_CDA2A36B81B4,0.2556707638
CC_CDF6354EC332,0.0568175440
CC_CE01E17132E0,0.0339869928
CC_CE1280B30475,0.1483514403
CC_CE134F878294,0.0614221597
CC_CE229894AC00,0.1371567540
CC_CE26907B9D30,0.4646441885
CC_CE2755B42DAC,0.0813058738
CC_CE2BD7F74421,0.2820944007
CC_CE3784121355,0.1274065673
CC_CE41F9FF509E,0.1614940126
CC_CE5AF0E9A157,0.0745768413
CC_CE5EA019DCAA,0.0703774438
CC_CE6460FE39F6,0.1168784597
CC_CE72D1734761,0.6143210152
CC_CE7FC560768D,0.3905206448
CC_CE871DB3950F,0.3161707679
CC_CE8D1564C4F1,0.1362124902
CC_CE93240526A9,0.3113623968
CC_CE980FCAB154,0.3179402419
CC_CEA0FAD348F8,0.0913186915
CC_CEA369A3451F,0.0681029819
CC_CEBA67081418,0.2816128895
CC_CEC0C00FE770,0.5044802318
CC_CEC3B21D2982,0.4424019889
CC_CECEC680F701,0.1798404548
CC_CEDB263DB07B,0.0360715305
CC_CEDF9C14DC79,0.2591559736
CC_CEF23255BE06,0.0558690958
CC_CEF8C71C4E8B,0.4330740895
CC_CEF91FDD41AE,0.3814609055
CC_CF0B68684C3D,0.1040161260
CC_CF149865368F,0.1020980360
CC_CF2A7A5582C2,0.1766347445
CC_CF2B3E37CF2E,0.4004116107
CC_CF2F163CE005,0.1661449491
CC_CF3C063DF626,0.2149055597
CC_CF3E91DB8220,0.3097094343
CC_CF3FB5744443,0.7237339640
CC_CF4991B8EFE9,0.0990582095
CC_CF53FD3AC9AD,0.0358443592
CC_CF5A140B279D,0.2208506216
CC_CF613A7162B6,0.0987027717
CC_CF6A8A460B19,0.0971525111
CC_CF792E77A16D,0.0473041492
CC_CF7BAF373E0A,0.0294204735
CC_CF8B1D0015C4,0.1236626974
CC_CF8D0517B79F,0.0783723772
CC_CF92037ACA93,0.2085779941
CC_CF960A300F40,0.3115273157
CC_CF96B6335E6C,0.1727450430
CC_CF9880D67A7D,0.1954744404
CC_CF9B249283A7,0.7013029710
CC_CFABF7407978,0.1985015882
CC_CFB2AE99EABF,0.1552157972
CC_CFC0BC440771,0.1607156841
CC_CFC235739F25,0.5314329959
CC_CFC6E8954325,0.0609297777
CC_CFD37EDB214D,0.2547851675
CC_CFD93C04478A,0.5561133388
CC_CFE0AA5381FD,0.5356975595
CC_CFEB021AA137,0.0605383567
CC_CFF6E2A6A3F9,0.3250230867
CC_CFFDC4947256,0.1475523260
CC_D009368CE434,0.0494870658
CC_D02E59E08B02,0.0694066885
CC_D03848B7353E,0.0468310787
CC_D03A69B1563D,0.1462960724
CC_D0576802096E,0.0967148116
CC_D0582E0F3440,0.0523803301
CC_D059D0BEC5D5,0.3448125685
CC_D05C4A8F2A25,0.1408102992
CC_D05FBA9B9040,0.7088955828
CC_D0653EA71CAD,0.1647884642
CC_D076A984B786,0.1386083650
CC_D08FC2D99CF5,0.2013194906
CC_D09942A02904,0.1057936170
CC_D0A8EA2D37F2,0.1467709872
CC_D0AAD35C800F,0.1136711007
CC_D0D666EC0244,0.0880317908
CC_D0F3F68F4452,0.4949784635
CC_D0FBDE8ABAA7,0.0861602225
CC_D103D50237D9,0.2541911824
CC_D11E5A30CF3B,0.2907834033
CC_D122B30AE7CB,0.5426614155
CC_D1679B40D83A,0.0826714531
CC_D1760785D631,0.2707241658
CC_D18088587757,0.2398592716
CC_D184160042B7,0.3163894639
CC_D1886485E8B4,0.1339975033
CC_D1893DD5B4D4,0.0841719930
CC_D18B60E035CE,0.8014986677
CC_D191D099789D,0.0705091353
CC_D1BDB41E7FF6,0.0856761200
CC_D1BE2E6E9C9F,0.1732039901
CC_D1BFB29BF61C,0.0766564432
CC_D1C259F80E13,0.0915817127
CC_D1C63DA9CA93,0.1064121811
CC_D1C931E4F305,0.0626528218
CC_D1CE25F271BE,0.1451454233
CC_D1D2127A0C67,0.0531084248
CC_D1D31EA359F4,0.1264379480
CC_D1DB888BD9B0,0.1187344329
CC_D1E82B9DD102,0.1466323696
CC_D1EF68A649AA,0.1027953073
CC_D1F05E69F80F,0.0483124433
CC_D1F6FE158DCF,0.2479262923
CC_D205612FD566,0.6739919628
CC_D21474C31E3C,0.7125489341
CC_D2195A061A0E,0.7196245087
CC_D2199CC1CB08,0.0341651781
CC_D21FCD9DFE53,0.4783900033
CC_D233B2C8062B,0.4786339937
CC_D234CF2C21AE,0.6976794559
CC_D2373015DF41,0.0630666775
CC_D239CBE1012A,0.1135386512
CC_D2591377E980,0.7615822339
CC_D25E25C831B5,0.0783719100
CC_D262BB13DAAF,0.2991224013
CC_D272BC699F38,0.0460215485
CC_D2813C835750,0.7553663039
CC_D285B0D67016,0.0265748672
CC_D28FB525E310,0.2212610217
CC_D2AFEE04E96F,0.0336824213
CC_D2BBAA423304,0.1734886278
CC_D2BE8B4011D7,0.0618348684
CC_D2C49D2FEBF8,0.1652328267
CC_D2D09498D333,0.1686184586
CC_D2D187DA334A,0.1276842881
CC_D2D47A5386CE,0.2539090062
CC_D2E98F50621A,0.0420767771
CC_D2F265035F0A,0.0455382556
CC_D2F91355C6D0,0.1631529693
CC_D2FC934F8324,0.1352541153
CC_D3044C67CFFB,0.0642078904
CC_D313F2C49E46,0.3319945365
CC_D31FFB053D60,0.1070338253
CC_D336DB6323BB,0.3022849225
CC_D343A7CBA377,0.0701394360
CC_D345AF4C4B61,0.1734198643
CC_D34FA9410740,0.0775808708
CC_D354C5D1665A,0.1437942123
CC_D35E96480AF8,0.3429675601
CC_D3616386D6D2,0.1190503191
CC_D365173E852D,0.7864518719
CC_D3683C6CFC5C,0.6745160780
CC_D373463038E0,0.0640567841
CC_D379CF8E3FAB,0.7310167818
CC_D37B4CA7F3D8,0.0496443726
CC_D37B5B3CA4BE,0.6941714714
CC_D39265D7B6C9,0.0520765365
CC_D39E3F732408,0.0669775034
CC_D3A7B21165B3,0.2460730474
CC_D3A9028A4660,0.0558007031
CC_D3A948322BD5,0.7331889697
CC_D3B95DB5E6C1,0.2887542197
CC_D3C8C5014D5C,0.1955178115
CC_D3D80929AF52,0.0934929580
CC_D3F25136073A,0.1931801851
CC_D4102AD032BE,0.1976508720
CC_D416EFCEAD89,0.0414952652
CC_D41C5030494A,0.6874316288
CC_D42E477596A3,0.0613110141
CC_D432C89BADA8,0.1330955980
CC_D434638E9569,0.1250815503
CC_D4518F98BB77,0.0812280647
CC_D452847F2A4C,0.0824564238
CC_D454056F92E6,0.2484169532
CC_D461FB973AB2,0.8352576229
CC_D462250B13D3,0.3958332356
CC_D48E686A834A,0.6979906336
CC_D48FFD985E51,0.0718506417
CC_D49263A1BDF7,0.1004892394
CC_D49668C65C33,0.0338173096
CC_D49D9C57A849,0.1095287472
CC_D4A029A150E4,0.1600862419
CC_D4AC998C0BC8,0.6932878584
CC_D4B02AAFC697,0.1089777679
CC_D4BDF0F4FE9E,0.1138452045
CC_D4BF2778371B,0.2339336219
CC_D4C0F4DB3501,0.1498310235
CC_D4C6DD8A364F,0.1209075744
CC_D4CDE2A1E174,0.1328625886
CC_D4E7EE35695B,0.1414509504
CC_D4ED652E86DF,0.3063401683
CC_D4F844B54B84,0.0404022059
CC_D4FA0055DB4A,0.0379057840
CC_D4FDCBAFEC74,0.7729852314
CC_D517D90E105F,0.1008126568
CC_D52B87A01028,0.2200729098
CC_D530C3D1DBF8,0.6860235618
CC_D5327E41EBA2,0.0997865477
CC_D53C8BCA531F,0.0921492764
CC_D540C7ABF683,0.6980600173
CC_D54105FC1349,0.3191453081
CC_D550CE8B9313,0.7281260060
CC_D55C5B432387,0.1622395741
CC_D5646FCC5E14,0.5674241891
CC_D56F34613338,0.1244652955
CC_D573AF0F1674,0.0949792590
CC_D586E2C2B3EF,0.2031785984
CC_D589E388CA02,0.0634652529
CC_D58EBD954E68,0.3092219343
CC_D59AFE884BDD,0.4498873771
CC_D5AC596A85E1,0.1703165837
CC_D5B99B578573,0.0406762145
CC_D5CBF4A4D3B3,0.1163885812
CC_D5CE05EAA837,0.2336664284
CC_D5D36A6C8DB3,0.0791351880
CC_D5D8D545736F,0.0705170847
CC_D5ECFAF8C1A3,0.0693206928
CC_D605715F737A,0.1468423019
CC_D617428B4B0E,0.4047527280
CC_D61E8E5C4414,0.1252813906
CC_D652B5F05769,0.1776348567
CC_D6564D0CB9A8,0.1581901412
CC_D66183657419,0.0872306975
CC_D66BDD3E1AA7,0.1171880762
CC_D66DA331534A,0.0859016206
CC_D687A780C0E6,0.0494644306
CC_D6AE871A4C9C,0.0946692993
CC_D6B7AF1FBDD4,0.5021308321
CC_D6B874308353,0.5185712157
CC_D6B8F47FE484,0.4113242083
CC_D6CB1BFDCEEA,0.1255461889
CC_D6D47D7E1C51,0.0391944066
CC_D6DE060699C6,0.1306502037
CC_D6E06014457F,0.8712541685
CC_D6E8E17EA449,0.2970606689
CC_D6F216AB1C4A,0.1478813962
CC_D6F5E3A51C8A,0.0996350531
CC_D6FB3B76D7A0,0.6037212144
CC_D6FBCD4BA3DA,0.2903181347
CC_D70918916097,0.5204102071
CC_D73B1B9B81A5,0.0450852668
CC_D73E9E24BB48,0.1306754951
CC_D74AA0F20466,0.1295433696
CC_D750070C44BB,0.7302069398
CC_D7529675CB7D,0.1548803913
CC_D75C8CDB510B,0.5576194519
CC_D76009C47709,0.2961557492
CC_D771775A58F5,0.2093362282
CC_D77F9D613EF7,0.1888738623
CC_D7999C3EDE22,0.1947775710
CC_D79BF1D26499,0.1828123309
CC_D79C05885899,0.1211410956
CC_D79D4F15D10C,0.0377500352
CC_D7A11E3512D2,0.0528189361
CC_D7AD7A7279C4,0.1597158317
CC_D7B35055AF0D,0.2082163409
CC_D7D99409D57E,0.3016855951
CC_D7E403181D8F,0.1090949017
CC_D808C7BA9399,0.1249729389
CC_D80DE8B544F3,0.0737731172
CC_D81D19AEFB77,0.0386741869
CC_D81F317F6384,0.1269697980
CC_D844D9DF962C,0.0743241347
CC_D847D978387D,0.0444500184
CC_D85C7B85C440,0.2714493226
CC_D885591596E7,0.0723824531
CC_D887D07BDE23,0.4293763264
CC_D88ACC0CFDA5,0.0988057540
CC_D88BDD0F510C,0.0513491453
CC_D8956424CB37,0.3835047017
CC_D8959BB99A7F,0.2879070275
CC_D89A9A14B5E8,0.0519965237
CC_D8AD01F3CCE7,0.0734573432
CC_D8B4122DC296,0.1368333170
CC_D8C38B187875,0.7340374121
CC_D8E55509595E,0.0600613426
CC_D8E6B90C37A3,0.1134489270
CC_D8F1AECFCC2F,0.0606700328
CC_D8F7672C70D7,0.0344486833
CC_D8F7E904E7DF,0.1587267572
CC_D8FEF1C99F88,0.6390093116
CC_D90761F9E9C9,0.4300441123
CC_D90D9D5C8FEB,0.1116365666
CC_D912917A4F4E,0.7656636838
CC_D91ECE64FD0C,0.1119195542
CC_D9325E5695D5,0.0426369941
CC_D9563654A397,0.2038151461
CC_D95766A6C24F,0.1006058457
CC_D95939B1BBFA,0.0597397642
CC_D96729C38BC9,0.0919318097
CC_D9791EFF766C,0.2488008333
CC_D97AA7C54F6D,0.1192357874
CC_D98BA5CE8EE6,0.4806011190
CC_D991DAD5413D,0.1894878403
CC_D995C89AA359,0.1929841656
CC_D9A54F55AD6A,0.1439839534
CC_D9B87A96C353,0.2806072297
CC_D9C42B0B6A0C,0.1899415930
CC_D9D487E78FAF,0.6893287560
CC_D9D744A66B09,0.1084987319
CC_D9DA3F6E2E7E,0.1554171583
CC_D9E5792258E4,0.0808334869
CC_D9E6B9CBEB77,0.0694598267
CC_D9F0CDB02AC6,0.1226975681
CC_DA0201D1BCF2,0.0955952694
CC_DA0500AFE692,0.0741928419
CC_DA0E0BD3880D,0.3659903775
CC_DA10F53AE655,0.6539081329
CC_DA1643A835A2,0.0922698459
CC_DA1C5BAB7E35,0.5288010430
CC_DA1DC6A6371D,0.2184277248
CC_DA1E6B31DD2A,0.6820074135
CC_DA1F282809D0,0.0398895173
CC_DA226442D919,0.7281883896
CC_DA31EC318B1F,0.0621659331
CC_DA33597C6459,0.1315377798
CC_DA43CFB5CC2F,0.2126883289
CC_DA481C72B8A4,0.1947356508
CC_DA55447636EB,0.0361504254
CC_DA5AE34842E3,0.0810001527
CC_DA6880B018AC,0.1772471226
CC_DA700A961616,0.1716213130
CC_DA7E65F1E6AA,0.0695934141
CC_DA80FAA7FE30,0.1009366477
CC_DA8DCCC1199D,0.3094339681
CC_DA8EA724C1D3,0.3918719976
CC_DA8FA65D1924,0.0377773443
CC_DA99D1E41C3E,0.0874306460
CC_DA9C3BEFD0B3,0.1740608980
CC_DAA3B7FE1C62,0.0728340603
CC_DAACE4211B34,0.1547121013
CC_DAD239E56638,0.8029713098
CC_DAD4BC090253,0.0745165092
CC_DAEDBA26BA12,0.2989322458
CC_DB1EB08EB40E,0.1417144033
CC_DB2314ED6960,0.0752054533
CC_DB25E05EC5CD,0.4484801986
CC_DB3BE0C87882,0.0482798251
CC_DB44628BC147,0.1243178698
CC_DB562E602BA8,0.1186381007
CC_DB61D7F5F8F2,0.6743724438
CC_DB6498598C32,0.1758563856
CC_DB6B59FB6E30,0.0354220693
CC_DB801B947698,0.3135812728
CC_DBB8C467FF1D,0.0979473004
CC_DBCD21C2C322,0.0807082246
CC_DBDB148E45DD,0.0861084729
CC_DBDF9BFA7E87,0.0838543492
CC_DBF5CD2D854F,0.2044002540
CC_DC0077DE6E39,0.1817939005
CC_DC23159A1F99,0.0922451815
CC_DC2458827FD8,0.2476586843
CC_DC2BE35D58AC,0.2355474481
CC_DC49C8D3F7EC,0.4673408014
CC_DC5DE66826E9,0.1141003769
CC_DC6063FC6464,0.0759495965
CC_DC771AE1B4BA,0.6850320405
CC_DC7DEBC30E17,0.4413030293
CC_DC978F3A711F,0.6586303786
CC_DCA2140C7BC4,0.2005318478
CC_DCA5CE7C9DC3,0.1602306704
CC_DCB5798049B2,0.1231310469
CC_DCD10C95C942,0.4923245909
CC_DCD145E8E729,0.3001435501
CC_DCE0BFC03B86,0.0540882529
CC_DCE75AE2FB52,0.0703456453
CC_DCFCEEF21BA7,0.3686091143
CC_DD12A8C462FA,0.0695917325
CC_DD14867350AC,0.1896482869
CC_DD232BC8881D,0.1880696838
CC_DD2473D34D68,0.1829657884
CC_DD2B5C4CD318,0.0613406538
CC_DD4EC06C3A92,0.2157999893
CC_DD5299DA8C1C,0.0856303115
CC_DD59BFF18ABC,0.1708043649
CC_DD6777E1B05C,0.0519460432
CC_DD6EE1501B89,0.1055053273
CC_DD78B52AE022,0.1091747038
CC_DD7983A07B43,0.6798481929
CC_DD80B5CC495F,0.1342771593
CC_DD8956B71825,0.6821556493
CC_DD8D40E7E2A9,0.0839185661
CC_DD9972D0B63E,0.1201088805
CC_DDAE70634ED3,0.0922243522
CC_DDB4A9FF2B03,0.0938559752
CC_DDB68302DA2A,0.1701828813
CC_DDB9DEC9C037,0.0778575339
CC_DDC610D2B2F0,0.0617318466
CC_DDCAEC6BD9F0,0.2077131728
CC_DDDF665EBD93,0.2584899145
CC_DDE66EBF2157,0.0645250407
CC_DDE8B7E9C7F4,0.3137875470
CC_DE019FC36D28,0.3388853040
CC_DE07076B04D5,0.1508542212
CC_DE07AECD2361,0.0301430322
CC_DE08A4514010,0.4974400122
CC_DE093FAC5293,0.4523985410
CC_DE17BC1C2324,0.1013423360
CC_DE1B13B3E504,0.0346421141
CC_DE4264861B73,0.0996222503
CC_DE4810B88C51,0.3083058541
CC_DE4EE8A16896,0.1361500347
CC_DE523A2403BB,0.1107799001
CC_DE52860CFBBE,0.1835389706
CC_DE593193FB9C,0.1930778244
CC_DE5A9B499ED4,0.0765771779
CC_DE6AFFA63ABD,0.0747291427
CC_DE7CEC14CCD5,0.7026289082
CC_DE7D7B5BBB14,0.6771572995
CC_DE81AAB7BF48,0.0588784379
CC_DE8956D433E2,0.6053081082
CC_DE8FB8D1CB71,0.3740030067
CC_DE90D07B269D,0.1850803202
CC_DE9A62529780,0.1695926165
CC_DEA425EA8441,0.1144204899
CC_DEBE01582EFF,0.2470645308
CC_DEBFD4E79A38,0.0673108767
CC_DEC97F13CB8C,0.1711479448
CC_DECF1507C86D,0.1408488439
CC_DED24C8D047A,0.0928115686
CC_DEF4AEBD31C8,0.2109260992
CC_DF062F698349,0.1061385576
CC_DF13D5CB626A,0.1049443116
CC_DF15C526CDC5,0.0428701899
CC_DF1F6C68F7D2,0.1593771283
CC_DF3EB88F509B,0.1050009540
CC_DF4E332C886F,0.0274602302
CC_DF514171DC30,0.1552010150
CC_DF536CEAE5C0,0.0552021723
CC_DF5806CC2CFF,0.1298082625
CC_DF715690EF20,0.1955016996
CC_DF718A37AF15,0.0835338963
CC_DF7276DD74AA,0.0983808070
CC_DF750B2D6872,0.2756810899
CC_DF9FB6670627,0.0663089414
CC_DFA65A0125D9,0.0446397558
CC_DFAE355359B8,0.1854691510
CC_DFEA562F7BCF,0.2759349668
CC_DFEDAF0F0D6E,0.0438976363
CC_DFF6F74C64B5,0.6353485175
CC_DFF87DF16763,0.1152133596
CC_E00D8ECE9FA9,0.1280594345
CC_E027E36615C0,0.5184770283
CC_E02E23CE49A8,0.0738325330
CC_E030B3AEBF19,0.1394064987
CC_E031A4C862C1,0.1743177981
CC_E0339B331F4F,0.0930703887
CC_E038981B2FEE,0.1030454813
CC_E0463868968B,0.1522800067
CC_E05A8621B581,0.3133337165
CC_E07FB0312232,0.1339899744
CC_E088594E0624,0.2232926362
CC_E09AC3B1E534,0.0935487560
CC_E0AC29AFCF97,0.1746052453
CC_E0BAC6E0D0DA,0.0854246826
CC_E0DDDA07F0A1,0.1701409864
CC_E0DF45AB72B6,0.1867765403
CC_E0E1F8E7379E,0.1297533742
CC_E0EF095444A5,0.1825585353
CC_E102E4F7F8B4,0.1824274950
CC_E109B4CA6A8D,0.1423813819
CC_E11470A2D92C,0.4021130177
CC_E117B8A6ADC6,0.0334756279
CC_E128015073F3,0.0839690144
CC_E131D5EB9237,0.2162153152
CC_E14A24095E9F,0.2087842943
CC_E14CADF89123,0.5026677503
CC_E16876025011,0.0466182338
CC_E16C71C15D04,0.6579934826
CC_E16F1BB83653,0.0567414288
CC_E17448FB08EF,0.6421840187
CC_E17AAACEB07D,0.1122063895
CC_E1875522DC57,0.1901803136
CC_E18A0734641A,0.1162545801
CC_E18A22453843,0.0680449009
CC_E1B4E3360C0F,0.1574382748
CC_E1B5AE645169,0.0705524057
CC_E1B71F6B7DD2,0.2782887195
CC_E1D073F693A2,0.2975023856
CC_E1EA83C31C66,0.0978386592
CC_E1ECAE226485,0.2650392454
CC_E1F0C5076481,0.0719340126
CC_E1F78CE289D8,0.0505907508
CC_E1FBCECE0A54,0.2390720902
CC_E1FD46CA26D5,0.1038903756
CC_E20E7C7164A6,0.7607609095
CC_E211E2698C14,0.0377244696
CC_E21B4F587C45,0.1148643756
CC_E22A278A1386,0.0567537871
CC_E24078C03B7C,0.1488868649
CC_E2452737F950,0.1316215688
CC_E246119AA09C,0.6564461629
CC_E246942C7310,0.0654910692
CC_E2474A334F3D,0.0989563428
CC_E2489637D0E8,0.1270391553
CC_E2521AF9C2A2,0.0844407013
CC_E253F4AC4762,0.6050864643
CC_E257805D0F0A,0.1721700585
CC_E25A924EDB70,0.1056444389
CC_E25B5D5502AD,0.0934703012
CC_E2619E24BEDD,0.7082836064
CC_E274DAF3C064,0.0810913616
CC_E2787CBDFBF1,0.1501312864
CC_E28AE2E68BB7,0.6827256619
CC_E2C3E272D059,0.2285624909
CC_E2D653061523,0.4073157529
CC_E2ECDC7D23EE,0.1607808302
CC_E2F0E725C3AB,0.0677075452
CC_E2F7712CD056,0.1904091702
CC_E2FD7FCF0AD5,0.7797834802
CC_E308C7DFB2F2,0.1264098538
CC_E30B791D5F11,0.2123074573
CC_E315F7A94400,0.3337592406
CC_E31DAB1E73F5,0.0609995435
CC_E32034C97E83,0.2241051917
CC_E32DBED5EAC1,0.2444636519
CC_E32DDDDEE3CB,0.2201083508
CC_E343EC3EB052,0.6578552885
CC_E34A04E78D60,0.1083684111
CC_E3503B565AD0,0.2593086915
CC_E356B05ADD56,0.2144655454
CC_E35D02BE6780,0.0267060800
CC_E369AAECB2B1,0.5040907832
CC_E36ACDB4F96F,0.4184546749
CC_E36C7F0E1657,0.8310532472
CC_E381FD4674D5,0.0292517033
CC_E38E3835121E,0.0413754501
CC_E3A70438A0C1,0.2363182403
CC_E3B5C76189F3,0.1886645864
CC_E3B7B7E57889,0.1939110357
CC_E3CCC0D886D9,0.2304902733
CC_E3DD8AD10171,0.2745722841
CC_E3E230CF20A1,0.1934606725
CC_E3E4B2543CCB,0.0605285270
CC_E3E5DF01E014,0.1557987417
CC_E3EB157288A2,0.0810850763
CC_E3FBDA203EDF,0.1705672306
CC_E404FCA6CB2B,0.6926783897
CC_E4054F9C8442,0.3033988348
CC_E405D808772F,0.0329910864
CC_E4137B250609,0.3704190437
CC_E41482A7E968,0.0650284877
CC_E421FA1874F4,0.1120755192
CC_E42C38BBBD04,0.1722009908
CC_E42D90BFB285,0.0409308909
CC_E42EFC05C891,0.0771956787
CC_E430F3C75969,0.0920515723
CC_E4576D6B6478,0.1127949120
CC_E46B27A13728,0.3964546686
CC_E4783FB590D4,0.1820047142
CC_E489009C6500,0.1468890791
CC_E493CB46177D,0.0994753757
CC_E496AFA9B40A,0.3347483229
CC_E4A2FFE0EE1F,0.0927728779
CC_E4C553538385,0.3206119238
CC_E4C7B5501ED1,0.1390282584
CC_E4C8A5A60F51,0.1690225431
CC_E4C94AB69214,0.4506456770
CC_E4D75244E8B8,0.1718105063
CC_E4D9A8EEDBAE,0.2216135055
CC_E4DF787730AA,0.1353727466
CC_E4E0DC070132,0.1651603242
CC_E4E3C08B7F86,0.0542033013
CC_E4FEEB4389C9,0.3262334035
CC_E50598344DD9,0.4221713697
CC_E50C634A9A18,0.0478042857
CC_E5107337FDD7,0.0542298432
CC_E511BFCFEC9E,0.6698888919
CC_E51318749E09,0.1323373669
CC_E53FE6708AD9,0.6820571084
CC_E54290FEA34D,0.1010687227
CC_E54B723C018B,0.0457190415
CC_E554618F383B,0.1107844083
CC_E557336955A2,0.1118008991
CC_E55B48E73651,0.2278659369
CC_E55D8DC645B9,0.0547731229
CC_E575DA02C575,0.2152819946
CC_E576BD98A727,0.1654169566
CC_E578DC77656B,0.1362863748
CC_E57F3EAFD9A3,0.1315279000
CC_E59A01603B7D,0.2538550363
CC_E59B2D974CB3,0.1966361898
CC_E5A1C44F0F07,0.6592723808
CC_E5A8BDF6BFC1,0.1581489975
CC_E5B284DA0E5D,0.0873547970
CC_E5B8363BB378,0.5806544550
CC_E5D8BFFA5F88,0.0465278180
CC_E5DA04902EFD,0.3053139838
CC_E5F53CFC20EC,0.0826527796
CC_E5FAECE63C59,0.5276490031
CC_E5FB6E872C58,0.1028084188
CC_E6045565E7ED,0.0760628715
CC_E60845ADC7F1,0.0337485906
CC_E61567D6B392,0.1109855252
CC_E62174AFA94C,0.1428412386
CC_E6247DD14641,0.0866677123
CC_E6289A61F0ED,0.0895832800
CC_E62E32FB6FBB,0.0339654896
CC_E62F6BE942DC,0.2016236555
CC_E63E49B128AE,0.0745989908
CC_E63F89885A3E,0.7680930235
CC_E6466E6A92CB,0.2587054413
CC_E64BC95F8B2A,0.8756122470
CC_E64C652BBAB2,0.0868210534
CC_E659DB355476,0.1638801951
CC_E65C8BA5A7CE,0.0525939152
CC_E65F39446752,0.3224019928
CC_E67395791589,0.1614751144
CC_E67622A69EEF,0.0781154981
CC_E680830CAEF3,0.0601103480
CC_E6823643AC4C,0.6456389361
CC_E683F33931BB,0.1418123199
CC_E68841DEB163,0.0937677272
CC_E68B2C33D180,0.1515618675
CC_E68EE6EC2618,0.0429804499
CC_E69508D3D3F1,0.2230203610
CC_E698F1348426,0.1627115080
CC_E6A178F3709D,0.1146082254
CC_E6A4B6E8619C,0.6839274415
CC_E6B3887C66BB,0.3036058031
CC_E6B6BBBDBEDB,0.3179600518
CC_E6DBD0F9DC3B,0.0692195453
CC_E6F090F70DDD,0.3293519408
CC_E6F2D8CB45C6,0.0847063679
CC_E6F8FBEDA2A7,0.0921750680
CC_E70854CDFE9C,0.0537191894
CC_E71C05F07F85,0.0707353813
CC_E72797CABC60,0.0750661730
CC_E727C1153226,0.1041008322
CC_E73489D828C7,0.1206551114
CC_E7355465CE6A,0.0730491998
CC_E73CDBC743FF,0.2269558208
CC_E74F00E75A4F,0.0588700755
CC_E751F7E19192,0.1335201642
CC_E7522AD6431A,0.5762379612
CC_E7523630D2D9,0.2674690399
CC_E767372DD95A,0.5766384891
CC_E76C5DFD3BA6,0.2294035864
CC_E77326438575,0.1837507394
CC_E77E29E11EB1,0.1488267435
CC_E78F20B3223F,0.6966088431
CC_E79A23E64518,0.1044363340
CC_E7AC69AEA182,0.7426970496
CC_E7B754CA9668,0.0511622365
CC_E7BA60365AE8,0.1644048331
CC_E7C95D4A741C,0.0638622924
CC_E7D3D728EC5B,0.1772862857
CC_E7E4D5F851D3,0.0698089883
CC_E7EA49D37B64,0.3622087999
CC_E7EF11A24F73,0.7993792039
CC_E7F6F9A7EC65,0.0817402711
CC_E7FBC7F69DBB,0.1932315332
CC_E80B1A55A74D,0.1675275928
CC_E824AB0AFDBB,0.2198232804
CC_E826DAC92D9D,0.2502615897
CC_E83AB7100D06,0.1415347694
CC_E83E6D31EC76,0.2270589649
CC_E86650461FBE,0.1791311437
CC_E868A3754B11,0.8210860615
CC_E86A993F7D05,0.0922081671
CC_E87992FBEE80,0.6759587686
CC_E87B909C4DDD,0.2136748003
CC_E8828BA7EE08,0.1282546817
CC_E886157F6FBD,0.3394658586
CC_E88711C5C98E,0.1169474637
CC_E887680BB6CC,0.1762116727
CC_E8909BF77D8D,0.0976618286
CC_E8A82DA3A246,0.1655549348
CC_E8AC7545DBD3,0.0821784044
CC_E8BA6B224C3E,0.1221491424
CC_E8C6CA45BF72,0.2029989302
CC_E8D2E3126A8F,0.6870846377
CC_E8E55DAC4FF9,0.0513149722
CC_E8EB77AF3F78,0.8208393944
CC_E8F2C6905503,0.4195166425
CC_E90831F897A9,0.1583339721
CC_E90B14D51185,0.5379543858
CC_E9188329C9E7,0.0849976537
CC_E91E1C0C0C61,0.5801616206
CC_E91E9D34C5F3,0.0921909524
CC_E91F555DBA96,0.1327357593
CC_E932CFF4B4A4,0.2073554713
CC_E93643CB34CA,0.1909127448
CC_E937CA493910,0.1523920446
CC_E9409A50B4BF,0.5039334539
CC_E96711AD5512,0.0729101270
CC_E96A3E6912B4,0.4360347688
CC_E98AEE74B9BC,0.2147069269
CC_E992FB78BC2D,0.2746607571
CC_E9A3AECEE3A9,0.0722470594
CC_E9BDA7766728,0.3134040399
CC_E9BF1AFE86C3,0.1976408529
CC_E9CA055AD1A3,0.0982822221
CC_E9CA0A56E917,0.1998144550
CC_E9D3453F53AC,0.5854117096
CC_E9D46EFFA839,0.2034554044
CC_E9ED872B6037,0.0408625191
CC_E9F40C1B559E,0.1167537552
CC_EA06928C0AA9,0.2729027099
CC_EA0A46F64C80,0.1151859385
CC_EA114B15FC04,0.5516162597
CC_EA1F3F67BA2E,0.1044569643
CC_EA21618614D1,0.7110797412
CC_EA26B5A89181,0.1988352143
CC_EA26C6C27662,0.1776068639
CC_EA3B5AC76649,0.2282031652
CC_EA4E669C8528,0.0770755761
CC_EA6917E7A5C2,0.7087312303
CC_EA8A25862433,0.1732934212
CC_EA901D7CA670,0.1674297172
CC_EAA2BCE323EE,0.7149123987
CC_EAA6D5189190,0.1231660198
CC_EAAA8DD7FAAF,0.1355069453
CC_EAB7408CCE0E,0.2599407586
CC_EABEDB3C4827,0.1560367006
CC_EAC6D83D1BFC,0.0330498052
CC_EAD7F3E9DAD1,0.0514779034
CC_EADC7D8196C2,0.2581949288
CC_EAE608E24E29,0.0341266911
CC_EB05AD2C7C27,0.0350696752
CC_EB1DA337E2D1,0.1462173971
CC_EB1F425EC937,0.1077809015
CC_EB2FE764BF6D,0.1344852318
CC_EB55483587DE,0.1088055189
CC_EB569B3E2E12,0.6617297521
CC_EB57E6E6C96C,0.1940284729
CC_EB5A0FE0605C,0.1002719413
CC_EB64EC97D01D,0.1257645944
CC_EB691249B91A,0.1570488359
CC_EB7C50A7D4C1,0.5432149849
CC_EB7C52FDBEC3,0.1600091123
CC_EB86FED24535,0.2664811264
CC_EB89DECC2021,0.1059118224
CC_EB999F9D6095,0.2300344882
CC_EBA2F85924CE,0.0586494203
CC_EBAC5A53FD11,0.0868990834
CC_EBB109EF7619,0.1577207745
CC_EBBD00C18763,0.0511734388
CC_EBCA68C7854D,0.0594571086
CC_EBCBDE122879,0.1489398302
CC_EBDF6C88BBA5,0.0672623876
CC_EBEDAC91ED43,0.0882833772
CC_EBEEC4183FDE,0.0394233707
CC_EBFD9D007253,0.4371818884
CC_EC1ABC58E09A,0.1795915144
CC_EC26EABA68DC,0.8188216387
CC_EC2A485A3E71,0.1697465555
CC_EC3B9E2FE47B,0.0936225614
CC_EC505F03EE5F,0.0300039662
CC_EC5317EC6706,0.1822355233
CC_EC5B7FBD1EA7,0.1669598477
CC_EC5C7471FFC5,0.0550390970
CC_EC5D92B3617B,0.2237511743
CC_EC5E214BFED0,0.6749919694
CC_EC6406527201,0.1060906119
CC_EC79022358C6,0.3271009644
CC_EC831A90189F,0.0764613792
CC_EC87C131FADC,0.0668573836
CC_EC88785D6F39,0.1775248992
CC_EC9173F5284E,0.0450308855
CC_ECB7B3B6272E,0.0588739219
CC_ECBF4CED56D1,0.1126778450
CC_ECBF80B94EAE,0.7886133203
CC_ECC78B7AE3F1,0.5263685679
CC_ECC7E9E691F5,0.1705353994
CC_ECC9235F612E,0.2574412480
CC_ECCB0BD557DC,0.1580230441
CC_ECCCB1B4EA8F,0.0925211505
CC_ECDDF4983DD9,0.0506612719
CC_ECEE93C4F564,0.6099440497
CC_ED07BD8B2CB3,0.0523129072
CC_ED0F4A02A01C,0.2837748247
CC_ED11D72A1D3B,0.0564500975
CC_ED165FC5A06F,0.0486319095
CC_ED2B6A40ABC7,0.2618061054
CC_ED390F22A931,0.0862788707
CC_ED40E7CE5177,0.1832461080
CC_ED4E4B13DB1A,0.0411205957
CC_ED4F22572419,0.1630370085
CC_ED5AE5CB1DC5,0.0775581777
CC_ED6090A4E6E4,0.1936073437
CC_ED645D91E6A5,0.1135372189
CC_ED6B045B6075,0.1544278386
CC_ED9313C71C57,0.1560092736
CC_ED9BCE7C776F,0.7731098279
CC_ED9D4644716C,0.1661391399
CC_EDA794402358,0.2685038022
CC_EDAADACD4DED,0.1404898725
CC_EDBAD2E989FB,0.1484641043
CC_EDC98B474E76,0.2068095408
CC_EDD1FD49A66A,0.7717587108
CC_EDD448008C0C,0.7329127163
CC_EDDA3B790095,0.0618602913
CC_EDF95BF0E3D6,0.1798046622
CC_EE03D7C2BC69,0.0772283655
CC_EE0D95184E81,0.0436556347
CC_EE0FF690C214,0.4177394374
CC_EE2412C352D5,0.0747804770
CC_EE2A010019CF,0.0754636033
CC_EE2AC730827E,0.0621868298
CC_EE3236E6A9FD,0.1301401653
CC_EE3759EA49FF,0.1771027045
CC_EE38C78AD88B,0.3671848905
CC_EE3CE0FD6B77,0.5612520398
CC_EE6B7E58FC63,0.0390987684
CC_EE6E02464067,0.2380614552
CC_EE6E1FA7A753,0.1551273841
CC_EE6FCE6C233A,0.2149877078
CC_EE88C07B9333,0.1008707826
CC_EE9004165810,0.0688650198
CC_EE9BD17AD343,0.0511371185
CC_EEA608D5A455,0.1470992218
CC_EEAFDB1BB486,0.5106841480
CC_EEB482736C41,0.1939583955
CC_EEBD9DA093E1,0.0390278709
CC_EEF23DDD2262,0.1279616344
CC_EEFBDC9AD94A,0.0771030755
CC_EF05000895F4,0.4960650462
CC_EF16B2CE0988,0.3770107793
CC_EF1DD3F0CBDF,0.0519778716
CC_EF2D82085BB9,0.1206540219
CC_EF2DBE79D656,0.2511231853
CC_EF3000C48A4C,0.0655452042
CC_EF359AF608EA,0.0407898604
CC_EF362432D758,0.3562649363
CC_EF548B30F1B6,0.1767465754
CC_EF5B403DFD7E,0.0976043664
CC_EF66DA0DDF9C,0.2791073174
CC_EF70BA4AEEC4,0.1530073224
CC_EF83DD56FCC5,0.0662235010
CC_EF8B642A6F8D,0.0695347709
CC_EFA1EB27DA19,0.0333358248
CC_EFAE84EA9BDE,0.0876766661
CC_EFB26BEA106E,0.3600535097
CC_EFBB51CD8502,0.1969409684
CC_EFC18E9B3B55,0.1250549019
CC_EFC4B0020E2D,0.1348173203
CC_EFC9FA5108D9,0.1280778046
CC_EFE45D9B9D9C,0.0480709537
CC_EFF27FA98DF1,0.0597586312
CC_F000DA497736,0.2647794151
CC_F00107DE219E,0.6614522451
CC_F009FC54A64B,0.7570975922
CC_F01DF28C6BFF,0.0837817639
CC_F037C91F63BF,0.1378507953
CC_F03FADA95A03,0.7187160018
CC_F05235F3C894,0.1067539608
CC_F0649FEBFEB8,0.4485932048
CC_F066C78B5C0D,0.1535867789
CC_F07313626618,0.6198558662
CC_F0783F6A56F5,0.7517822707
CC_F0791523691A,0.1477162372
CC_F080750455CE,0.0513293801
CC_F0809EBB0B51,0.0280715842
CC_F08259F86E23,0.1739301770
CC_F0929F859702,0.1885103362
CC_F0A7203CCA39,0.1311881790
CC_F0CD4DD9C63C,0.1352074185
CC_F0D29AD328E5,0.1576515648
CC_F0D339E5B80C,0.0621674203
CC_F0D3BC14FA77,0.1238089220
CC_F0E16D28D49D,0.1710851349
CC_F0EBE2C00A7B,0.0732103362
CC_F0F137758DC2,0.0587081682
CC_F0F6BD40CA43,0.3616078154
CC_F0F6FCF6010F,0.1672268117
CC_F0FBC9D4ECA1,0.0290678713
CC_F0FEE924096C,0.2285341367
CC_F1074E035DE6,0.0502449402
CC_F108D26930FF,0.3930345443
CC_F10DB853B9DF,0.3808257544
CC_F10E06D52D76,0.1407557178
CC_F11F5F477B91,0.6339513224
CC_F14913B5BE1B,0.7546680559
CC_F156C1647E3D,0.0690693152
CC_F1598097E314,0.6739012437
CC_F1641E3AAB3C,0.0465769541
CC_F166878FB959,0.0543220692
CC_F17540FE7C9F,0.1003672031
CC_F175BB08B29E,0.0499447667
CC_F1782AF286D0,0.3724558676
CC_F1796AD4B774,0.6659064674
CC_F17B3A3A5E56,0.6560133138
CC_F1858D6F0080,0.1693757638
CC_F18689FA8E29,0.0907157367
CC_F18A82B0F153,0.1452756604
CC_F1AE7142A128,0.1080116881
CC_F1B43DD57C9C,0.1248209427
CC_F1BCB7676492,0.0887317038
CC_F1C8B8BB90AE,0.1625398413
CC_F1E044CD2D75,0.2537323754
CC_F1FCB96B5E14,0.2443705524
CC_F2067E92A939,0.1376567458
CC_F21512554CC9,0.0770309788
CC_F243956B7575,0.0889759511
CC_F24FBC9FD3F7,0.3347225062
CC_F252EB3F208B,0.0906667673
CC_F25D793346CA,0.3517203821
CC_F25EB1ED5AD9,0.0630003750
CC_F265A0AE845F,0.7596484734
CC_F274BB4AEBE0,0.0723984217
CC_F28BF2185131,0.1005907304
CC_F29077E45AF0,0.2441408409
CC_F2988560CAB8,0.3465585646
CC_F2993AB36C56,0.0941227834
CC_F29D6C65779E,0.0634528209
CC_F2D2BADD0000,0.0437451239
CC_F2E4AEB73D57,0.1270192900
CC_F2E630BAF431,0.0542568625
CC_F2EFCB40AE74,0.1450748513
CC_F2F085891915,0.7123222939
CC_F3030E2C80A0,0.1675307696
CC_F3044C7C16BB,0.0649613908
CC_F30B21CB4603,0.1111867827
CC_F3140FCE870A,0.0889742943
CC_F32A84B321FC,0.1982750195
CC_F339FF584607,0.2867422404
CC_F33CEE0F6DBE,0.4179279535
CC_F33DAF3E9CF0,0.1072778228
CC_F34EC3FF202F,0.1007359814
CC_F35A6C383B39,0.1832319768
CC_F360E0FF27CA,0.0742861346
CC_F36B7AEC0086,0.1172372340
CC_F370665BECB8,0.5885747130
CC_F373A60E53E8,0.0344149730
CC_F373BDAE18B2,0.0703208912
CC_F3745BC63340,0.0660032761
CC_F37DC9169301,0.1288326672
CC_F394E57C5243,0.2387993317
CC_F39E98FD418D,0.0824852082
CC_F39F51452381,0.0313882714
CC_F3A52465664E,0.0563833334
CC_F3A8CF761A0F,0.2057873131
CC_F3BF1709E29A,0.3860957338
CC_F3BF72C29211,0.0805863068
CC_F3CF35465CF1,0.0476335062
CC_F3E2186DBD4F,0.2871666044
CC_F3F0F9B9B56E,0.1661750077
CC_F3F185395BE1,0.1162967716
CC_F3F68E6599E7,0.0721228745
CC_F3F7763C9DFE,0.1810120478
CC_F3FFF13592CE,0.0833079403
CC_F410C3CE89E1,0.1612649209
CC_F410C8B811FE,0.0679620301
CC_F4132072D78E,0.1141828219
CC_F4157B8E5B32,0.5765558160
CC_F41CF067E828,0.1096383839
CC_F41DC456E539,0.0380901900
CC_F41EEF55A0EC,0.0525865118
CC_F426B5C1F07D,0.3530702532
CC_F437875F9000,0.1904976896
CC_F43C961F8A30,0.1426560006
CC_F43D9BF23472,0.0620944102
CC_F444BE033109,0.1377656539
CC_F4481124F17A,0.1567899960
CC_F44EAAF80F70,0.1320328258
CC_F4521F6D3492,0.5174462577
CC_F46BD9AB1B68,0.1391093894
CC_F4763AA0B824,0.5749145415
CC_F47976F33E20,0.1752321310
CC_F47E588D4470,0.2135700129
CC_F4A2777912C2,0.1094663517
CC_F4A6C2B23685,0.0587032479
CC_F4B3EAEEEA8B,0.0296029265
CC_F4C6CD1E720C,0.0639180619
CC_F4D05DA98C83,0.0539431604
CC_F4D15889CDE0,0.1565312001
CC_F4DEC1E6173D,0.0320442524
CC_F4EFAD6AF8BD,0.2887262541
CC_F4F7835A1FA2,0.2153167312
CC_F500597795FB,0.1765115073
CC_F5197FA9580F,0.7191126634
CC_F5240F59146F,0.0775450885
CC_F534A0B87C3B,0.1624236124
CC_F536972BFE98,0.1374152581
CC_F54FDFE5A5C8,0.0973056250
CC_F55727F65F86,0.1698905244
CC_F558EBDCDD6D,0.1627339690
CC_F56D569AC51F,0.0867267346
CC_F5714D180EE1,0.1183812568
CC_F576ED9554AD,0.3861178908
CC_F57C2559358E,0.1676874257
CC_F5AA72FC0972,0.1155966016
CC_F5AE7DEA2B48,0.0783171571
CC_F5C6A5E9D495,0.1674052670
CC_F5E0731F2181,0.2228624226
CC_F5F4F3B03FE8,0.7645645051
CC_F604D7B9CBD9,0.2235028169
CC_F60F13391D61,0.1599386207
CC_F618D72DF162,0.0673250319
CC_F620B15ACC5D,0.0741694876
CC_F62D426D6614,0.1238732146
CC_F634999D5C1D,0.0200035281
CC_F636E5BAEE47,0.1685699522
CC_F6461B692240,0.7310333619
CC_F65BAD63AED0,0.1500309376
CC_F65DD2AC57E8,0.2854619807
CC_F66C6577674C,0.0555111728
CC_F670896FE959,0.1931986219
CC_F67376F272EA,0.7158862764
CC_F67FFE9E884E,0.2655051012
CC_F683C99F06C1,0.1562041418
CC_F68523E2CE7A,0.7725719552
CC_F68E62F9AA0F,0.0305735375
CC_F69604E05962,0.0801526315
CC_F6B8913740B3,0.0897909507
CC_F6BB4952DD35,0.3233889350
CC_F6C0B7AC57B5,0.6426774351
CC_F6D2B06E6E8B,0.5684851559
CC_F6EB30A84C9F,0.2832750002
CC_F70345A4792A,0.1202402419
CC_F7068C1F77B3,0.3217030161
CC_F70B0EA8C0E7,0.0564050737
CC_F71CC97FCE83,0.1040312512
CC_F722224A84F4,0.7006985740
CC_F72D1046063A,0.2738952201
CC_F72DAB32A281,0.0528948160
CC_F733AA5C0ED9,0.0610834326
CC_F74043C1BBEB,0.0608432043
CC_F74A31E36137,0.0595281009
CC_F756B167634F,0.1827312099
CC_F75CBE8E1B92,0.4173315393
CC_F761F7EEAD39,0.1502244443
CC_F79303D62FCD,0.0685710161
CC_F795134B52E6,0.6704336010
CC_F79533E83ECA,0.0922144249
CC_F79F9A7ED432,0.7296926134
CC_F7B2FC73E020,0.0472594259
CC_F7CF24594B20,0.0756186859
CC_F7D31937AA89,0.0573960847
CC_F7EFD378035D,0.4099852564
CC_F8014B1E00D6,0.0379798982
CC_F80ADE95A7C8,0.0595153619
CC_F82E58E476A9,0.1033288280
CC_F82EB123CC19,0.2235274186
CC_F83088660331,0.0938430084
CC_F83C6DF6A815,0.5549867824
CC_F8620C4F7581,0.1664956922
CC_F869F4DA5077,0.8136861793
CC_F86B1C53EAF4,0.1883264530
CC_F87B7F26FF51,0.2652766632
CC_F8803D1C899B,0.0477482827
CC_F892E51AC9DD,0.0473833561
CC_F89C185743F0,0.1228239898
CC_F8A4D45C3769,0.0863989896
CC_F8AD68EA5A16,0.2003937715
CC_F8B4DBD0CE8A,0.3554245856
CC_F8F3E551F166,0.2730061372
CC_F8F9FE2C9B65,0.2617994868
CC_F912A50D0DD1,0.1584595659
CC_F91B7C2B1AFD,0.0895294767
CC_F925251D4BF0,0.4020982349
CC_F925ADD60E7B,0.0393364912
CC_F9282C144479,0.0559754540
CC_F92EE3287CC8,0.0963103301
CC_F93332608FE1,0.1601559638
CC_F94070DE3B81,0.0704467828
CC_F94C81428D20,0.2227442506
CC_F95DFFDA9B12,0.4176624868
CC_F96A53B02447,0.5471058848
CC_F96A965CDCB0,0.6387886971
CC_F9721FEDBE9E,0.1674551912
CC_F97C3E145882,0.2741089311
CC_F97C64C64052,0.0676752270
CC_F98660A07E6A,0.7816777343
CC_F98BA4B13724,0.0935982221
CC_F9A3F3A76B1A,0.1354289738
CC_F9A8E2B3A703,0.1347476438
CC_F9B3E7E7F2A9,0.4557254873
CC_F9D7D0B1E4A8,0.7153167958
CC_F9EDA4EDDD44,0.0468802352
CC_F9F2176B12FE,0.0432474127
CC_F9F90E76CA5B,0.1085761518
CC_FA0157249C01,0.1030846338
CC_FA169BCA835F,0.0904371820
CC_FA19B61BCABB,0.1141471467
CC_FA1DD203C293,0.2786111525
CC_FA2E30269BC1,0.1866370640
CC_FA304CE8E045,0.1828998975
CC_FA310759A257,0.6610383848
CC_FA32397E7B8C,0.0919285667
CC_FA33D97B84D4,0.0974134665
CC_FA38991B9434,0.0400797132
CC_FA4079FFF1E5,0.2318734765
CC_FA716665CD8F,0.0715622660
CC_FA770268B207,0.1609917432
CC_FA7A2F59245B,0.4758591741
CC_FA8205104EBF,0.1360155176
CC_FA8370AF8740,0.0501487222
CC_FA858F1025FF,0.0982011720
CC_FA86320CF6B0,0.0586132115
CC_FA8B341CD3EA,0.1917708129
CC_FA9057AAF95B,0.0925680592
CC_FA97314C666C,0.0574112466
CC_FA974C1D91AD,0.3333293198
CC_FAA0E5BC9F44,0.7068347731
CC_FAA2694D8578,0.2762286096
CC_FAAFFC74BC35,0.6687285024
CC_FABA6DCF8E45,0.0581093505
CC_FABC53294AC1,0.1624099199
CC_FAC52B8E66DA,0.1132025912
CC_FAD284D8DAC8,0.8899165733
CC_FAE70CA5999C,0.0993772366
CC_FAF1CCB40132,0.0989726829
CC_FAF93D8B3B59,0.0710852875
CC_FB09E5481B64,0.0998057033
CC_FB150A1F7C3B,0.1422447169
CC_FB1808471515,0.3866555475
CC_FB296D823CF6,0.0737367401
CC_FB301E1FA7FF,0.0352628653
CC_FB33C958A19E,0.4177137802
CC_FB40D63FC3D3,0.1777195919
CC_FB45A1837AD7,0.1129505325
CC_FB45B79CED15,0.1021965777
CC_FB52260232E3,0.0523846946
CC_FB6A0A7B8813,0.2595034325
CC_FB6ED10D82D2,0.1216543598
CC_FB78DE84AF05,0.0404192486
CC_FB8DF8F93E7F,0.1512100217
CC_FB8F89048B89,0.0826834586
CC_FB9C3E77A49E,0.1052285051
CC_FBA40CEAEA18,0.0993053863
CC_FBA998938FE5,0.1597513153
CC_FBADBAFCD1B3,0.2627921024
CC_FBCB85E21ADD,0.1636446766
CC_FBCD00EE4402,0.1620181662
CC_FBD40DFBA5D5,0.2466366627
CC_FBDECF3DACAE,0.2339421106
CC_FBE4E2F652EB,0.2869969563
CC_FBEA9510C687,0.2243687101
CC_FBED1E2E1CC0,0.1792764799
CC_FBF54E48EB13,0.0899333107
CC_FC1E279EF320,0.0414799244
CC_FC2E1D460089,0.1030279258
CC_FC31CBD20CDF,0.1712198458
CC_FC41D8134A1C,0.0746735216
CC_FC44D7EF257E,0.0471136087
CC_FC4A649BDD07,0.2353493770
CC_FC51BCDBB6B2,0.1375392608
CC_FC57B6E79AAC,0.1799666726
CC_FC6AA879D9CF,0.1110508785
CC_FC7A926F3A64,0.6820100849
CC_FC83CB9C71CD,0.0345278280
CC_FC9E6D511294,0.1130484039
CC_FCA657E69930,0.4105800078
CC_FCB451237214,0.8356363748
CC_FCC7E51DF812,0.5451449988
CC_FCD42ECC012B,0.0514454191
CC_FCE8FAEAAEF1,0.1392129107
CC_FCFAE9BE2522,0.4379281186
CC_FCFDB5DFE5D4,0.1262327088
CC_FD24FC7961A5,0.1173203834
CC_FD2793DCB5EF,0.1111456015
CC_FD2EEF724088,0.1257115258
CC_FD3205367675,0.1042663878
CC_FD3A21CDCA7C,0.1105834149
CC_FD3C4C2FB68C,0.1670096472
CC_FD41687DC1A0,0.1428721642
CC_FD44B4E31EFE,0.0867806378
CC_FD5721556AB7,0.0710518518
CC_FD643C174587,0.3423876034
CC_FD6BFA30DD9E,0.2887116557
CC_FD7C9DD7F11B,0.1314817749
CC_FD7F2D90CF8C,0.0631559112
CC_FD8C4F601909,0.0726153679
CC_FD90B45AA24E,0.0836046112
CC_FD95457772AB,0.0584572861
CC_FD9D9B58DB1A,0.2029568812
CC_FDA918AEB5D6,0.5891905718
CC_FDD4C2065540,0.3217314819
CC_FDE57A2C5156,0.2014172513
CC_FDE9920975F6,0.2206000655
CC_FDEC856F9C6D,0.0549708100
CC_FDEED2AA92A3,0.4301891873
CC_FDF5607ECC1B,0.0559815949
CC_FDFED3D7E70E,0.1589870614
CC_FE0324F99784,0.1103572952
CC_FE0A18D6570D,0.0447598953
CC_FE0DACAC84BC,0.2387556858
CC_FE16586C9FAB,0.1835950834
CC_FE16FBC86237,0.1633641898
CC_FE1C808C4515,0.0722233472
CC_FE1E64201B9F,0.1059361911
CC_FE33D60E29EB,0.0474354680
CC_FE3ACE674BEA,0.1661677398
CC_FE468E9AA9D9,0.0287026340
CC_FE5AA923C220,0.1616067959
CC_FE6C777DDC19,0.0644734601
CC_FE6DD8C8EC90,0.2306716292
CC_FE7A84AAA8F7,0.1738085415
CC_FE7DB6B410A4,0.1189041969
CC_FE8691B1F3D9,0.0772498751
CC_FE874279A94B,0.0976353928
CC_FEA61499305D,0.1757891545
CC_FEC22B334AC5,0.1364369968
CC_FF045F9508F2,0.1726725722
CC_FF0EFF711598,0.2482232222
CC_FF12F53D5676,0.0446822780
CC_FF13D426EC1C,0.1718281276
CC_FF16A7C8600F,0.1969055627
CC_FF2236DC115C,0.4636595179
CC_FF2725428B6F,0.1249038193
CC_FF3176D91690,0.1118743249
CC_FF393D295D66,0.0494157188
CC_FF4598202C5F,0.6458101313
CC_FF463A4B3D04,0.2511693989
CC_FF4703F7664E,0.0710129359
CC_FF86EC3C0851,0.4856653868
CC_FF8A580DD831,0.1415592841
CC_FF8BD8697ADE,0.1306163136
CC_FFA681A2054A,0.0415050871
CC_FFB6B2D2BB2A,0.3598564856
CC_FFBFA27643F8,0.1246871587
CC_FFC81CC80F9D,0.1547121886
CC_FFCC9C0763D4,0.1093196474
CC_FFD4E33DC920,0.5386177262
CC_FFDE11143038,0.0736874345
CC_FFEF28047C4F,0.3481886172
