client_id,target,oof_probability
CC_0000F52C3717,0,0.213539728929
CC_0008C4E44BB9,0,0.189608435077
CC_000B4B1BEDF6,0,0.0773655895648
CC_000D492CE7AD,0,0.0792005107253
CC_000DCFA992C4,0,0.0758619671137
CC_001122E39690,0,0.152408395271
CC_00117B7E053B,0,0.0841987963647
CC_00135124F0C3,0,0.344902740549
CC_0016CFCF14C4,0,0.0959102759835
CC_001740B14C72,0,0.121452177961
CC_001938053246,0,0.0875028849507
CC_0019E3DC239C,0,0.159977315617
CC_001C3594F76E,0,0.257258015379
CC_001CE8624267,0,0.10396532732
CC_001F84E88060,0,0.136228775324
CC_00205A472499,1,0.122888670387
CC_00293A354886,0,0.065721856744
CC_002B838F0462,0,0.242734795421
CC_002C0A6A79A3,1,0.174035889354
CC_002D38C9B16D,0,0.203917454401
CC_002EC26F87BF,0,0.0806949780952
CC_002FBC1547AE,1,0.130480823435
CC_00308EC6F3D4,0,0.159924203834
CC_00324544DD9F,0,0.254918505369
CC_003C4B7BE7F8,0,0.217388048175
CC_004006D91D8D,1,0.602397428994
CC_0041A03EFFB6,0,0.0848362146005
CC_00428A82437E,1,0.0869184600765
CC_0045073BC11F,0,0.333217233559
CC_00467B1D8D89,0,0.10363979528
CC_004713654049,0,0.20450919984
CC_00471F46B9F4,0,0.102417243805
CC_004B878F25C2,0,0.0934950488029
CC_004BB26042C5,0,0.125465600192
CC_004D8E72230C,1,0.195928588926
CC_004DB3A3C70B,1,0.425563008006
CC_004FD1D5A61B,1,0.100765815485
CC_004FE57C56C8,1,0.774863395182
CC_005704951586,0,0.268743648634
CC_00643E369290,0,0.106062526605
CC_0066D98BB9EF,0,0.697137861128
CC_00690BCC3766,1,0.249138429808
CC_006D26E11173,1,0.135905513067
CC_006F0424BA0C,0,0.0840629333024
CC_0072F2F08542,0,0.0316607098193
CC_00751D910DFF,0,0.112748588599
CC_00755CE7B990,0,0.151096900586
CC_007590841E7C,1,0.475034389356
CC_007B612BB240,1,0.636944244412
CC_007EC791ED3A,0,0.321569920546
CC_00876B84BC7E,0,0.0763965891617
CC_0088A324D676,0,0.0837644140498
CC_008B5E945701,1,0.493818510542
CC_008D56B4B41A,0,0.0720201579158
CC_00951B5D39A6,0,0.0808948290064
CC_0099AC551369,0,0.0937061369933
CC_009A2F903E8F,0,0.277516394051
CC_009F373F58EE,0,0.091787129213
CC_00A1B6A0BFE5,0,0.103490325968
CC_00A651F1CA9E,0,0.154992350525
CC_00A6C7E23295,0,0.251729898987
CC_00AA4D8EAFFF,0,0.691093446307
CC_00AD510EB5AB,0,0.271721224766
CC_00B149CC3832,0,0.0926296710542
CC_00B24C240296,1,0.55368113099
CC_00B2A863966B,0,0.115230707572
CC_00B6D231C4E0,0,0.0463928053477
CC_00BA0D9C9769,1,0.490408774909
CC_00BA4B9A3ED4,0,0.0948759834248
CC_00BD978274C9,0,0.103325420606
CC_00BDFB856C9E,0,0.19646497078
CC_00BECFD0FF29,0,0.355368769994
CC_00BFC5461053,0,0.107523251011
CC_00C4D8C18438,0,0.0812801842737
CC_00CA157239FF,1,0.299258596862
CC_00CA34BC997D,0,0.098578848393
CC_00CEA7AD7F1A,1,0.124826128498
CC_00D5C2A06551,0,0.171415566637
CC_00D6CDAC726A,0,0.205776566583
CC_00D856A03DBF,1,0.575374082275
CC_00D9F83C9E93,1,0.11149709354
CC_00DFC64809D6,0,0.122004355048
CC_00E0387FBC9E,0,0.121727832457
CC_00E1D1D2993D,0,0.298558005439
CC_00E6521C30BB,0,0.369708245777
CC_00E69205F24E,0,0.111857086889
CC_00E89DF054F4,0,0.0776164767826
CC_00E9CC8D9EEF,0,0.269667100706
CC_00EA46DE25DD,1,0.683181839542
CC_00EE0EEB58D5,1,0.260147430971
CC_00F9F67E6F05,0,0.0727369853041
CC_00FA46F7366C,0,0.145617048956
CC_00FB89799652,0,0.335356429962
CC_00FFE2036AB1,1,0.128024219183
CC_00FFE77863DF,0,0.177508612348
CC_0102323406AC,1,0.152668550411
CC_0102B5DA5A15,0,0.0801506973929
CC_010B09136D06,0,0.122073756933
CC_010CDC88F5F5,0,0.126781561558
CC_010D45E8285C,0,0.0729001346268
CC_0113BEA391CB,1,0.313118805032
CC_01188B92EA48,0,0.120650632879
CC_011BF4A47C7C,0,0.1659875039
CC_011C317218A8,0,0.120686334288
CC_011D9EA99494,0,0.0566425373954
CC_011F2346F3A2,0,0.487247167307
CC_011F409B64EA,0,0.164190867102
CC_012038AA52E3,0,0.0742792005188
CC_01240BC10405,0,0.157487712557
CC_0124E7389107,0,0.38668699961
CC_0128A7811A95,0,0.0894988749834
CC_012A37359DB7,1,0.513207450364
CC_012C42D7E854,0,0.143302936956
CC_012E7A7878E5,0,0.134101509326
CC_012ED63A7E6C,0,0.0341979102566
CC_01349EB3649A,0,0.215747168902
CC_013536D5B9AF,0,0.12281300163
CC_0136641C69EB,0,0.0847172981044
CC_01384D5CFF72,0,0.106390163996
CC_0138BB7BD8A3,0,0.0981998427112
CC_01399364C26C,0,0.110657982479
CC_013AB3EC63DC,0,0.199366619758
CC_014366E64DCA,1,0.513245535877
CC_014A63C90F62,1,0.186207668114
CC_014BF9E304F3,1,0.537550754302
CC_014C89539CCB,1,0.857215995299
CC_014CF6A70FBF,0,0.0973050222922
CC_014E1324EE80,0,0.103621136469
CC_01509F2183B8,0,0.126634362293
CC_01554CCC0460,0,0.141440715515
CC_015B291B0487,0,0.0765780768526
CC_015B8DE78DB8,0,0.16750161565
CC_0161B5B24B5F,0,0.122159429807
CC_01653DC77271,0,0.236069619871
CC_01667940AC27,1,0.187697865315
CC_016B51878C16,0,0.364054336154
CC_016C33BE1E7B,0,0.0726709190599
CC_016EFF422602,0,0.224103583586
CC_016FEE812B9C,0,0.107334985393
CC_01712CAA42A3,0,0.501750204757
CC_0174CAC73142,0,0.17752635294
CC_0177D857E633,0,0.0654176738715
CC_017BA5C2C520,1,0.735794591067
CC_017DCE877A26,0,0.0949101506955
CC_018248BA2DAA,1,0.0652947341413
CC_0182FB5AA05F,1,0.112559634822
CC_01882463E3CD,0,0.148659267434
CC_018CEE8FE58D,0,0.360873792874
CC_018E749907B7,0,0.0965949065187
CC_018FB501A605,0,0.0696226729538
CC_01908B0AA50C,0,0.254289531604
CC_0193729A77D2,0,0.0866379030828
CC_01960FDF3E7F,0,0.112336015496
CC_019611B783AB,0,0.641802091152
CC_019912E3B581,0,0.0932229945569
CC_019EF3051B45,0,0.264797154425
CC_019FDD770163,0,0.0768455710815
CC_01A164F25668,0,0.194649231573
CC_01A5CBDF8101,0,0.0953969084503
CC_01A9DD94B3E3,0,0.15697768203
CC_01AA79D4600A,1,0.455484141217
CC_01ACFC758043,0,0.0893570155017
CC_01B0D8601911,1,0.726055572666
CC_01B76192CFFA,1,0.773550759499
CC_01B852C90D56,0,0.107162040223
CC_01BEF0C26362,0,0.378614861421
CC_01C3FF12EB8D,0,0.0784799641199
CC_01C6D9F0DB8E,1,0.233789905133
CC_01C7A2731579,1,0.851365840962
CC_01C8FC78044C,0,0.123495196124
CC_01C98663A16F,0,0.141584332629
CC_01CAF0E84BBF,0,0.0920404029636
CC_01CBA617AF23,1,0.257652287361
CC_01CF95E913FC,1,0.565647458881
CC_01D06CCF898A,1,0.0942219350824
CC_01D2B07730D0,0,0.0923301215901
CC_01D3556F1812,0,0.2535600502
CC_01D4CBCDC120,0,0.204145990568
CC_01D55EDD2BE6,1,0.180559691203
CC_01D586B7E7A4,0,0.181429345043
CC_01D5A1099D98,0,0.250750622447
CC_01D8177D33B9,0,0.106179320434
CC_01D8D0BB7961,1,0.596204427405
CC_01DD43C01B80,0,0.175796797388
CC_01DFA1DF53F6,0,0.0762524791859
CC_01E062ACC88B,1,0.456274902896
CC_01E2B7ED6107,0,0.126182456928
CC_01E70E8718A9,0,0.073993056175
CC_01E7623CBD0F,0,0.087151050599
CC_01EAF8DA6227,0,0.127478629314
CC_01F2091FC586,0,0.0453437188282
CC_01F37D908978,0,0.106341817632
CC_01FA4C26ABEC,1,0.120766937314
CC_01FAB37C1CFB,0,0.142179189584
CC_01FD4C56F0C2,0,0.0609616493705
CC_02015659F881,1,0.768628569847
CC_02074A9ADB7A,0,0.0763251600918
CC_0207CA3C1DD9,0,0.298265081437
CC_020A0EB137E0,0,0.35817485236
CC_020C1AADAC9A,1,0.488914185489
CC_020FC7ADC447,0,0.213595060191
CC_020FFE185ACD,0,0.224888179514
CC_02107589C479,0,0.140906537951
CC_0211D89A1ACF,1,0.148581822469
CC_021A8812B28E,0,0.812838645314
CC_021FD690E352,0,0.111714015115
CC_0220CC31D601,0,0.173804637219
CC_0222F7DAFE81,0,0.270568294742
CC_022320678E24,0,0.0665287530988
CC_022F2E7052FD,0,0.122230858247
CC_02302E76108A,0,0.184867995941
CC_023033C8850F,1,0.750928956142
CC_0230E02D8543,0,0.102015387847
CC_0230E22AF075,0,0.146672137972
CC_02319698C018,0,0.200301655535
CC_023532456F37,1,0.242908748637
CC_0235BF3F4979,0,0.093468915943
CC_02368E68A086,0,0.136966317426
CC_023D65182EB2,0,0.0791793704187
CC_023F59E9986C,0,0.171921224423
CC_0245F766E4AC,0,0.0995041069367
CC_0246B12B0445,0,0.1093184975
CC_02474EEA5276,0,0.121162315881
CC_02496C1D5547,1,0.304899105806
CC_024993F15158,0,0.0688695133283
CC_024AA098CF34,0,0.114580505187
CC_024AEE6FC78A,0,0.115722995783
CC_024BCEFEB3B1,1,0.351262843353
CC_024CB835F9F4,0,0.128572150344
CC_02514C6C01C8,0,0.560280913957
CC_02562009215E,0,0.0831445243124
CC_02587B1B7CE8,0,0.145007444283
CC_025887FD1578,0,0.182598522576
CC_025936DB6339,0,0.0691242437957
CC_0259F3A8C95E,0,0.246617974794
CC_025A293D644C,0,0.107506794607
CC_025B4242FDB8,1,0.192193404553
CC_026066EEC1F2,0,0.142081929103
CC_0262E6B2B495,0,0.122834934772
CC_0262EA7FA26D,0,0.144325167298
CC_02659F97FEFC,0,0.495330596428
CC_02681B7C89D0,0,0.125143434468
CC_0271C116181B,0,0.114184749721
CC_027451E393E9,0,0.0918079082035
CC_0275AB744D32,0,0.147818299089
CC_02768260ECE7,0,0.0403170880792
CC_0276D670D446,0,0.103808551261
CC_027AE97B5FEC,0,0.144091387384
CC_027BF65FD10E,0,0.12913366596
CC_027C4B09BB5B,0,0.249447982152
CC_0280AE6B7C38,1,0.288112204761
CC_028114715BA7,0,0.0780740341791
CC_0281B228E890,0,0.126876031928
CC_0286D2BEC77E,1,0.218885751004
CC_0287EE5CC52C,0,0.262100537952
CC_02881D519DF2,0,0.0799167971033
CC_02894540BAC1,1,0.106184395225
CC_029180FB750A,0,0.203411867202
CC_0292365EC65B,0,0.414513664306
CC_02947671FD03,0,0.0734451980797
CC_0296AF94C10B,0,0.113645453481
CC_0296C24B02D4,1,0.136015010555
CC_0299342384D6,0,0.100959297151
CC_029CE5404DAA,0,0.208497176281
CC_02A3228A7385,0,0.0917351775889
CC_02A5FA7451E6,0,0.0991796485098
CC_02A83D2F80D4,0,0.135148528465
CC_02AA8B22BDA7,0,0.137159618563
CC_02AA9816DDB8,1,0.574816032151
CC_02AD5064A3B8,1,0.281307299408
CC_02AD7B165DE6,0,0.130803230895
CC_02AEA61C112D,1,0.181738703793
CC_02AEC45429A6,0,0.322242590376
CC_02AF0737E6C2,0,0.116274533783
CC_02B2580C09A0,0,0.0855968647166
CC_02B4DC166F1A,0,0.148698556296
CC_02B715323970,1,0.294218678985
CC_02B7D04CEC8D,0,0.0770967449792
CC_02BA95283E62,0,0.107284061172
CC_02C246720CDF,0,0.165599515013
CC_02C77F19808E,0,0.138065264521
CC_02C797F0DBF1,0,0.152524601074
CC_02C8B73713B5,0,0.132700937114
CC_02CEA459F869,0,0.126117335391
CC_02D1D4910688,1,0.259117796455
CC_02D3AADCBEDB,0,0.324269129236
CC_02D3C3105294,0,0.115005037159
CC_02D6BF52CE73,0,0.290871244814
CC_02DA4A841D8D,0,0.137201730052
CC_02DB0674882C,1,0.672645294133
CC_02DC56B0F1FF,0,0.143955777766
CC_02DE5AF26FC3,0,0.190534685571
CC_02E031636EA7,1,0.252289450365
CC_02E10C2E326D,1,0.204906776505
CC_02E16348D168,0,0.139523448428
CC_02E19D1815C5,0,0.18008844924
CC_02E3FC4D96BE,1,0.234399045142
CC_02E430E9A0A6,0,0.106150552174
CC_02E727F44272,0,0.30863318277
CC_02EB27BA7EAF,0,0.112110358729
CC_02EE7191F8A4,0,0.0673603486829
CC_02EF6EC394BA,0,0.0998054920342
CC_02F01C560625,0,0.120683320169
CC_02F30271E181,0,0.143582612013
CC_02F53D236C9E,0,0.348792742513
CC_02F9190FC89B,0,0.161451173634
CC_02FABE323494,0,0.0987380075162
CC_02FCACC905E9,1,0.199661948171
CC_0309C207972A,0,0.0578075921706
CC_030AD899DD76,1,0.314733870994
CC_030D66374B55,0,0.439350412888
CC_030FE886131E,0,0.210996779868
CC_03151B53E6C6,1,0.18733175382
CC_031970F39493,0,0.138215533923
CC_0320752EA53A,0,0.156541878657
CC_0321DDF445E0,0,0.142481932216
CC_03293D1B04FB,1,0.0862358830382
CC_03294B02C6E9,1,0.138466191633
CC_032C779665AB,1,0.796285851847
CC_032E5EE8677F,0,0.177217222459
CC_033241817650,0,0.139529649546
CC_0337B4E71D3F,0,0.107891807397
CC_0338A96A192A,0,0.265885243753
CC_033BD5351D7A,0,0.0731015720476
CC_034646F5D544,0,0.0804061913282
CC_0346B15D9469,1,0.273532844398
CC_034A339BCCEC,0,0.0837779381993
CC_034B468EBB60,1,0.598863964251
CC_034DD9A722C5,0,0.346135450575
CC_034F4EFA8BFE,0,0.0863353801815
CC_03504F5AB86F,0,0.148151515615
CC_0354B18976C9,0,0.106219555644
CC_03562F93D8E3,0,0.0679802530892
CC_035671ED0A7B,0,0.041657110431
CC_0358C2C1A932,0,0.171808471289
CC_035D3588EC56,1,0.0716737853632
CC_035DA41191B3,0,0.133566227131
CC_036016D7257B,0,0.1632064444
CC_036166CC06C4,0,0.215517388034
CC_0364EA926244,0,0.0773471557359
CC_0366D5696D16,0,0.188102564609
CC_03676027229F,1,0.689560504296
CC_036880C0DE52,0,0.115855112252
CC_036A6CE616AD,1,0.563511299027
CC_036EA4EE572C,0,0.332755209322
CC_03710E581CCE,0,0.156377676362
CC_0374D1351569,0,0.232720926998
CC_0374F561CAE3,0,0.107238229878
CC_037761AB3613,0,0.083246633198
CC_03790BE11F72,0,0.172671660296
CC_037B81675DBB,0,0.0783378272948
CC_037FB1C3E15D,1,0.722604773413
CC_0380267FF063,0,0.18424282536
CC_03882C58148D,1,0.312841475255
CC_03882E114DB2,1,0.502819458448
CC_03896CB41533,0,0.119780284241
CC_038CB2FD4A18,1,0.591284288046
CC_038EF6F3E5FE,0,0.133778288852
CC_038FE7401997,0,0.101967828771
CC_039378B910CE,0,0.633189692968
CC_03961B833006,0,0.461891289848
CC_03978E24C066,1,0.116859698242
CC_039942F61C28,0,0.360124140967
CC_0399C4A0B150,1,0.916827072948
CC_039B3016F577,1,0.38766238566
CC_03AB22276C2A,0,0.107466973863
CC_03AC64A666E2,0,0.150305982614
CC_03AFF955A990,0,0.0936985753336
CC_03B284A89001,0,0.150768768655
CC_03B2F7DA9AA7,0,0.0798523844198
CC_03B328C95751,0,0.0974627928142
CC_03B50F841852,0,0.0719443932237
CC_03B56F1BF915,0,0.0948435432954
CC_03B8554898B1,0,0.113910729453
CC_03BBD8F8A5D4,0,0.207077495924
CC_03BE1A7B8392,0,0.0921611358258
CC_03C0B7E9D7C0,0,0.109317845175
CC_03C6774914E6,0,0.072037565598
CC_03C7571BABA7,0,0.118814084674
CC_03CA87B19F7D,0,0.0951473628143
CC_03D0D1654B4F,0,0.169288449303
CC_03D1E89D6CBF,0,0.105007592214
CC_03D578C8C89A,1,0.739175419846
CC_03DB0515A3F6,0,0.143297221555
CC_03E2A455C91A,0,0.172476690062
CC_03E32554800E,0,0.0969227035068
CC_03E5AD480F5C,0,0.0828900320866
CC_03E5C0623FC5,0,0.154471400051
CC_03E5DEC65955,0,0.15292652555
CC_03EA9AE48F7A,0,0.113742320282
CC_03EACC64CE8B,0,0.167463520487
CC_03ED2E16E739,0,0.130317363132
CC_03ED721FECF9,0,0.131364989545
CC_03EE6E5F00C1,0,0.251952314836
CC_03F08C8460A7,0,0.116431896895
CC_03F6A7EB53E4,0,0.148886953667
CC_03F6E05D3907,0,0.134236628377
CC_03F8DF7D32E9,1,0.069501978872
CC_03FE107EAA61,1,0.830994503181
CC_03FF986D2502,0,0.0803323021832
CC_040AB80DFBA1,1,0.744653284864
CC_040D8ED6A285,1,0.116444594722
CC_040D94E922FA,1,0.664389010643
CC_040E3EEEA715,0,0.189977247671
CC_0413EA4AEBB2,0,0.070216427982
CC_041CF9707B3D,0,0.139232926548
CC_0420CC5C8E4D,0,0.116311069668
CC_0421CB469047,0,0.159275703691
CC_04256E790E70,0,0.166049079932
CC_0426A6F18A53,0,0.13479381935
CC_04299225FBB7,0,0.0718667730808
CC_042A511FA68A,0,0.177574447466
CC_042A596887CF,0,0.358804297209
CC_042C04580C48,1,0.186668942745
CC_042F45FBFAF1,0,0.18018027617
CC_0434F6EEB715,0,0.128434557281
CC_0438D6C8561F,1,0.146150291964
CC_04390616DCEE,0,0.255876434199
CC_0439716FD39F,0,0.141817326128
CC_043DCB8C2376,0,0.419752259031
CC_0442A4083E8A,0,0.171900431067
CC_0447B5363EAD,0,0.104789920961
CC_044819458563,0,0.0954699780064
CC_044C57511463,0,0.146131156898
CC_044C7084A2B5,0,0.0762230545111
CC_0450CCC2C9BE,0,0.176148128666
CC_0456E3578B0B,0,0.219706910221
CC_045B2B5E5D0B,1,0.701777708146
CC_045BA693F15F,0,0.09757231223
CC_045C6B5771A5,0,0.234383704083
CC_045D5AF9A56E,0,0.0991532394148
CC_04665AE5479A,0,0.0689609983336
CC_046D6D637F50,0,0.115558845093
CC_046F8F942394,0,0.108893264629
CC_0470EB7E3A12,1,0.332793560109
CC_0473990151D2,0,0.267894771075
CC_04746BDB3FD5,0,0.0787704039862
CC_0475D3D630A5,0,0.153821872315
CC_04768E606734,0,0.111074824776
CC_0477492CF518,0,0.925958958962
CC_0477F5FDEABD,0,0.0795291527283
CC_047968EDD2C9,0,0.142565418968
CC_047B2A826B14,0,0.101416797203
CC_047FF722131C,0,0.1511097113
CC_048166C48C88,0,0.10430620534
CC_04838AAF6AC1,1,0.0954412845495
CC_0484835DD87F,0,0.0968453913614
CC_04848E1A43F7,1,0.19610152159
CC_0486184A941B,0,0.21921435604
CC_048B97EDE590,1,0.327792989962
CC_048D165717F6,0,0.107713369368
CC_0490048405E8,0,0.196222236417
CC_04902E519DA6,0,0.0429202974451
CC_04930626BD15,0,0.0461606384786
CC_049565896B8C,0,0.208317476879
CC_0499B72E7537,0,0.0902808159083
CC_049A02218452,0,0.666639250066
CC_049ED1018745,0,0.142052605067
CC_04A07E9E009E,0,0.0706500343358
CC_04A0B1015786,0,0.102881409894
CC_04A32ED149BE,0,0.150509670017
CC_04A391F3061E,0,0.0883697459467
CC_04A55FE0E282,1,0.229863977298
CC_04B1297AB948,0,0.13395867902
CC_04B17630AFE9,1,0.149386083526
CC_04B44C0F4658,0,0.11824960417
CC_04B4DF4DEF9B,0,0.0856506661741
CC_04B536D8902C,0,0.0670156746714
CC_04B5D21FD3E0,0,0.125730003252
CC_04B872D00305,1,0.367035427313
CC_04B92BE25F12,0,0.588975309269
CC_04BE90616D5F,0,0.0720959831151
CC_04C0024EBCD7,1,0.622095292712
CC_04C41D086D60,0,0.402617069287
CC_04C798BE8C08,0,0.0842015747574
CC_04C94749E891,0,0.385033650614
CC_04C99B10486E,0,0.147913567403
CC_04CA7620EAED,0,0.100808874969
CC_04D59F9FB0F8,0,0.255379774748
CC_04D7B1C6DA60,0,0.075840332458
CC_04D9EC4A25B2,0,0.446900749475
CC_04E2390EE5C0,0,0.254398453347
CC_04E2EBA35B5F,1,0.144451330097
CC_04E77CA6B2BD,0,0.129293550009
CC_04EA81365EC5,1,0.642286586157
CC_04EFBBFA491C,1,0.836110777401
CC_04F47438D1D8,0,0.13213581743
CC_04F81D31B942,0,0.152431606444
CC_04F8F9B8BA22,0,0.111099360936
CC_04FDA6443A72,0,0.269881947816
CC_04FE89FB567D,0,0.107675069485
CC_05031263B8A2,0,0.0779630281348
CC_050465C58A50,0,0.116860943215
CC_05088407C45A,1,0.519401946478
CC_050903E7B725,0,0.133687158952
CC_05099A9E9AB7,0,0.0870091600392
CC_0509DE377FF5,0,0.12949826118
CC_050A9DFE5D86,0,0.237998134347
CC_050B315AC07E,0,0.0566689416529
CC_050C8316C37C,0,0.149530109958
CC_051318F1CC73,0,0.191728273413
CC_0513A8283954,0,0.0896624552241
CC_051AE1FB117C,1,0.419979042146
CC_051EFDF57C79,0,0.210755379579
CC_051F1D61CFC5,0,0.248107995166
CC_0520C32FFFBC,0,0.109301562421
CC_05212FFD2EDB,0,0.164324707883
CC_0523AF460A86,0,0.138447796557
CC_052672AEC348,1,0.180053946717
CC_0526F2E117F6,0,0.0778979579848
CC_052DF74932CA,0,0.119811520793
CC_05367A9957C1,1,0.637761823294
CC_05401DB637BD,0,0.106038756016
CC_0543BECF2708,1,0.442426966351
CC_0546E45AA535,1,0.281284349677
CC_054979662E63,1,0.333869059169
CC_0549CE20DF16,0,0.0914415384823
CC_054C7A474B42,0,0.0769065838473
CC_0550FC4A2855,0,0.143897552626
CC_0552321475B4,1,0.102411107342
CC_0555AC7E72B8,0,0.112857042215
CC_0561D728431F,1,0.167383891545
CC_05638553846E,0,0.0780227958781
CC_056534FE3AA5,0,0.150374746224
CC_056A2167CC08,1,0.105323750922
CC_056B64B129D8,1,0.153252020214
CC_056D2D00B0F1,0,0.106370965171
CC_056DF0808F42,0,0.0792264473493
CC_056E80C4319D,0,0.112324431497
CC_0572C5C1B693,0,0.184711262025
CC_05737ABF7471,0,0.0788815794384
CC_0574C5CA86C3,0,0.0797644691243
CC_0581592873D3,0,0.115347631689
CC_058171DA1DCE,0,0.0701580845724
CC_05817D171247,0,0.232779157385
CC_058365FF9381,0,0.413193046593
CC_058663D63B28,0,0.173696952287
CC_05875F50C2BB,0,0.107925451515
CC_0587E8481B1E,0,0.101854313668
CC_0587FB441177,0,0.075355892747
CC_05895C36458F,0,0.173566580176
CC_058CAD85BE76,0,0.207063977597
CC_058FCBC9A7A5,0,0.396355036795
CC_058FE3DBE19C,0,0.181185238351
CC_0591C209D44D,0,0.25567320144
CC_059423BA685C,0,0.231219439575
CC_0597ED80E01C,0,0.0871530086688
CC_05990770D80E,0,0.104145882992
CC_059DE359C4E9,0,0.160311599947
CC_05A0FEAEB80D,0,0.212312020254
CC_05A25FC0EF10,0,0.11831062599
CC_05A41EC7FC1A,0,0.072228234168
CC_05A499DEF7C2,0,0.133475396832
CC_05AE049AF9F8,0,0.237065356044
CC_05AF552D4D7E,0,0.422717493432
CC_05B187D40B63,0,0.268038199604
CC_05B333C0DF33,0,0.14616592237
CC_05B7418E17E3,0,0.168266291857
CC_05B82628E3FC,0,0.159396845387
CC_05B9D662F55B,1,0.246259039761
CC_05BA7F073AC7,1,0.697351846685
CC_05BB5B29C712,0,0.0966883998635
CC_05BCF8DB31EB,0,0.0552371346517
CC_05BFF5F8441B,0,0.164523151787
CC_05C0C2A30E48,1,0.147319886821
CC_05C1A960D798,0,0.191728392695
CC_05C40B4FD93E,0,0.0924598040849
CC_05C7BF273F44,1,0.175061100787
CC_05CB514129BF,0,0.0965173733262
CC_05CF210DAD47,0,0.0751135418457
CC_05D1E269272A,0,0.158456542365
CC_05D280951348,0,0.0854459388272
CC_05D2EA214E22,0,0.0695995398969
CC_05D3DF98FA6E,0,0.181193765315
CC_05D5AA070631,0,0.0925801650181
CC_05D75D92F18D,0,0.295784715246
CC_05D8B4F654FB,0,0.133976227213
CC_05D93F9C9263,0,0.133371309772
CC_05DA227E1279,0,0.135795993163
CC_05DD18EFE70D,0,0.296334061964
CC_05E50ECB4120,0,0.143339391954
CC_05E5C2974C92,0,0.293137462728
CC_05E66A6CF95F,0,0.137215821323
CC_05E740122DA3,1,0.297359714774
CC_05E7449D6D40,0,0.13121570778
CC_05EAD48778B4,1,0.176369142994
CC_05EB1A70EBA1,0,0.152786087347
CC_05ECE028DC99,0,0.173485921962
CC_05EDAB693883,1,0.192674136169
CC_05F4EE3EA33F,0,0.307320248391
CC_05FF76458CD4,1,0.775441050731
CC_060081B57BBE,0,0.115096316264
CC_06051E695A93,0,0.126331895459
CC_060605FE00D6,0,0.0995946788972
CC_060801A0977D,0,0.319816692343
CC_0608CC4E539B,1,0.126347314932
CC_060C45819C51,1,0.138209564965
CC_060F6C44B33D,0,0.189981314456
CC_060F8B7BC60D,0,0.153161902429
CC_060FD5AFB58E,0,0.161644712029
CC_0610B20E8F48,0,0.0615637587045
CC_06124F8FD320,0,0.107270398364
CC_061BC8E3DE42,0,0.102837464881
CC_061D40D5762D,0,0.0747140614933
CC_0622A2C12608,0,0.142600078554
CC_0624F662E890,1,0.807654837285
CC_062637694AE9,0,0.159619800901
CC_062A1582A115,0,0.114629856308
CC_062CFA78A83E,0,0.10542167965
CC_062D74137543,0,0.0904053438367
CC_062DE3F4E88E,0,0.075064327505
CC_062E2E3C61B1,0,0.190601716803
CC_063368598D75,1,0.438280100983
CC_0634F2A2BCFB,0,0.099194431555
CC_063AAE18B191,0,0.155172371317
CC_063BE9A0D596,0,0.225280826177
CC_0642F32E4269,1,0.133142585011
CC_064C00719BB8,0,0.154634239
CC_064C0D35A26F,0,0.0838694955743
CC_064D2E8DB3D1,0,0.0950778650876
CC_064F7F9ED8A7,1,0.615731700702
CC_06504D2ED9F8,0,0.160279061563
CC_065331827C68,0,0.373465276833
CC_0653E6DDCCA5,0,0.156012642536
CC_0655D2EEE5AD,0,0.103853296249
CC_06583E4D8D79,0,0.107092415003
CC_0659066EA610,0,0.40030483454
CC_065995CD97A8,0,0.115688792107
CC_065BC4CCE667,0,0.133901275615
CC_065CCC409116,1,0.259949432406
CC_06645DBDB980,0,0.0799924502977
CC_066718F9929A,0,0.192643478375
CC_066C346397C8,1,0.76127623988
CC_0670B4700541,0,0.083060244403
CC_0672E060DD15,0,0.208099831569
CC_06742641549F,0,0.127558051271
CC_06780E835690,1,0.0995408689306
CC_067B9953AC9F,1,0.110859119947
CC_067BD66D2A51,0,0.111730708618
CC_067DD53F00A3,1,0.243930082134
CC_067FAEEB477D,0,0.0579262257851
CC_068030BC4536,0,0.146036892505
CC_06805E9F0B8D,0,0.115760417989
CC_0680A7682B38,0,0.0837086656263
CC_06875B891C05,0,0.170289392015
CC_0689E4EDE638,0,0.107394917744
CC_068B766943E8,1,0.215782132915
CC_068D28040E79,0,0.126704233993
CC_0690EBC2F4E7,0,0.177187902485
CC_069303947F6C,0,0.140769035129
CC_06933405185C,0,0.308215399003
CC_0694EDF7CEE0,0,0.0970508422734
CC_06951CE4EB9C,0,0.0658008435518
CC_069A2AD95246,0,0.177340461413
CC_069B459967D8,0,0.0740228257855
CC_069C4809C16E,0,0.136946616454
CC_069EA724B3ED,0,0.127731238524
CC_069FAD1B089D,1,0.174729997619
CC_06A076914192,0,0.108509005376
CC_06A624DED5C1,0,0.169039792405
CC_06A63EB4CD74,0,0.073242001611
CC_06A6DCA7FAE8,0,0.552617234103
CC_06AB81AE84F0,0,0.138166462372
CC_06AFA53183A8,0,0.840332456725
CC_06AFD74E43A1,1,0.183822345429
CC_06B218AC1B76,0,0.0892004381074
CC_06B37355486D,0,0.339881954017
CC_06B467AEB70E,0,0.10216264425
CC_06B5ED43139E,0,0.21719212081
CC_06B9703A9FA7,0,0.161179494713
CC_06BA285FC470,0,0.112092020254
CC_06BD9FBABCD8,0,0.146722308113
CC_06C2B17C7E3B,0,0.190333175799
CC_06C3FB7D4638,0,0.0946652706587
CC_06C70A08BE8E,0,0.165588251899
CC_06C7EC4D3773,0,0.104622391881
CC_06C93563AF1A,1,0.381771493295
CC_06CA576A2375,0,0.675282561532
CC_06D3593ABBA6,0,0.122928801263
CC_06D65497DC12,0,0.0805666109116
CC_06D7DF952757,1,0.772262320959
CC_06D7FE638BD2,0,0.106087026723
CC_06DD61708D94,1,0.401301204915
CC_06DEC40D5230,0,0.240626002951
CC_06DEE127D70C,1,0.152702329478
CC_06E35DA935E6,0,0.0797185891724
CC_06E49AC570FC,0,0.126859543269
CC_06E5AFAEFB84,0,0.103181765907
CC_06E892264A96,1,0.150186054856
CC_06F30EE293C8,0,0.28156113413
CC_06FB1DE9628C,0,0.193950943302
CC_06FC40387B9C,0,0.146038087443
CC_06FD2214FD38,0,0.0959072631275
CC_070797733D90,0,0.0816972212781
CC_070AF66E8E41,1,0.155799969326
CC_070BDC53B066,1,0.361375892151
CC_07124FCAA715,0,0.250506036389
CC_07136B7188F8,0,0.141001072005
CC_0713C8DC61F6,0,0.0744975064546
CC_0715675C0BCD,0,0.097152437437
CC_071D2F82AC4F,0,0.0835218169938
CC_071DDC9C4114,0,0.162045601315
CC_07241C4C380D,0,0.0829358913607
CC_0725EBF44606,1,0.647556151517
CC_0726CA04F48E,1,0.3181115992
CC_072788E14FDD,0,0.226287119167
CC_072D78B5A6ED,0,0.0859313210389
CC_0730FCBADCF9,0,0.12677180168
CC_0735A4DCB321,1,0.323494603727
CC_0736391E660A,0,0.0878833279872
CC_073869D6A04A,0,0.117346262226
CC_073A0C6490D9,0,0.108826701969
CC_0743946731E0,1,0.298607008499
CC_0745B2969E99,0,0.257501563378
CC_074B78A4E522,1,0.192831850664
CC_074DAF275789,1,0.182164758338
CC_07557970509C,0,0.0845911431743
CC_0756149C8398,0,0.182310949735
CC_075995539BCF,0,0.195269534209
CC_075A5177DEBE,0,0.351473052621
CC_075B1E9E97BC,0,0.0775567990464
CC_075C67D0ADB9,0,0.164633331108
CC_075D001B58C2,0,0.181673451627
CC_075ECA104172,1,0.134230560385
CC_07629AB675E5,1,0.0993834017789
CC_0766C7FC3685,0,0.0902333790198
CC_076914A72F09,0,0.415876705964
CC_07699A7E41C6,0,0.115516352446
CC_076D699A591D,0,0.0957605011365
CC_076DC55FE6DE,1,0.272155468953
CC_076E02C6AD48,0,0.0346072197
CC_076EF20DA422,0,0.103296111251
CC_0770347E4CDE,0,0.122904345426
CC_0771DE2B2A2C,0,0.229814898724
CC_07799397D768,0,0.107992792477
CC_077A70E9A75B,0,0.108680314212
CC_0780472ECA74,0,0.219336715624
CC_07851F3AD5C0,0,0.103589643883
CC_078608CA07D1,0,0.102482128864
CC_078634F801D7,0,0.111406905293
CC_078936A9C116,1,0.177769276916
CC_078A71C0F497,1,0.0761707142613
CC_078B99787D8B,0,0.141453480563
CC_0793EFDEFF95,0,0.255739640988
CC_07940CBA6335,0,0.101750457676
CC_0795C109BC43,0,0.0784850883941
CC_0795EDFA425E,0,0.122603930778
CC_0797B5645529,1,0.148031527828
CC_079851423BB0,0,0.184996018408
CC_079914214C2A,1,0.159968044741
CC_07A19027A099,1,0.208331611552
CC_07A4F476B425,0,0.0956081004444
CC_07A50D09E32C,0,0.591818035076
CC_07A531F5CC39,0,0.0837687793659
CC_07A71AF90306,1,0.639071558415
CC_07AE8ED46810,0,0.278992466897
CC_07B02C3E2DB5,0,0.499196006669
CC_07B0EB22AC24,1,0.650647694384
CC_07B4317017FA,0,0.0874040908752
CC_07B54D98B373,0,0.0994427680952
CC_07B869ADC64E,0,0.0840708717884
CC_07B93FB41391,0,0.141375699273
CC_07B9919D8E27,0,0.1196290772
CC_07C075DC0ABA,1,0.126884144678
CC_07C5C27325FA,1,0.171273856268
CC_07CA5172C65D,0,0.110529971604
CC_07CB6AE92D6B,0,0.098535767007
CC_07CE5F117F48,0,0.229770336109
CC_07CFA5A3E312,0,0.185569394478
CC_07D0D501FDF8,0,0.25309173528
CC_07D119041810,0,0.0680408506702
CC_07D1BFDCBF7D,1,0.753018654995
CC_07D3F6C7F789,1,0.375578946113
CC_07D64BEF27AD,0,0.122282370169
CC_07D656414150,0,0.102889835477
CC_07D8501ED076,1,0.243053917623
CC_07D950F441B7,1,0.819119107521
CC_07D99918A885,0,0.122531836025
CC_07DADFC65696,0,0.0570906028173
CC_07DBCEFF9982,0,0.0696781556066
CC_07DE53607367,1,0.217484487724
CC_07DF151C3D24,0,0.152179255529
CC_07E1F1FC06E6,1,0.64698030929
CC_07E2F2264F9D,1,0.0983379149297
CC_07E7378E2646,0,0.107839227838
CC_07ECE0592DCB,0,0.146957064514
CC_07F5FD390B1F,0,0.090537441434
CC_07F7A389BF4E,1,0.402757950899
CC_07FC4A2BC77E,0,0.174137210095
CC_07FF8EC340B3,1,0.213628871882
CC_0801B8AF7A9F,0,0.0790696612862
CC_0807ADD15F26,0,0.110874115646
CC_0808F7C18855,0,0.0814447697778
CC_080CB10D0364,0,0.077039222417
CC_080E1771D02E,0,0.127912524671
CC_080E72C99130,0,0.175754089424
CC_0810E47BEA85,0,0.101508908186
CC_08115A4B058E,1,0.301936097184
CC_081227D00C52,0,0.0921125476611
CC_08139F6C460F,1,0.331280172727
CC_0816FF71311B,0,0.0594941390379
CC_0817F163FB1E,0,0.0751295303689
CC_08195EF1CA52,0,0.0888003143751
CC_081AA2242344,0,0.120320891225
CC_081CBCE9700D,0,0.244617321067
CC_082176D67132,0,0.133107368306
CC_08231EE44891,1,0.702568348294
CC_0823279D3077,0,0.0681403203231
CC_08247C7CDEA0,0,0.1236330562
CC_08249B820A7A,0,0.111518583087
CC_08288E34F2F5,0,0.132687720764
CC_082E87A9B4B1,0,0.140823442458
CC_082FB2720EB3,0,0.182944314031
CC_083222B8F316,0,0.106409743501
CC_0839A33FCE00,0,0.713891577546
CC_083C33E9151D,0,0.0961312858424
CC_083CD0E2A167,0,0.154598712213
CC_08403797E6EA,0,0.150075122923
CC_0841402F9A24,0,0.0616211324812
CC_0842B2FDB642,0,0.0774759865751
CC_0842DC3DC72D,0,0.137575268358
CC_08440259404C,1,0.79131405129
CC_0846BD9FAA1C,1,0.166776777226
CC_084876B3442B,0,0.448540815436
CC_0849837A872A,0,0.232467828952
CC_084A0FEE0AAB,1,0.828683370143
CC_084BC55A842A,0,0.0694036634132
CC_084D9EE11B76,0,0.108858483222
CC_084DB161F983,0,0.192192059557
CC_084F916FC768,0,0.0874507125837
CC_084FB95CAB85,1,0.120296761196
CC_085139B7D54C,0,0.138084732978
CC_0855D0C0F7B5,0,0.0763798028023
CC_085642D91EE7,0,0.148492149484
CC_085D6D5266B8,0,0.0807752496053
CC_085D78F164A0,0,0.155433179061
CC_085E969E0928,1,0.296411142447
CC_085F11C66A32,1,0.230188170049
CC_08619FD59387,0,0.743563199611
CC_0861B60C249C,0,0.530228829619
CC_0868E58C74C1,1,0.654807490452
CC_086B2BE5D351,0,0.893293524899
CC_086BA27778F8,0,0.093040753323
CC_086DB83BDC55,0,0.264552906605
CC_08750D4FEC33,0,0.133702967383
CC_087672402147,1,0.140629832819
CC_0876AEE19F94,0,0.0813699026645
CC_0878F28E8417,1,0.764744011173
CC_087A86ED6C6A,0,0.20978150292
CC_087B451DE42F,0,0.092219767206
CC_087C783CEAB7,1,0.782203039294
CC_087C84FFD93A,0,0.153536513335
CC_087D030DB6A8,1,0.205519538073
CC_087FA76FFE5E,0,0.319906517973
CC_0888349F21FD,0,0.0710002787395
CC_088969325432,0,0.500310328901
CC_088C68313B5D,1,0.102521546676
CC_088D9EA29129,0,0.141931892644
CC_088E2D0D27EC,0,0.0809706875243
CC_0891486BDA08,0,0.291540917597
CC_0891825DA636,0,0.102482158453
CC_089245AF41F8,0,0.197991557189
CC_0899609BF534,0,0.167760693508
CC_089C94786E2D,0,0.100609809416
CC_089C9DDB1C5A,0,0.0992384559518
CC_08A34A2639A1,0,0.126675034698
CC_08A53BBBCE9D,0,0.194126286664
CC_08A5BBED2B0D,0,0.129897372375
CC_08AD61D6D692,0,0.123157830376
CC_08AFAD09463D,0,0.102162901355
CC_08B196099DB0,0,0.0778389914242
CC_08B650C56F28,0,0.0773997607286
CC_08B6ECF026A0,1,0.360908417007
CC_08B98BA24D78,1,0.675722575485
CC_08C1D24436A5,0,0.0841475570705
CC_08C829408EBB,0,0.0869628030898
CC_08C89784803B,1,0.77748962919
CC_08CC95AD4110,0,0.150812243971
CC_08D11BBB0075,0,0.140394951117
CC_08D1DD574261,1,0.325701737015
CC_08D378559DFE,0,0.76518490748
CC_08D40B5264A8,1,0.295455575808
CC_08D41E19FF18,1,0.147398546069
CC_08D672A43C3B,0,0.244688114418
CC_08D9BA336AB8,0,0.0995656055759
CC_08DB4D0986C2,0,0.193604506093
CC_08DE6D45E3C6,0,0.228952766858
CC_08E1C6E56B36,1,0.15855254303
CC_08E3D97E1659,0,0.748540444906
CC_08E44F93E249,1,0.115250020384
CC_08E5485F36EF,0,0.0751820298166
CC_08E668EC1255,0,0.110509218516
CC_08E72FAAB4D9,1,0.737599608707
CC_08E9C2CA5AAC,0,0.167718453037
CC_08EBFBC2EFFD,1,0.145435644209
CC_08EC3B839EDD,0,0.166978902176
CC_08EC4AE8BABF,0,0.231413984826
CC_08F5071759E5,0,0.142197037436
CC_08F82CD59D75,0,0.1306007654
CC_08F8BDE9C73F,0,0.0843703074117
CC_08F93BCEE905,0,0.274904099888
CC_08F96920CE0C,0,0.175116616856
CC_08FB6891E101,1,0.194464990426
CC_08FF14D7E173,0,0.118575670172
CC_0906AC8F160C,0,0.100710140808
CC_090900EC9AAA,0,0.206659805541
CC_09090EB74664,0,0.108986213979
CC_09099D46BE98,0,0.125999586712
CC_090BCB4BB42C,1,0.269325875863
CC_090C04C0C474,0,0.0794226587583
CC_0911FF4C74B5,0,0.0869810354717
CC_091390A2DFAA,1,0.113208094542
CC_0917CB63B767,0,0.166235289094
CC_091B2ECA7BFA,0,0.0724584280175
CC_091F4B87F147,1,0.551266415976
CC_092137A0950B,0,0.237418229055
CC_0923560180DC,1,0.1690143955
CC_092BD3E1B702,0,0.0913980149489
CC_092D671397F2,0,0.227719787252
CC_09319A997B62,1,0.701108638143
CC_0931CDD13861,0,0.134338941121
CC_0933392B5B07,0,0.113580553565
CC_09391B0D1D66,0,0.0650707776589
CC_093EBA6E286D,1,0.38274334337
CC_09457CA5C6C4,0,0.108090548946
CC_094703EB6E24,0,0.138166945994
CC_094A1E74EBCE,1,0.556039193587
CC_094DA806D155,0,0.21137411084
CC_0950E8F3267E,0,0.0893241225638
CC_0951D4DEB24D,0,0.15047983586
CC_095DAE4124FC,1,0.598608756591
CC_095E57DE825A,1,0.0731022163037
CC_09609F2EB6ED,0,0.15999122369
CC_0961DB8D4872,1,0.186804806856
CC_096349D3905D,0,0.120477084838
CC_0967D032E088,0,0.0779222400726
CC_096E87D54477,0,0.139074018301
CC_0973A9899EAB,0,0.0629142815869
CC_097458C61B4F,0,0.0917070201358
CC_097A0C40D881,0,0.0928507306146
CC_097AB7DABF0E,1,0.14897974812
CC_0984B2D6AED2,0,0.15427934683
CC_09879B7CE1E7,0,0.0722188509682
CC_098B2B6293D6,0,0.0917600219907
CC_098EA6AEB483,1,0.677528694315
CC_099087D32DEA,0,0.106360382712
CC_09909BD37806,0,0.0862985789673
CC_099AB91EA380,0,0.12524010233
CC_099B58F1E786,0,0.124418986597
CC_099B828FA09A,0,0.189947403275
CC_099BDF25B430,0,0.0904001293282
CC_099E26D9EF6A,1,0.281356591931
CC_09A509146F38,0,0.0866561330526
CC_09A5BD444A27,0,0.159210666257
CC_09A9984AC246,0,0.170429873046
CC_09AF753B7CB9,0,0.103742895337
CC_09B114B2D2D4,1,0.143561460189
CC_09B281513757,0,0.119314716368
CC_09B503D3194E,0,0.0670099375342
CC_09B6336FECED,0,0.125061342047
CC_09B9E0F3B73B,0,0.130879885736
CC_09BD6D248D04,0,0.144835941458
CC_09BE18C733AB,0,0.113043771784
CC_09C023CF36E7,1,0.31546426511
CC_09C1E1578A5C,0,0.0924506999792
CC_09C43084F936,0,0.584555908827
CC_09CB2C4B9890,0,0.121893940403
CC_09CB44CD08FA,0,0.0782553054443
CC_09CE70E9647E,0,0.175948081052
CC_09D03636B613,1,0.191673332984
CC_09D05875865A,1,0.370608308649
CC_09D21570768B,0,0.192837658393
CC_09D6B7CA3FCD,1,0.147407087379
CC_09D826B67656,1,0.0706189871923
CC_09D8BE21DBC8,1,0.0860644903776
CC_09DDEE0E4970,0,0.120697601169
CC_09DDF293FDEA,1,0.167421679148
CC_09E3CE0661A3,0,0.45568206966
CC_09E5430CC95F,0,0.0754907458479
CC_09E773137A14,0,0.147269208069
CC_09E9230CF64E,0,0.0865432139759
CC_09E9AFDA34A4,1,0.218176498496
CC_09F024507CE2,0,0.171821916139
CC_09F70398D706,0,0.0684694637692
CC_09F8B54DB9A6,0,0.285688457191
CC_09F900BEC423,0,0.0954424206783
CC_09FC7B468C9C,0,0.155983740897
CC_0A03BEFA13C6,0,0.138506202756
CC_0A03F13DFBD8,0,0.098826804073
CC_0A0961770C6E,1,0.126434306339
CC_0A1077269584,0,0.110867419888
CC_0A13F2484216,1,0.317323794402
CC_0A1450B1D3E3,1,0.730022768297
CC_0A16375BFE61,1,0.184260441041
CC_0A1B95ABABCB,0,0.146136264984
CC_0A22EA63453D,0,0.0866733218581
CC_0A24FC1277A0,0,0.0764990590169
CC_0A25553CE67E,0,0.0888712598167
CC_0A267655AC20,0,0.142208671599
CC_0A2969C54B5F,0,0.114434057055
CC_0A2C9EEBF06E,0,0.0853035261948
CC_0A2D425082F0,0,0.114183937896
CC_0A2E26070BC8,0,0.096025665238
CC_0A327C07F0BE,0,0.292963294877
CC_0A333C77238A,0,0.12012112212
CC_0A337EDA8C55,0,0.0993871643368
CC_0A3DC9894F29,1,0.803563045717
CC_0A3DE96DCA51,1,0.655435613172
CC_0A42FF68341B,0,0.197513484152
CC_0A4914959E54,1,0.0755626589073
CC_0A4D5D115979,0,0.149235150083
CC_0A4E6F4FBD06,0,0.124034421981
CC_0A52BA21B4A7,0,0.664249396021
CC_0A5D1270D1E1,0,0.188872167497
CC_0A5D157FDED4,0,0.111920410278
CC_0A6233D2C619,0,0.0764481075205
CC_0A6385FEF719,0,0.111214869729
CC_0A683DEDA228,1,0.642869929553
CC_0A697E3841C0,0,0.2817161379
CC_0A6D4900EEE6,1,0.59347867311
CC_0A6E3CBC02D5,0,0.0559433874732
CC_0A6E4C237186,0,0.162002109801
CC_0A73CCA81FF0,0,0.116628884322
CC_0A7521D47AA9,0,0.0808979269308
CC_0A7630BCB18F,0,0.136617678412
CC_0A76432DFD74,0,0.119172611007
CC_0A7676EF8D88,0,0.215514705818
CC_0A7EED89E726,0,0.150301352611
CC_0A7F61F96D66,0,0.101616489462
CC_0A804337A5F7,0,0.122506529146
CC_0A8208CA9476,0,0.100407220002
CC_0A8443552E3C,1,0.145564102569
CC_0A890A31E461,0,0.101775227845
CC_0A8AC87ACC5F,0,0.165389560249
CC_0A9118A4F92A,0,0.571276655904
CC_0A9BF104B2A1,0,0.177801554045
CC_0A9DDA80A58C,0,0.171128339549
CC_0AA434BA8AF1,0,0.316035112615
CC_0AA80D59CD42,0,0.313412762177
CC_0AA8EA9DDA8F,0,0.114444170797
CC_0AAD205DFEF3,0,0.429344135892
CC_0AB5F2A07413,0,0.329206286515
CC_0AB9DE4164C7,0,0.120877722377
CC_0AC9F2F2EBD5,0,0.0804971099297
CC_0AD02C2AC6D3,0,0.100059358717
CC_0AD1C3CF8346,0,0.133937081963
CC_0AD2FF59F945,0,0.100466512788
CC_0AD484D255D3,0,0.0760230924088
CC_0AD80F49B2B3,0,0.454333774607
CC_0AD9D66D8A49,0,0.159959377482
CC_0ADD5865B2D4,0,0.163439849906
CC_0AE1AE16929A,1,0.170545857038
CC_0AE3A1A94342,0,0.0881670176576
CC_0AE50666719B,0,0.10583967994
CC_0AE61FDE9170,0,0.0983863404618
CC_0AEAABD22A04,0,0.171814323991
CC_0AEB58E97E52,1,0.166887452916
CC_0AEC3531CE59,0,0.167573274987
CC_0AED2C82E292,0,0.0856862448351
CC_0AEE7E3A3EC9,0,0.0943544192573
CC_0AF4FDE40D14,0,0.0888748596232
CC_0AF84E6BAD9D,0,0.130880576223
CC_0AF88448DA3E,0,0.0182620930951
CC_0AF919F3624C,0,0.107444523437
CC_0B00AB91FC68,0,0.116229347932
CC_0B032F64D84C,1,0.240195705133
CC_0B04DD053293,1,0.811549762149
CC_0B0571F96230,1,0.147735786665
CC_0B0984C9B4DB,1,0.622388224947
CC_0B09E0DBA271,0,0.17960873521
CC_0B0ADCD2C52E,1,0.683557855601
CC_0B0EFFF4E9B5,1,0.146657365629
CC_0B10141BDD3A,0,0.0983384341612
CC_0B11FC1EEA1C,0,0.137039032341
CC_0B134718B99F,1,0.191284670472
CC_0B1373B302C3,0,0.102795897203
CC_0B152C6EA472,0,0.0910367389097
CC_0B1C64DD551D,0,0.120139856888
CC_0B1F96F945E6,0,0.0735592995332
CC_0B278DA0E00A,1,0.585029545085
CC_0B2BA7C873BA,0,0.118825925009
CC_0B2BDBBF8F99,1,0.752213717674
CC_0B2F9537C897,0,0.116795761431
CC_0B30B117D26A,0,0.103023600528
CC_0B3300B737C5,1,0.583597185315
CC_0B3CE065F44E,1,0.76801027234
CC_0B4045CD095B,0,0.321275868711
CC_0B411045AE8C,0,0.227157053415
CC_0B480932FD10,1,0.743848970522
CC_0B4B65811442,1,0.298469907947
CC_0B4DFFB5AC8F,0,0.069932342115
CC_0B4F5E460A00,0,0.27801051259
CC_0B56B532A212,0,0.11660197398
CC_0B57774D8812,0,0.219344163014
CC_0B5A6EC1C63C,0,0.114355341339
CC_0B5B8A08B70B,0,0.18299267512
CC_0B5BB487A934,1,0.440326022933
CC_0B5D32127AE6,0,0.156246137055
CC_0B5DBDD11146,0,0.110224409226
CC_0B5E708AE208,0,0.0948903772285
CC_0B60599B13C2,0,0.0977222877206
CC_0B653A8AE34C,0,0.115310645296
CC_0B68847DFE5F,0,0.171969790034
CC_0B6FC317E338,0,0.118561712723
CC_0B73872EECDE,0,0.0768358146491
CC_0B74E60EB299,1,0.0893575231473
CC_0B756F020491,0,0.130942740573
CC_0B761D03C036,0,0.0882396189236
CC_0B7F45FCCAC5,0,0.0786364456121
CC_0B852E79B705,0,0.264292893098
CC_0B85DC1BF394,0,0.221651768891
CC_0B862E007B6C,0,0.471909513382
CC_0B892B5C26F1,1,0.13304681945
CC_0B8DC90CEDCE,0,0.107831843432
CC_0B8F3D2498E0,1,0.261758876882
CC_0B8F92B9E55F,0,0.161425211262
CC_0B928066315E,0,0.822133880765
CC_0B92EB44F174,0,0.140885395483
CC_0B93F9E9A0FA,0,0.11060796239
CC_0B97B96E1BAE,1,0.430988365956
CC_0B99B59BECD4,0,0.144144160462
CC_0B9B25E90A97,0,0.171222872911
CC_0B9E05D72BCF,0,0.143590396982
CC_0BA1C7787812,0,0.121042877604
CC_0BA40E398EC3,0,0.133456953488
CC_0BA5508196B0,0,0.326251685264
CC_0BA58B8D8C85,0,0.156927509385
CC_0BAA2D59203E,1,0.308098294589
CC_0BAD782D92B2,0,0.149107580463
CC_0BAE46ABE71D,0,0.141587762003
CC_0BB22F30CCA8,1,0.741422629226
CC_0BB40E16228A,0,0.0570497811079
CC_0BB59154BF07,0,0.229641118797
CC_0BBB61F500F4,0,0.11117192446
CC_0BC061C8F785,0,0.159815570955
CC_0BC3248D0579,0,0.127721327818
CC_0BC55CED77DC,0,0.0576993416475
CC_0BC8C90ECBBB,0,0.128715174928
CC_0BCAF4C842B1,0,0.233824643413
CC_0BCBF2B64452,1,0.308902193286
CC_0BCEB42F898E,0,0.148569003104
CC_0BD0D0A6D733,1,0.210031775343
CC_0BD13489498D,0,0.49989356755
CC_0BD6ACC36CF8,0,0.129429146887
CC_0BD7AC6FC52F,1,0.644319158244
CC_0BD96AA69CC0,0,0.146642485782
CC_0BDA0CDFB5CA,1,0.125555626576
CC_0BDA9EDBC50A,0,0.20109936105
CC_0BDC1668BEBF,0,0.141589985533
CC_0BDE818FA985,0,0.136611046519
CC_0BDF1B319AE5,0,0.157960363943
CC_0BE026E44C2C,0,0.0659457802082
CC_0BE04B179C5B,0,0.124561148471
CC_0BE5B21DEB99,0,0.238706846062
CC_0BEBBA8AFD2C,0,0.0851228799069
CC_0BED52943556,0,0.110483939
CC_0BEDFE7D7862,0,0.152360414276
CC_0BEE9F3516A5,1,0.81818221272
CC_0BEF100BEEE7,0,0.0963006917756
CC_0BEF89A9E66C,1,0.75498735058
CC_0BF4291A7A3F,0,0.48358492921
CC_0BF4A3BDE9C4,0,0.211420277789
CC_0BFC20347243,0,0.097934067988
CC_0BFE70E9C6B3,0,0.198556207088
CC_0BFEE64CC253,0,0.182005031948
CC_0C0185C575CF,1,0.148454794882
CC_0C03C24CC6C7,0,0.164158425012
CC_0C0642C807E6,0,0.81604200074
CC_0C073BB2BF96,0,0.0778922078801
CC_0C0B99CAD7BC,0,0.0863670917021
CC_0C0F36FAF7A1,1,0.191150492948
CC_0C0F5ADF8524,0,0.157653404483
CC_0C19E8CC4A71,0,0.53252135906
CC_0C21C2FE2CE0,1,0.33500555997
CC_0C237FDF0478,0,0.107952101035
CC_0C29534F1141,0,0.210313994152
CC_0C2E5503BD2F,1,0.665372561632
CC_0C32774F6A1A,0,0.189445741264
CC_0C3490750986,0,0.120610754351
CC_0C35D85EBCB1,1,0.205820594316
CC_0C365BA2364F,0,0.11962799008
CC_0C37648A25BC,0,0.151520723363
CC_0C37CA5BC52B,1,0.100203708499
CC_0C38E7EF36BD,1,0.509677827405
CC_0C3BDCC8ADC4,1,0.0925752426079
CC_0C3D8780105B,0,0.0801113259393
CC_0C3EE0D0A4AF,1,0.507718788463
CC_0C4475F00924,0,0.149698473703
CC_0C45752A8514,0,0.422916054595
CC_0C45A3705CB8,1,0.203634941923
CC_0C46B177F484,0,0.0791636924558
CC_0C4A96DE8D56,0,0.0674624454693
CC_0C4D0923DA74,0,0.189944129881
CC_0C4DC681EA7B,0,0.251647348086
CC_0C4E299D6E0D,0,0.0942809597222
CC_0C4F842F2D37,1,0.400422406433
CC_0C56C2B8F620,0,0.130393253798
CC_0C5B294CB2AD,0,0.169560281246
CC_0C5F949717D0,0,0.138948200453
CC_0C60640707EB,0,0.123008600815
CC_0C612B5EFDA9,0,0.121132316961
CC_0C63D0885F1B,0,0.218479071408
CC_0C642C1F87D6,1,0.123934081563
CC_0C654989A8F5,1,0.304253602884
CC_0C6699A632C8,0,0.112429646456
CC_0C69C6DB41C9,0,0.112532495856
CC_0C6A368DEBC5,0,0.125606277599
CC_0C6DE076DB8A,0,0.0717213796385
CC_0C72E470640B,0,0.109532015706
CC_0C74BB93CD99,0,0.410141148731
CC_0C789E47D463,0,0.10072297232
CC_0C793C151AAE,0,0.808944625045
CC_0C79B8B3F2D6,0,0.3572730446
CC_0C7C436C57E9,0,0.13546069255
CC_0C7C8D0AF199,0,0.110841135102
CC_0C7FCC44015C,0,0.358234635234
CC_0C84D72A7765,0,0.169298697126
CC_0C86E9A21207,0,0.103293585821
CC_0C886C95373D,0,0.217212123355
CC_0C8888F1CDF2,1,0.529863916552
CC_0C8D90F0922D,0,0.121405849778
CC_0C8E6730ED67,0,0.129164351249
CC_0C91FCF615B6,0,0.277531483316
CC_0C93732ADF97,0,0.13764974264
CC_0C975D38A326,0,0.0886542615465
CC_0C9C7A97A5F4,0,0.128643202842
CC_0C9ED89049AC,0,0.0812491164301
CC_0CA45E2A5E6B,1,0.129475154745
CC_0CA466FA04F1,0,0.0956538429596
CC_0CA626203B37,0,0.0842091558029
CC_0CB0A0716BCF,0,0.535697754993
CC_0CB38C46D03A,0,0.138559542534
CC_0CB45F66B6F2,0,0.0675051350844
CC_0CB64898FC0D,0,0.649550292413
CC_0CB7F76A66E5,0,0.0690306856947
CC_0CB96C7639E7,1,0.0940999968165
CC_0CBB4D2AD23A,0,0.741295117731
CC_0CC12648C9E4,0,0.144160518266
CC_0CC15637F3AC,0,0.142187745998
CC_0CC2EDDC638D,0,0.137083772912
CC_0CC4A8B7482A,0,0.115212739217
CC_0CCBDEC7850A,0,0.047039452884
CC_0CCDB8C95455,0,0.147438519517
CC_0CD2A5B99834,0,0.166965198835
CC_0CD42BDB0B17,1,0.498837746352
CC_0CDD257E8FE9,0,0.0965779654047
CC_0CDD6AF89F14,0,0.151266279935
CC_0CDD6E657D91,0,0.102280049922
CC_0CDEE9154E66,0,0.153334625204
CC_0CDEEFE130DD,0,0.0382076549172
CC_0CDFB51090E3,0,0.132734984573
CC_0CE0E01CD7AD,0,0.0684504012763
CC_0CE3EB77C29E,1,0.456769569797
CC_0CE536324EAC,0,0.119169617698
CC_0CE579BFFB20,0,0.124672434083
CC_0CE7D8349D41,0,0.0803409338636
CC_0CE89D05D8D0,0,0.139167074388
CC_0CEA80A97E41,0,0.138208491816
CC_0CEB735EC729,0,0.103876058969
CC_0CED9ADB2A09,1,0.380375487826
CC_0CEEA76DB759,0,0.22495719029
CC_0CF091BD2CE1,1,0.219204972352
CC_0CF811EE7BD5,1,0.210593080267
CC_0CF9957442C8,0,0.0709151071081
CC_0CFA517479F5,1,0.156710139603
CC_0D016154E1C0,0,0.205329549077
CC_0D0445D6C3B5,0,0.269169164377
CC_0D048FD6821F,0,0.176159918157
CC_0D0B8717FFA9,0,0.160772840109
CC_0D0DC41B22F6,0,0.0578531850548
CC_0D0F2A97BA52,0,0.142355688742
CC_0D13A003578B,0,0.358692997198
CC_0D142FA3BB86,0,0.18264753443
CC_0D1668209F8F,0,0.25377387664
CC_0D17BEB72F8C,0,0.162639462235
CC_0D1D05268EAA,0,0.07049621772
CC_0D1E2B992350,0,0.0588080560058
CC_0D22B7E22CF2,1,0.613363399665
CC_0D29AEADCFFD,0,0.115978916903
CC_0D2A4247E8F9,0,0.0881015448606
CC_0D2CAE166D3E,0,0.433591611603
CC_0D2F00087DD0,0,0.0913630334275
CC_0D30E804496C,0,0.13955814927
CC_0D325FA769D3,0,0.144374945468
CC_0D352F56EC40,0,0.449505029719
CC_0D366B910D53,0,0.0431784699757
CC_0D391D096327,1,0.26163745607
CC_0D3D34F78444,0,0.104484253242
CC_0D3EC0263EB8,0,0.193067972754
CC_0D3F8C5DB72C,0,0.120462359469
CC_0D44A9988748,0,0.114002491744
CC_0D45F637A500,0,0.0811487420119
CC_0D569B80674B,0,0.0322554038574
CC_0D574FD172C8,0,0.079169284044
CC_0D5884F0ADCE,0,0.129005191104
CC_0D5A344D95F7,0,0.113269375977
CC_0D5A6A9CC79C,0,0.104418977954
CC_0D5C14B6B047,1,0.573891439775
CC_0D5C4B45704D,0,0.108790971322
CC_0D5D35CC20B4,0,0.153622319303
CC_0D5EF547C948,0,0.0825152803718
CC_0D620A89DC23,1,0.515121224155
CC_0D6261C2426B,0,0.0644109422537
CC_0D65D94CD102,0,0.0764672256225
CC_0D6A2881FD21,0,0.0903764792456
CC_0D79128FCBC0,1,0.0279558748978
CC_0D7964193A8D,0,0.0960780547122
CC_0D7DC4C2AD58,0,0.0954587793384
CC_0D7E67048FE1,1,0.631052896729
CC_0D81C3847464,0,0.212312413467
CC_0D83E582BDCE,0,0.0674845162329
CC_0D849B132548,0,0.124340649948
CC_0D89CDC3CB7A,0,0.156101723573
CC_0D89ED88029E,0,0.22451284072
CC_0D8A6B271FFF,1,0.133927751722
CC_0D8D5D4F8016,1,0.476106812097
CC_0D8ECA973778,0,0.124457682377
CC_0D976DA0C4B3,0,0.30813397664
CC_0D9B1B322068,0,0.121410256662
CC_0DA5375308EE,0,0.133094764993
CC_0DAF7BFE19E1,1,0.631644025001
CC_0DB07EA178BB,1,0.108232567988
CC_0DB2EFF92E93,0,0.0690240125773
CC_0DB32286FD0E,0,0.209367840681
CC_0DB5F843CD9A,0,0.185430614369
CC_0DBF84685A9D,0,0.146044255232
CC_0DBFE51411E2,1,0.0911112844838
CC_0DC292528D55,1,0.124971935002
CC_0DC3581EEAB6,1,0.276752932967
CC_0DC8060DA736,0,0.0811456192865
CC_0DC95532E7A2,1,0.0853208376511
CC_0DCA048649D9,0,0.107848189095
CC_0DCA0A0FA295,0,0.344875050887
CC_0DCED1D6F3DF,0,0.781027930031
CC_0DD053654795,0,0.0911109971985
CC_0DD275FB7040,0,0.299680315357
CC_0DD74B3BE342,0,0.286176786992
CC_0DD79233AAB9,0,0.192667822399
CC_0DD7B0AB100B,0,0.103069645877
CC_0DD8CFBA4338,0,0.126785091074
CC_0DDB3A493411,0,0.17157832907
CC_0DDC91491636,0,0.108869632782
CC_0DDEA339D986,0,0.437089964253
CC_0DDF66C54198,0,0.131651204281
CC_0DE1E49C6B02,1,0.759799559932
CC_0DE403198D7E,1,0.0923697387007
CC_0DE420EE4059,1,0.59304450165
CC_0DE61B4E5E3E,0,0.101178569411
CC_0DE6C33D0688,0,0.0680932025359
CC_0DE92ADBD382,1,0.221583482573
CC_0DEF161B987D,0,0.149740127019
CC_0DF19F74AACA,0,0.0474919052608
CC_0DF2D47B5C53,0,0.157002026108
CC_0DF8D0A82DBF,0,0.10533568797
CC_0DFDFFCFD7DF,0,0.0517698694953
CC_0E0641097EAC,1,0.288150245562
CC_0E066C915A32,0,0.182056404894
CC_0E0C4892CA9B,0,0.141361843069
CC_0E0CB4904497,1,0.447972928089
CC_0E0E208D05E1,0,0.186801085155
CC_0E0FC636F9D6,1,0.707293855786
CC_0E1034FDB7E3,0,0.113128273713
CC_0E12F18E168F,0,0.057339486035
CC_0E14670ECAF2,0,0.10652356007
CC_0E189EDE2DAF,0,0.175799960413
CC_0E189F4644FD,1,0.328507405968
CC_0E1FD5488AFC,0,0.0761495418896
CC_0E2459929777,0,0.210226819322
CC_0E26CF39834F,1,0.276319048367
CC_0E27CEF1887F,0,0.157936271852
CC_0E287AA3CB2A,0,0.604020850018
CC_0E29E165CAC8,0,0.0890192660678
CC_0E2D267991CB,0,0.0775712863416
CC_0E2DF93A8DAD,0,0.11862675268
CC_0E3231B402D1,1,0.0650576260538
CC_0E33A63A46D0,0,0.0838527974804
CC_0E33BD266FF4,0,0.0698200841593
CC_0E361432CA7A,0,0.0978886692077
CC_0E3B75F8EC99,0,0.142300836549
CC_0E3BA976485A,0,0.107786027352
CC_0E413006CC6C,1,0.144165479521
CC_0E44D2F85EE7,0,0.0914869998033
CC_0E4649A88E12,0,0.153491733056
CC_0E488689C917,0,0.305135907539
CC_0E4E5563FF24,0,0.244246015967
CC_0E4F74BFAEAD,0,0.10898719812
CC_0E50E73AF530,0,0.138059746592
CC_0E5324067983,0,0.300067165487
CC_0E54214DACE6,0,0.102449006789
CC_0E5A7809F249,0,0.0979472982803
CC_0E5D0509A578,1,0.069905742583
CC_0E5E55DB918F,0,0.867861471336
CC_0E5E93CB968B,1,0.844072376242
CC_0E602DC3249B,1,0.513092957179
CC_0E6186059A38,0,0.550954756345
CC_0E629D90499D,0,0.154830662289
CC_0E64764E4B6A,0,0.112177383375
CC_0E6BFE273031,0,0.332906713121
CC_0E6D43AC71DF,0,0.346792001845
CC_0E6F6F06E4AB,0,0.129680043029
CC_0E711E9BCD9B,0,0.712123827992
CC_0E741DF7DC96,0,0.141448108378
CC_0E776DD7B43B,0,0.425379759102
CC_0E79A2D45113,1,0.56823345058
CC_0E7A70B0BB2A,0,0.12373617712
CC_0E7B2D03DEA9,1,0.856166626086
CC_0E7DFD11FF66,0,0.874990725378
CC_0E83B80326D0,0,0.152591752563
CC_0E8965947C9F,0,0.159059641225
CC_0E899817D54C,0,0.198292134098
CC_0E8B33971801,0,0.0802378231538
CC_0E8C18050A48,1,0.501396409185
CC_0E8CBA3DAC04,0,0.0520025115274
CC_0E8D11C210BA,1,0.243627540408
CC_0E8E39EB38B7,0,0.116089969726
CC_0E8F14E1BDB5,0,0.100437127857
CC_0E9EE800E2A8,0,0.157834208802
CC_0EA165E99E1F,0,0.0698977563258
CC_0EA7EEE84D3E,0,0.10789824232
CC_0EAA3098B0F8,0,0.119386300139
CC_0EAA86178D7A,0,0.127344743903
CC_0EAB4008DCFB,0,0.11298027471
CC_0EB411906A92,0,0.117984256283
CC_0EB6A49B430F,0,0.154975147081
CC_0EB9041C6D54,0,0.145419463526
CC_0EC074CAD82C,0,0.0930661467015
CC_0EC473A69B64,0,0.0902949162176
CC_0EC95475DD85,1,0.653127765555
CC_0EC9801511E5,1,0.846921124972
CC_0ECA83CBEFC9,0,0.238803774381
CC_0ECAD1F99D7A,0,0.136970451932
CC_0ECD7928D657,0,0.199950371788
CC_0ECDAA03D3A7,1,0.376997719613
CC_0ECEAD012C8B,1,0.127200047007
CC_0ECEC4E93B5F,0,0.105984365475
CC_0ED2363AA36F,0,0.0880641971898
CC_0ED25B3D8855,0,0.118993432767
CC_0EDCCD0C0322,0,0.228391417414
CC_0EE1E5BC99AD,1,0.130129875354
CC_0EE2F5C94FB1,0,0.123683238905
CC_0EE44F53D366,0,0.628841101892
CC_0EE4540E15B4,0,0.123539824837
CC_0EE84C210702,0,0.104165228447
CC_0EE88344008F,0,0.111495239517
CC_0EEB9C2B32DF,0,0.158408978366
CC_0EEDB24A1BF3,1,0.116172537339
CC_0EEF2F19ADED,1,0.448567655198
CC_0EF1F4D88A71,1,0.911000560556
CC_0EF34A5B8348,0,0.0972341806828
CC_0EF7CAA18394,0,0.0553448550613
CC_0F0BAF7599A4,0,0.231758313956
CC_0F0C84C71588,0,0.252055380958
CC_0F13AE64FF84,0,0.0975995426537
CC_0F1511CD98FF,0,0.0835848505517
CC_0F1E37D22F16,1,0.947138805052
CC_0F1F12A77FFE,1,0.155060364821
CC_0F2DED626B8C,1,0.66995469354
CC_0F309D317B0C,0,0.128838842159
CC_0F32A34CCDB3,0,0.23040104281
CC_0F36EAFF4885,0,0.090149290971
CC_0F3741E27F5F,0,0.117339596414
CC_0F3BA7BE6767,0,0.226872697603
CC_0F3C54D473AF,0,0.082702212738
CC_0F3D7DB6B7E9,0,0.0710490953701
CC_0F3F69455D55,0,0.137554169958
CC_0F40571D0B12,0,0.113766856695
CC_0F43FC8215BB,1,0.145306579878
CC_0F4A6D3C4D61,0,0.0991497531631
CC_0F4E7F16CAD6,1,0.490253837674
CC_0F55FDFF7E25,1,0.182011688206
CC_0F5848A897BC,0,0.2667082048
CC_0F5ABD1FDA86,0,0.0643231901176
CC_0F5BF5C1E047,0,0.214538039487
CC_0F5DCF690AD3,0,0.0646865316394
CC_0F5EB6571008,0,0.0921232459293
CC_0F61968E934A,0,0.820753244981
CC_0F61F1B3501F,0,0.054214245423
CC_0F6391E1FDBC,0,0.110051853617
CC_0F65AE1D8AED,0,0.675498490087
CC_0F6AE7057DC7,0,0.214157768441
CC_0F6D991C9997,1,0.557575252212
CC_0F6DF2FF905D,0,0.106434951911
CC_0F6F798A2464,0,0.118023215207
CC_0F71E7FE04AB,0,0.0810731369402
CC_0F732E44A375,0,0.569650556626
CC_0F7672C55A48,0,0.0529000318669
CC_0F7A93B07205,0,0.10765150561
CC_0F7B5266B8B0,0,0.193002351465
CC_0F7B8097B447,0,0.0657214206402
CC_0F7E98267DA6,0,0.479867558129
CC_0F7F89ACE630,0,0.134753882941
CC_0F8169AB6F73,0,0.0921859842262
CC_0F81F037D375,0,0.281327724207
CC_0F8564DCF1DF,1,0.847231693383
CC_0F8787AA1B08,0,0.0793160248855
CC_0F913F99F7AD,0,0.144614233192
CC_0F91FF62EC15,0,0.0529690818622
CC_0F981EC9A94D,0,0.45070975619
CC_0F9B23A705FD,0,0.0831023465816
CC_0F9E23AEEEF7,0,0.189880483371
CC_0F9EF2C99968,1,0.635716751208
CC_0F9FE5F37C0C,0,0.208169104272
CC_0FA0FD63CF24,0,0.101244931134
CC_0FA3894DE2B8,0,0.0877852005339
CC_0FA66DACA887,0,0.200141355013
CC_0FAE37424BE3,0,0.0745396996111
CC_0FB86F055DB1,1,0.126000508102
CC_0FB8B83E7AEE,1,0.339004378751
CC_0FBB2A7CF5F2,0,0.0743171140747
CC_0FBF0E20A578,0,0.138520176753
CC_0FC0AD580D04,0,0.0838731722455
CC_0FC1319A8AD6,1,0.0761104807486
CC_0FC3242E54A0,0,0.124908758099
CC_0FCCFAC989F1,0,0.25090214926
CC_0FD045ACE3D8,0,0.187818887119
CC_0FD435B4EC5C,0,0.14982037044
CC_0FDB175845F9,0,0.0858135663697
CC_0FDF62854360,0,0.102588123538
CC_0FE10BAC0B73,0,0.118301002583
CC_0FE2075F746E,0,0.0739227932516
CC_0FE4BC723F10,1,0.117104046658
CC_0FE970B33965,1,0.1409097697
CC_0FEB47184B0A,1,0.307289564999
CC_0FED8CF6127C,0,0.107637348695
CC_0FEF87BCCA14,0,0.228879156511
CC_0FF0161E1CDD,0,0.0413558935553
CC_0FF3877B8B70,0,0.133084220719
CC_0FF7D5756F91,0,0.135443355351
CC_0FFFA5C0C682,1,0.3278984207
CC_100081A7F277,0,0.110526154409
CC_10029DE02707,0,0.0962917605508
CC_1003BDBF7FEC,1,0.531367765182
CC_1007FAE95F62,0,0.0792048078491
CC_1008996FD3C8,1,0.580962125089
CC_100917681A19,1,0.0741995083158
CC_100A35ACC13B,0,0.0989293410789
CC_100D2AE97CA2,0,0.106503034667
CC_100D4BAF0483,0,0.135004366384
CC_100E62517901,0,0.0652453249761
CC_10104A419F34,1,0.67798925561
CC_1014944EA5FB,1,0.862217761872
CC_1018EDCA924C,1,0.0875041106811
CC_1019AF686642,0,0.0696710846522
CC_101B3A7D956C,0,0.123420266712
CC_101BDB386D15,0,0.0686423522188
CC_101DAF4769E3,0,0.0959598430086
CC_1022CEBE1BFA,0,0.119502799923
CC_1026676BFD47,0,0.277179150695
CC_102853A835DA,1,0.252066282754
CC_102B3C099A7D,0,0.095762529911
CC_1035B1729274,0,0.143992437151
CC_10379359D1AB,0,0.144893370344
CC_1037D22487E6,0,0.0511161752522
CC_1039424A882C,0,0.165568321062
CC_103AF42C5598,0,0.0710508323633
CC_103C6EB2098C,0,0.124239442621
CC_1040CACAC440,0,0.475818491609
CC_10431E4E10A5,0,0.150615701366
CC_1044727CDCDA,1,0.0776470692743
CC_1046016FB349,0,0.143002362261
CC_1047B3CCE5ED,0,0.110477073593
CC_1048C6108B3E,1,0.310468567249
CC_104ABF72CC03,0,0.0842495371532
CC_104E76D32351,0,0.0925704563568
CC_104E89A015D5,0,0.0912249333052
CC_104F1A213D53,0,0.0947176116908
CC_104F86FA1952,0,0.14832348632
CC_105185853173,0,0.174295289192
CC_1053CE118E6B,0,0.129497649402
CC_10555E5FEC27,0,0.463443145959
CC_105C285675AF,0,0.114266576978
CC_1062483DC649,0,0.0834450738008
CC_106318A8A846,0,0.100708976112
CC_10686536DDAC,0,0.127534705933
CC_106873970361,0,0.145946938866
CC_1069B693BEC6,0,0.102393006366
CC_106AA4AC4358,0,0.121259925002
CC_106E8E197ABE,0,0.0875824131107
CC_1070A85FC767,0,0.175195242925
CC_10717F3732AA,1,0.157325008709
CC_10723A2C8F50,1,0.670392249668
CC_10746DFB827A,0,0.0693613068208
CC_10778A4BB770,0,0.0330647553068
CC_10783ADF6DF4,1,0.125677610355
CC_107CD2128BE2,0,0.0980809628965
CC_107EF00F4F27,0,0.250889448057
CC_107F8912BBCA,1,0.2470689766
CC_10820345CAEE,0,0.216971468496
CC_10870D368DB3,0,0.200408201381
CC_10877C879290,0,0.231562659138
CC_108A5D7A07B8,0,0.160278050823
CC_108B337BB93B,0,0.103437468989
CC_108DFAAC7E6E,0,0.356808211696
CC_10910E859E0E,1,0.34098552177
CC_1093C3FC63EF,0,0.147855041645
CC_1097C97F4511,0,0.059608321895
CC_109A0305BCBF,0,0.116624380061
CC_10AA87E69C94,1,0.748183574746
CC_10B2FE48BBD3,0,0.140936888935
CC_10B303DA7FDA,0,0.0915346826864
CC_10B3363DCAD4,0,0.130846430277
CC_10B6CDF2D293,0,0.137493704889
CC_10BACC5A9EF9,0,0.0965783868272
CC_10BEE7D5364D,1,0.798947561203
CC_10C0F72FD4B9,0,0.487442754274
CC_10C678897E54,1,0.527410113155
CC_10C6FB037D93,0,0.089302784163
CC_10C962C1C4B4,0,0.129421895795
CC_10CE49B6BCFD,1,0.843054260371
CC_10CFC7F096ED,0,0.132936051428
CC_10D29637F4D4,0,0.0932269872398
CC_10D34A725351,0,0.202659686607
CC_10DA2F51764C,0,0.0638359238312
CC_10DA753385F5,0,0.141892065741
CC_10DA90441864,0,0.191405863073
CC_10DC316B3CC0,0,0.08959251664
CC_10E068DA07D5,0,0.179610157795
CC_10E24786EA63,0,0.0562927049985
CC_10E623997DEB,0,0.0299732374348
CC_10E9387C4533,0,0.0368220328066
CC_10EB16FF62C3,0,0.0532684681107
CC_10EDECEE251C,0,0.0783665325431
CC_10EE17AB92B9,0,0.125681855765
CC_10EE85CAACE9,0,0.110288476882
CC_10EEC77FF650,0,0.230415247639
CC_10EFB88FD8DB,0,0.165890155626
CC_10F0DE08F65F,0,0.172273669243
CC_10F20A1AB72A,1,0.622244659009
CC_10F4D219A7A6,1,0.521963519725
CC_10F6A5DB567A,0,0.22788356543
CC_10F7151BB6C7,1,0.787367600016
CC_10F7B091682E,0,0.101033368397
CC_10FB7142DE72,0,0.0859434411161
CC_10FC06574FEF,0,0.236038047227
CC_10FFB4E22F9C,0,0.112039952361
CC_1100E20E1B1A,0,0.251803884467
CC_11085A799BE5,0,0.0533790404855
CC_110C571E2D6D,0,0.0944255551596
CC_110C7648F37D,0,0.196149897288
CC_110CC91C7C17,0,0.117468265124
CC_11108F09641B,1,0.620696316335
CC_1111648E5F00,1,0.250476181863
CC_1114D6C2AD96,1,0.609382167579
CC_1116469D0EF3,0,0.209809079848
CC_111665F34451,0,0.0869375871203
CC_111D9179BF4B,0,0.116286491329
CC_112982BED721,1,0.106890697802
CC_1129FE3DEB19,1,0.531195258875
CC_112B3EE86CE3,0,0.620850583281
CC_112C1B5D75C4,0,0.121538580151
CC_112F543303EC,0,0.103531094103
CC_11305681E8F7,0,0.105566755853
CC_1132B3469581,0,0.248320891157
CC_11342B2C8367,0,0.123502310468
CC_11384E1721D7,0,0.0726525831924
CC_113A3A8A4742,0,0.0870364166947
CC_113DAD07E5C9,0,0.143314273352
CC_113FC578F9FB,0,0.368577751368
CC_11426C485A60,0,0.12794961591
CC_1142867C5D53,1,0.231876149262
CC_114743636E5D,0,0.119459702219
CC_114CA6C3CFDB,1,0.478052117914
CC_1151078C2D32,0,0.128550313882
CC_1156D9CA1622,0,0.119866370005
CC_1158A81A43BB,0,0.0686777400303
CC_115A90AE7B37,0,0.178625340546
CC_115B00DA4D5C,0,0.074879471017
CC_115D7E7CED9E,0,0.147810629917
CC_115E875F5C72,0,0.134063587563
CC_11617B024620,0,0.172360468761
CC_116195EC8F24,0,0.148237583599
CC_11650E5FE77B,0,0.0924023361999
CC_11685D26513F,0,0.275156446042
CC_116BFC278A9B,0,0.200871587405
CC_116F967E12AF,0,0.146151676355
CC_116FECD7E22A,0,0.12992385295
CC_11713ADEABBA,1,0.210491239985
CC_11736D48F937,0,0.279829216549
CC_1173E020C852,0,0.0916593810254
CC_117A8F9929DF,0,0.0942397574585
CC_117C29938792,0,0.135742144964
CC_117D3D290B79,0,0.127574488406
CC_117F3F52B39A,0,0.0531004509647
CC_1180397E0E18,0,0.101944218781
CC_118050B0E065,0,0.11395061113
CC_1182A06FA1BA,0,0.192531903194
CC_11875A6E255A,0,0.133297141438
CC_11893F0796ED,1,0.227353861758
CC_118BE5AC1B43,0,0.0983519540207
CC_118E88555B8A,0,0.214433407399
CC_118F4FC75A19,0,0.107759051254
CC_119376BC9A9E,0,0.670810580387
CC_11956D689FC2,0,0.0909487247212
CC_1196148C1D73,0,0.286295711617
CC_119EAE00EF2A,0,0.28469353939
CC_11A39FF989D7,0,0.163217434858
CC_11A3E88ED77C,0,0.143395300494
CC_11AC14665983,0,0.300137055152
CC_11AD537B1395,0,0.30857104152
CC_11B1563A0E4B,0,0.0894050469238
CC_11B566C845BA,0,0.0545596000278
CC_11B587E74D04,0,0.145898027229
CC_11B62136784C,0,0.606840622922
CC_11B67B9E0E1D,0,0.100591815548
CC_11B6DBA925AA,0,0.109905603583
CC_11B756BD22FB,0,0.231012755949
CC_11BCB5B80913,0,0.099005550082
CC_11BD95F85975,1,0.380197013095
CC_11BF763F3B0E,0,0.135469992594
CC_11C4A2835B57,0,0.411374414584
CC_11C777226D0A,0,0.147109706344
CC_11D633D1CDAB,0,0.13548362772
CC_11D746332A26,0,0.0861252816508
CC_11E18534C974,0,0.111849816715
CC_11E246399D5F,0,0.078760400434
CC_11E34823C9F8,0,0.415883306647
CC_11E76951B985,0,0.153334578701
CC_11E94D80A4EE,0,0.153130461021
CC_11EA9439D5B8,0,0.144263719849
CC_11EBB8736BFB,0,0.0880567649552
CC_11ED6D692C8A,0,0.0756060965193
CC_11EEECA3D87C,1,0.794733667332
CC_11F31F9E8B79,0,0.0924437303784
CC_11F349E0D151,0,0.0894778530283
CC_11F3B5F1D300,0,0.103416258369
CC_11F6606CED0C,0,0.0976252639607
CC_11F874D15716,0,0.13006613036
CC_120369D4254E,1,0.578741775888
CC_12056E853D4A,0,0.130935659142
CC_1205729AFEA6,0,0.0662580919859
CC_120F437F7603,1,0.841837815274
CC_121308C8B6E8,1,0.810121654617
CC_121AF61C6254,0,0.158253166159
CC_121C58E71A4F,1,0.419241652276
CC_122002B97F8C,0,0.0899116813205
CC_12205D623AFE,0,0.103179957231
CC_1220D4E9D2A8,0,0.357599339118
CC_122D7F1E7A0B,0,0.181960526553
CC_122EE6F45AB1,0,0.0769366429484
CC_1232690EDC2B,0,0.107016754208
CC_1232CD309A3E,0,0.41139031325
CC_12428B8ADEA9,0,0.20813284944
CC_1244F454247D,1,0.626740726949
CC_12466842C70F,0,0.0262430365274
CC_1247E3165538,1,0.0854523468778
CC_124D9DACBBEE,0,0.109410835283
CC_12511165D91F,0,0.0740756804629
CC_1252858E5DA1,1,0.616373914128
CC_1255D71CBDFF,0,0.0869546416589
CC_1256916531CF,1,0.699673671794
CC_125A4D844394,1,0.72178078654
CC_12610AFE4FA7,1,0.6767879979
CC_1264E5CD53E7,0,0.106698270676
CC_12687DB85C14,0,0.290366045669
CC_1268973B9017,0,0.0989279848436
CC_1270B9E11834,0,0.0774862906084
CC_1270E1D67FC5,0,0.134149857471
CC_12715BC831A4,0,0.115292195496
CC_1271E0364B61,1,0.126157340538
CC_127279DF6A35,0,0.0835906869638
CC_1274A35EEFBD,0,0.126371649352
CC_12781F7D9AEB,0,0.145944119166
CC_127A8C424DB8,0,0.150005969752
CC_127CE04CCE3D,0,0.121611278175
CC_127D0788207E,0,0.10898168279
CC_127D415D0FC8,0,0.239825263741
CC_127DFFD19DD7,0,0.131509117762
CC_128244D9A3C5,0,0.139891543374
CC_1283AE10D435,0,0.0613865109843
CC_128774FECE36,1,0.143256868553
CC_1287CB57208C,0,0.236098010571
CC_1287D6DD3C07,1,0.469558917115
CC_128833947423,0,0.0886681150592
CC_1289226479CE,0,0.0492339658841
CC_128CF93C9C68,0,0.240408035367
CC_12943C53232F,0,0.223869248068
CC_12965C9ED919,0,0.162152906786
CC_1296EDF7E640,1,0.649946020551
CC_129D5C1B8D00,0,0.109767098743
CC_129E3A93629A,1,0.727731043841
CC_129F54504300,1,0.458736156242
CC_12A50A8F43AF,0,0.1253581473
CC_12A5AF2B6339,1,0.270982250396
CC_12A5D5DA2E0A,0,0.128625260694
CC_12A73B68BA7C,1,0.364973961259
CC_12A80518CC67,1,0.0843574137018
CC_12B01E3481FA,0,0.322841045883
CC_12B0AEFB0C2C,0,0.158267540502
CC_12B1A3E121EA,0,0.0893646909969
CC_12B20570313B,1,0.857417249839
CC_12B2BC605A25,1,0.42044096264
CC_12BE1DCB9554,0,0.074433013079
CC_12C002DDF720,0,0.226754609178
CC_12C17EF761BB,1,0.695153469886
CC_12C2A91FD2D1,0,0.116205636513
CC_12C2C5FE15BE,0,0.0924206764866
CC_12C61A3F8534,1,0.180557872611
CC_12C80DB6166F,0,0.0762745423863
CC_12C942C94AC0,0,0.1367977273
CC_12CAB82FA647,0,0.0884853110742
CC_12CE2F6B1871,0,0.0821124100183
CC_12D91445C5CF,0,0.0416090134513
CC_12DA7D6CD638,0,0.129673036013
CC_12DB887B1F54,0,0.184565805819
CC_12E0FFE7E6D5,0,0.225844334739
CC_12E17FAA02C4,0,0.135101547726
CC_12E8A3241009,0,0.0972639606654
CC_12E8CF471D17,0,0.0656445740211
CC_12EB7E2FBE9D,0,0.0985626185093
CC_12EC6B16E8F2,0,0.0723059116159
CC_12EDF0A21D8E,0,0.0783853605616
CC_12F116D289A4,0,0.366717099098
CC_12F2CC049F32,0,0.134801281875
CC_12F4AE0E9C50,1,0.738438249224
CC_12F529212274,0,0.180797945468
CC_12F6665B65F1,0,0.206544567295
CC_1306F26C1E92,0,0.1414977768
CC_130ACAA6CFAF,0,0.134519683706
CC_130B2BD31FC1,0,0.210609900021
CC_131266D3775F,1,0.340303839408
CC_1312A13B15FD,0,0.136892544053
CC_1314B3485367,0,0.246681622695
CC_131508558E61,0,0.0941705390504
CC_131CFDDBAFCE,1,0.38544477766
CC_131FE9729ADE,1,0.263820897089
CC_13203D8A8B9E,0,0.0931735729062
CC_1323E7388B53,0,0.08346814222
CC_1329A0DFF23A,0,0.166379208015
CC_132D35DE5699,0,0.152449068519
CC_132E60475D9A,0,0.157368250076
CC_132F1B80D22D,0,0.0983711395506
CC_13323D6309AF,0,0.216664881
CC_1339B797EB61,1,0.380667743198
CC_1349052D783F,0,0.372218212066
CC_13490D73C7D6,1,0.218465605584
CC_134E2266BE61,0,0.0990091068814
CC_1351CCA7B3C3,1,0.645818693643
CC_13582EFD415C,0,0.107438794909
CC_135FA476E402,0,0.061624473977
CC_1360E6854F33,1,0.158328301879
CC_1362294CF6C2,0,0.147431827077
CC_1362B0C744AD,0,0.205778787725
CC_13639EE08ADC,1,0.191689002402
CC_1363CE9F012A,1,0.0987849935659
CC_1365D5C6BBC2,0,0.102581720066
CC_13672D0FEDCB,0,0.170780053142
CC_1368F2EFC516,0,0.189705808587
CC_136EA5846EBA,0,0.113464544314
CC_1371E1F3C127,0,0.250125351973
CC_1373183E52FD,0,0.0841902194207
CC_13754504B728,0,0.121867086302
CC_13768F948D43,0,0.189893218036
CC_1377262C6C5C,0,0.0979186985319
CC_137B9E0E74CE,0,0.189064361353
CC_137EE4A71B80,1,0.102863722158
CC_1382A84A8162,1,0.60493504414
CC_13889971A045,1,0.47529315686
CC_1388E4F9D0F1,0,0.148631395612
CC_1388F4F71DA7,1,0.624710597288
CC_138E19A68D8B,0,0.0624355479488
CC_1396C173D41F,0,0.657629079488
CC_139D70292D7B,1,0.456213313186
CC_139D9A4C7B60,0,0.536555195709
CC_139DB7344BD3,0,0.128325094673
CC_13A2B5541686,1,0.0760231756463
CC_13A4FC3A1BC9,0,0.0578351692186
CC_13A5730F1FAF,0,0.132385203862
CC_13A652B263D1,0,0.185805126756
CC_13A9ED13054C,0,0.272668127107
CC_13AD9FFBBDC0,0,0.0867952623219
CC_13B035D9735D,0,0.0664351481592
CC_13B78E6E812C,0,0.14542889387
CC_13BC2D4470A1,1,0.754728776934
CC_13BDD928BC6E,1,0.801572943975
CC_13C154345998,0,0.113750164992
CC_13C1F8475C75,0,0.169121404701
CC_13C26CDBE995,0,0.380883243986
CC_13C8941C4E63,0,0.143624717005
CC_13C8AFAA4A96,0,0.103891130081
CC_13CE9A805D47,0,0.0621296009022
CC_13D0D0DC25B5,0,0.125442589151
CC_13D12AE5DB5E,0,0.124401232349
CC_13D2775BDB99,1,0.191839702666
CC_13D7C5892F43,1,0.0904946219226
CC_13D8BB2898FB,1,0.141045452912
CC_13DCDFBFE04E,0,0.0993627557345
CC_13DE4D663ACA,0,0.138776374406
CC_13E0F544FAF0,0,0.0997388132747
CC_13E4E11494E5,1,0.118410254314
CC_13EB4754455B,0,0.38625161267
CC_13ED60374680,0,0.139160840371
CC_13EFA2436E63,1,0.377996871831
CC_13F63D985F02,0,0.0869017566483
CC_13F7224F4CEB,0,0.11966333631
CC_13F8DDA68CD5,0,0.263920411622
CC_13FEEEF4DAA6,0,0.15714184451
CC_1401806D83D1,0,0.279670131226
CC_14022C179F26,0,0.150138867995
CC_140B15320D67,0,0.131587245299
CC_141097D43B35,0,0.155858205868
CC_1412756641C8,0,0.409245362942
CC_141585DB9F70,1,0.750134049613
CC_1415DAB3C546,0,0.150826594902
CC_1416B83F6B99,1,0.490152057546
CC_1417216500BC,0,0.218435620439
CC_141A459F9317,0,0.0768763663237
CC_1420051AE277,0,0.159452941666
CC_1420350408A3,0,0.108599302815
CC_1422E8298DE7,0,0.0581616150882
CC_14242BB4F55A,0,0.0737144339933
CC_142C1401740E,1,0.868473687989
CC_142F4D1DA8D3,0,0.0721157211105
CC_14347FAD2689,0,0.0824280765429
CC_1435A595A0D3,0,0.116526867644
CC_143DC870051D,1,0.204108886919
CC_144534D93E78,0,0.114148135494
CC_1445D677285E,0,0.172941056729
CC_144912C7C6F4,0,0.109307443479
CC_144BF264798F,0,0.135832060101
CC_144E0287B718,0,0.103834784941
CC_1454C69E791C,1,0.679237418472
CC_14565288B492,0,0.115082723426
CC_1459762CD70A,0,0.0978895994443
CC_1462F5234349,1,0.21908490571
CC_1463EDA0CFFA,0,0.43897236015
CC_14677C665BD0,0,0.618677449626
CC_146A389558CD,1,0.183633177916
CC_146BFA2F4585,0,0.0903266323509
CC_147074821F17,1,0.711242883638
CC_1471280F70B3,0,0.080019268371
CC_14751CEA4835,0,0.125647457299
CC_1476BC39D82A,1,0.570324762311
CC_147A332651EB,0,0.123524416184
CC_147B57C690A9,1,0.550125386317
CC_147CBF290A91,0,0.0910678343429
CC_147D3C36E9D0,0,0.615847678515
CC_147D9B212108,1,0.158977518541
CC_147E377E6BA3,1,0.115775663379
CC_14829AC11350,0,0.126829462634
CC_14850509C4F7,0,0.235605034604
CC_1487D79B3F82,0,0.149581553489
CC_1487F0190ED6,1,0.877899621496
CC_148D548BFEF7,0,0.312141343551
CC_148E40D39EE6,0,0.191294295802
CC_1499FDF273A7,1,0.783205901316
CC_149A11DD6D72,0,0.169781968042
CC_14A06E4E3D8C,0,0.0699939120021
CC_14A0A51DC0EC,1,0.716749637292
CC_14A8CB0B5A31,0,0.0636982525835
CC_14AC19F9E8B2,0,0.0495100434142
CC_14ACD1E04CC1,0,0.107272932943
CC_14B002192A41,0,0.13252525104
CC_14B4E27629CF,0,0.104827652062
CC_14B5941FECCE,1,0.475169439768
CC_14B6298EE82C,0,0.651493833644
CC_14BAE258FEDA,0,0.0690316350053
CC_14BBA8E1F11A,0,0.178980133329
CC_14C3CD655EA0,0,0.108312890704
CC_14CE4334D7FC,0,0.0917839524474
CC_14D08D92E371,0,0.807099571985
CC_14D0C705400A,0,0.113035994895
CC_14D3D57AD202,0,0.197992765876
CC_14D3FCD54488,0,0.0592873679257
CC_14D7F72FF09D,0,0.0689529933984
CC_14D8672C7CC0,1,0.255302544008
CC_14D8C5D0A6D8,1,0.205036924518
CC_14D96BD951F5,0,0.158001467486
CC_14DA8C11FB78,0,0.17957045981
CC_14DB5E1D5D98,1,0.118413786871
CC_14DE7F88ECAF,0,0.0943678019167
CC_14E431C022FD,0,0.110469004313
CC_14E7E49CC35A,0,0.102332402646
CC_14E85757A426,0,0.144027099164
CC_14EF468C06C3,0,0.119818919305
CC_14EFE9D0C622,0,0.174928930104
CC_14F22277282F,0,0.275991942347
CC_14F29C1B9779,0,0.284417543535
CC_14F512210907,1,0.124153277892
CC_14F7ACE7E71D,0,0.214127141814
CC_14FB2847E872,0,0.0918254993516
CC_15007A1B3A1A,1,0.794087652426
CC_15016E7FD79F,0,0.0866889542923
CC_1502C603324E,0,0.225769988041
CC_150424BF434D,0,0.887879171091
CC_1506C4D0C747,1,0.729217157372
CC_150C0908EB8E,0,0.0914181860204
CC_150FAFDD26C4,0,0.213375710294
CC_151026A162CE,0,0.107569713367
CC_151548F8F763,0,0.373539841294
CC_15176B7815C1,0,0.290953040164
CC_151775FDF291,0,0.239087897764
CC_151A78EEF961,0,0.13765401253
CC_151AC62644C3,0,0.0735568153957
CC_151C16AF3C96,0,0.132040024866
CC_151CA4926266,0,0.197834873643
CC_151D07B5EDE8,1,0.442102782896
CC_151F6E1E39C3,0,0.0869775597079
CC_1520082E455C,1,0.111268894737
CC_152146058F38,0,0.397652964114
CC_1522AE9A3E33,0,0.092847502115
CC_1522C1B38538,0,0.123163629529
CC_1526162B55A3,0,0.141337222889
CC_15278769C09F,0,0.48618133782
CC_152974F7ED65,1,0.515182843422
CC_1529AC92CD6C,0,0.15219690964
CC_152EC65D1DBB,0,0.0889254570623
CC_152EFA9A4CAC,0,0.173752719732
CC_1531143487F1,0,0.114789051589
CC_153834C5943B,0,0.198921253172
CC_153C5D731C7B,0,0.104527685968
CC_153F7361C1E0,0,0.057554036839
CC_1542920474DB,0,0.17361047783
CC_15438BF49BA7,1,0.123515365327
CC_1543BE8D6EF5,0,0.141625820162
CC_154898BDEB60,0,0.147244087206
CC_1548ED76DBB2,0,0.138521475358
CC_1548EF860FF0,1,0.463108867367
CC_1550EE71A55F,1,0.81643311803
CC_15537B4D12AA,0,0.126496954387
CC_15561A29CCCB,0,0.23453829901
CC_1556666B27B5,0,0.145590827303
CC_155925E2776D,0,0.116030875696
CC_155A8DDCE91C,0,0.0777563052639
CC_155C3C6B2949,0,0.176530700078
CC_1562BB97E9B6,0,0.0786224139434
CC_1563E7920FC8,0,0.117555610998
CC_15679FD6E2D2,0,0.148129503268
CC_156B962B815F,0,0.127361271915
CC_156BFC146C98,0,0.194541371385
CC_156CF041C682,0,0.465716867755
CC_156D0EBC4750,0,0.086081937131
CC_156DD30B9AB8,0,0.132347281553
CC_156FF50F12F4,1,0.689863512115
CC_15714FEB088F,1,0.12936398665
CC_1574DB115364,0,0.155859020511
CC_157A5AB6B67A,0,0.137686907805
CC_157ABC115170,0,0.0979677243043
CC_157C8355EF5A,0,0.0607511069766
CC_1580C832AD5A,0,0.10408954223
CC_158A7CC33DD5,0,0.120515732099
CC_1590AF97B4C7,0,0.176652814802
CC_15955B163C7E,1,0.490583961322
CC_1595C8001237,0,0.160888781667
CC_15978ABF0064,0,0.135673508394
CC_159B256C9632,0,0.101598506404
CC_159C2100C079,0,0.0901073162579
CC_159F3BB12556,0,0.187388453136
CC_159FEC6E9B52,0,0.0961784515313
CC_15A2F13E1F6D,0,0.0792013403535
CC_15A383641088,1,0.232091580404
CC_15A990EAFE5D,0,0.37910051622
CC_15AE6CF9C351,0,0.0865502055954
CC_15B18D3B3B4D,1,0.241100324895
CC_15B57ED3BEE3,0,0.291071785712
CC_15B74980B515,1,0.811815246986
CC_15B88C943A8C,0,0.0727025124711
CC_15B9064AFD6A,0,0.337520826297
CC_15BBDCBB06F7,0,0.142998414753
CC_15C4930BFA0E,0,0.0984743834398
CC_15C5F9BFCDBC,0,0.227612664949
CC_15C6EF06434B,0,0.813715698975
CC_15CED8BC2EC6,0,0.0977955136308
CC_15D28590F6DC,0,0.0308367781571
CC_15D56088FE34,0,0.153282293372
CC_15DC830D1BAF,1,0.680310588073
CC_15DD51F56CE5,0,0.69405287553
CC_15DD9B2288C8,0,0.0978838934616
CC_15DFB9D1F27B,0,0.330631296536
CC_15E02F6AEF72,0,0.0963000553068
CC_15E27BAC9F28,0,0.103641644802
CC_15E7DF8A0519,0,0.130063272307
CC_15E8B0F0AE60,0,0.133010680855
CC_15E8B982652E,0,0.147211076781
CC_15ED44B4C328,0,0.165682867735
CC_15F0CE165958,0,0.221668123838
CC_15F3E1E0A6D9,0,0.141806515738
CC_15F418CB6955,0,0.112590087636
CC_15FE430AF0D1,0,0.0702944628143
CC_15FF11F7AA40,0,0.202485783338
CC_15FFF6757B46,0,0.111052010199
CC_160B069E5047,0,0.187415207533
CC_160E4C878E81,1,0.401252628458
CC_16118DE3526B,1,0.456660688069
CC_1612DAD460E5,0,0.101860922695
CC_1613E877E51E,0,0.0933444974137
CC_1615244464D6,0,0.124430400495
CC_1615A0A4206C,1,0.52291081145
CC_1616918FFBF7,0,0.161365777896
CC_161B61D9A8D1,0,0.164220937724
CC_161BF844E46A,0,0.177288687881
CC_161CDECFA357,1,0.181163272633
CC_161E3D2ECC63,1,0.224559667113
CC_161EA775B8AC,0,0.076312345163
CC_1629A8033CF9,0,0.133088164624
CC_162B17FB0E07,0,0.157021250336
CC_16305E0E4E62,0,0.086666344082
CC_1637777CE5C6,0,0.137485933336
CC_1637AA0DAA12,0,0.0755167531045
CC_1637FAA1FD97,0,0.0677280259128
CC_16426E1A4078,0,0.1395538397
CC_164399F0E6C0,0,0.14660711463
CC_16488A381066,1,0.204725685658
CC_164A13328A5C,0,0.289043425723
CC_164C2FDF8391,0,0.10258309642
CC_1650498982DC,0,0.0865386885778
CC_1652ED284352,0,0.177330366255
CC_16571F4052B1,0,0.122577563045
CC_1658D801415A,0,0.0845850200243
CC_16600AD4CB52,1,0.436615263588
CC_16621DFA9568,0,0.0833846433008
CC_166697EC438F,0,0.100188642055
CC_1668051F67DC,0,0.885819652629
CC_1668409D7EB1,0,0.807713849783
CC_166B3E7C1B61,0,0.0889933623756
CC_166BAAB25341,0,0.148559606542
CC_16712B3316AD,0,0.250403905104
CC_16715B87F99C,0,0.351172074483
CC_16716795A691,0,0.152350124225
CC_1672E5B9D1D9,0,0.139598846294
CC_1674599D2CDC,1,0.156015057199
CC_1675F640D31C,1,0.43251136344
CC_1677D6743C94,1,0.29737197499
CC_167A9988C803,0,0.145178421694
CC_167D0F70AF34,1,0.101249128443
CC_167EDACA88E2,0,0.112496473117
CC_1681A81C49DF,0,0.0666923897042
CC_168669FF70CA,0,0.130784632654
CC_16879F9E7577,0,0.515092761011
CC_168C0B1EDD54,1,0.86557064271
CC_168E8E929122,0,0.0564658600469
CC_16903B2A7327,0,0.0854405202353
CC_16945F6B0DD8,0,0.0918313682899
CC_169C393BF5F1,0,0.318327149115
CC_169E77C2D6F8,0,0.0920743747147
CC_16A13240E770,0,0.181864531873
CC_16A4E6932E51,0,0.057186085038
CC_16A71E8A209B,0,0.149113398892
CC_16A97074835A,0,0.291292511171
CC_16A9BFCB0FD1,0,0.174105404965
CC_16AE73AC0CED,0,0.109930384047
CC_16AE75C645CB,1,0.154871903625
CC_16B3D5B5304B,0,0.706633787552
CC_16B4487FD23D,0,0.228882798745
CC_16B6A1324929,0,0.205645107314
CC_16B6A4A64D64,0,0.123277799944
CC_16BA251991EE,0,0.144765552161
CC_16C846BE0FB2,0,0.163671971857
CC_16C92F157693,0,0.545551950647
CC_16CA98BAA411,0,0.293823844586
CC_16D50D57A9A2,0,0.101778428034
CC_16DBC067D9A3,0,0.104736113207
CC_16DD0156D0DB,1,0.24664191175
CC_16DEA29018BE,1,0.220733472535
CC_16E8830C06B4,0,0.130503828049
CC_16E8AA38B55A,0,0.134840246606
CC_16F17920E91A,1,0.19690180732
CC_16F2A616CA13,0,0.159816767012
CC_16F2E2FDFD77,0,0.140920961262
CC_16F34609DD14,1,0.115289187079
CC_16F373E7DD08,0,0.343707086937
CC_16F75EAC0DFC,0,0.169682155382
CC_16FC9E95423C,0,0.0854157549847
CC_16FEAFCD937A,0,0.0838569097759
CC_16FFB848B32B,1,0.158832920385
CC_1700C32A7A71,0,0.21028562133
CC_1701B3768C4F,0,0.0936523566912
CC_1702960426E4,0,0.22238599977
CC_17084C1F9450,0,0.161104863245
CC_170AAE7B0964,0,0.112103065675
CC_170B12EDEA5D,0,0.114134276298
CC_170B3E6A63CC,0,0.0964201842074
CC_170CA7D6D22D,0,0.164961728207
CC_170E62C934B8,1,0.687105079953
CC_1714A53E4B27,0,0.251968852259
CC_171943C79BA5,0,0.184068683669
CC_171D8C127A68,0,0.0957853298114
CC_171F24AB882E,0,0.0896447552318
CC_1720643734EE,0,0.274351198413
CC_17225B628BF3,0,0.838675963407
CC_172268748503,0,0.0597394100772
CC_172BD8D3996C,0,0.146984533524
CC_172C79E2FE2E,0,0.116903528937
CC_1732E70F51F5,0,0.122902952648
CC_17398721FD38,0,0.0769861395475
CC_173CC91B0920,0,0.0446881235958
CC_173F3E334571,0,0.167074135982
CC_173FBD78A496,0,0.12594991422
CC_17442FDB4BF7,1,0.110301602583
CC_174607B3E574,0,0.127573517809
CC_17472F25E6BE,0,0.185913815604
CC_174EA3C65446,1,0.154103697355
CC_174FDDA25C07,0,0.616224843629
CC_1751F7D37BD5,0,0.0860273236593
CC_1752A6FFD1C7,0,0.11545599317
CC_175460F3F958,0,0.203876110134
CC_1758E4F1B83C,0,0.169311319333
CC_1759E0F52C2C,0,0.0998743806125
CC_175C442C6150,0,0.710469863633
CC_175F7A7F5C05,0,0.132643554763
CC_175F87337E0B,0,0.502121316196
CC_17611CF75A28,0,0.0995009663011
CC_17615FB22D2A,0,0.111415414981
CC_1766F68CFEB9,0,0.0919616844338
CC_176751E56776,0,0.263271311346
CC_1767B3BC9B6A,0,0.189321177212
CC_176C28F3FC1D,0,0.105643535368
CC_176DB922413F,0,0.15596664391
CC_1774D9FBCA20,0,0.0855052656169
CC_177BBFF9D568,0,0.119282372532
CC_177FB293E183,0,0.13709252932
CC_177FDCD0B0EB,1,0.574152565937
CC_1784BB8B5843,0,0.139112192024
CC_178BF0F4F29C,0,0.0633810151791
CC_178E0B4A32EF,0,0.0670272829084
CC_178E97E4D5B4,0,0.0831592025825
CC_1793D25D8F71,1,0.55250709957
CC_1796BEA43437,1,0.171929611522
CC_1798D1ECC7E9,1,0.205401132664
CC_1798E955180D,0,0.0943436674128
CC_179AA6EC2562,0,0.0835754479231
CC_179F891C72A6,1,0.731405563262
CC_17A19462CD3E,0,0.036641985426
CC_17A46A7E9934,0,0.253629747055
CC_17A843953F03,0,0.126066826086
CC_17ACFA78B05E,0,0.205380072998
CC_17AF4E63AE74,0,0.167868383989
CC_17B3327F2916,0,0.10177865791
CC_17B4A73BE8B4,0,0.0534305794114
CC_17B89D26AF52,0,0.146578142529
CC_17BAA7D40E29,1,0.495686936188
CC_17BBBC11D013,0,0.132405496439
CC_17BEEAE61730,0,0.0806077711045
CC_17BF75201B0D,0,0.126827994999
CC_17C7BCC5D5CD,0,0.083074471209
CC_17C8FEAFF008,0,0.0978077127751
CC_17CFE9DAFD88,0,0.175756183706
CC_17D38C9F9B68,0,0.110754614176
CC_17D668E10629,0,0.0906137857275
CC_17DA3B3F1CDE,0,0.0737271257623
CC_17E01AA535AA,0,0.0919015298757
CC_17E219996E37,0,0.291474323304
CC_17E5F0C86591,0,0.253828563112
CC_17E600262194,1,0.555786803086
CC_17E640DBDCD1,0,0.0730631376095
CC_17E70DE5F836,0,0.121354898263
CC_17EA4CC14991,0,0.0492301542068
CC_17EB4BD92215,0,0.17648637418
CC_17ECFD71BD5E,0,0.0878976063578
CC_17F5637F898F,1,0.124017376295
CC_17F93BAEF85F,0,0.138092410891
CC_17FDB57898C0,0,0.0524253619857
CC_18011AF40048,0,0.0743690203843
CC_1801B6575637,0,0.132377739402
CC_18039BFAD7A0,0,0.129361988957
CC_180CA9E5A190,1,0.777453682461
CC_180DFC2D308A,0,0.122254804676
CC_180E7DFBCD07,1,0.770405078492
CC_1812D35B9ECF,0,0.11673982333
CC_1813AFB87DD6,0,0.254265838073
CC_181586F907D3,1,0.214353543086
CC_181678E15F5E,0,0.132125280044
CC_18171AE068A9,0,0.145308196591
CC_1818710412D6,0,0.0992228982035
CC_1819C03F5E8F,0,0.112443567117
CC_1819E7B2CDCF,0,0.07974501635
CC_181A8F7944E4,0,0.398767558292
CC_181F8E1AC131,1,0.113362647187
CC_182169DF8906,0,0.14438855685
CC_1821C81ECDB8,0,0.269724209378
CC_182995DFDD2A,0,0.135125800115
CC_182CFC8D3BF4,0,0.102279205215
CC_1835A8F76E6C,0,0.143117253864
CC_1839CBB99C84,0,0.104450443476
CC_183C6E7032A6,0,0.106871173286
CC_183D79E943D0,0,0.0991540534584
CC_18419F2103AD,0,0.100509760394
CC_1844630EFED5,0,0.124661608944
CC_184943D35901,0,0.369863464638
CC_1849FC26DA7D,0,0.156763575158
CC_184DEF204BC7,0,0.298964787302
CC_185284EDB3A2,0,0.160028570646
CC_185513F1CD1D,0,0.0859375178868
CC_1855A8EBFAA4,0,0.164369626044
CC_18577D824B22,0,0.0883037551402
CC_185B8665ACB6,0,0.162015127793
CC_185D3BF329A9,0,0.118280034429
CC_18603F631913,1,0.350968880801
CC_186043FAE562,0,0.108583193611
CC_18643033753F,0,0.0971476951884
CC_1864553AEC84,1,0.138944752327
CC_1864B7C28F43,0,0.654542113934
CC_1865A113CA23,0,0.0710513610593
CC_186AE12E3511,0,0.139789555528
CC_186B2F4802CE,0,0.251908380207
CC_1872AA689A6B,1,0.848303451642
CC_187689226839,0,0.0877157386659
CC_187E4BF5011A,0,0.312236628776
CC_187F2C5850B5,0,0.0731451667184
CC_188173AAC13F,0,0.403359316509
CC_18838D77BBF0,0,0.159265886752
CC_1889834DC58E,0,0.165512705895
CC_188A4A45D422,0,0.10679394906
CC_188C09EF5644,0,0.183329834656
CC_1896E7EDF7B4,0,0.0805055810894
CC_1898F4055E7E,0,0.109895083681
CC_189924959EF2,0,0.109956326998
CC_189BD765FCF0,0,0.19423855228
CC_189F55C46D4F,0,0.182020598825
CC_18A01001B2CF,1,0.137045615539
CC_18A674FFA1A5,1,0.822795569655
CC_18A8134AA438,0,0.105404364906
CC_18B37DBC8B21,0,0.0878304364811
CC_18B7341C8C38,0,0.187760331793
CC_18B9A2844B0B,1,0.753720771
CC_18BB2CA33A88,0,0.0961323580601
CC_18C2A0FF06AD,0,0.15770830089
CC_18C562BF7AD8,0,0.153158435579
CC_18C75530CAB7,0,0.0995156000317
CC_18C7E27F15FB,0,0.0746894708732
CC_18C9329187F9,0,0.0892432215096
CC_18CDA652DCEF,0,0.161676813875
CC_18CF39CD51AC,1,0.144211447684
CC_18CFE9E3FE4F,1,0.128765683753
CC_18D7BF6DAD87,1,0.10938923195
CC_18D94C67BB11,0,0.0934161164098
CC_18DF58701249,0,0.241326528074
CC_18DF6410F3AB,0,0.261775038765
CC_18DF69A4E7BE,0,0.33926694764
CC_18DF6B69A23F,0,0.120133244238
CC_18E19182734B,0,0.120043881465
CC_18E6ADDC179B,0,0.174710169488
CC_18E9B8D4C5E7,1,0.301508326282
CC_18EB14ECD2F2,1,0.862936915154
CC_18EF14803233,0,0.260259422004
CC_18EF36E2DD0C,0,0.400275461651
CC_18F15E43D49B,0,0.601452521925
CC_18F226839EB6,1,0.490316686872
CC_18F25AE727FC,0,0.157309507998
CC_18F2B020DA16,0,0.0884610324506
CC_18F7496F38AD,0,0.515808792907
CC_18FA9E29C921,1,0.584147393243
CC_18FABCD53DDA,0,0.167770346456
CC_18FABCED87CA,0,0.109291537087
CC_190031EE9CCD,1,0.123228627029
CC_1901AA2EF4F4,1,0.451351319368
CC_190566FDAF17,1,0.45555534558
CC_190860AE04F3,0,0.1497548367
CC_19095A8EAE17,0,0.247969878525
CC_1909C3BA4229,0,0.0812954332756
CC_190C25E2B3F0,1,0.835132427578
CC_190C74F4D22F,0,0.241699452337
CC_190EC23791F6,1,0.164580846902
CC_191400E8008A,0,0.0590635359479
CC_191A151BD37C,1,0.137633294318
CC_191C506C298E,0,0.073190209919
CC_191D1A6B3186,0,0.162977047167
CC_19210DCEF0F2,0,0.0864064853743
CC_19222E2C0DB4,1,0.439378425454
CC_1922D82CDFF6,0,0.114729481923
CC_192676D72F5C,1,0.602490612697
CC_19278A207D06,0,0.142666492516
CC_192F132AB91B,1,0.173817999458
CC_1930E300C998,0,0.29347807811
CC_1931B56981D1,0,0.14166661479
CC_1934936E7CEA,0,0.0919966533412
CC_193BEEE99DA1,1,0.721096709602
CC_19424EEF1091,0,0.151703653401
CC_1945DF9D2FD4,0,0.519346124547
CC_19473D276C90,1,0.763924759211
CC_19479222395F,1,0.231086418895
CC_194959924052,0,0.0714341913935
CC_194CBA473775,1,0.552232431298
CC_19509891A8FE,0,0.333898253472
CC_1952C6D8A589,0,0.188778167015
CC_1957B79D84BB,0,0.704941150156
CC_195C743A58E5,0,0.301831671171
CC_195DC0EFA4A2,0,0.0723712551519
CC_195DDC1EEFA7,0,0.316260843979
CC_19621EA1596E,0,0.103241664175
CC_19628798B10D,0,0.142272979242
CC_196446663E5A,1,0.216454233134
CC_1964F541E7E6,0,0.451634745725
CC_1965B62D7973,0,0.0877134545163
CC_196D47CFCF9D,0,0.284455424542
CC_196E25BA62DF,0,0.201185972331
CC_196EEEEE1126,0,0.251949040748
CC_19702F70CB08,1,0.719914130012
CC_19729DCB10AC,0,0.753390224816
CC_197650EE73B4,0,0.224514706739
CC_19776B52A88A,1,0.136877675242
CC_197872381F3A,1,0.532391891862
CC_197D693D8B90,1,0.845874471934
CC_197E99BFDBC6,0,0.159154804852
CC_1980BFABDAA8,0,0.155066143419
CC_1980CB6EA740,1,0.206365266135
CC_198508A34CD2,0,0.0675061475863
CC_19890CB2946C,0,0.320120014776
CC_198AF0286910,0,0.0816989263267
CC_1992FCA287D7,0,0.0994229228768
CC_199525A68429,1,0.621016068372
CC_199652AA7F57,1,0.607598688027
CC_19990844E995,0,0.101790834374
CC_199BC1766965,0,0.587815509471
CC_199EC9028A30,0,0.111306115198
CC_19A572959439,0,0.162617356631
CC_19A69CA72B71,0,0.17018140486
CC_19A92547B654,1,0.653902119672
CC_19A95B80DF47,1,0.339942305474
CC_19AA09B0D092,1,0.629965325715
CC_19AB2A0D3CDB,0,0.126416524017
CC_19ABECA50DA5,1,0.0777816673109
CC_19AE09DAA0A5,0,0.0998726719582
CC_19B0492C9E4D,0,0.0847853835392
CC_19B5F5CC68AD,0,0.132250246182
CC_19B694093372,0,0.514645746837
CC_19B7800215DB,0,0.0999804219467
CC_19B7EFD2079F,0,0.0825206090305
CC_19B9F002B564,0,0.456014387126
CC_19BC31855A4D,1,0.155051754872
CC_19BEF65895DF,1,0.281558407139
CC_19C03AB9E718,1,0.181288622362
CC_19C3BA93974D,0,0.183923352709
CC_19C4150DC45A,0,0.863092628846
CC_19C4C0BA164B,0,0.133291239587
CC_19C5E7B45490,1,0.238643290356
CC_19C94A14E675,0,0.103375307153
CC_19C9D19187C5,0,0.311775440262
CC_19CB83CF5CFE,1,0.659742718777
CC_19CCE9B2E0DD,0,0.0808373690172
CC_19D177487556,1,0.788521068371
CC_19D227D19A46,0,0.0729609455226
CC_19D518F4E91E,0,0.18322553333
CC_19D6E65F6E34,0,0.0881127880706
CC_19D6F436786C,0,0.147293247989
CC_19D8B10CE2DC,0,0.0926691738189
CC_19D998A7AE01,0,0.126163960991
CC_19DAD7CC7D92,1,0.641912999037
CC_19E1F32DCD4A,0,0.0811518311532
CC_19E40985D140,0,0.0635502028816
CC_19E4A95AB559,0,0.0624614163955
CC_19E57654200A,0,0.430127341834
CC_19E88B987F3D,0,0.183516260011
CC_19E8A7121582,0,0.488875242636
CC_19E9BCE7AF2F,0,0.208687697083
CC_19ED71F17BDB,1,0.157702493796
CC_19EE9D69DE4D,1,0.710616366302
CC_19F62C6FDEFF,0,0.121104135339
CC_19F84E5485AC,1,0.152125956846
CC_19FAEC726A1E,0,0.0941079686849
CC_19FBCD2236A6,1,0.122083762947
CC_19FFFA2F389B,0,0.200719842325
CC_1A00C5172564,0,0.0921621172429
CC_1A082A5E9F40,0,0.145266838184
CC_1A0A733E9AC1,1,0.317364640692
CC_1A0D69EDDD9A,1,0.381868418399
CC_1A0E77F720D1,0,0.0677859564642
CC_1A0F71FDC5B5,0,0.113167339524
CC_1A0FDF12F73D,0,0.0874963713999
CC_1A14F6FD6839,0,0.0964003423774
CC_1A155FB2E32A,0,0.171244049946
CC_1A15B85CCE76,0,0.205140797957
CC_1A19554D7A5C,0,0.122707873432
CC_1A1ED6FA6023,0,0.127811212007
CC_1A21540487E4,0,0.140859594479
CC_1A229E1201B1,0,0.191965359813
CC_1A2442A96D38,1,0.764895038385
CC_1A27626F71B8,0,0.0851338860538
CC_1A28CFB1ECC2,0,0.055916268598
CC_1A2A569AD8A9,0,0.155013637717
CC_1A30A3D9882B,1,0.323390155635
CC_1A321370649A,1,0.651549712341
CC_1A327A5DCBE3,0,0.0839411093232
CC_1A339BD4EAFE,0,0.138689332797
CC_1A3537C42FB2,0,0.325803199949
CC_1A37C49DCD08,0,0.132487096637
CC_1A37D8304BA3,1,0.875711847529
CC_1A37DF2A8555,0,0.0589005197649
CC_1A3814F151A6,0,0.117711658022
CC_1A395F80789D,0,0.204162196568
CC_1A39C62C1F81,0,0.096205618474
CC_1A3BB6A0EC59,0,0.204808506417
CC_1A3CB861C858,0,0.0630033653229
CC_1A3DD09423E9,0,0.10730100855
CC_1A3E5853EB45,0,0.0714241879528
CC_1A4532065915,1,0.59365258079
CC_1A4655E2CEE9,1,0.223419246284
CC_1A4C3F45967F,0,0.0805964401299
CC_1A4C8C8CE3C2,0,0.239856213396
CC_1A4CB8B3A07E,0,0.14346516515
CC_1A4D35CA5B05,1,0.0797130883213
CC_1A4F33E80088,1,0.147430323162
CC_1A5F2FE96588,0,0.108022628179
CC_1A60016724E8,0,0.127518687519
CC_1A6585F8D1B7,0,0.125364175967
CC_1A6C270755EF,0,0.180156110811
CC_1A6DF849A4D4,0,0.0475439802351
CC_1A6E18CDE2B2,0,0.143131324993
CC_1A6E766DB8DB,0,0.10239939971
CC_1A74730D373A,1,0.314612499271
CC_1A76BCCFE926,0,0.78026771846
CC_1A7F79B4D71B,0,0.140722315535
CC_1A80F8F983EA,0,0.087669510217
CC_1A818ACAE7A1,0,0.125695291489
CC_1A81BBFCDABF,0,0.133241169328
CC_1A83FCF17BBB,0,0.0670729372723
CC_1A8655A98772,1,0.249083663038
CC_1A87F541E6C1,0,0.126341438282
CC_1A8A3B12E637,0,0.0767379610722
CC_1A8E7F2B9B30,0,0.0961046923896
CC_1A9741A39120,0,0.127323495526
CC_1A975CCE258C,0,0.3588000134
CC_1AA01D0FC096,0,0.10751436473
CC_1AA3607A3595,0,0.663551506175
CC_1AA478B47975,0,0.150106705819
CC_1AAB5E683C38,0,0.354311303133
CC_1AAFD4A3C343,0,0.0495455782441
CC_1AB2A03E7293,0,0.0915907395153
CC_1AB2BE482BA6,0,0.181046093645
CC_1AB541744EC8,0,0.112086004103
CC_1AB5C10B182A,0,0.855050834195
CC_1AB7222325D3,0,0.61217166534
CC_1AB9733B7D15,0,0.490466427283
CC_1ABAC70A45D7,0,0.13191661243
CC_1ABADE99C4D9,0,0.134303240791
CC_1ABB1B657CEF,0,0.138992736341
CC_1AC042FBB2CE,1,0.746578529172
CC_1AC1BACC7048,0,0.136184454293
CC_1AC28CC264DB,0,0.137551348239
CC_1AC7CDEFAA29,0,0.548579237657
CC_1ACB5CBA5DD7,0,0.138121632524
CC_1ACF4A50A518,0,0.0828367052265
CC_1AD1251BCEEA,0,0.136628130058
CC_1AD1FCB402D5,1,0.151915640172
CC_1AD3009DF349,0,0.218803033869
CC_1AD560D0207E,0,0.145218389901
CC_1AD7258DB0BA,1,0.189824821079
CC_1AD90D6BD8CE,1,0.692484653054
CC_1AEA3B5C9C22,0,0.31104418959
CC_1AEB8B8BA3A1,0,0.0913226704317
CC_1AEBCC6D05ED,1,0.0913432998807
CC_1AEE1FBDE3BE,0,0.0924438599592
CC_1AEEF4407871,0,0.176164326849
CC_1AEFB16FC4F3,0,0.145396249235
CC_1AF286009C42,1,0.787661723376
CC_1AF2E34ECA49,0,0.0888612121832
CC_1AF3050772E3,0,0.0896431731211
CC_1AF5AFB8B96D,0,0.231375344577
CC_1AF6C6526D8B,0,0.165417527278
CC_1AF9DBF012A7,0,0.139336681451
CC_1B04FD2B0280,0,0.117897402365
CC_1B0974469CBE,0,0.0919105382893
CC_1B127DB9A215,0,0.635572122953
CC_1B13477CEE1A,1,0.92695434848
CC_1B13CDD1396A,0,0.102773019752
CC_1B17F295EAD2,0,0.116219442923
CC_1B1BD4A6C87D,0,0.124889856006
CC_1B1F445D0EDF,0,0.275252496244
CC_1B22D7B69AA7,0,0.152313009014
CC_1B268DB2154D,0,0.279965857513
CC_1B2F05DBDA17,0,0.146083583163
CC_1B2FE79E1A8B,0,0.48504011301
CC_1B30BDAB93A8,0,0.30403946006
CC_1B30E4FE38F9,1,0.151131195657
CC_1B323878CA09,0,0.603996572597
CC_1B3636E27BC9,0,0.100488398668
CC_1B378328B60A,1,0.172398395199
CC_1B384762E333,0,0.154605003015
CC_1B38B2E06884,0,0.0861803569624
CC_1B3DD9F84C03,0,0.208667229258
CC_1B413C6DD25A,0,0.0662259069664
CC_1B42056A8516,1,0.780956032029
CC_1B425FC7CA76,0,0.180675054649
CC_1B4535794A2E,0,0.154204743916
CC_1B463542895D,0,0.132219736942
CC_1B47A8ECDC57,0,0.126586373317
CC_1B48B416A9CB,0,0.124171388668
CC_1B4A4FE210A1,0,0.108433286906
CC_1B4A7DBF169E,0,0.0990669086106
CC_1B4BE3C64DCF,0,0.147928451863
CC_1B4DA480F7E1,1,0.176649384339
CC_1B4F584028D7,0,0.0847626431924
CC_1B568727E99C,1,0.0929293420396
CC_1B5794AF5C2F,0,0.138259582615
CC_1B6862AC0435,0,0.11033585859
CC_1B695110CF89,0,0.133911938536
CC_1B6A856AC22C,0,0.118545641943
CC_1B6AADFAAE15,0,0.147677558928
CC_1B6CE934C040,0,0.294943767797
CC_1B6D0D356C2A,0,0.0767349082503
CC_1B6EBAA837D7,0,0.101625714374
CC_1B722BCA9A0F,0,0.776741200833
CC_1B769D8D3C93,1,0.136419062643
CC_1B7A6D84C360,0,0.123019200774
CC_1B7AD26997BF,0,0.105325947414
CC_1B7ADDC8C3DE,1,0.797015883128
CC_1B7F1C614873,1,0.292487922943
CC_1B835A381DD4,1,0.371181374269
CC_1B846908040A,0,0.0802575598038
CC_1B85631B1B85,1,0.286185457423
CC_1B86DB009EC5,1,0.185834283614
CC_1B8B73228B49,0,0.138357959302
CC_1B90A730E2E7,1,0.695334721894
CC_1B92A804231B,0,0.403863706324
CC_1B96D8A25FEF,0,0.168781492718
CC_1B9AD019D70E,0,0.134842831173
CC_1B9E47550A76,0,0.128506503134
CC_1B9F3FD1DCC3,0,0.923961388684
CC_1BA222D37C26,0,0.142247376202
CC_1BA2A29E4099,0,0.0741829220325
CC_1BA612C5D39D,0,0.296330694604
CC_1BA637DC935A,0,0.0855406203391
CC_1BA66F88C2BA,0,0.306581693838
CC_1BA858969003,0,0.0949091848807
CC_1BAD0EDDDABA,1,0.349356518637
CC_1BAD5E25B4A6,0,0.158580941363
CC_1BAE0B0129B7,0,0.114121273046
CC_1BB0FD0704CC,0,0.0926327653572
CC_1BB30873D598,1,0.108428263969
CC_1BB3AB7778FD,0,0.0701343465579
CC_1BB64A789734,1,0.366395574902
CC_1BB88A31A302,1,0.149161624571
CC_1BB8E65BDB1D,0,0.241819537202
CC_1BC199896CE6,0,0.0817578138245
CC_1BC1BFC055D7,0,0.0536005135501
CC_1BC7927C384D,1,0.663174406695
CC_1BCFD6400922,0,0.159763947971
CC_1BCFDAABBD5A,0,0.255318740237
CC_1BD0D966EABF,0,0.0942164517138
CC_1BD1CBB5F6B6,0,0.556496913778
CC_1BD230EEDEE1,0,0.0802486230721
CC_1BD29429A8BA,1,0.361864519648
CC_1BD6A6415128,1,0.7366426028
CC_1BD8C067AC00,0,0.101377439656
CC_1BE17818B073,0,0.201397018635
CC_1BE9AD4129A7,0,0.124482104855
CC_1BF52E3D356E,0,0.153483561099
CC_1BFA9894914A,0,0.116653645832
CC_1BFCECB55762,0,0.107569366807
CC_1BFD67B0F3EB,0,0.199016663567
CC_1C016356ADF8,0,0.109606424094
CC_1C0169FCC6D8,0,0.0829696195222
CC_1C04BACB4AA0,0,0.135010998508
CC_1C0E6587E3D0,0,0.254741735881
CC_1C12FAA2B9DE,0,0.15796913951
CC_1C142DF36125,0,0.111316505173
CC_1C14CB6FC1EB,0,0.0898720337322
CC_1C150063B6A2,0,0.075783931713
CC_1C1627043062,1,0.113068679161
CC_1C19AEAD7B89,0,0.268603588506
CC_1C232A60EC54,1,0.856145071381
CC_1C29F3B91939,0,0.0951480578169
CC_1C2FD2977E7D,0,0.119406313317
CC_1C2FE73AA7C7,0,0.126198527989
CC_1C33E54AB478,1,0.173112771023
CC_1C38241C0879,0,0.178656656823
CC_1C38D5C69825,0,0.659901475221
CC_1C3D0DEB54AE,0,0.119934513145
CC_1C3D3D5E53D5,0,0.159773017931
CC_1C45A75657AC,1,0.246974502088
CC_1C4645874705,0,0.220606749047
CC_1C467B0A856A,0,0.184585160966
CC_1C47CB284724,0,0.355836866071
CC_1C48FAAE9DBA,0,0.406991433052
CC_1C498EEA29A3,1,0.233461037999
CC_1C49DBD4DE22,0,0.109055273148
CC_1C4D52A9781B,0,0.0681839889397
CC_1C4E81F63954,1,0.178011405904
CC_1C5201138AB8,0,0.0788524508959
CC_1C55455A28E9,0,0.0998073434145
CC_1C5D53BA1D5D,0,0.50903978862
CC_1C5DCE83EF8B,0,0.179295836381
CC_1C5E4AB957B1,1,0.131437492582
CC_1C5EF260F105,0,0.118200925234
CC_1C648EB2BDFE,0,0.0764691665569
CC_1C693DC59C67,0,0.309842922808
CC_1C699D6061FF,0,0.271064135228
CC_1C6CB44F621F,0,0.161927172937
CC_1C711833A2CE,0,0.206200631772
CC_1C71475ADF47,0,0.0765479721963
CC_1C71F8A0D7DA,0,0.557099325291
CC_1C726E01A768,0,0.107715700557
CC_1C74128FB540,1,0.107451445966
CC_1C750887B0FA,1,0.110487940645
CC_1C7598ADAC2B,0,0.0992824332402
CC_1C77F22D252A,1,0.161426340907
CC_1C785B7D692C,1,0.45907613971
CC_1C7968C9CBF6,0,0.247914657537
CC_1C7A7F35636A,0,0.161979798069
CC_1C7B7D263071,0,0.485121455506
CC_1C7CFB9C25CC,0,0.0991983807025
CC_1C7F040309D5,0,0.153499119774
CC_1C803EF71320,1,0.179812859766
CC_1C8788FEAB14,0,0.130837378849
CC_1C923ABC4A40,0,0.238808501571
CC_1C927DBF5664,0,0.377721076875
CC_1C968B940C27,1,0.29746320353
CC_1C97C4D04EE7,1,0.516168017036
CC_1CA75BDAB19B,0,0.0987946677476
CC_1CB0F472D3E3,0,0.19624076826
CC_1CB1ABE71447,0,0.144293308
CC_1CB640F04905,1,0.855404484707
CC_1CB9CC14D541,0,0.104567078463
CC_1CBDA6932297,0,0.0836264885604
CC_1CC02E6B2BC0,0,0.109086566991
CC_1CC05ED757CF,0,0.150488863342
CC_1CC1688EF86F,0,0.111618776222
CC_1CC24CCD8EA6,0,0.0861244850175
CC_1CC31FC9F17E,0,0.0849389177019
CC_1CC3724C6A73,0,0.118633739242
CC_1CC6FE2943F5,0,0.0694788400285
CC_1CC955DF4261,0,0.647237256949
CC_1CCC6521B703,0,0.083684256771
CC_1CCDB066409A,0,0.308219155904
CC_1CCE5774C4C3,0,0.11068163864
CC_1CD04E1A9A19,0,0.120391011408
CC_1CD1955096B6,0,0.0785388910507
CC_1CD484908C24,0,0.0822378394828
CC_1CD58E605B6A,1,0.0533458539391
CC_1CD782D4E88C,0,0.542074898083
CC_1CDD67E741A8,0,0.12147555873
CC_1CDE2D8DA412,0,0.0880600217763
CC_1CE15C1420C9,0,0.401230224773
CC_1CE21D890D14,0,0.322740017161
CC_1CE3018B8C4A,0,0.104997860637
CC_1CE3C07F7287,0,0.0959855279163
CC_1CE710C3EDB3,0,0.185876894189
CC_1CE7F1BC2490,0,0.097358113492
CC_1CE94D699AC4,0,0.117199457627
CC_1CE968B29D10,0,0.131753179488
CC_1CED28E9E20C,0,0.0876607576782
CC_1CEF5BB9E012,0,0.110264938887
CC_1CF39E31CC06,1,0.426598784136
CC_1CF3D6C5549C,0,0.675487621506
CC_1CFAA25E3CC3,1,0.717697859833
CC_1CFAB816C524,0,0.114007766629
CC_1CFBF4621147,0,0.214220633638
CC_1CFD3C8EAE56,0,0.177405673377
CC_1D036D48AC84,1,0.135575765595
CC_1D0403EB76DE,0,0.147199292002
CC_1D0CCCD3B459,0,0.0923468429553
CC_1D1004C36A9B,1,0.6888416749
CC_1D105FFF04C6,0,0.0666854765393
CC_1D1206457A72,0,0.0797370946729
CC_1D14F52EB1D8,0,0.09468172468
CC_1D18C4F1B7E2,0,0.227895506148
CC_1D1A2CB32C58,0,0.148185623549
CC_1D1B1409BFA5,1,0.0865369188442
CC_1D1D14F1F3BC,0,0.253945318103
CC_1D1E836A1BAD,0,0.0727702166346
CC_1D1EAABD0A63,0,0.124474198866
CC_1D21349FBB77,0,0.0822800181573
CC_1D23C697E3C6,0,0.0745163842409
CC_1D352DB4EA39,1,0.394208536298
CC_1D373F122292,0,0.0671769122385
CC_1D37F7CFF4EC,0,0.121608810583
CC_1D387E4ACF08,0,0.0880835031283
CC_1D3F692CD3BC,0,0.149148521259
CC_1D407FE368F7,1,0.672176572376
CC_1D43D00A839A,0,0.0827977743704
CC_1D44240E3D65,0,0.0874506473795
CC_1D46114660FD,0,0.132295342983
CC_1D4616E35636,0,0.607438338138
CC_1D4B5C026CDE,1,0.885459771814
CC_1D4E2B4265A1,0,0.0680075911428
CC_1D4EFF51B62E,0,0.0918102672477
CC_1D4FE8935550,0,0.107558397975
CC_1D511179C7B8,0,0.109507515417
CC_1D5300A74CDF,0,0.151994676064
CC_1D54348DD64A,0,0.147882444624
CC_1D55F1A20186,0,0.66830850254
CC_1D5A2B7C949A,0,0.0939710129589
CC_1D5C4175E1EC,0,0.106521689378
CC_1D634E45B711,0,0.798386454911
CC_1D66C464D3C5,1,0.764980723398
CC_1D6C0CB5A912,0,0.091620126531
CC_1D706DB9372A,1,0.141468393059
CC_1D70D9F366ED,0,0.0806720573706
CC_1D748F14D8DC,0,0.152414882943
CC_1D750B7BDBC0,1,0.681854391945
CC_1D7A0254D9BC,0,0.102914686222
CC_1D7BB18CCB0E,1,0.760501186759
CC_1D7C63A1B30B,0,0.720264573401
CC_1D7D2DA61007,1,0.785469903726
CC_1D7D635F85DA,0,0.139846820629
CC_1D7EBDCD6664,0,0.251093769151
CC_1D7F3F0425E5,0,0.181723400471
CC_1D8739DCE2DF,0,0.0498608531397
CC_1D8B8D927F9D,0,0.0821699165072
CC_1D8CDF8395D9,1,0.304662945337
CC_1D8F0E48DE0F,0,0.0645508499925
CC_1D93427FA492,0,0.107254417922
CC_1D953F67D7E7,0,0.127210315701
CC_1D95D3BFED21,1,0.0914728259606
CC_1D9A5DFA8A67,0,0.13611489118
CC_1D9ADEF0082B,0,0.162884461753
CC_1D9AE24E86D2,0,0.123449501312
CC_1D9DBCE66B8E,0,0.820283550407
CC_1D9DD0D68440,0,0.0654865798997
CC_1D9FD8410D50,0,0.09657425705
CC_1DA16283D8B8,0,0.163347026794
CC_1DA42218836B,0,0.0915113076239
CC_1DA524CA3694,0,0.223951455584
CC_1DA68D6D714C,0,0.352556980299
CC_1DAA787C3141,1,0.16134242365
CC_1DABA317BDC8,1,0.157731483989
CC_1DAC4A52F0DF,0,0.121746360099
CC_1DB039FB4B48,0,0.11076368936
CC_1DB10E053F44,1,0.103101055345
CC_1DB13AECCA12,0,0.119144045178
CC_1DB1848BD5DB,0,0.114594813633
CC_1DB22C2AA2EA,0,0.148011120609
CC_1DB3B9138C36,1,0.71864496459
CC_1DB3F481708F,0,0.0930640080603
CC_1DB5708714DC,0,0.080926591872
CC_1DB9E13DC43D,1,0.185342265774
CC_1DC02C3F3709,0,0.591480086721
CC_1DC1F2138AC7,0,0.0886911205309
CC_1DC25DB67146,0,0.0870109496018
CC_1DC6B579623B,1,0.0882464089244
CC_1DC9FC153C88,1,0.189218361744
CC_1DCA2E01452C,0,0.116672469701
CC_1DCD4E3872B1,1,0.319906517973
CC_1DD4D10355DA,0,0.0725081051562
CC_1DD99731DC9A,0,0.127694286368
CC_1DD9AB375289,0,0.233583968189
CC_1DDA9C8B0BEB,0,0.103149732257
CC_1DDB1B3F56E5,0,0.19695239056
CC_1DDC5C8B90A1,0,0.10317986522
CC_1DE868463EE2,0,0.130105483655
CC_1DE96AACCA07,0,0.0527382130476
CC_1DEC251037C4,0,0.110481533998
CC_1DED2B19B84A,0,0.22394947771
CC_1DF38CFD45EC,0,0.168059996672
CC_1DF43A4F53FA,0,0.165468538691
CC_1DF49A358390,0,0.187980599258
CC_1DF629D5FB45,0,0.187459136352
CC_1DFC79E4B025,0,0.0748087696297
CC_1E09EC255525,0,0.113922080967
CC_1E0A10C84B02,1,0.149958978571
CC_1E0BB8D9AEDC,0,0.0844743828474
CC_1E0D4B42B5BE,0,0.0814560359008
CC_1E0DF34EEB9A,0,0.174091254791
CC_1E0FD8D67C2C,0,0.0700625509598
CC_1E1319C33263,0,0.334484654687
CC_1E147AD49AC2,0,0.648527681412
CC_1E1563775447,1,0.217467751288
CC_1E15E789530D,0,0.119314154691
CC_1E193B1E4F73,1,0.101727581966
CC_1E1A7F3990E1,0,0.0985547546501
CC_1E25053EA6C0,0,0.151911038075
CC_1E2807FE382F,0,0.574558209564
CC_1E28B8BF4E7D,1,0.211131745585
CC_1E3139CFD4E6,0,0.0833940637164
CC_1E3344F5961E,0,0.132007801555
CC_1E37B7DF9AA1,0,0.553709979732
CC_1E38A8428345,0,0.17857044425
CC_1E3D47C998B0,1,0.659368211131
CC_1E3E913D3F6B,1,0.104982402885
CC_1E407FC46083,1,0.192428993031
CC_1E434148148A,0,0.100345666245
CC_1E437F2441EB,0,0.151945082144
CC_1E47AC0BF7A8,1,0.293277630648
CC_1E4CE5C0304F,1,0.255292983636
CC_1E4E51663CEA,0,0.0862042070117
CC_1E4FD79B23FD,0,0.126017518258
CC_1E557BAD34EB,1,0.808502020085
CC_1E5AF197EDD2,0,0.165839279706
CC_1E5C9A7E1C5F,0,0.101885713197
CC_1E5F1A391B5E,0,0.16279406442
CC_1E6123D8681F,1,0.1682775542
CC_1E61A3F050D8,0,0.27905263355
CC_1E6295101525,0,0.0886003350048
CC_1E65FA977578,0,0.129287992173
CC_1E67D2F178ED,0,0.263972820917
CC_1E689D3FB63A,1,0.303968412555
CC_1E6B983E8BBB,0,0.0973646190548
CC_1E6D91C8A738,1,0.757443586546
CC_1E6EFDF16442,1,0.916201549705
CC_1E72406B5D4A,0,0.52889719842
CC_1E73573DD99E,0,0.718236301782
CC_1E7DA7CA5D1D,1,0.118870071416
CC_1E7F2BE48184,0,0.154506247921
CC_1E806FAFA344,0,0.121830839791
CC_1E808AD36DB7,0,0.727583309496
CC_1E80B20DC38F,0,0.0804945912482
CC_1E813510217F,0,0.143741045588
CC_1E82E6604B6A,0,0.102652875298
CC_1E85811D458A,0,0.639602224531
CC_1E8685B6E519,0,0.14412934172
CC_1E8A54431BE9,1,0.142595596331
CC_1E8AD307DB07,0,0.231050791222
CC_1E8D1639DDA6,0,0.106852167423
CC_1E926941D88C,0,0.248504332387
CC_1E9275410F48,1,0.115982649386
CC_1E93645AF89B,0,0.108196691233
CC_1E93B9573B12,0,0.142034902888
CC_1E95FC262FAE,0,0.119087405752
CC_1E9C3AD36E86,0,0.104114453438
CC_1E9F9C201555,0,0.0620545950146
CC_1EA93A002EF1,0,0.133583467246
CC_1EAB6A01C7CF,0,0.14797067414
CC_1EAD91974876,0,0.202359142282
CC_1EAFF0DA3CBF,1,0.448484889158
CC_1EB6D069D939,0,0.0806656735669
CC_1EBAA8FCC27C,0,0.119084560301
CC_1EBC79B8BEA6,0,0.110646406635
CC_1EC32911B378,0,0.176537700712
CC_1EC418951EBA,1,0.230901010111
CC_1ECCA97D8C88,0,0.0407580132587
CC_1ED067600D1D,0,0.134062859238
CC_1ED0B593EBC3,0,0.0925090758434
CC_1ED3534362AC,0,0.150520099279
CC_1EDAFDD3ADFF,0,0.11869980596
CC_1EDFD1A3E2F4,0,0.092902881577
CC_1EE243950A56,0,0.11146630321
CC_1EE58509238F,0,0.160292879082
CC_1EE80EBCE992,0,0.235549544402
CC_1EECF367D8A2,0,0.0989292489119
CC_1EF278ECBC1E,1,0.241469885232
CC_1EF50597EDDF,1,0.343795759437
CC_1EF65D591A9F,1,0.21575284857
CC_1EF7190D0507,0,0.157315109637
CC_1EF9A1E02505,0,0.160034405573
CC_1EFD12935CAB,0,0.128078722951
CC_1EFF2FE7356F,1,0.519155068959
CC_1F02F0D99D56,0,0.102275574222
CC_1F05008C630B,0,0.0439062295121
CC_1F0627CDC5F6,1,0.547576496174
CC_1F0E9076D5A1,0,0.114359352263
CC_1F10F2A71CBA,0,0.437175737304
CC_1F125DEF3CA6,1,0.18407807098
CC_1F13A20A085E,0,0.124938727206
CC_1F1409EB933A,0,0.36000012347
CC_1F149F24400D,0,0.100744668297
CC_1F1EA99CDBAD,0,0.304395833788
CC_1F1EEE7C60CC,1,0.0857183489103
CC_1F20615C8B10,0,0.0978697368667
CC_1F2282F5E1F4,1,0.13548740041
CC_1F29D0D50AC5,0,0.0930893499379
CC_1F2CBC0CAB9C,0,0.0760966718324
CC_1F2E1F86776A,0,0.102068648029
CC_1F2FCBDF6C9D,0,0.0678879750108
CC_1F31B43978DB,1,0.194365437735
CC_1F320C1EA775,0,0.112029561336
CC_1F32803A8234,0,0.195094635258
CC_1F34BC9CECE7,0,0.122917007175
CC_1F3AC04E1E2B,0,0.116440461064
CC_1F3BD7D676E0,0,0.089893955789
CC_1F3DABD38A88,0,0.100385977567
CC_1F3DAD24490F,0,0.107505647061
CC_1F3FE5B0C9F4,0,0.187948439641
CC_1F4FE890B9C5,0,0.0680513099911
CC_1F5104DDB35A,0,0.196878291092
CC_1F5591A8FA36,0,0.100545779937
CC_1F59C5440ED5,0,0.111710120811
CC_1F5AC0E2FD12,0,0.254604529829
CC_1F5AD1253061,0,0.0975963059179
CC_1F5BB3599FBA,0,0.126128031919
CC_1F5CAF3540B2,0,0.186457492878
CC_1F5CE5DD38B6,0,0.226090055813
CC_1F5DD044DE88,0,0.137905835331
CC_1F5FFA5C92EC,1,0.0959697521215
CC_1F6D542ED5E8,0,0.0768616353747
CC_1F767493A6A2,0,0.11900275369
CC_1F77F9C9362D,0,0.162146107992
CC_1F7B619D5B4F,1,0.114551018958
CC_1F7E78540FFB,0,0.132462774777
CC_1F8217E9944D,0,0.121273991662
CC_1F8476D620F0,0,0.0886155740654
CC_1F85F7109574,0,0.119204180907
CC_1F8A1B7DCDFE,0,0.168058031264
CC_1F8D339D00F9,0,0.0808259745502
CC_1F8D43E83127,0,0.0390223732084
CC_1F8DE772840D,0,0.0847150669833
CC_1F8FEC34A35E,0,0.0763622269645
CC_1F917CF161A5,1,0.778135940128
CC_1F92C1B2AF36,0,0.0942303960349
CC_1F9490050C3D,1,0.305862346705
CC_1F962DF932F6,0,0.078474644899
CC_1F9846333ED9,0,0.129701820908
CC_1F987A174E09,0,0.0955156722983
CC_1F99161DD3B3,0,0.0924918679835
CC_1F9C08A298EC,0,0.098120260077
CC_1F9F9D8F0DD9,0,0.157304004799
CC_1F9FAD0B9203,0,0.106238392651
CC_1FA2F2F2B3A0,1,0.562296513191
CC_1FA3E8AC2541,0,0.285311251345
CC_1FA8DA3407FC,0,0.0776113181829
CC_1FA955880003,0,0.114289721
CC_1FAB80D863C5,0,0.144029755619
CC_1FABEA2A58D2,1,0.701399111754
CC_1FAFA931DB26,0,0.123209136283
CC_1FAFE3FE0C60,0,0.121068563936
CC_1FB1F1B80F73,0,0.0996381615856
CC_1FB3725D2DD8,1,0.821961628452
CC_1FB3920ED9D5,0,0.129166796772
CC_1FB797C72F4C,0,0.124468141607
CC_1FB7DC324B94,0,0.0799203419805
CC_1FB8192057C2,0,0.0624881674852
CC_1FB89F59EDD7,0,0.156552775313
CC_1FB9321E859C,0,0.117188419864
CC_1FBD050A2F39,0,0.112470492376
CC_1FBDF2579162,0,0.0839092428222
CC_1FC7125949E2,0,0.0876170277135
CC_1FCB0FC5F00A,0,0.113080282765
CC_1FD0368A2FFB,0,0.168112115839
CC_1FD5AC7FC5A5,0,0.0603461746703
CC_1FD616389FA1,0,0.0553087319058
CC_1FD781CACEC3,0,0.0705341843403
CC_1FD7E0D834DD,0,0.0899378361045
CC_1FDAC10C295A,0,0.102234347223
CC_1FDB151460FB,1,0.176944071612
CC_1FDE6C0676DC,0,0.0923799197324
CC_1FDF20B0FAD4,0,0.12614174397
CC_1FE1E8319E6B,0,0.114897774299
CC_1FE4E5750A66,0,0.0888783679074
CC_1FE8C2CADEAC,0,0.201386077445
CC_1FE92B0D645A,0,0.103320674711
CC_1FE968215AEA,1,0.540346234586
CC_1FE99D0E97F5,0,0.188964295162
CC_1FEA6E1495F8,0,0.080295480992
CC_1FEB4570D7F1,0,0.458615895719
CC_1FEF5F2CDEC3,0,0.092680374594
CC_1FF076F0467E,0,0.231784430335
CC_1FF292C75CEC,1,0.903640804492
CC_1FF31863DCE1,0,0.59673391225
CC_1FF4FFD4CDBC,0,0.0936654052676
CC_1FFBE04350DF,0,0.163153687632
CC_1FFD95DFC8E9,0,0.101254698477
CC_1FFE0E84D36A,0,0.136122758416
CC_1FFE714FBD2C,0,0.283739330907
CC_200032C54822,0,0.114145905534
CC_20019BC8FE80,0,0.137738782249
CC_2008DF550109,0,0.0462885481121
CC_20099356CE1F,0,0.0374090509637
CC_200D84BC64D8,0,0.0656175732719
CC_200EF2088D3D,0,0.124625644639
CC_200F3BBE385C,0,0.130746784399
CC_2014DB713299,0,0.104290446395
CC_2017EB7EA158,0,0.0857055880445
CC_201DF9E6B716,0,0.117842545926
CC_202271FA045F,1,0.420811515336
CC_2023AF0ABF64,0,0.326139744779
CC_2026A3E3C1BE,1,0.0696288234453
CC_2028BCB30486,0,0.0599943563582
CC_2028BDCE02E2,0,0.112024681969
CC_2028DD9EC4B2,0,0.0974636691211
CC_202C46691B4C,0,0.201085657017
CC_202ECAB5E84B,1,0.182219863078
CC_20303CC1E1F8,0,0.140878793893
CC_2031148E8CA1,1,0.213223071665
CC_20378CA3C370,0,0.139659385023
CC_203A83262DDD,0,0.0723074748764
CC_20409D70102E,0,0.0833759227223
CC_2041C9E487C3,0,0.129154795317
CC_204A49EEC5D9,0,0.0409145755875
CC_204B66ECD9A7,0,0.116903598931
CC_204B8B819330,0,0.0993469343141
CC_204BE6BFD249,0,0.151153082774
CC_2057AD62988E,0,0.236479931506
CC_205B58F43C8C,0,0.0818371743229
CC_205C1A2DE4D8,0,0.17448291273
CC_205DA36FD8D6,0,0.0851488201273
CC_205E92D88AAE,1,0.132958960326
CC_205FB9359E63,0,0.322374741024
CC_205FE05E1292,0,0.863809438486
CC_2062A498D749,1,0.209321624591
CC_20630566D53E,1,0.761017837874
CC_2063E0E306C5,1,0.813987073614
CC_2064B7328F7B,0,0.118261910443
CC_206652B1A41C,0,0.174877137102
CC_20669136053A,1,0.196291129629
CC_2068E5F2D8B2,0,0.090528873448
CC_206EBE676C8C,1,0.745103140793
CC_206F97C70905,0,0.164390873822
CC_20721922173C,0,0.256362771308
CC_20764086BF21,0,0.110032196616
CC_20780D975D9A,1,0.272534077414
CC_2079F44E7E55,0,0.14820270749
CC_207B338F0553,0,0.157726682326
CC_207E090B1906,0,0.0928514203346
CC_20807031E815,0,0.094039445137
CC_20838473746C,0,0.137764101348
CC_20891E5B3E3D,0,0.122192288765
CC_208955DF9998,0,0.150582928728
CC_2089DCD66FAF,0,0.0788228317889
CC_208C54728372,0,0.072304248162
CC_208CC01F03EA,0,0.107614875527
CC_208E10957E07,0,0.0948420047075
CC_208ECBDFA861,0,0.121577729322
CC_2094211C837E,0,0.0990223225103
CC_209A6A3504F1,0,0.119740997268
CC_209DB4316B07,0,0.104405016359
CC_209DFC9AD1D0,0,0.0919075508849
CC_209FBC9C01E3,0,0.141737385372
CC_20A3937D5C27,0,0.309178113046
CC_20A7C39942DD,0,0.118674722622
CC_20A7CEB6C06D,0,0.138211276229
CC_20A81A33F0CE,0,0.0987898734536
CC_20A82C27D7CD,1,0.383701919686
CC_20A937AA66AD,0,0.10758996283
CC_20A9DD565105,0,0.585142895695
CC_20AF6B29EB50,0,0.0678259603917
CC_20B68F536BCD,0,0.179849125745
CC_20B9BBCB44F8,0,0.357248217491
CC_20BB38933A1E,0,0.216672610477
CC_20BC64C53D32,0,0.0909204589333
CC_20BD1AB1A5C0,0,0.0904580719113
CC_20C5B222E13F,0,0.224210299261
CC_20C6424F9F29,0,0.129531347142
CC_20C81144A8B9,0,0.145889322613
CC_20CC3AC49BAE,0,0.204213992753
CC_20CDF4280350,0,0.0635513184398
CC_20D0863B2D98,0,0.08236783871
CC_20D31679748B,0,0.157317647657
CC_20D52A0D8C45,0,0.134676447152
CC_20D55E5D2E23,1,0.386977994783
CC_20DCA7201985,0,0.0968836402158
CC_20E9A35E2A3C,0,0.125284895318
CC_20EBDF15BEDC,1,0.71813344752
CC_20EC737AA677,0,0.285471317146
CC_20ED65E842C2,0,0.791802672616
CC_20EEAA6337A9,0,0.111795829461
CC_20EEE4DC1CA3,0,0.0838561225268
CC_20F1EF98C18A,1,0.254453533092
CC_20F278DD6E93,0,0.207470902874
CC_20F5392A5A43,1,0.262472927301
CC_20F53E719796,0,0.093700750839
CC_20F5A5512CB3,0,0.0864941436919
CC_20F8FCCE1271,0,0.0888854526297
CC_20FB74800048,0,0.0863990688172
CC_20FC0CA55216,0,0.12450096381
CC_20FD5BD6BF94,1,0.0930144862165
CC_20FDF7D6ADCD,0,0.0485978574294
CC_20FF7A58F2BA,0,0.168416406819
CC_2103EB67FBE1,0,0.500559262544
CC_2107826FF69A,0,0.137608473194
CC_210D680D34D8,0,0.174856205868
CC_210E413FB570,0,0.18267853417
CC_210E61930CEA,0,0.0962350822647
CC_210ED3E18ECD,0,0.0910704770097
CC_2110C6A03D5B,0,0.433649180588
CC_21180ECF44C8,1,0.0933572398525
CC_2118101018F2,0,0.10734446579
CC_2118A787AD98,1,0.639558288643
CC_211D25A5026D,0,0.129935798177
CC_2122AFAAF6BF,0,0.0910269945975
CC_21251EACBABC,0,0.310054403962
CC_21264740E8AA,0,0.161887144633
CC_212850705C79,0,0.224697647643
CC_21288F20AB5C,0,0.0911936336732
CC_212AC06C4124,0,0.0895017314367
CC_212EF0198A98,0,0.0871393235022
CC_212F0F692558,0,0.169884124805
CC_212F29739D3A,0,0.25461012243
CC_2131E03A042B,0,0.0631209260619
CC_21324F188B33,0,0.129151968995
CC_2137EC819214,1,0.596264904587
CC_213AE4C7862C,0,0.169925144636
CC_213EFAA494B8,0,0.285438422881
CC_214312AE40D7,0,0.163198823584
CC_2143E4A4204E,0,0.26137608213
CC_2144853CCB49,0,0.148837572842
CC_21454CC601DF,0,0.0755907743838
CC_2148AA887D2A,1,0.137809592059
CC_2149B7281185,0,0.0930691120704
CC_214B722F696C,0,0.0916916946057
CC_214DB932FE6A,0,0.213348454489
CC_214FA8638337,0,0.121826795119
CC_214FE751427E,0,0.108876308449
CC_21500B512B05,0,0.0898209846614
CC_2152AACD0C46,0,0.112076276327
CC_2155AF9779AF,0,0.0972900946581
CC_2156A617F0CB,0,0.0850386526711
CC_2156B4F4B46F,0,0.100340360991
CC_2157678F4B81,1,0.800282526116
CC_2159E74C0CBA,0,0.0870477285951
CC_215BD55D5B15,0,0.182038614973
CC_2163123B26E7,0,0.201839488533
CC_2163CC007344,0,0.340513379056
CC_2164687A4160,0,0.0789212497489
CC_216B1FCCF4DC,1,0.433422689392
CC_216B785BAD1D,0,0.0750411409134
CC_217039EC9749,0,0.0920171758876
CC_2170D755211F,0,0.206969158685
CC_21711D263CE9,1,0.794359983546
CC_21726471C375,0,0.0905620842203
CC_217282C45B59,0,0.395112585271
CC_21728C314286,1,0.496343482863
CC_21733FBFBDBE,0,0.155605402584
CC_21780BC92080,1,0.395885721409
CC_2179A9EDE528,1,0.810967584129
CC_217AB78E7236,0,0.0945724268629
CC_217B65E406C7,0,0.150723314351
CC_217CC63BAA6C,1,0.085102966998
CC_21838C358A6C,0,0.0862418431926
CC_21851636675A,0,0.0835749414319
CC_21855559D132,1,0.143495518794
CC_218DC9395EF2,0,0.154636108639
CC_219269B49CB3,0,0.128073925764
CC_21926F47C351,1,0.123064531974
CC_2195CE065C66,1,0.253631664922
CC_21965020AD4A,0,0.0445179894959
CC_219AC744A11E,0,0.606515847444
CC_219C9D7DF815,0,0.121050922784
CC_219CE7495255,0,0.0661950064692
CC_219DED6350D0,0,0.143946960152
CC_21A3351FE1AE,0,0.180953459515
CC_21A546DEC374,0,0.131558821068
CC_21A5D239CDE9,0,0.0784227549884
CC_21A6D9D4FDB1,0,0.0791828442568
CC_21A89649CCF5,1,0.323289810517
CC_21A896B80CFE,0,0.0829358917898
CC_21AA779A5D8A,0,0.105853825425
CC_21ADE6707187,0,0.0938508588431
CC_21B13505C938,0,0.0804524970527
CC_21B3ED21813C,0,0.0962200012749
CC_21B653FB16D2,0,0.17869332999
CC_21B6CCC1C3B6,0,0.548592317686
CC_21B724D175D1,1,0.183340468152
CC_21B7A75D167B,1,0.124905163996
CC_21BD0D18BE4A,0,0.0834963979436
CC_21BDD0B68B24,0,0.103305307782
CC_21BEB9EDB6D1,1,0.166966933058
CC_21BF36354D49,0,0.0777116138642
CC_21C22724E6EA,0,0.119165092476
CC_21C48EB3B38A,0,0.326461798264
CC_21C7131815A0,1,0.219569384005
CC_21C767821C93,0,0.109316092446
CC_21CA7422A9CB,0,0.0747017210146
CC_21CC7E487903,0,0.104503220422
CC_21CD80E44241,1,0.788042578011
CC_21CDA245627F,0,0.189494790262
CC_21D04C22164F,1,0.855593476581
CC_21D53BB53093,0,0.0700569686491
CC_21D6A8F9A98F,0,0.259213353623
CC_21D7D9A19BD3,1,0.65545013822
CC_21D86BEBCE33,0,0.16247131421
CC_21DBF7EDC14A,1,0.631496946889
CC_21DE68BCC91E,0,0.111509856469
CC_21DF6366867F,0,0.124817605697
CC_21E28159461B,0,0.132154019266
CC_21E3553C4619,0,0.17047710534
CC_21E494391B02,0,0.12738890432
CC_21E55A40BF1A,0,0.233145634256
CC_21E789155746,0,0.148026402872
CC_21EF1547F241,0,0.353365470635
CC_21F07EC3C95E,0,0.113250624157
CC_21F12179FBA8,0,0.193376316641
CC_21F169EB32E5,0,0.150277856237
CC_21F22478728B,0,0.0345446428223
CC_21F3767B8879,1,0.142357056028
CC_21F8B69E946B,0,0.0874495003433
CC_21FBB31C726F,0,0.0916159558684
CC_2200FB275AA5,0,0.196050135741
CC_220166604357,1,0.23492280401
CC_2201F7C0053D,0,0.061518186079
CC_22039E5A4331,0,0.0920132380659
CC_22039F190CE4,0,0.111683425333
CC_22057AE6D549,1,0.485174177039
CC_2206B904EA42,0,0.209195338618
CC_22094EC1E195,0,0.128564900774
CC_220F08B6CFA1,0,0.0992263394713
CC_220FC8974CD8,0,0.164118389567
CC_221451FB20F8,0,0.152630989082
CC_221945FD349F,0,0.159022083943
CC_221E25971CA2,0,0.146224628147
CC_221EE654B08B,0,0.342744964816
CC_221F192C6A67,1,0.620679547961
CC_222080658F83,1,0.456840078101
CC_22258C34437A,1,0.515786014082
CC_2226A81576E8,0,0.101434869676
CC_222F384DDFA9,0,0.507711736777
CC_223032E8D58C,0,0.434130259693
CC_22312D15D5FC,1,0.166971919829
CC_2231DAF1F64C,0,0.127833976482
CC_2235DD5D1E61,1,0.8477231185
CC_22377A2BB9A7,0,0.0603859108618
CC_2238E273688D,0,0.189922193167
CC_2239334B3843,0,0.103038700765
CC_223D0C1DD4A2,1,0.633848772003
CC_2243A27FA050,0,0.108325977039
CC_22447ABE57CF,0,0.132627675011
CC_22455A468DF4,0,0.120504984167
CC_22485F43383E,1,0.555664516245
CC_224DB822807F,0,0.115618933844
CC_22522740EEBE,1,0.21504362618
CC_22545ECFF107,0,0.0831936554963
CC_2255D632C667,0,0.0862171605818
CC_2255DF88423A,0,0.151023709017
CC_22569309D6AE,0,0.102336390675
CC_22587A871D09,0,0.147301436133
CC_2258F6153975,1,0.239082404395
CC_225B5306EB5E,0,0.184107279272
CC_225DA1D32137,1,0.461051348036
CC_225F77DD5E84,1,0.593512992787
CC_2267E7AA622D,0,0.10965311614
CC_226ED7DD9790,0,0.790204207615
CC_226F71C1F379,0,0.121306019949
CC_226FB5B25B38,0,0.0512607665033
CC_22702303A756,0,0.648351067967
CC_227BD0C18004,0,0.0965181156407
CC_227D6128B629,0,0.0901698183822
CC_227F834492D1,0,0.0721934237238
CC_228183FC1BE7,0,0.223797976657
CC_2285EC46E015,1,0.649053619222
CC_2286AEDF1B6D,0,0.112533336907
CC_2287380F42CF,0,0.814029212342
CC_2288AAFC3096,1,0.484539839153
CC_2289B4075197,0,0.204613486947
CC_228C4B27ED4D,0,0.0587262369385
CC_228EB8610083,0,0.243190558515
CC_228F0791CEB1,0,0.153357511806
CC_2292F14C75DA,0,0.104668942406
CC_2294C95C99D6,0,0.199087155253
CC_22952E53DFFD,0,0.235632174947
CC_229579AEC296,1,0.478256675719
CC_2295BB880A8D,0,0.106597613919
CC_2295DF480BCF,0,0.105336299764
CC_22972964516A,1,0.425293375981
CC_229F13978933,0,0.158948591548
CC_22A07737CC3C,1,0.314891155488
CC_22A2F3AFD164,1,0.0880680671067
CC_22A73DC9B70E,0,0.207544312363
CC_22A74FB59C2E,0,0.1098599865
CC_22A793350310,0,0.0760898415328
CC_22B0F05E1E38,0,0.142205310229
CC_22B3F65AB5B3,0,0.699162422871
CC_22B634E8A380,0,0.238489080987
CC_22B7FC24B4B3,0,0.091122111366
CC_22B8054F4E55,0,0.200168315894
CC_22BA0909A3A9,1,0.202261448566
CC_22BB1AB7E9B6,0,0.461488152151
CC_22BCC469AD43,0,0.12272649064
CC_22C4C82A80DC,0,0.14682724698
CC_22C6EC3F5164,0,0.154411049836
CC_22CBE3DFE89B,0,0.180574523199
CC_22CD3112BA4B,0,0.0780851977031
CC_22CD9806D465,0,0.17567964606
CC_22CF572AB801,1,0.750123924155
CC_22D6FD0FE65C,0,0.152739150198
CC_22D78A2DCB9C,1,0.166509229552
CC_22D7F0BD7A9D,0,0.0900021541677
CC_22D9BCF6DBDC,0,0.0756782673921
CC_22DE8FB43F1B,0,0.121515256584
CC_22E096979926,1,0.746037864318
CC_22E103DE4653,0,0.100708185995
CC_22E7D0AF1793,0,0.111205691399
CC_22EB9A8DFCD4,0,0.469932903782
CC_22ECD701B7BD,0,0.206507702281
CC_22EE3C02A84C,1,0.152153646377
CC_22F5F39C5BFF,0,0.164965929442
CC_22FDA4AFBD8B,1,0.103640695384
CC_22FF3B52F71A,0,0.262449180785
CC_2303286EFEC7,0,0.0823048356929
CC_23074E8BA7A5,0,0.0499240011097
CC_230796D6D8FF,0,0.0909708303481
CC_23099BF68B95,0,0.139499706209
CC_230ACF3C66BB,0,0.100949737734
CC_230C07F49399,1,0.881096913747
CC_230DADC95F8B,0,0.175235441326
CC_230ED3DE71F4,0,0.137327221207
CC_2315CD70BB0B,0,0.0779761288173
CC_23160ACBF7CE,0,0.149038189195
CC_23167AB0E834,0,0.219093198018
CC_231AEF78AE77,0,0.108149152181
CC_231EC541BEA4,0,0.669452356782
CC_231F10419507,1,0.547368548229
CC_23207719B212,0,0.79729552474
CC_23208472FFD7,1,0.0859540679807
CC_232190AFC280,0,0.0931542297807
CC_2322063E811D,0,0.0600333806717
CC_23231DE442E6,0,0.129056570036
CC_2323F05618E0,0,0.220194548186
CC_2324A3B4BB33,0,0.12059557433
CC_232A14B55646,0,0.084209470655
CC_232C4B8DA5DD,0,0.181276942522
CC_232D4DBC1C87,0,0.0738882767623
CC_232F0B7FE6BC,0,0.0936507230013
CC_232F51D4B98E,0,0.742426569783
CC_23363EDEA13E,1,0.467571105489
CC_2336CE0444C2,0,0.729240995484
CC_233D8C13A2AB,0,0.197598722758
CC_234033EF9D06,0,0.136991631484
CC_2341630EEE16,0,0.109677649368
CC_234235C5E9E3,0,0.409886662697
CC_23481C5B5AD9,0,0.187170899019
CC_234ACA103944,1,0.157596399143
CC_234C5F91450F,0,0.0950980158756
CC_234E23D3BD3E,0,0.569889226444
CC_23503B15534B,0,0.133999351983
CC_23517518D1CF,0,0.124601045967
CC_2351C0E6FA16,1,0.512815668166
CC_235420E0C400,1,0.559120884745
CC_235428183C15,0,0.305029727406
CC_23574AEE39A0,0,0.073679094826
CC_23582812B8CD,1,0.297681135715
CC_235A44F3B4C4,0,0.0830925415067
CC_235CAC896DE3,0,0.0817346368956
CC_2369F66A804F,0,0.851999563686
CC_236AAA96F10D,0,0.142730237642
CC_236AD1A02F3B,0,0.107293347327
CC_236EC227D94E,0,0.145403345585
CC_23704B843A19,1,0.11041756747
CC_237477620B0D,0,0.182135915759
CC_237E328DFB43,0,0.167627171709
CC_2380E13FCF1B,0,0.0908655338768
CC_2380E6106CA6,0,0.235946273045
CC_238473A12FA2,0,0.140481521234
CC_238A9D1733BA,0,0.868314284267
CC_238F2A38BE44,1,0.047018187541
CC_23910D522F41,0,0.158396292628
CC_2391F63E2402,1,0.370138118397
CC_23932676B2F2,0,0.140392673888
CC_2394FBD51F98,0,0.130362021216
CC_23954A58109D,0,0.10113806779
CC_23987E3B4FD7,0,0.148212775245
CC_239B9E68E6A2,0,0.157590493779
CC_239BAE0245A8,0,0.0802607788474
CC_239C3E46AFC8,0,0.0974800743086
CC_239D1812C3B7,0,0.0944895684805
CC_239D7F14584A,1,0.639326558799
CC_239E825A6233,0,0.1195493744
CC_239EDABF022C,0,0.200202705747
CC_23A078EF09AF,0,0.127002578276
CC_23A586A240D2,0,0.0345805510718
CC_23A860CD1553,1,0.607773165278
CC_23AB9533EC0D,1,0.683559325364
CC_23AC919CB701,0,0.059632435902
CC_23B000E43E6C,0,0.147589041902
CC_23B8458E9FED,0,0.108158821837
CC_23BA23AE880C,0,0.176008579625
CC_23BA242DC501,1,0.420428165023
CC_23BC9C2CB726,0,0.212096164554
CC_23BCA2CD1321,0,0.167464350542
CC_23C061C22670,1,0.645601546076
CC_23C2440218EA,0,0.0913251523062
CC_23C2C9F36CBC,0,0.0842775566819
CC_23D02AB672CD,1,0.847558322788
CC_23D1A57C962B,1,0.314872077407
CC_23D45AD79089,0,0.111484872773
CC_23D7C30419E4,0,0.130604924568
CC_23DBC4D13066,0,0.22004509753
CC_23DD50CCC11C,0,0.0882219488089
CC_23DF58240E37,1,0.074295196694
CC_23E0D80A29EB,1,0.274001910649
CC_23E643B91BA1,0,0.101807966527
CC_23E6DBC652B7,0,0.215096041489
CC_23EC04E60D96,0,0.0444464927873
CC_23ED2BE043DE,1,0.660320331665
CC_23EF24F1E915,0,0.435873203838
CC_23F2B4230C8F,1,0.519008050937
CC_23FC360E92BF,1,0.118102285387
CC_2405AA521A50,0,0.0861584541426
CC_2405DFDF928A,0,0.11108479135
CC_240FE4CB78F5,0,0.102260877263
CC_2411C3EE7074,0,0.0903006434027
CC_241A0A329556,0,0.076667340379
CC_241B3A36F24F,0,0.0969657836687
CC_241C29CBF1F6,0,0.0765426041843
CC_241C865337DA,0,0.11197146228
CC_241D4B202BBC,1,0.884557607955
CC_241DC555DC1C,0,0.163306064119
CC_24201317B549,0,0.0824075180428
CC_2420AA2E5188,0,0.236321687863
CC_2426A336B0C7,1,0.578777043363
CC_2429AFE45C90,1,0.288252575408
CC_242BC6B8BFA2,0,0.107828501597
CC_242E8E5DA418,0,0.283853486475
CC_242F424A6641,0,0.135973280907
CC_243171B8CA10,0,0.0857786535799
CC_2434199B743F,0,0.246373835105
CC_24372350AF14,0,0.185217740706
CC_2440B0CCA9D7,1,0.722626546723
CC_2440F3EBF3F7,1,0.738712245636
CC_24415EEC9960,0,0.0622278316568
CC_2443152C408B,1,0.770862604264
CC_244326C3BB3D,0,0.179561344023
CC_2445B3B8CD90,1,0.423861260523
CC_2447D2F0D8B8,1,0.114464090058
CC_244C07CD329A,1,0.611852864367
CC_244F5414BFE0,1,0.632098809103
CC_245281812288,1,0.0799228208163
CC_2456D3FF106F,0,0.0631746443067
CC_2459275C3995,0,0.0724254018479
CC_246194E6E4B2,0,0.144925202479
CC_24620D54F5E1,0,0.0938450405227
CC_2462DF555142,1,0.151448772807
CC_246355004C22,0,0.109173392895
CC_2465A6807AE7,1,0.265550847583
CC_2465BF287730,0,0.107562017915
CC_246BC3A1686D,0,0.139979759055
CC_246E9DF98743,0,0.103684966242
CC_246EA5EBDDF3,0,0.17543044683
CC_247027865CBD,0,0.0792770239368
CC_2470BC812A77,0,0.133505437461
CC_2472294A3C3F,0,0.123261490426
CC_247305C5A63A,1,0.627133874841
CC_2474D7707DA4,0,0.0953973459504
CC_24751A1FF879,0,0.0911302107701
CC_24761C8A8D96,1,0.542529901006
CC_2477D8E2BF53,0,0.0968318502706
CC_247ADC8711EB,0,0.188734354132
CC_247C26D6601E,1,0.543242098308
CC_247F09EA67BA,0,0.195748392627
CC_248144FC7729,0,0.778202304228
CC_24824C8E55A2,0,0.142361130967
CC_2487824C8AA8,0,0.196659804908
CC_2489C59CAD7C,0,0.141145033019
CC_248B621EB245,0,0.103414179429
CC_248FE1579AA8,0,0.298426970403
CC_24911396CD2A,0,0.153642234933
CC_2492C1D817CF,0,0.088272495867
CC_249304369E8B,0,0.153979226288
CC_249544D86645,0,0.304566447034
CC_249D28416011,0,0.369721779417
CC_249D81D98B78,0,0.116955998658
CC_24A4885A0DD4,0,0.100286324142
CC_24A78357A380,0,0.0980758570189
CC_24A783E0C176,0,0.142245482012
CC_24A8936F52DA,0,0.13597652517
CC_24AD50D3B4E6,1,0.585562985908
CC_24ADAF9647A0,0,0.126146134476
CC_24B5CE1A12BF,0,0.0910424148175
CC_24BACE01E7E7,0,0.14695499249
CC_24BF6CB0149C,0,0.261697344946
CC_24BFD6A61077,0,0.0950910298342
CC_24C00AEA6A6D,1,0.0916646559139
CC_24C12E85D940,0,0.207206804548
CC_24C1A54376BC,0,0.145924615065
CC_24C2CDDA696C,0,0.875556895559
CC_24C2E7F727DC,1,0.840169475606
CC_24C451F2A2C9,1,0.132325784563
CC_24C8006BE3BD,1,0.181224372497
CC_24C93C84D93A,0,0.277813187235
CC_24CBC6245141,0,0.100545518957
CC_24CF07DCCACF,0,0.716620961672
CC_24D06C8F5742,0,0.110871388278
CC_24D1F1104DA7,0,0.202967414753
CC_24D350DCEEBD,1,0.789891812426
CC_24DAC334C20D,0,0.284375141704
CC_24DB3CDE834F,0,0.155425918571
CC_24DCDA3BFE0C,0,0.54130451814
CC_24DDAB6E18AA,0,0.0853693665738
CC_24DE4C9FF9B9,1,0.148761397597
CC_24DE5916BD73,0,0.3278984207
CC_24E5E14AF447,0,0.203995519982
CC_24E861B79F40,1,0.10573026278
CC_24EA013F48E3,0,0.254945676399
CC_24EABCE127AC,0,0.143671261844
CC_24EC0F87FEE4,1,0.36525249662
CC_24ED0B7CC71B,1,0.149521339952
CC_24EF95E62485,0,0.211020616507
CC_24F43C3E8C61,0,0.157056397879
CC_24F642E4C202,0,0.0930741656108
CC_24F9A43D71B6,0,0.0755310364026
CC_24F9BBFA240C,0,0.0956230748602
CC_24FCD40E13F3,0,0.127948193524
CC_24FF7B823319,1,0.385628022748
CC_250022644488,0,0.0850147887023
CC_25002D753495,1,0.112626594216
CC_250184F64FF9,1,0.833647146822
CC_250EA45294EC,0,0.142062369635
CC_25131F36BA74,0,0.397784269122
CC_251340B2CD2F,0,0.663887877742
CC_2517AEDC9E03,0,0.135338529822
CC_251B6CFDFB19,0,0.100622846613
CC_251C1ADBA18C,0,0.0708203859419
CC_25217FA1C70A,0,0.0756807529596
CC_252E4F68F117,1,0.459245586818
CC_2532F88B3A5C,0,0.117245677825
CC_25351934E42D,1,0.397740873122
CC_253557711DFF,0,0.132682036077
CC_2537600D3339,0,0.185282023334
CC_253A8F1182EA,1,0.721390451885
CC_253EEEAFB6A9,1,0.172644445712
CC_25415D632E0A,0,0.151581993243
CC_2544207E12F2,1,0.154312949831
CC_2544FD655E88,0,0.159953486565
CC_2546DBD47016,0,0.149329528439
CC_2548F9AEF869,0,0.0972731660034
CC_25493C24906A,0,0.0843355352263
CC_254AA43FC3D6,0,0.0757057319232
CC_254BD69BE0FA,0,0.0955426091297
CC_254C91B8C6A9,0,0.117005685686
CC_254E41844345,0,0.112702867069
CC_2550388D1C80,0,0.121779714785
CC_255727D9D0E7,0,0.109864182959
CC_255C44D8BE69,0,0.0716924337425
CC_255CB66955D9,0,0.13721448361
CC_255D0DFEE64F,0,0.142390827683
CC_255D6209AE4C,1,0.815765727471
CC_2561F3010933,0,0.148667896961
CC_25640F1D8A83,0,0.22847393673
CC_25645EC6975C,0,0.0771269927041
CC_256649392B12,0,0.572313183173
CC_2566D2ED2760,1,0.0909261705111
CC_256AD0897EF4,0,0.13498196466
CC_256FB3672C22,0,0.151607279635
CC_256FC2A4ABB0,0,0.11165010551
CC_2572DB3B8A63,0,0.0697362739253
CC_25775DE989EE,1,0.237107663726
CC_257D6072424B,1,0.212775356365
CC_25813BE16856,0,0.255893909204
CC_2588449FA2B8,1,0.680999660537
CC_258E445D9BC6,0,0.0895475119627
CC_258E6ADB5A20,0,0.125632502358
CC_258F82EEFACA,0,0.477605624834
CC_258F9C9EAC87,0,0.139857753501
CC_259190FDAF4A,0,0.0866123978747
CC_259500EAD8B3,0,0.150351287306
CC_2596B658D7C5,0,0.104813379892
CC_25991C4AE162,0,0.0779537571382
CC_259A0E353B3C,0,0.128780320311
CC_259BA9D9A9DE,0,0.142570043871
CC_259C94EB066D,0,0.20057271331
CC_259E661E64FD,0,0.137939335973
CC_259EADFA7036,0,0.664803113334
CC_25A0008825C6,0,0.300480751112
CC_25A6A3411DF9,0,0.254650103257
CC_25A6B90A9357,0,0.161792436464
CC_25A6D11AA41D,0,0.0724001874688
CC_25A7E4DA2AF6,0,0.162063285405
CC_25AA5DF3D3C2,0,0.145612893776
CC_25AAB97E2EA5,0,0.143560844581
CC_25AE49F72341,0,0.157533485346
CC_25AE9BDA1E19,0,0.0963232091442
CC_25AFE73DB693,0,0.129667412627
CC_25B3707689CF,0,0.136697544815
CC_25B37DD22D59,0,0.12613157609
CC_25B529052215,0,0.628932518528
CC_25B7F7C2068F,0,0.258052031733
CC_25BCC488515B,0,0.269605855635
CC_25C6C4D97C56,0,0.639894619295
CC_25C762466658,0,0.218268949719
CC_25CC42473963,0,0.0701248947194
CC_25CF12A87690,0,0.107607950858
CC_25CF2D0239E6,0,0.120615913446
CC_25D113F668F5,0,0.0900545466722
CC_25D15362D590,0,0.227993439777
CC_25D57FEB0F2F,0,0.0718008775182
CC_25D76EA2B29F,0,0.14800897402
CC_25D7B9E9885C,1,0.676013172587
CC_25D88EB4C8AA,0,0.180775980598
CC_25DBA63AAA5B,1,0.646837918259
CC_25E10FA8B099,0,0.109898637448
CC_25E44FAF25DA,0,0.153755821234
CC_25E4B4FDFB8A,1,0.412415721676
CC_25E7FA839FC2,0,0.15608510811
CC_25E8CB067D3E,0,0.351653119853
CC_25EAF510F6DA,1,0.08251174754
CC_25EE7627F924,0,0.149884730369
CC_25F1DAA3C465,0,0.442640341154
CC_25F1EDBB7C3C,0,0.140860913094
CC_25F26315CE74,0,0.0905962086225
CC_25F614DBB4DE,1,0.684248665102
CC_25F98117E888,0,0.151954523703
CC_25FDDCE03904,0,0.0869118352496
CC_25FE8C033AF1,0,0.113472655439
CC_25FEBF33FEE1,0,0.086173665532
CC_260508E2415D,0,0.0930159093691
CC_260971CEA971,0,0.261180673771
CC_2609EFF83144,0,0.111140464357
CC_260A1B46268D,1,0.331502998031
CC_260A435CC403,0,0.0953956961937
CC_261843E3F479,0,0.0863080481315
CC_262664CCBACA,0,0.234586389002
CC_262873493A56,0,0.1611692341
CC_2629634D6205,1,0.145397347013
CC_262ABEA51FB9,0,0.14233996448
CC_262C3BE518A0,0,0.137895718731
CC_262C5B52AD87,1,0.110939659489
CC_262D5F943DC2,0,0.0726718836243
CC_262F44AB1AB8,0,0.101131825146
CC_26317AFBE360,0,0.0729475657632
CC_2635B06BCB97,0,0.241749400011
CC_263E14295078,1,0.85184662239
CC_2641E3F9ED73,1,0.103163192771
CC_26431F402A47,0,0.0741480008936
CC_2645B22BBB4A,0,0.130783866288
CC_26470A0DD756,0,0.188330790159
CC_2649FAFC1ECE,1,0.344006105557
CC_264A75820DC5,0,0.256469560911
CC_264BD43CE614,1,0.100952138859
CC_264FC78CC1BF,0,0.107587488482
CC_265176F2987F,1,0.105442420154
CC_265B1AFD1871,0,0.215045968388
CC_265BBD6475A4,0,0.137411289178
CC_265BC4CA24C0,0,0.504150047812
CC_265FBF0AA7EA,0,0.127383208109
CC_26606ED11A86,0,0.0943735560944
CC_2663083DF59B,0,0.0832572591265
CC_266632D6DCC5,0,0.298729139221
CC_2667AF05476E,0,0.0884355612393
CC_266C375BFC69,1,0.080746720128
CC_267C2D0CE3EF,0,0.0744519030677
CC_267CF0F35438,1,0.151702850082
CC_267F882E4FF2,0,0.157396036144
CC_268164C44FCE,0,0.375561699432
CC_26851F7A8ED9,0,0.073738762787
CC_26879E8DBBB1,1,0.716785983549
CC_2688A091951C,1,0.182886635338
CC_268A135E06EC,0,0.125750279416
CC_268B7494846C,0,0.136221705085
CC_268D4F935B62,0,0.12042539281
CC_2692F5994891,0,0.121079071824
CC_269A40E2F3F5,0,0.142700741593
CC_269B1CA95C11,1,0.565060887211
CC_269C78037059,1,0.494013141962
CC_269F0058DBF3,0,0.0820559375198
CC_269FD7098A14,1,0.686192242288
CC_26A0AC608FF7,0,0.139595447272
CC_26A4B4AEA702,0,0.101867951487
CC_26A53AB6C0F5,0,0.274235654194
CC_26A68D7B85AC,0,0.122866387106
CC_26A7B4AB0E61,1,0.646699144055
CC_26A9653F1759,0,0.0888725823718
CC_26A9D9B69FB2,0,0.0893332889284
CC_26AEB67016FA,0,0.104196662181
CC_26B89123A046,1,0.0947774207356
CC_26B8E37D5FAC,0,0.0771971234105
CC_26BB5D895CE0,0,0.335432989381
CC_26BC5E32FC20,1,0.689731570203
CC_26BE48011CBC,0,0.109981726947
CC_26C2F56C4E4F,0,0.107332207187
CC_26C6083D9D67,0,0.126131024924
CC_26C688EAC8EE,0,0.0308388691098
CC_26CAD1D36578,0,0.139171953463
CC_26CCB959397C,0,0.316404230696
CC_26D4E0E92AD4,0,0.174979517423
CC_26D622C9583B,0,0.0986667193302
CC_26D7CC90C7EE,1,0.193498265684
CC_26DA6ADAB53F,0,0.142385085855
CC_26DD97E5AACE,1,0.255727913983
CC_26DDEA0F16E4,0,0.303615739234
CC_26DFAF7D55B8,1,0.797689225965
CC_26DFF52B691B,0,0.0810400062433
CC_26E20C5B6A59,0,0.210062367222
CC_26E2E0658796,0,0.167515959695
CC_26E48B59C43D,0,0.121717638263
CC_26EEB5FA7528,0,0.0986715295063
CC_26F3A74B395D,1,0.850560659453
CC_26F99A250980,0,0.131171994646
CC_26FA474EFCDF,1,0.306320955748
CC_26FA66267312,0,0.161978990447
CC_2706959C1E6D,0,0.08551638881
CC_270E4B8CEFB2,0,0.170183042965
CC_270FDCD01F2B,0,0.0940936790554
CC_2712E1C5BCC0,0,0.102815153543
CC_27144D024E0C,1,0.19215101099
CC_2715AE012E87,0,0.0997500531712
CC_27168AD20682,1,0.0990572250208
CC_271E52EFD5C0,0,0.0881599248823
CC_271EED977A70,1,0.141597856599
CC_27249783B3E2,0,0.114020179162
CC_2725497CB4AA,1,0.264333740211
CC_2725D3835F43,1,0.77085809054
CC_2736F03D457F,0,0.103310701628
CC_27373EAEF18F,0,0.0872671276622
CC_2737E652D90E,0,0.0796803403805
CC_27398FBE2809,0,0.0707403043823
CC_273A8EB252C4,0,0.112356411375
CC_273AFEE3BCC0,0,0.152527863077
CC_2740AF040C73,0,0.193709760981
CC_27416EFC26CD,0,0.0952638816201
CC_2741D320B710,1,0.449138860292
CC_2745C5B004FA,0,0.0443945856808
CC_27488BD2F2A3,1,0.0613387601023
CC_2748ACEDC7D6,0,0.204766047824
CC_274BCF287A05,0,0.21005910097
CC_2751C9271F85,0,0.137807441238
CC_2751D21A3664,0,0.573386521853
CC_2759AC503722,1,0.661286118588
CC_275D3EDBA097,0,0.149957967072
CC_275D7134AA6B,1,0.563410061151
CC_276397972BAF,0,0.112562507602
CC_276549BEEEEE,1,0.303280104243
CC_27655D2C1F35,0,0.127782191053
CC_276877DF04BC,0,0.147540929703
CC_2768A7F8F64E,0,0.144402576265
CC_276D54F1088E,0,0.158457869661
CC_276E2C36EE65,0,0.165465821628
CC_276E422F8C69,0,0.103577758229
CC_277DCA03127A,0,0.629639538387
CC_277FDB7E9FB9,0,0.09345135125
CC_27816BBA5FB6,0,0.0874888548072
CC_2783EBF53FBE,0,0.375987293309
CC_27843FCEE075,0,0.116013916695
CC_2784452D6444,0,0.289348992257
CC_2785077093B2,0,0.153955075562
CC_2786CDF745E8,0,0.0843880233035
CC_27880025857D,0,0.141683410243
CC_278C315D46A2,1,0.480517975787
CC_278D57EA6344,0,0.0854585332284
CC_278FB9A2D73D,1,0.740807642381
CC_279023D4C55E,0,0.215373109968
CC_279526A36388,0,0.0722776446705
CC_279593FCBC44,0,0.0646600819275
CC_27965D4BF8D9,1,0.833769623019
CC_2797CA3CF8E8,0,0.12171499646
CC_27A08A464BE5,1,0.743109134126
CC_27A0D2D86806,0,0.0844692276873
CC_27A0DE21A512,1,0.120063340426
CC_27A24A4B1185,0,0.167835503506
CC_27A27A6E9710,1,0.251199095257
CC_27A55EA9AA83,0,0.0801999616698
CC_27A649094AAE,0,0.0620279751861
CC_27A65A7D35DF,1,0.0809596639215
CC_27A665E21AAE,1,0.238595234721
CC_27A78CFDAFA9,0,0.237620928773
CC_27AA29C2B801,0,0.175308641826
CC_27AA4CE95E47,0,0.0608988933523
CC_27AAC8B90899,0,0.07934910733
CC_27ABA049E280,0,0.0712957580264
CC_27ADB39C623C,1,0.176277589409
CC_27AE7E10B0F2,1,0.153846914538
CC_27B00AFD127A,0,0.102038126027
CC_27B2F2221599,0,0.126154969634
CC_27B47340F365,0,0.547730505899
CC_27B51BFEED0B,0,0.13188651434
CC_27B5857AD88C,0,0.27796899883
CC_27B5ECF51511,0,0.082420513939
CC_27BC632C6373,0,0.263573550827
CC_27BDBBE807A0,1,0.848087182212
CC_27BE231F2777,1,0.855769475453
CC_27BF3CC22A01,0,0.104997407013
CC_27C338A424B6,0,0.110481099975
CC_27C8F82AD07E,0,0.170903927749
CC_27CA9C00B086,1,0.452048912824
CC_27D183B7D889,0,0.1109650262
CC_27D46D52D216,0,0.543460884227
CC_27D894C0B778,0,0.123488687834
CC_27D97971F0BE,0,0.10372162926
CC_27DAF169C570,0,0.141814734655
CC_27DC3B03953C,0,0.159200641122
CC_27DCFD4C9FD2,0,0.171938375087
CC_27DE17F2A9AA,1,0.235331845869
CC_27E518EF96B1,1,0.65353662479
CC_27EA0EBFDDCD,0,0.199357012621
CC_27EBC627DA22,0,0.0824354183293
CC_27ECD477FFC1,0,0.411684302902
CC_27ED88AE957E,0,0.163777240053
CC_27F04D85BECD,0,0.0943600465933
CC_27F27BF25387,1,0.412287804242
CC_27F3BE1E24E0,1,0.505653605845
CC_27F46228EB9E,1,0.678237126092
CC_27F631626BD2,0,0.0931362516877
CC_27FA03BC5112,0,0.0903975679851
CC_27FAAEB5B7DD,1,0.807810245756
CC_27FAAFFC9D88,1,0.202378388956
CC_27FB3ED776B6,0,0.668994871649
CC_27FBEF28EE45,0,0.117957302472
CC_2800392A8378,0,0.238355111604
CC_280284A68FFB,1,0.156605208448
CC_2805DE68EB5E,1,0.107182624295
CC_280943D9885C,0,0.225463321613
CC_2809C1DA11E2,0,0.11506306915
CC_280AB68CEAD6,1,0.307478241973
CC_280B2A6E1AD7,0,0.087887930684
CC_281721BFB157,0,0.0733256357571
CC_2818C730302A,1,0.57893322072
CC_281DD777BC18,0,0.212367833708
CC_281F787B39C5,1,0.37327643312
CC_2821E90ACC01,0,0.223676691909
CC_2823416BF0BC,0,0.146861763553
CC_282A59DE1AF1,0,0.35234289437
CC_282B9175D6B1,0,0.342199977567
CC_282E2DF79107,1,0.116837730035
CC_2833D46839B4,0,0.281348738558
CC_2834A54D0B02,0,0.0918962220413
CC_2838B4E6B966,0,0.0935293859142
CC_283A94432CF0,1,0.27787580541
CC_283BA45ADF3C,0,0.19714941477
CC_283C392D27E0,0,0.108570764242
CC_283C3C3EBBFE,0,0.0978457912171
CC_2844F3CF42C5,0,0.320529951892
CC_2847BEE7F4B9,0,0.0639615052717
CC_284C150896BA,0,0.0803128777828
CC_284F3BAAB976,0,0.0835831144433
CC_285193B111B0,0,0.0587136861009
CC_28521203F353,0,0.235898807048
CC_2853E28AE934,0,0.224309035602
CC_2855C18DBEBB,0,0.197974752543
CC_28575DC94F82,0,0.119168771244
CC_285859E54F67,1,0.195137417395
CC_2859F04C8E65,0,0.134880869176
CC_285F209295EE,0,0.106132391396
CC_2860779D97A8,1,0.0938857108202
CC_28624F3D6EF7,0,0.063096693961
CC_28631537AC52,1,0.122436452523
CC_2863D77DCFE1,0,0.135144673821
CC_2863F7A52315,1,0.113226657631
CC_2866BBB90661,0,0.104911996703
CC_286895E77FB9,0,0.0841396559528
CC_286D6B8C9083,0,0.133896444571
CC_287244BC488E,1,0.804932227825
CC_2873101D7192,0,0.075539796754
CC_2874F0DC4D7D,0,0.193461965331
CC_287551153953,0,0.115684256836
CC_287733447491,0,0.16841086655
CC_2878FF79B9C8,0,0.144590629712
CC_287A9769DF92,0,0.0636046390345
CC_287C3D10DEF2,1,0.094044391537
CC_287C8319EB5F,0,0.169227503177
CC_287E902BE928,0,0.0757480323084
CC_2880552F82AF,0,0.286447172188
CC_28834A41C6DE,0,0.161602443224
CC_2885F9D1587E,0,0.0990866718797
CC_2886B690B68A,1,0.653141004571
CC_2887E7740417,1,0.904490529025
CC_28881EAB7C09,0,0.101690231034
CC_288CA8A9812D,0,0.325781891718
CC_2890F108707C,0,0.0750092674461
CC_28959EFABFDC,1,0.134520947588
CC_2895B51171E1,0,0.103253947598
CC_2898B6717D99,0,0.274440756236
CC_289D3386F0F8,0,0.101414302451
CC_28A1E16E0787,0,0.297109691718
CC_28A262ED7293,0,0.0861936768903
CC_28A3A92F7552,0,0.187589857012
CC_28A4EFFBDB21,0,0.150760099149
CC_28AA976D4E37,0,0.0736888359697
CC_28AC1CD6DDD5,1,0.785833587832
CC_28AE987CC735,0,0.101209012788
CC_28B2F8CE6206,0,0.689251203813
CC_28B9E40CBB3B,0,0.0975284197057
CC_28BD2FDADAE2,0,0.134684137381
CC_28C89400F65F,0,0.153695974216
CC_28C911BFEEE4,0,0.128727272589
CC_28C9D0F9A822,0,0.235884994866
CC_28CAA5AA3D1F,0,0.630886357458
CC_28CE51596854,0,0.112428344797
CC_28CE7500A36F,0,0.173679475968
CC_28D1131A8126,0,0.130605620168
CC_28D3468513FF,0,0.0824990606745
CC_28D59C007565,0,0.229692414781
CC_28D670E009B8,1,0.0940335765184
CC_28D7C0A16C5D,0,0.100504380771
CC_28D8465EF9B8,0,0.179506285971
CC_28D96898DD7C,0,0.563611065498
CC_28DDDB55194D,0,0.133751879779
CC_28DF4C790FA5,1,0.190762694608
CC_28DFE4C388A5,0,0.0917527525005
CC_28E2C0DB9053,1,0.800742419443
CC_28E309937534,1,0.218798245919
CC_28E79CA12E21,0,0.109618390361
CC_28E9002758D3,0,0.187903636822
CC_28EA1D1569FA,0,0.0964247894087
CC_28EC96234D7C,0,0.0723320358662
CC_28F0AB4FF66E,1,0.358430800282
CC_28F2D31E6C85,0,0.199449537437
CC_2902EF54D1BD,0,0.0779457596225
CC_29034C7D28E5,0,0.165598952914
CC_2903DFBBCA9C,0,0.211361336102
CC_2904F14B3B45,0,0.147665718598
CC_290EFC6D4EEE,0,0.0386883871824
CC_2911F1519AC8,0,0.153686163439
CC_29177831DB6E,1,0.0981829109154
CC_291E77A71FB3,0,0.248419303471
CC_2921BF2E5BD7,1,0.154386367453
CC_29242C5DC98E,0,0.139579801276
CC_292439121B3E,0,0.688754644831
CC_2924456550CA,0,0.764278109126
CC_2925424FAED2,0,0.154608612508
CC_2926D0CC6B59,0,0.100649985665
CC_2928502B9D84,0,0.402579668131
CC_292A8332B3B4,0,0.156128713371
CC_292C2469F236,0,0.197420716362
CC_2933973E9543,0,0.108994842131
CC_293631E5B94B,0,0.118334960521
CC_293ACE94E3CC,0,0.17837421371
CC_293C63EF41C4,0,0.0458968173517
CC_293DCC4D34F1,0,0.316148573788
CC_294376A4D551,0,0.343278802777
CC_2944104CF3AB,0,0.188246521707
CC_2946800D4BA2,0,0.0564309949737
CC_294887238A8B,0,0.134764513085
CC_294C7F3DC408,0,0.161687001696
CC_2950C846438D,0,0.193296550879
CC_2951E44AB150,0,0.131831917598
CC_29520EBE1CFF,0,0.255242968238
CC_2953B46D273D,0,0.180885180243
CC_2954176D8F57,1,0.13559322639
CC_295510BA794C,1,0.756087926915
CC_29565C29B6C1,0,0.293248460167
CC_29569DE20A6F,0,0.0633860655003
CC_2959D82CED73,0,0.0496395087664
CC_29604A66FFA4,0,0.10141185049
CC_2961AEA57F1A,1,0.128524585561
CC_296219087AA1,1,0.820812120851
CC_296624804C6B,0,0.175443997126
CC_2967515E6028,0,0.884647571268
CC_296991EF2832,1,0.170342429041
CC_296A886A90CC,0,0.145989347995
CC_296BDAEC0767,0,0.268254452803
CC_296F434DEB38,1,0.775426270998
CC_2970E945B28C,0,0.106293597343
CC_2971205B902D,0,0.109785274114
CC_29726C8E17DB,0,0.18226344866
CC_2972E3CEF4E2,0,0.0701759043256
CC_2973CCADB58E,0,0.092931314652
CC_29749A751086,1,0.116628944303
CC_297B666C549A,0,0.316606524357
CC_297EA395A7F1,0,0.104104529315
CC_29820193702A,0,0.542172879663
CC_2982D29BA454,0,0.108359893058
CC_29834F49345D,1,0.0856708138145
CC_2983D55F8422,0,0.226449170583
CC_298A42330387,1,0.449456928423
CC_298AD8036450,0,0.047988919394
CC_298B1C2272A9,1,0.864630145811
CC_298C0A512CF1,0,0.0803001522906
CC_298DFDB169C5,0,0.127549259406
CC_29975F8F91D8,0,0.176620162563
CC_29979CE2F84A,0,0.0903955835272
CC_299C16AAF113,0,0.0984021586942
CC_299E1E208417,1,0.795684366116
CC_299F2A753428,1,0.17545259442
CC_29A02132A6FD,1,0.359323535213
CC_29A1193B65F9,0,0.0399667709416
CC_29A2C2C00A6C,0,0.149165707922
CC_29A43861ADDF,0,0.743330666444
CC_29AA5329D4A0,1,0.186123439361
CC_29AAB71BB1C6,0,0.138326524673
CC_29AB90CE5B30,0,0.146742583706
CC_29AC45B524E1,0,0.40210579504
CC_29B091A8EFA0,0,0.118028679663
CC_29B11C7842DA,1,0.125872403812
CC_29B40C57A130,1,0.522203556002
CC_29C6CC9D8CF5,0,0.189797826474
CC_29C79BC89D90,0,0.0889267957036
CC_29C9D2EB99C6,0,0.0962611077185
CC_29C9FD8B602D,1,0.171779560154
CC_29CA68112288,1,0.441823576928
CC_29CB20E13233,1,0.775171993509
CC_29CD169D916F,0,0.0920496675003
CC_29CF1BCD71E1,0,0.086459727905
CC_29D0BB5EF4D2,0,0.125614488667
CC_29D373479472,0,0.102457372375
CC_29D5802F496B,0,0.600669797989
CC_29D6BDB00C7A,0,0.147740144514
CC_29D9CB57F6B0,0,0.182783455141
CC_29DE21A6FC9F,0,0.499368046716
CC_29E5F288E93E,0,0.129511881381
CC_29E711C865BD,0,0.0735253866561
CC_29E8F05E2B59,0,0.147350206461
CC_29EB899B37F3,1,0.352099092388
CC_29ED0A5E3E13,0,0.174925356439
CC_29F03ECC443A,1,0.164247504456
CC_29F1148B0EED,0,0.0872013109342
CC_29F38227B892,0,0.101159040357
CC_29F4C5219C3C,1,0.435455970016
CC_29F5B0A53C5A,0,0.26061036771
CC_29F75BEA3946,0,0.102542986937
CC_29F8DB4BE5C0,0,0.0915403520409
CC_29FB4FC1D79A,0,0.214182402519
CC_29FB59DF9C07,0,0.111364117778
CC_29FBB9696C88,1,0.516396479506
CC_29FDC6A55710,0,0.191108329318
CC_29FE8EE71963,0,0.123729793824
CC_2A02A0A606AE,0,0.0869751550177
CC_2A039240D4E3,0,0.155030946775
CC_2A03B58FDDA0,0,0.0568796945329
CC_2A0D799BFBFD,0,0.131488833074
CC_2A0F72511E22,1,0.877683039964
CC_2A0FD8A3496D,0,0.120334230145
CC_2A1177FEA430,0,0.324460980428
CC_2A1CC5FA111A,1,0.327460321123
CC_2A1E8AFB91CF,1,0.715760345119
CC_2A254722539F,0,0.152137932726
CC_2A267FA0640A,0,0.131229826835
CC_2A28EF6D5D84,1,0.105408188429
CC_2A2A97E7D56E,0,0.0863338097909
CC_2A2C094C4268,0,0.332166689598
CC_2A2CBD2C567A,0,0.103290886498
CC_2A2CD0D96AB1,0,0.0382443412304
CC_2A303A56D1CC,0,0.105031338328
CC_2A313BB31B2F,0,0.134124089427
CC_2A38A0BE8583,0,0.100324164153
CC_2A3BF83AB527,0,0.370150155203
CC_2A3C2BE242CC,1,0.142555693674
CC_2A3C37B5B39C,0,0.153116434159
CC_2A3FBF96DD69,0,0.126939173074
CC_2A42CB52F4F9,0,0.137283358175
CC_2A45D831A164,0,0.132521550577
CC_2A4E97A33CE5,0,0.0855025007475
CC_2A50AFE9BA32,0,0.0511528045624
CC_2A5167A7CCCA,1,0.386215757559
CC_2A51DCAE4696,0,0.101176231006
CC_2A538403F615,0,0.316873876599
CC_2A560F71D097,0,0.102632985729
CC_2A57F88AE818,1,0.608464401536
CC_2A5CE61FA136,1,0.857425964059
CC_2A654BF906E0,0,0.133989086523
CC_2A6A707EF4A2,0,0.100926009804
CC_2A72E9041E81,0,0.0798690566109
CC_2A731C595152,0,0.234386628617
CC_2A73922A4400,0,0.175369039766
CC_2A74C68A1CF4,1,0.0718155468036
CC_2A7763A6787D,0,0.0778203506308
CC_2A7777F076EE,0,0.0871473502388
CC_2A7C9930E014,0,0.0962576473675
CC_2A7DD7369456,0,0.118246308664
CC_2A83CA0F0646,0,0.153288255375
CC_2A876959D356,0,0.068531919524
CC_2A8950AD15D7,0,0.368914452771
CC_2A89A35F7A44,0,0.161033389283
CC_2A95DFCE15F7,0,0.0807709982439
CC_2A9643ED1382,0,0.183542850251
CC_2A975CE1D524,1,0.115951936184
CC_2A9A912052FF,0,0.058083375633
CC_2A9BE99EA5E3,1,0.151727237208
CC_2AA6A8DDE95A,0,0.213284345449
CC_2AAF05225FB8,1,0.141327326369
CC_2AAF2C2FD22A,0,0.173135913837
CC_2AB2241F2CAD,0,0.0812054686915
CC_2AB6B69A0ECE,0,0.0841521957107
CC_2ABACDBD3827,0,0.150321860585
CC_2ABB40267501,0,0.0999254929067
CC_2ABF9AA2D592,0,0.107948166053
CC_2AC3799FCFEB,1,0.169559585748
CC_2AC719441ACA,0,0.101722512989
CC_2AC7DAE5ED2F,0,0.0603262713904
CC_2ACA7F2D1019,0,0.0974507001838
CC_2ACE1B486881,0,0.0743766491202
CC_2AD0FBA3469F,0,0.346552783463
CC_2AD34B286844,0,0.0843146732216
CC_2AD60A48D754,1,0.136932892122
CC_2AD76D74964D,0,0.099383674836
CC_2AD89E30E1E1,0,0.714571367233
CC_2ADC0B906BEF,0,0.111173959777
CC_2ADCC4958A5A,0,0.249061559924
CC_2AE64394EF90,1,0.0957491902353
CC_2AE869E4AF2F,0,0.120798403192
CC_2AE9C48382C3,0,0.270589690257
CC_2AE9DCEDC1F1,0,0.140742729303
CC_2AEC30611714,0,0.166883808007
CC_2AECEFA29418,0,0.170594150639
CC_2AEDCC681885,1,0.868575194781
CC_2AEE3C14AB9B,0,0.138575506926
CC_2AEF1AE45867,0,0.119314236125
CC_2AF36CDFA976,0,0.269246708338
CC_2AF70D647453,0,0.10940981637
CC_2AF895772C90,0,0.0786881865343
CC_2AFCA9A98CDA,0,0.18687721743
CC_2AFD4544E906,0,0.0817444837809
CC_2AFD8599EFD1,1,0.184755118136
CC_2B006C78812B,1,0.164178702596
CC_2B008880B8CC,0,0.16844412081
CC_2B062D7EFC1B,0,0.102918096811
CC_2B07457F780B,0,0.141901491561
CC_2B09FC675AFD,0,0.137745275636
CC_2B0CD83EE733,0,0.214155414092
CC_2B0D910A416B,0,0.20205942873
CC_2B0EB1791D06,0,0.0765945187814
CC_2B0FEDAF5086,0,0.0853104897985
CC_2B12A7CAF74D,0,0.697703445218
CC_2B1564E55E41,0,0.0995762405722
CC_2B169D3FA0AB,0,0.107392855431
CC_2B17D7D12E93,0,0.0522253859649
CC_2B1B104B4537,0,0.173115275204
CC_2B1C432924A8,0,0.0711022199291
CC_2B1CDE2F1DB2,0,0.2169977575
CC_2B1D0DD22B7D,0,0.215385584959
CC_2B1E0A25113D,0,0.0922186749631
CC_2B2B1590F745,0,0.119704284408
CC_2B2B9F8C29FC,0,0.13730559465
CC_2B31DC826A70,0,0.0762509493702
CC_2B329A7C0AC3,0,0.176307318852
CC_2B34AE1A2C3C,0,0.0951024136569
CC_2B34D037FDAC,0,0.129912854843
CC_2B3863C31087,0,0.248331841256
CC_2B3BF2A06513,0,0.222999205845
CC_2B41C98380A0,1,0.409604221871
CC_2B4729A53736,1,0.111961284602
CC_2B491BC8CE50,0,0.213334150552
CC_2B4A4B15FBFE,0,0.392621904646
CC_2B4AC212FED3,0,0.129319042646
CC_2B51623F0566,0,0.276521775988
CC_2B55FD658701,0,0.747981438598
CC_2B57BB750099,0,0.0826426122777
CC_2B59FC475AAE,1,0.0804543894768
CC_2B5AC32E9319,0,0.208833372863
CC_2B5B01FBE986,0,0.201452381245
CC_2B5BB2E4C8D7,0,0.341331809764
CC_2B5F21C5D7C4,0,0.132879071751
CC_2B675F4C3A7A,1,0.564642042751
CC_2B6995D9C76C,0,0.142577875031
CC_2B6C301DFA50,0,0.0929634580669
CC_2B6C6E185E28,0,0.11441981155
CC_2B7362B36C7E,0,0.0862285918204
CC_2B737DD404E5,0,0.0680602367093
CC_2B745B858036,1,0.391053057837
CC_2B746474BE2E,0,0.0701275340681
CC_2B779915861F,0,0.0397780379113
CC_2B7E7517A714,0,0.170940506926
CC_2B808CA5D672,0,0.114334826001
CC_2B813DACF5BA,0,0.0994126788071
CC_2B82A4B9598F,0,0.116084384564
CC_2B855F0679C4,0,0.0771937857429
CC_2B8AB678FB2F,0,0.0617939454138
CC_2B9323F514DE,1,0.766193848121
CC_2B95530025EA,0,0.0909995156076
CC_2B982EF342D7,0,0.161678561168
CC_2B9D37CCC4A6,0,0.15652780232
CC_2B9E78B781FF,0,0.108741619373
CC_2B9FD0393AE7,0,0.0966531901526
CC_2BA1F3132F60,0,0.773974992579
CC_2BA28074A216,0,0.188664860847
CC_2BA37A841F0D,0,0.0732301961438
CC_2BA4E43FF0A9,0,0.129147264872
CC_2BAC77456C47,1,0.529008165768
CC_2BAC838269F8,0,0.107663957781
CC_2BAE9FEF5B33,1,0.381301518146
CC_2BAEC4A0FB49,0,0.178692104314
CC_2BB79F6D76CC,0,0.141100471686
CC_2BB949053BE3,0,0.127039322095
CC_2BB95B546AF6,0,0.118281421807
CC_2BBFB2C48799,0,0.104001503051
CC_2BC1B37107E9,0,0.166990128205
CC_2BC310967765,0,0.0913521485252
CC_2BC6EC8D4F9E,0,0.386785752396
CC_2BC8C9C298A2,0,0.114207275845
CC_2BCD6FF59BE2,0,0.189255687212
CC_2BCF9E8C997E,1,0.0514587680388
CC_2BD75023B1A6,0,0.124541350358
CC_2BDC0842BA07,0,0.120528928846
CC_2BDCDBD851D6,1,0.691993092565
CC_2BE021580D7C,0,0.156823054393
CC_2BE33278E984,0,0.1041275496
CC_2BE5F40E628D,0,0.129900676197
CC_2BEA8C342901,0,0.0868786807734
CC_2BEDDE6600E5,0,0.0647812134941
CC_2BEE24B3ACDC,1,0.116540762083
CC_2BF47ADAAF9A,0,0.0844884046933
CC_2BF47CB84E8B,0,0.136559169945
CC_2BF511C3C8EF,1,0.471320542916
CC_2BFA01F25CEC,0,0.0792050473431
CC_2BFAD18C1064,1,0.814887273983
CC_2BFBBC8761BC,0,0.0940458511131
CC_2BFC09551190,0,0.0819246082685
CC_2C0004622D2C,1,0.426112714035
CC_2C01C91DB4E6,0,0.103454609997
CC_2C01D2143635,1,0.824460106023
CC_2C03757A27C5,0,0.122920158649
CC_2C0678C593CA,0,0.0699353209764
CC_2C0D37AD3EEE,1,0.81498741006
CC_2C11E7778DD6,0,0.837815041068
CC_2C16E8264E5A,0,0.209999535115
CC_2C190797A685,1,0.153742815551
CC_2C1EE4B879D6,0,0.570881379591
CC_2C20168D9109,0,0.151191785099
CC_2C242724B1A0,0,0.215666985509
CC_2C258C82AC92,0,0.0865550366126
CC_2C278D596D65,0,0.29370727854
CC_2C2942E423D5,1,0.294674434267
CC_2C2D3613EF03,1,0.120149436791
CC_2C2E54C2D7E2,0,0.0847042745282
CC_2C2EE8D82A22,0,0.10485101668
CC_2C30D4DD1254,0,0.144493842219
CC_2C328DE998E0,0,0.102038788878
CC_2C3314A9D4CE,0,0.110523336145
CC_2C3683BF63A5,0,0.0553151429814
CC_2C38E6E12236,0,0.146100093888
CC_2C3BFEC0645F,0,0.373744073045
CC_2C3C8308D986,1,0.306030888215
CC_2C3DA51EB238,0,0.10362249123
CC_2C45C58CE822,0,0.127368878052
CC_2C49C3A27A57,0,0.148138332705
CC_2C4D184AB761,0,0.0774295288935
CC_2C4ED13A4801,0,0.122791481019
CC_2C51344B19A3,0,0.117929352687
CC_2C527F461F50,0,0.159494728186
CC_2C5D797C03EA,0,0.194515611846
CC_2C5FB4EEF945,0,0.256571033147
CC_2C612363DC5F,0,0.12943065613
CC_2C657F02A545,1,0.158661100996
CC_2C67021F9D88,0,0.214349505506
CC_2C693F3A3023,0,0.0829321478805
CC_2C6A83979DC4,0,0.204960193723
CC_2C6E37C011A1,1,0.955078715518
CC_2C7403D8B7E1,0,0.189928770526
CC_2C746C074609,0,0.0775696866167
CC_2C7825D7B256,0,0.311803150286
CC_2C79E82452E9,0,0.143566690578
CC_2C7C20162846,0,0.150769481872
CC_2C7ECAA06932,0,0.0296702917156
CC_2C7EFDC81D44,0,0.508164593365
CC_2C80938DFA7B,0,0.100996448969
CC_2C84F4B234A4,0,0.13515452152
CC_2C86D0B6EA06,1,0.1187087374
CC_2C87C4F6BAA7,0,0.117577779335
CC_2C87E31CA8C3,0,0.121627543871
CC_2C8A9A111BC4,0,0.0960274094546
CC_2C8DFB421006,0,0.0690603450562
CC_2C90F790C84D,0,0.0963040304998
CC_2C921CEC3EA9,0,0.101624033114
CC_2C93FA55D33A,0,0.0982370693487
CC_2C954FCC0FC1,0,0.109878302847
CC_2C9717AF64CD,0,0.122459521358
CC_2CA1CDBD64F6,0,0.071339697967
CC_2CA4C59676BE,0,0.14793787875
CC_2CAF1C83A38B,0,0.0991252445301
CC_2CB73602991A,0,0.228952766858
CC_2CB975354F27,0,0.125165245175
CC_2CBA80629B52,0,0.171899924939
CC_2CC03BFD4452,1,0.0779192819531
CC_2CC108594B96,0,0.0880260005409
CC_2CC173384605,1,0.68071114923
CC_2CC225D6E637,0,0.321756280805
CC_2CC79A01F56A,0,0.123293695706
CC_2CC9859F761E,0,0.0826646364094
CC_2CC99D3623BC,0,0.161766312107
CC_2CCAF30EB2E0,1,0.519957197035
CC_2CCBE8D58D76,0,0.108748412229
CC_2CD064F79DE7,0,0.0910748172883
CC_2CD127564FB3,1,0.275870990953
CC_2CD309BF0597,0,0.0758592337671
CC_2CD38B95592C,0,0.542401826844
CC_2CD3B74CA144,0,0.12369570669
CC_2CD499505A0A,0,0.144498877323
CC_2CD4E0713EB4,0,0.0878249277646
CC_2CD92C78B5C0,0,0.739272397673
CC_2CDD4C16C8CE,0,0.188858205484
CC_2CDD9EB83A8C,0,0.0995265106025
CC_2CDEE415E376,0,0.126577750312
CC_2CE6BA5339F4,0,0.794219006196
CC_2CE6C1908ECD,0,0.131356490997
CC_2CE8371BAD6A,0,0.0853177891129
CC_2CEBA10E5F5A,0,0.13260827289
CC_2CF098FCC43C,1,0.150080641143
CC_2CF16590D2B3,0,0.12917668281
CC_2CF239B06EF8,1,0.181114158488
CC_2CF2D65C5644,0,0.767398470162
CC_2CF75D4AF06E,0,0.137677890695
CC_2CF92625649F,0,0.366236654769
CC_2CFA418D4DD9,1,0.205697543982
CC_2D00DD444AD5,0,0.0855194635331
CC_2D08C5363AAF,0,0.155664064258
CC_2D0B32B5B569,0,0.227408651701
CC_2D0BE664E7D3,0,0.107240778568
CC_2D0D8B6F5D11,0,0.113351031599
CC_2D12B08BE908,0,0.496562318277
CC_2D13224B403C,0,0.103670768351
CC_2D1815393DBF,1,0.0706456909195
CC_2D1B85E04FB8,0,0.567750693785
CC_2D1BCA2CA783,0,0.323781923989
CC_2D20FA0A7B3A,0,0.100772509271
CC_2D21ECF5FF2A,0,0.112468779032
CC_2D25FD8EB5A8,1,0.798310863608
CC_2D3017E5AEBD,0,0.11061948437
CC_2D306C4C9E00,0,0.0947833486619
CC_2D3396DF4087,0,0.0792745843866
CC_2D38C6E7B1C3,1,0.177864655723
CC_2D38E94C3590,1,0.103413365956
CC_2D3BCF7FBBC0,0,0.138023728863
CC_2D444F8B975E,0,0.0987869554971
CC_2D4546FD4087,0,0.0697455965705
CC_2D46153D829A,0,0.0695148629815
CC_2D4BD54A487E,0,0.133821487812
CC_2D4D6B898329,0,0.635968221319
CC_2D5295025C74,0,0.334314945918
CC_2D58565A81EE,0,0.136012232627
CC_2D5BFAC25208,0,0.0482197530033
CC_2D5C35DDCE45,1,0.0988016389201
CC_2D5D7012994C,0,0.200619316849
CC_2D5FA21AE5AB,0,0.202132135158
CC_2D5FAF78541A,0,0.0655384478584
CC_2D632944D6DF,0,0.134067562732
CC_2D642E3BF053,0,0.165744855516
CC_2D6540B99C53,0,0.146858563328
CC_2D66878D5798,0,0.0939433559093
CC_2D67F294405C,0,0.519932611066
CC_2D691B073531,1,0.114097475999
CC_2D6AEEF9F3E9,0,0.185295533749
CC_2D6B98DB8DE6,0,0.12439012282
CC_2D6B9A5F8987,0,0.138978250928
CC_2D6DF1670672,0,0.150212688278
CC_2D6F273914FD,0,0.0836124314448
CC_2D721F717432,0,0.111617109412
CC_2D7242991DFC,0,0.100844339853
CC_2D73932FD82C,0,0.141268947144
CC_2D778357ED85,0,0.0895398765611
CC_2D78791260A4,0,0.137111086842
CC_2D78D2DA287A,0,0.106070093383
CC_2D79A857E244,0,0.120261227308
CC_2D7BAA42E57D,0,0.103123715754
CC_2D7C9538050D,0,0.119234795689
CC_2D82D146A401,0,0.119224280651
CC_2D831386A5C5,0,0.232222925471
CC_2D84D93901B6,1,0.36066531875
CC_2D854C4C03D7,0,0.14796611072
CC_2D88250B2326,0,0.154586513238
CC_2D8A9FD65361,0,0.109747874272
CC_2D8E33263E8E,0,0.152299959551
CC_2D91333BB7BF,0,0.145242322835
CC_2D93D7400BF8,0,0.0950680880141
CC_2D946EF3791D,0,0.058195484082
CC_2D94930029D7,0,0.0655946409746
CC_2D955026F1F4,0,0.099441938538
CC_2D9746485999,0,0.144941243996
CC_2D998CFCABDE,0,0.0963652872075
CC_2D99C6598072,0,0.277300774429
CC_2D9F1235E061,0,0.0645569984158
CC_2D9F28BE8674,0,0.163885013877
CC_2DA6193DE53C,0,0.202813845727
CC_2DA6BA71F10D,1,0.218523444798
CC_2DA88800EB36,0,0.0955044851795
CC_2DAE7AA7097B,0,0.128730051948
CC_2DAECF779A51,0,0.187929737161
CC_2DB0391E428E,0,0.194951789743
CC_2DB05C999570,0,0.198343422836
CC_2DB2993E34EF,0,0.0485103975278
CC_2DB2C026EEEF,0,0.122416096324
CC_2DB90BDBAABD,0,0.124304517303
CC_2DBAC547CBC3,0,0.0779664644029
CC_2DBF419A09C0,0,0.0966626062696
CC_2DC3C76969E7,0,0.515048693975
CC_2DC6BDC4890C,0,0.0877863594485
CC_2DC9FE08E704,0,0.1061982091
CC_2DCDF3560118,0,0.252625353639
CC_2DCFB2A4246D,1,0.462094872605
CC_2DD1F2CC3007,0,0.153456352647
CC_2DD1FCB21212,1,0.632555537844
CC_2DD33FA725DB,1,0.151056243623
CC_2DD4DB088467,0,0.0830324994335
CC_2DD5EEC161CC,1,0.28931291853
CC_2DD63D92892E,0,0.219563369263
CC_2DE1DDDC4CBB,0,0.257078381548
CC_2DE503EC1CC4,1,0.250144179571
CC_2DE61872456D,0,0.278907529241
CC_2DE872EE7506,1,0.651588700194
CC_2DEBC2A150C5,0,0.0463897999092
CC_2DF1342EE3E9,1,0.108552688002
CC_2DF2C9888F88,0,0.100596359008
CC_2DF47E34AE28,0,0.138875719618
CC_2DF9AF8A8B95,0,0.27618324768
CC_2E000E335FD8,0,0.145190324921
CC_2E04253A48F0,0,0.237680029066
CC_2E04B760DF9B,0,0.104592313882
CC_2E13711D67BC,0,0.0894696515291
CC_2E1D3CF2DB08,0,0.0949522392957
CC_2E1D5964770D,0,0.246942215332
CC_2E1F6982F0CC,0,0.110668767014
CC_2E208C8F8870,1,0.769934622487
CC_2E20DC8464C8,0,0.092944456928
CC_2E22BEBE78F8,0,0.252318933427
CC_2E256D5D842A,0,0.11777175958
CC_2E2657109B1F,0,0.0924145735158
CC_2E290095B659,0,0.117288357869
CC_2E31CC93F4A8,0,0.116316568503
CC_2E33C61B82A3,0,0.165741926582
CC_2E39578A665F,0,0.0772081531249
CC_2E3A0FA9E38C,1,0.508381530367
CC_2E3AA4971393,0,0.12856928479
CC_2E3C191DB6AF,1,0.207288029553
CC_2E3DDB548FFD,1,0.537283400973
CC_2E3EC93FF914,0,0.242584132757
CC_2E431B24495D,0,0.103328858529
CC_2E44F6F08938,0,0.282433594179
CC_2E4539A9B744,0,0.11695555734
CC_2E5262054502,0,0.178686191639
CC_2E54A8C4A3B6,0,0.0971474603153
CC_2E57CC3E159D,0,0.123745596055
CC_2E593C08CB03,0,0.155348912969
CC_2E59A8E296AD,0,0.28035339895
CC_2E5B360FB5F8,0,0.115741536514
CC_2E5E4933EDA4,0,0.104613845737
CC_2E6547232192,0,0.0734466889738
CC_2E68006F8F9B,1,0.172493243925
CC_2E69A6CFEB80,0,0.273280818293
CC_2E6B214CEFD7,0,0.0793739459726
CC_2E6E6B420C77,0,0.156855521589
CC_2E730952591A,1,0.0822785270495
CC_2E7449607209,0,0.0729929894473
CC_2E74535AD4D2,0,0.160409063401
CC_2E79EA5C6D58,0,0.0834175836413
CC_2E7A347ABE12,0,0.0909686174369
CC_2E7E38443246,0,0.090841489133
CC_2E7E6B6FFA13,0,0.331992660739
CC_2E84171801AF,0,0.281327724207
CC_2E8A3D1E1897,0,0.0597510616311
CC_2E8E2E271A67,1,0.636763873622
CC_2E8F5B64ED91,0,0.0923796825717
CC_2E90EA86D135,1,0.0897688843382
CC_2E9918F1C76B,0,0.13829569259
CC_2E9933664A13,0,0.111418800024
CC_2E99361595B1,0,0.0792742029708
CC_2E99D48B372A,0,0.172844322243
CC_2E9CF4AAAF99,0,0.146988021149
CC_2EA87F09556B,1,0.0986586345911
CC_2EB290D7FF89,0,0.167889788384
CC_2EB906496266,0,0.0840047505393
CC_2EBE85F769CD,0,0.150677554681
CC_2EBE98029D3E,0,0.0609383348879
CC_2EC8FAE6E3A2,0,0.275032974512
CC_2EC94019CFFB,0,0.227679876575
CC_2ECA0DD5038B,0,0.0728153584083
CC_2ECE3EAC2E6C,0,0.119034578177
CC_2ECF6AB075B5,1,0.835699693809
CC_2ED03C9CB409,0,0.0910268140039
CC_2ED22778FC7E,0,0.72364487846
CC_2ED6A45A1D69,0,0.169465334025
CC_2ED6F5F99ED3,0,0.0515883470249
CC_2ED845AFF0D2,0,0.111166215959
CC_2ED9D02F8E87,0,0.100714893864
CC_2EDAA5ECF6A4,0,0.105020893113
CC_2EDC42887989,1,0.262908039911
CC_2EDD75E45FAF,0,0.226522001503
CC_2EDE398239A0,0,0.124426803658
CC_2EE08F42D91F,1,0.587417678732
CC_2EE1972ED27F,0,0.0964847763066
CC_2EE583D3EF44,0,0.323022189108
CC_2EE5C3B85AA5,0,0.122534959486
CC_2EE87E5B7E2F,0,0.14285167011
CC_2EEB916E20CA,0,0.0969100921115
CC_2EF30C1CEB91,1,0.226691583104
CC_2EF7182E2BF9,0,0.0977256842712
CC_2EF95A9978C3,0,0.151269511498
CC_2EFAB98EDE2B,0,0.0778223966828
CC_2EFB42294929,0,0.122146055485
CC_2EFD90CE7B0E,0,0.186071657015
CC_2EFDCB6FC7ED,0,0.110808485113
CC_2EFF75420010,0,0.105070790685
CC_2F02BEEB9775,0,0.219612672374
CC_2F043E78A406,0,0.128167292916
CC_2F089640D83E,0,0.0994348479858
CC_2F08AD35C4FB,0,0.114343391285
CC_2F099FBB60F8,0,0.163063967448
CC_2F113A04B642,0,0.131639894952
CC_2F1176C371C9,0,0.194784464241
CC_2F144FCB5E23,0,0.116742203294
CC_2F18DD78E5BA,0,0.175739593697
CC_2F25812A06EA,0,0.115585543792
CC_2F2B15F192C3,0,0.327982998005
CC_2F2D0C450F85,0,0.0836646020424
CC_2F2E6C2D77A7,0,0.121654590526
CC_2F2FAE950154,0,0.134477099131
CC_2F31C111DB2E,0,0.11305647555
CC_2F3A2BB45E66,1,0.147334160825
CC_2F3C75196B8D,0,0.107951363104
CC_2F40BC5DB112,1,0.0891117960567
CC_2F44A9B2379C,1,0.593266702033
CC_2F4B10D3427B,0,0.391069115028
CC_2F504B6DFD32,1,0.88946875602
CC_2F53C9AD59E2,1,0.731325404069
CC_2F555E4BA882,1,0.0681080404889
CC_2F5B18CDF78A,0,0.120519132807
CC_2F5C97404761,0,0.184324269861
CC_2F5EAA49FD38,1,0.308361403915
CC_2F602EF38556,1,0.840717663428
CC_2F612BAC4F08,0,0.101224145399
CC_2F69A306B58E,0,0.10085940378
CC_2F6C3939ED89,0,0.0815242301322
CC_2F6DECFB8D76,0,0.151494019575
CC_2F79ABE6BC6B,1,0.372938981358
CC_2F7BC3D82FD1,0,0.170993160736
CC_2F7D8E78302D,0,0.0925513532455
CC_2F89396E862E,1,0.130774462653
CC_2F8C373C6081,0,0.0925075386307
CC_2F8DF69B5B6F,0,0.151425412052
CC_2F9037DDD23F,0,0.162012571889
CC_2F97DCA53BF3,0,0.208176294587
CC_2F9968E03D54,1,0.485776092609
CC_2F99B69B3F49,0,0.529185470098
CC_2FA4167ABC19,0,0.400276708477
CC_2FA486737C14,0,0.0893436302396
CC_2FA7FA864E38,1,0.0723820048937
CC_2FA80E799A66,0,0.0950191724804
CC_2FA86C317391,0,0.0894724526707
CC_2FAA444CE574,0,0.198375492914
CC_2FAAEAD1E33B,0,0.165965843594
CC_2FAB1F780BC7,0,0.107668270542
CC_2FABB6EE39C9,0,0.160561409747
CC_2FAF4A7467D9,0,0.0859191020296
CC_2FB290AE55E0,1,0.55218405071
CC_2FB312DAFC44,0,0.740559327862
CC_2FB32A3743B1,0,0.0681862353278
CC_2FB69C916E38,0,0.120071606837
CC_2FB88553E208,0,0.11950128676
CC_2FB98FF179AC,0,0.0822828161702
CC_2FB9F42747D2,0,0.0791101466062
CC_2FBB635A2D87,0,0.154129604167
CC_2FBD6BF2D95D,0,0.739590438543
CC_2FBFA0666C04,0,0.142073430905
CC_2FC59A5CF27D,0,0.103665871809
CC_2FC842A9C2AB,0,0.105886141334
CC_2FC8449DDFD0,0,0.0904296859452
CC_2FC984759B8D,0,0.214708071641
CC_2FCAC10C92F2,0,0.0504598842809
CC_2FCE1A5D8D59,0,0.382008832134
CC_2FD0DF441175,0,0.202197634574
CC_2FD3A335F753,0,0.702706817228
CC_2FD88A851C60,0,0.272714940935
CC_2FD8F3461DF0,0,0.0754194639029
CC_2FDC0028F67F,0,0.147733109929
CC_2FE151CFE170,0,0.128650922975
CC_2FE1B3B96CFC,1,0.417555604163
CC_2FE3F5290050,0,0.168077587379
CC_2FE86034B4B0,1,0.0891514049933
CC_2FF14670F36F,0,0.0977337856711
CC_2FF5C17609E3,1,0.201570333913
CC_2FF93B142970,0,0.107774401054
CC_2FF9933D2EC9,0,0.0708551223673
CC_3002D186CF64,1,0.45914723879
CC_30089430A812,1,0.585726918255
CC_300C90D79FDE,1,0.853823813726
CC_300D3D4EAE5B,0,0.193558043012
CC_3011A49D8F46,0,0.250062000814
CC_301558E72CC8,0,0.224961743102
CC_3015E8E8502C,0,0.160300530181
CC_30187B6CBBFB,0,0.0957805912805
CC_301AF08C6D6D,1,0.589383213804
CC_301B934F5063,0,0.516643241965
CC_301E9FBF5EE7,0,0.0794117561444
CC_3021DAAD0406,0,0.0858872057571
CC_30225D5A1283,0,0.108984380741
CC_30250C44C9E9,0,0.0807112645781
CC_3026D0E47D6B,1,0.400312494364
CC_30276B4736B1,0,0.136217120449
CC_302C74EC1CCB,0,0.0874646127356
CC_302EDCDB3AB5,0,0.320537071028
CC_3036511C57F9,0,0.240663077515
CC_303683C15916,1,0.075536070022
CC_3038119DF154,0,0.190145144026
CC_303960822BB4,1,0.847484728285
CC_3039996D5E01,1,0.257932507561
CC_303D03F16949,1,0.0824905628172
CC_303DCE7967DB,1,0.790267039972
CC_30427F5A6323,0,0.146839476252
CC_3048ECC6A1D8,0,0.109067033473
CC_3049B6510798,0,0.0827603364047
CC_304A38A7F24D,0,0.111351718969
CC_304B1B877282,1,0.205493313123
CC_304D2E6B41DB,0,0.0771304833081
CC_304FE609229B,1,0.542794363126
CC_3050B810A807,1,0.0652026984367
CC_305316671265,0,0.386166840481
CC_3053A571FF7E,0,0.130107703285
CC_305E70BA7C13,0,0.116037042729
CC_305F6A86F1B2,0,0.331984825746
CC_305F6EE0CF51,0,0.105266761247
CC_30601EE5A5D8,1,0.120194387597
CC_3062DF827DC0,0,0.22139290113
CC_30664214960C,0,0.281930361004
CC_30686A756335,0,0.151157781109
CC_3068DE4E9268,0,0.109067510519
CC_306929E45492,1,0.272406140233
CC_3069852D1966,0,0.50987128936
CC_3072DCBA094E,0,0.159968292626
CC_30767547CE99,0,0.0945299107067
CC_3078FBC5B6A8,0,0.230987075609
CC_307B0C37BFA1,0,0.31554268506
CC_30851ED6085D,0,0.279250612163
CC_3085785DB82B,1,0.142116392711
CC_3085E2603C30,0,0.125933382826
CC_3085F968D52D,0,0.101172143691
CC_308797A88E47,0,0.196341366789
CC_308DF23FAD21,0,0.11035619677
CC_308E030D193D,0,0.136882586361
CC_3091A2176290,0,0.133730493995
CC_3093DE4E4D56,0,0.127658605073
CC_3094529729A8,0,0.117894236985
CC_30962431A610,0,0.117079280833
CC_3098644FA268,0,0.0769265968021
CC_30A211030FDF,1,0.0957780521086
CC_30A444AD767F,0,0.229050581716
CC_30B0B774B8AA,0,0.0946454363854
CC_30B2E0270E37,0,0.21356584306
CC_30B770F35DAC,0,0.14901009783
CC_30B7ECDE07D0,0,0.0892875196952
CC_30B97F22AAE7,1,0.695359707535
CC_30BD9FD0C87D,0,0.0747676772069
CC_30C15194B7AE,0,0.0580596079472
CC_30C6EA27CDAC,0,0.0976991320743
CC_30C9E92A25F0,0,0.0933528905799
CC_30CB8ABEE42C,0,0.161200293039
CC_30CD1B9D0C7E,0,0.111749074885
CC_30CDA9CB4D05,0,0.0805227433679
CC_30D5BE9E8652,0,0.446864444731
CC_30D67095E918,1,0.32449091334
CC_30DA11D35043,0,0.0960880273445
CC_30E0338EC333,0,0.0935314615449
CC_30E6D12BE19B,1,0.150454875802
CC_30E6E919AEC5,0,0.123564597712
CC_30EA871F367B,0,0.114002160067
CC_30EB9878FB4C,1,0.283984904823
CC_30ECCAEE0F0D,0,0.039194991305
CC_30ECE8892C31,0,0.085259849528
CC_30EDDEBA2BD2,0,0.0806060293083
CC_30EFC45102AB,0,0.102176468955
CC_30F12BBB0452,1,0.597949004167
CC_30FB470CC524,0,0.180129165506
CC_30FBDB04821A,0,0.307060357495
CC_30FF1A8EA15A,0,0.178520658773
CC_30FFE264A690,0,0.130509378047
CC_31031864F9C4,0,0.237549390088
CC_3109BD787651,0,0.293557457324
CC_3109D06DD185,0,0.105026800898
CC_310ADD4EFBDA,0,0.283862421057
CC_310D869C6696,0,0.104366911535
CC_310F76745BC3,1,0.797797228509
CC_31105C8BD1C8,0,0.0848413862807
CC_3111BCA7BCEE,0,0.174110325306
CC_31148413CF8F,0,0.0944940879174
CC_311DA4368876,0,0.153191698138
CC_3123CF015F76,0,0.0651393018077
CC_3124941A45C4,1,0.562369202794
CC_31252D578834,1,0.695431126333
CC_31283EF4480C,1,0.548794765137
CC_312DD976F63E,1,0.511347864526
CC_31329ED18379,0,0.387469388175
CC_31370C746AC4,1,0.092818907652
CC_31421F6B91F1,0,0.114305279524
CC_31422EF66BDD,1,0.186350127557
CC_31427A1343A5,0,0.7774168874
CC_31431C911EE5,1,0.325305940022
CC_3144BECD6CBC,1,0.703706132545
CC_3146B3A91B9B,0,0.112211555059
CC_314EE2A14721,0,0.100259202959
CC_31518250CB98,0,0.0920555963417
CC_31530486F0F3,0,0.524419925825
CC_31596CFB1EC2,1,0.332119769572
CC_315A944CF632,0,0.672585301975
CC_315C315CAD62,1,0.0846162831103
CC_3167FE241E1D,0,0.122213977058
CC_3171E08D6616,0,0.126218556079
CC_3172629C6277,0,0.115565003222
CC_317423FE101D,0,0.404575759203
CC_31750349421C,0,0.108638560167
CC_3175920B9AA6,0,0.193223918716
CC_3176195B68F7,0,0.0399017852807
CC_31771B6CA092,0,0.394262502752
CC_317D9897E502,0,0.138250189401
CC_317ED8B5B0F4,0,0.12915647303
CC_3180003CE691,0,0.149860402621
CC_3181B58BAB86,0,0.480546041329
CC_31820568B5E4,1,0.148386378798
CC_31885F01F804,0,0.110744809299
CC_31903AB7A058,0,0.128849623487
CC_3195D8A9F7E7,0,0.873181927562
CC_319646E9BF1A,0,0.231320879361
CC_3196B140C845,1,0.146168388572
CC_3197630E0190,0,0.139970091839
CC_319765D38893,0,0.0974544591148
CC_319C4619E111,0,0.160236637793
CC_31A0F4D11C1E,0,0.62507963781
CC_31A521803204,0,0.111304370564
CC_31A796219C5C,0,0.161052987813
CC_31A84FAD3326,0,0.218111629374
CC_31AC3F7F532C,0,0.3800702457
CC_31AE73EAA21B,0,0.155526177775
CC_31B22CBBB5D9,0,0.198954842556
CC_31B31D66D6B5,0,0.14638502905
CC_31BC0F05669D,0,0.114764162451
CC_31BF0630D0F6,0,0.199924936475
CC_31C73750529D,0,0.133841615125
CC_31C74DB3E553,0,0.138023585251
CC_31C8A5FE5ABF,1,0.791366036343
CC_31C936FA6F7C,1,0.171552069056
CC_31C9894FDA7E,1,0.240242419865
CC_31D4B3CD9CE5,0,0.0867773805614
CC_31DB286EED01,0,0.112417274985
CC_31DBCF532798,1,0.168312802473
CC_31DCB58CF8EB,0,0.613466660055
CC_31DE284B7633,0,0.154108946605
CC_31E04C7A5782,0,0.0944959740764
CC_31E84D4BF5C6,0,0.204357688237
CC_31EBB193B68A,0,0.248437846211
CC_31EF82DB48FD,0,0.525966650518
CC_31F30D9DB99A,0,0.0914366798532
CC_31F37B08A5C2,0,0.18527397098
CC_31F4949195C2,1,0.104054682486
CC_31F546795669,0,0.10879965928
CC_31F70041B654,0,0.0727802333678
CC_31F73F35EFBE,0,0.0969224386571
CC_31F9234BEAC3,1,0.134281581623
CC_31FA9D656547,0,0.0682199060078
CC_31FC6FA913CD,0,0.0850397845707
CC_31FD0A0F8E47,0,0.0665934462949
CC_3202CFACD598,1,0.715753193283
CC_3206E1AA4187,0,0.0678006405444
CC_32078AF802C7,0,0.102624641048
CC_320828540413,0,0.146064725464
CC_3208CAA07C8C,0,0.068112307236
CC_3208E72F7AFC,0,0.165691096495
CC_320B7D8A811D,0,0.0766143612676
CC_320F5AFC26D3,1,0.591465445601
CC_320FF6099EEC,0,0.11816942384
CC_3218D98BE40E,0,0.0842232232011
CC_32199B877A9B,0,0.0798709121555
CC_321AB2B57ACC,0,0.169684752954
CC_3222E26640A7,1,0.112369519441
CC_3223669816E1,0,0.479169178892
CC_3223A9333DE8,1,0.288520714353
CC_3228457876FA,1,0.196510854986
CC_322D9FB78146,0,0.365135666884
CC_322EF0BBDA71,0,0.270099739576
CC_322F15DE53FD,0,0.100750451673
CC_32311E094DDC,0,0.0709004644714
CC_32397691C738,0,0.0836486253223
CC_3241CCF65635,0,0.140770898051
CC_32448B202D73,0,0.163933327856
CC_32467BC53843,0,0.383644057938
CC_3246FE4CC4B2,0,0.120972741109
CC_3248DED1F983,0,0.137838266436
CC_324B2ACE8374,1,0.140184571273
CC_32518CC25E28,0,0.0926071897237
CC_325311FE672A,0,0.141001615223
CC_3254AF1B2FC6,0,0.154247489372
CC_325556272813,0,0.102614498805
CC_325D18BBB733,0,0.111568379111
CC_325D8695FB1C,0,0.136670095697
CC_32621AD8E195,0,0.0280310439826
CC_3263026C57E3,0,0.211739582687
CC_32645ACD28D9,0,0.0827280343152
CC_326B49BE3BA0,0,0.171909791889
CC_326BC9BCEABD,0,0.10488990453
CC_326C0F7A5060,1,0.505585528407
CC_326EA5883D87,0,0.0906056974279
CC_326F0018D707,1,0.493575221752
CC_327384EAB544,1,0.0602787785421
CC_327475DF847E,0,0.117729523205
CC_327518E6508B,1,0.126834458352
CC_327B9345E789,0,0.246040599976
CC_327DA000919A,1,0.0617368947927
CC_327F80D4EB5B,0,0.344242444037
CC_327FB9CAB049,0,0.133333782631
CC_32803827EEF8,1,0.228580741028
CC_3284B0538C9B,0,0.136731976229
CC_3286FA567F95,1,0.646027521088
CC_328714732378,0,0.421154603052
CC_32876202CFD9,0,0.0748338389974
CC_32876FE63F58,0,0.127162871778
CC_32899868EFFD,0,0.184300444484
CC_3289C0E69AE5,0,0.238552316481
CC_328DCADAA10C,0,0.0977351337018
CC_328E23F443F6,0,0.0914417343401
CC_32925B204FD4,1,0.582062671164
CC_32955270159F,0,0.566748516443
CC_32959DE9762F,0,0.278388722362
CC_3295D854CD34,0,0.0759777244264
CC_329993E9196E,0,0.100882832772
CC_329AE0372642,0,0.260239880562
CC_329AE0C2EAC7,0,0.313503007539
CC_329DDD379D8F,0,0.138855671669
CC_32A53BC0E9D9,1,0.214173525409
CC_32A55EB660DA,1,0.091651391897
CC_32A66A08A4F3,0,0.140424832732
CC_32A79E0765C0,0,0.299375644803
CC_32A7F9F5D94A,0,0.407494058639
CC_32ABBEC0E349,1,0.557665908317
CC_32B30963B9BE,0,0.564432813322
CC_32B39527ABFC,1,0.397005379214
CC_32B7BBBFF3D3,0,0.494711419158
CC_32C2CDAE2FBC,1,0.163906081443
CC_32C38C068A1C,0,0.0740986625422
CC_32C53C15599B,0,0.244498411486
CC_32C814285D57,1,0.316131943655
CC_32C86F8262EE,0,0.177100430343
CC_32CB14D852D3,0,0.165171729142
CC_32CBF79A0BCF,0,0.140407257127
CC_32CC81EDA9CE,0,0.256566156774
CC_32D05B93B952,0,0.263686175696
CC_32D4B2BB94B2,1,0.123998610004
CC_32DC6577BC04,0,0.0747665617935
CC_32DE6036FB04,0,0.197309864778
CC_32DF6D3FE6C9,0,0.616801242604
CC_32E2858F9CE9,1,0.131356295874
CC_32E31418F328,0,0.614042155096
CC_32E78ECF8FBE,0,0.142793889457
CC_32E872638DFE,0,0.241516600313
CC_32E898C00242,0,0.208152670651
CC_32EE045C403F,0,0.2169007362
CC_32EEAB665612,0,0.09927921471
CC_32F7B2C11C99,1,0.455753228693
CC_32F9EB31A8BB,0,0.12556462241
CC_32FD250F5D76,0,0.0781387436688
CC_32FDACA4D56C,0,0.166005519727
CC_33023075B02B,0,0.0804286280491
CC_330876B820DA,0,0.0637308306273
CC_3308F59BA9EB,0,0.119134125156
CC_331094A6CDE1,1,0.126157538267
CC_3313F092D5B6,0,0.087148713247
CC_3315085EBF37,1,0.761331809614
CC_331AADDFDE06,0,0.172912753715
CC_332540747C9D,0,0.0750477604616
CC_3328934D3ED0,0,0.121409985924
CC_332B4AA5CEF4,0,0.804432989598
CC_332BF19A2D71,0,0.170737059065
CC_332C450218E9,0,0.0966239546429
CC_332E266FDDA0,1,0.232659884099
CC_33332E49E1BB,0,0.0797056815429
CC_33391B5FBF24,0,0.233060061524
CC_334A47399A2D,0,0.0886084461336
CC_334D608B90DA,0,0.229886499945
CC_334DE0E39314,0,0.107662846132
CC_3352898DE878,0,0.110716863419
CC_33542B16C504,0,0.583754458165
CC_335C040063B1,0,0.0727050145149
CC_335CC6AC1E43,0,0.14455855674
CC_3367F590A328,0,0.0897178882768
CC_3368E5622465,0,0.0591689934458
CC_336DA9E5F038,0,0.0707067737798
CC_337087C31962,1,0.172565886572
CC_3370940BE984,0,0.0849074146558
CC_3375753645FF,1,0.201269257019
CC_337830C6EDC6,0,0.200501976646
CC_337857EAD5CC,0,0.193261076418
CC_337863E76B3F,0,0.139346385994
CC_3378A03A24A8,0,0.187963627975
CC_33799F9A52C1,0,0.187601028146
CC_3379E92DDAE6,0,0.191311186539
CC_337AAE7EA967,0,0.115995550839
CC_337BD3903520,1,0.0736219870243
CC_337D8A86F4B9,1,0.214119326143
CC_337E2F6C623A,0,0.18119857157
CC_33808A09956C,0,0.189630850139
CC_3383C4B36D42,1,0.766807024624
CC_338506A3E9D6,0,0.16496947294
CC_338700DDFCB2,0,0.132423447327
CC_338F0AB84D2C,0,0.594014279207
CC_3397C647F272,0,0.746717232285
CC_3398286DB808,0,0.282807171207
CC_339E87F9EE65,0,0.0971058645601
CC_33A25484EF15,0,0.204203112958
CC_33A28D6AFB13,1,0.181740923999
CC_33A2FB867172,0,0.312481735484
CC_33A7B5F7B93C,0,0.163137465266
CC_33AA441C619D,0,0.307561767899
CC_33AA5AA7FCDA,1,0.155611164876
CC_33ACCB17E845,0,0.154424704796
CC_33B51FB8628F,1,0.111212969726
CC_33BA99AC904D,0,0.152151507306
CC_33BE34E6D6EF,1,0.899573512022
CC_33BFD8084A11,0,0.11904024773
CC_33C500CFCFCF,0,0.0970477280304
CC_33C8F03530AD,0,0.135556875091
CC_33C8F2B61422,0,0.176629694619
CC_33CB15D7AE6A,0,0.107752155582
CC_33D0AE884AEB,0,0.202198502111
CC_33D2656A7D64,0,0.168202960992
CC_33D6966EADEE,0,0.109553336528
CC_33D840D2BB45,1,0.166121982413
CC_33DA3463ACB6,0,0.130247344682
CC_33DBBD8AA5CF,0,0.128281203339
CC_33E06E659CF6,0,0.165849024595
CC_33E2AB2276B7,0,0.557906366689
CC_33E31B37CD5D,1,0.242069640717
CC_33E353C45163,0,0.0520982496363
CC_33E7BFDE8896,0,0.120491719405
CC_33E8E53E6653,0,0.0979692549342
CC_33ECAE64AE33,1,0.147924398754
CC_33F0B7C3B50B,1,0.132918224671
CC_33F34CD65799,1,0.146798732364
CC_33F8D6A9FE77,0,0.223587869808
CC_34029724A049,0,0.0867033656718
CC_340299EFBF98,1,0.126348957889
CC_3406EA201ADB,0,0.201862994253
CC_340BB9F39956,1,0.800060695196
CC_340F2209AD41,0,0.150367548537
CC_340F48C1FBB4,0,0.131832664059
CC_3414176F6060,0,0.128451186451
CC_3417E5ED6747,0,0.153395804911
CC_341AC28E1BB4,0,0.125787154963
CC_341CC8C960F6,1,0.882531141764
CC_3420AB0104B2,0,0.197919724225
CC_3420AC653C11,0,0.153247120062
CC_34270E2857B2,0,0.178837410268
CC_3428A4DDA006,1,0.111200418046
CC_342C2DF98DCC,1,0.178974409674
CC_342CA890711C,0,0.0860136227068
CC_342CF45CFCBA,0,0.211097923305
CC_342DC03163FF,0,0.912818860147
CC_342E047D9240,0,0.165981175806
CC_342F51753436,0,0.182424679931
CC_343111D676AE,0,0.117372298698
CC_3435ABF83867,0,0.325861118679
CC_3438BA8308A0,0,0.557486159455
CC_343A710815B0,1,0.700647906945
CC_343D2EFE4852,1,0.116182209773
CC_3442F95FACA8,1,0.108573487737
CC_34454ADAB50C,0,0.0780544843939
CC_344776D2C24C,0,0.0914943134391
CC_344BA6BC1E86,0,0.0812188727109
CC_344E2F829C3B,0,0.130213655545
CC_344F3695920C,0,0.126433252786
CC_3450AB7DF352,0,0.118892072764
CC_3454BA11979A,0,0.0903172167818
CC_34566836A067,0,0.0689970871609
CC_3458964E10A9,0,0.0931045571323
CC_345B5EF04127,0,0.201630651887
CC_345C692DE002,0,0.716221684346
CC_346089F4455D,0,0.155439480006
CC_3464A2A1D353,0,0.118092255916
CC_346FE80329BA,0,0.112711649005
CC_3475D933E003,1,0.247227305557
CC_347F97D35539,0,0.173506507769
CC_34835A300DDD,0,0.160280250315
CC_348E17972F0C,0,0.29356258367
CC_34921386E00A,0,0.103855651006
CC_3493F8EC0771,0,0.190486335246
CC_34A1CF339FF8,0,0.135642233408
CC_34A2FE23BCDC,0,0.150902822382
CC_34A342D8194C,0,0.322108152348
CC_34A519961DE5,1,0.846929157928
CC_34A663701169,0,0.196416791868
CC_34AC414A6721,0,0.114306052064
CC_34AD788F537D,0,0.689540747882
CC_34AE2E59FEB7,0,0.0815522292362
CC_34B449B04CF0,1,0.779177237514
CC_34B4D80F670E,0,0.161202210464
CC_34B5DD9E5BAF,0,0.231644962682
CC_34BA7C3617A4,0,0.768050110106
CC_34C017698A96,0,0.334420642902
CC_34C0AB20D32D,1,0.279106139603
CC_34C2962C77C2,0,0.193898153061
CC_34C6BA8BEF62,0,0.113336494524
CC_34C79226EFE2,0,0.146539967482
CC_34CBBD792EF8,1,0.122511701793
CC_34CBE262ED45,0,0.172243064295
CC_34CE7677B7AA,0,0.12672063407
CC_34D1BA35290E,0,0.11752036743
CC_34D47BFC3585,0,0.355836866071
CC_34DB5DAC39CA,0,0.0986272780886
CC_34DD16EDC0C9,0,0.184708460204
CC_34E3D4D4A7B4,0,0.235632145152
CC_34E7B5F2D2D5,1,0.527727761348
CC_34E7BEF1CB10,0,0.595100468192
CC_34E82F236AC8,0,0.263975989225
CC_34EBE420D07F,0,0.156007833008
CC_34F1B3C54B32,0,0.180904481661
CC_34F94F840893,0,0.0941900338242
CC_34FE8BACF725,0,0.0970651359084
CC_34FE90DF910D,0,0.129984218099
CC_34FFECF388D6,0,0.866280892777
CC_3500519E2522,0,0.0813137314036
CC_35009A2C8786,0,0.105673643595
CC_3508EA37227A,0,0.118000093253
CC_350A49A0CCE7,0,0.248617855148
CC_350AFDB3E4A4,0,0.123898459783
CC_350D75A96ED2,0,0.0519553019357
CC_350E7FF8EBE7,0,0.851395913411
CC_350F3B6E5EE7,1,0.12760818742
CC_35108FFDF38F,0,0.429900321954
CC_3512CF52CA97,0,0.135763983548
CC_351329975577,1,0.526028203362
CC_351783D185D5,0,0.401489208005
CC_3517BB418592,0,0.146452317842
CC_352101D49FA3,0,0.0901663352694
CC_352348332285,0,0.0898642776474
CC_3524B5FE500C,0,0.124713981617
CC_352B14E96C32,0,0.0975644426125
CC_352D1F645A53,0,0.112214233804
CC_353169CA9A17,0,0.11367584301
CC_3531880AF405,0,0.614984101382
CC_353200CCB698,0,0.103755952544
CC_3535B47DBEAA,1,0.401332901797
CC_353816E7D9E2,0,0.190352343258
CC_353985FE06D4,0,0.0729486980695
CC_353D51AE7F22,0,0.11405200807
CC_353D5DEB25F0,0,0.065549092813
CC_353EF85D5356,0,0.121067372586
CC_354D93B51452,0,0.136254311295
CC_3552FA56C730,0,0.336308194445
CC_3555A8B600CC,0,0.25522618181
CC_35574F651B0C,0,0.266416276704
CC_35577D0EFCA3,0,0.109813638577
CC_3557E8A59F9A,0,0.220144307115
CC_3557F469E5E1,0,0.249069190574
CC_355BEFEA0F51,0,0.174890913135
CC_355C31BC86BA,0,0.134789244391
CC_355E2F99F167,1,0.837260035341
CC_355EC5CEE281,0,0.0661608239973
CC_3562B902ED01,0,0.254801532821
CC_356456DC01EF,0,0.108173558657
CC_35663E7412DA,1,0.406550866496
CC_356999CCA605,0,0.0896297677831
CC_356C7FCD01DC,1,0.268414980874
CC_356CBE9A1547,0,0.0761160064856
CC_356D13587AC8,0,0.103044090373
CC_357386140C1C,1,0.756523424408
CC_3573F8851211,0,0.174290885345
CC_3576D2B9250A,0,0.382846954323
CC_357B92E8140E,1,0.530306307101
CC_357CAF9CA0FA,1,0.797147515571
CC_357D7F2B3302,0,0.111449218091
CC_35800751E14C,0,0.105558301377
CC_35855FF36F34,1,0.357431835066
CC_35869AA38991,1,0.638314031275
CC_358C78688BD6,1,0.132207428627
CC_358D1F733AFB,1,0.686933886045
CC_3590FF05862E,0,0.106223464362
CC_359662924B7E,0,0.144266780223
CC_359A0F5E139F,0,0.0679603282183
CC_35AC38003B44,0,0.111746718671
CC_35AEAD4B6A34,0,0.074043531252
CC_35B421A476C4,1,0.165333911325
CC_35B4912CD6D4,0,0.0774816919303
CC_35BA3D319A09,1,0.164460123135
CC_35BB8B2EE990,1,0.640217401259
CC_35BBD88A6D7F,0,0.15981496628
CC_35BC16ADAFF4,1,0.0998697196054
CC_35C021D92589,0,0.0297027351913
CC_35C2BDC8ACED,1,0.726172989073
CC_35C6D9E254F6,0,0.292112596676
CC_35D121A08242,0,0.114502659298
CC_35D6106E8E97,0,0.0896506157097
CC_35D722A16A46,0,0.083733654997
CC_35DB2119FAC9,0,0.0879892406786
CC_35E1B85105D0,0,0.0915059670017
CC_35E3227EFA16,0,0.194651629496
CC_35E3E4C4ECF2,0,0.202178989845
CC_35E58EF02126,0,0.10939890785
CC_35EB917133A5,0,0.0661955688339
CC_35F4BBD71FDD,0,0.146962923773
CC_35F61E1B8898,0,0.113968448282
CC_35F6F2A80F70,0,0.149191948592
CC_35FE42A77B08,0,0.183489693201
CC_3601B4F9A89D,1,0.164940112698
CC_360823DCCD45,0,0.0580131629905
CC_361621ACEAB6,0,0.0937909455232
CC_36175EFD218F,0,0.196877077328
CC_3617C8435722,0,0.204403822439
CC_361861C3C63C,0,0.0925933684
CC_361BEAE735FD,0,0.118936078096
CC_361CD397896F,1,0.494753045782
CC_361CE8DFB8F2,0,0.10406539228
CC_361E9CEE844E,0,0.126015094587
CC_3623208152AF,0,0.0836507804276
CC_3629729C93EE,0,0.139644968384
CC_362B922B63D4,0,0.101595465052
CC_3632CF9A9FC7,1,0.478541046398
CC_3637709B8467,0,0.364675129226
CC_363B528ACE26,0,0.114994436366
CC_363BEA2F53BF,0,0.73815626645
CC_363E30C490EF,0,0.607604469984
CC_3640106494AF,0,0.330110875081
CC_3640A2DB9AF8,0,0.0978755968037
CC_3641B3E9DD92,0,0.132791976662
CC_3644D19BE162,1,0.077484058305
CC_364A8036A1D9,1,0.681373717969
CC_364F837E4154,0,0.0893834754048
CC_365306B2E2FB,0,0.163385354435
CC_3653C392691F,0,0.291525797917
CC_3654C8CF49F8,0,0.136386571378
CC_36569AC99717,1,0.475780904569
CC_365789E96DA6,1,0.140637580136
CC_365977F1908B,0,0.225457004472
CC_365A8E1A2AE8,0,0.100191758735
CC_365B28C61768,0,0.170511553638
CC_366165139784,0,0.0922065175029
CC_366312F32D5E,0,0.146396132252
CC_3664A1C47C7D,0,0.110763409
CC_36658978DF48,0,0.119485744468
CC_3667A2750871,0,0.33699902972
CC_36688B1EF976,0,0.116217337711
CC_3669155DC607,0,0.165941106178
CC_366BD3E346F5,0,0.10436566459
CC_366CFB3521AD,1,0.198317123241
CC_366D9E4A33E0,0,0.331078643022
CC_366F2212A730,0,0.071274827409
CC_36723AB4299F,0,0.201516160406
CC_3679F2799D53,0,0.123884955024
CC_367D3A611951,0,0.0959501392949
CC_367EC8786186,0,0.792835845307
CC_36822E370AAE,0,0.44057256968
CC_36824A274886,0,0.097278677432
CC_36832B6653E7,0,0.191024527163
CC_3683D62EB70A,0,0.141586878592
CC_36844EA3868D,1,0.621145605795
CC_3684966D4A76,0,0.143311710147
CC_36856EF07C34,0,0.320807431738
CC_368C76E78D3A,1,0.825914222679
CC_368E147BEAFB,1,0.643969408824
CC_368EC61A3BD5,0,0.0798045987445
CC_368F0DA6E3C7,1,0.122449531874
CC_368F4FB6DC33,1,0.5040778723
CC_3690724B9F42,1,0.58315602324
CC_36940D7F7E8F,0,0.0927376355101
CC_3699F2C372E4,0,0.166123341215
CC_369D619165B0,0,0.734053335055
CC_36A391452CA1,0,0.0877407011754
CC_36A92E638415,0,0.0936757113566
CC_36AAFC0BDA2F,0,0.190201891786
CC_36AF942D1617,0,0.107918340479
CC_36B3AAB98DBE,1,0.234228019507
CC_36B834261002,1,0.873019011291
CC_36BADE5D5F77,1,0.653990645172
CC_36BB14731B86,0,0.114957983479
CC_36BBF85BB423,0,0.122134663891
CC_36BD8BF45150,1,0.687881267249
CC_36BDF839C97A,0,0.0867141711789
CC_36BF8517FFA0,0,0.152839973836
CC_36BFEA0A349F,0,0.311714040722
CC_36C148E678C7,0,0.125127491385
CC_36C25F6E64CC,1,0.18847673272
CC_36C3A88E39E6,1,0.621101879693
CC_36C580A99CA3,0,0.347778257243
CC_36C64D34F51E,0,0.180767797357
CC_36CD868E6B56,0,0.104740905062
CC_36CE0D376B2F,0,0.0994246049098
CC_36D318E5AC0E,0,0.800203410631
CC_36D3A05B0CE7,0,0.128776590015
CC_36D558EA171C,0,0.078156647774
CC_36D9AC453BC2,0,0.0900752339296
CC_36DD23FFA04C,0,0.178686316378
CC_36DFE7B297BE,0,0.11494658369
CC_36E11C3B7C40,0,0.182772378792
CC_36E236CA43E0,0,0.118402655142
CC_36E5A7F57F32,0,0.114908102126
CC_36E907FC2C5F,0,0.256018051912
CC_36E956F2B879,0,0.355547740626
CC_36EA972A994F,0,0.223470149411
CC_36ECAD497115,0,0.048612787011
CC_36EE8B3712E2,0,0.236819935198
CC_36EF3CB9D558,0,0.0660679691767
CC_36F03DDC7EAC,0,0.0813164479716
CC_36F0667A6FDE,0,0.109452669415
CC_36F48FD278D5,0,0.134326236285
CC_36FF34ECB262,0,0.0716342953804
CC_370111102209,0,0.706517705175
CC_3701598458C8,0,0.208835415688
CC_370F42DA1D53,0,0.154724970127
CC_371280C119F1,0,0.151706231737
CC_37178822CCA3,1,0.355623005168
CC_3718FEABD892,0,0.61395918463
CC_371D57969C23,0,0.172672664212
CC_371F3AB7A077,0,0.249260888383
CC_371F5C0F693A,0,0.0863982427581
CC_372324064B14,1,0.0950579303425
CC_3723AD008C9B,1,0.139006444314
CC_3727794DD8B6,0,0.113929563504
CC_372DA829DDB5,1,0.811921596478
CC_372EAF4554E7,0,0.0832940725491
CC_3731475350E1,1,0.706731469246
CC_3734A2975C24,0,0.129531004422
CC_373A58E3B60B,1,0.108177009396
CC_373B5F29ADCE,1,0.244506960617
CC_373B652D08FD,0,0.238362252217
CC_373C67E639DC,0,0.142298007662
CC_373CBA62B6BC,0,0.0792964363522
CC_373CFE6D075A,1,0.250489784099
CC_374440C69DE7,1,0.178245443466
CC_3744500021F4,1,0.580436129126
CC_3744FDA30D56,0,0.122128238222
CC_374621359005,0,0.182722935133
CC_3749054688F9,0,0.146998621764
CC_374A3DBF546F,0,0.751038615827
CC_374D1158BF5A,0,0.0778521570458
CC_374F2567B96C,0,0.086020135722
CC_37502F0871FC,0,0.197677599729
CC_37505D4BBC5D,1,0.644552678036
CC_37543CBC6452,1,0.0905896041015
CC_375554505BD6,0,0.864607836059
CC_375A1A65F74F,0,0.101525698759
CC_375A75D73FD8,0,0.659221130048
CC_375BB868D7AE,1,0.300108151996
CC_375CFD34507B,1,0.788174600838
CC_375E4DAA38E1,0,0.163328735381
CC_375EDD794E17,1,0.813014803559
CC_376348B568EB,1,0.310532502681
CC_376505F333C1,0,0.108867228297
CC_37684FC3D9E4,1,0.614711415615
CC_376CEB00C1BC,0,0.216551573328
CC_376D949399AA,0,0.0650698624712
CC_376DEFB0A3EA,0,0.153297543613
CC_3772713D2B7B,0,0.140773776793
CC_377411AF4E68,0,0.113220671426
CC_377B30E92007,0,0.117291519515
CC_377D723D01D9,1,0.292399872368
CC_37833BA5191A,0,0.716505973496
CC_3784C09C70E0,0,0.0768360412838
CC_3789812B3416,0,0.123880034867
CC_378BB2746900,1,0.0743542869371
CC_378EB18643BB,0,0.108616612038
CC_37933E52C71F,0,0.688798131456
CC_37936DF180B9,0,0.128173363392
CC_37942F4E7B8F,0,0.103944768156
CC_379892085817,1,0.12253991861
CC_37A4B3F97F69,0,0.072484138865
CC_37A52199A176,0,0.103534260585
CC_37AA8228356E,0,0.122278915276
CC_37AA9C80C01F,0,0.0842754725387
CC_37AB566399EC,0,0.10248794088
CC_37AE39620FAD,0,0.079030530464
CC_37AF76639F75,0,0.0858810993399
CC_37AFA6A57226,0,0.348481854112
CC_37B27405710A,0,0.0998141544488
CC_37B28F8573EC,1,0.22165450632
CC_37B463F68BEF,0,0.0665871159778
CC_37B8653E92E0,1,0.066200083495
CC_37B94B4DA8E3,0,0.218505702888
CC_37B9A2C6D054,1,0.171685225672
CC_37BA87388D17,0,0.110426897328
CC_37C40AA2E44F,0,0.197512056035
CC_37CCBC27A220,0,0.180626142462
CC_37D0C55CE9CE,0,0.0942962779331
CC_37D28222E186,1,0.659410381503
CC_37D46977FDCB,0,0.470451407193
CC_37DBB31C2D42,0,0.314465823538
CC_37DBC68F0DC6,1,0.935160789255
CC_37DE4FA7C35E,0,0.118786540899
CC_37E3AD9E30DA,1,0.506187119988
CC_37E3D7E057E4,1,0.111125706397
CC_37E4EFF37AFA,0,0.201100081349
CC_37E5DA525091,0,0.144049012115
CC_37E6B35D0FB8,0,0.177769015581
CC_37E8496A58E8,0,0.0863190528119
CC_37E8BF89E4FC,0,0.114538744418
CC_37F97709F300,0,0.161804400807
CC_37F97C4ED049,0,0.412940136638
CC_37F9D963E601,0,0.670296057735
CC_37FCFC4DEBBF,1,0.17597572466
CC_37FE1D7DEA3B,0,0.117290725184
CC_37FE82C4635B,0,0.11361011565
CC_37FEB765EEC2,0,0.226581575104
CC_37FF7D5890E1,0,0.110222538973
CC_3801CE554CFF,0,0.227274349796
CC_38030720DE1F,0,0.135506989959
CC_3804795A8851,0,0.222861455065
CC_380AC07ADC0E,0,0.147880694484
CC_380AC17591E9,1,0.350329846825
CC_380C2437052E,1,0.339382536406
CC_380C47FAB6EA,0,0.103137117467
CC_380E21C16482,0,0.404771941938
CC_380E63F572DD,0,0.0998804197944
CC_38112B255ED3,0,0.129163747674
CC_3812F4714301,0,0.750253504386
CC_3813013D85D3,0,0.106382225782
CC_381955360877,1,0.144812290026
CC_381A391C2B60,0,0.149146540517
CC_381B7721B351,0,0.15212663802
CC_381CC09CBB48,0,0.154954116981
CC_381D194F3E28,0,0.279316572873
CC_381D9A6889BA,0,0.143713861379
CC_38226179F35B,1,0.086508692441
CC_3824A9AF5157,0,0.115069606755
CC_382AEA92217D,0,0.139711949886
CC_382E641B71EC,1,0.0706360650865
CC_382EFE89D791,0,0.15553329625
CC_3830E4804B48,1,0.327423088583
CC_38312AD4CA81,0,0.30249585526
CC_38318320185A,0,0.0751896436632
CC_3836DFAC7C05,0,0.0792961909996
CC_383AED574A68,1,0.0968327119425
CC_383C27DFCA70,0,0.127817141931
CC_383D85EC9DC2,1,0.135338485022
CC_384057120EF3,1,0.448345649137
CC_38450F29704A,0,0.395330950933
CC_38499E07965A,0,0.108559847189
CC_384AB9E97F0E,0,0.159211720284
CC_384BAE6D0E87,0,0.231331814858
CC_384CBC18C024,0,0.44332111376
CC_384F88173FE5,0,0.102801333252
CC_38530AF3F11D,0,0.262446218073
CC_38587F8E7AED,1,0.778671790407
CC_386242547F54,0,0.165103469249
CC_38665E0BB297,0,0.13773610984
CC_386A2052BB00,0,0.156838189497
CC_386C975C5E8B,0,0.413624331162
CC_386FAA775389,1,0.16421621316
CC_3877AE156174,0,0.0841458438271
CC_387B9CC8A094,0,0.326797636759
CC_387E2CD94281,1,0.208184057016
CC_387EEF294D89,0,0.105149990623
CC_388092B0E9E3,1,0.62033016092
CC_3883852FF0FC,0,0.57292822927
CC_388FA220F01D,1,0.4877870932
CC_389108557C51,0,0.178418620507
CC_3893A9AA36A5,0,0.0976753830206
CC_3895C013F0D7,1,0.184613125916
CC_38994CFF3345,0,0.277756896091
CC_38A2E5262229,0,0.270060340271
CC_38AA438C3FC0,0,0.165152079873
CC_38AF5D65E5E3,0,0.104665958716
CC_38AFE3099E27,0,0.200045539651
CC_38B0F2F5AED9,0,0.106678187737
CC_38B39B0A0BEE,1,0.463364305552
CC_38B56ADED1D4,0,0.446533294685
CC_38B7082105F4,0,0.119871398012
CC_38B7C4A6E73B,0,0.147976822806
CC_38BDE40E5AF3,0,0.232619730479
CC_38BEE9574343,0,0.0945037799999
CC_38C4D123E7EB,0,0.219005257652
CC_38C7C2052E46,0,0.194252160487
CC_38CAF23EA967,0,0.0761609255017
CC_38CD59D6A932,0,0.0603337447669
CC_38CF80C20655,0,0.0774429307851
CC_38D06E8B710B,0,0.140904957191
CC_38D093163E63,0,0.0794133837871
CC_38D39CA4586C,0,0.762362952117
CC_38D5DC355118,0,0.149146366513
CC_38D82840DEFB,0,0.0507834543519
CC_38D95970543D,0,0.0975518413498
CC_38DCADD16036,0,0.156785899913
CC_38DD0C3EC26D,1,0.165337111959
CC_38E6624B3690,0,0.10869921915
CC_38EB2594A8C1,0,0.130022327416
CC_38EE03D11848,0,0.136430792452
CC_38F590F035E4,0,0.174615255921
CC_38F637ADB5CC,0,0.102711740873
CC_38F90E72A334,0,0.110197710532
CC_38FB3BDEC0D7,1,0.865943371145
CC_38FB690EA814,0,0.132072699514
CC_38FFDF3361D1,1,0.117364854086
CC_39032ED5E227,0,0.0390719013801
CC_390482931835,0,0.107409183259
CC_3905F365FAA2,0,0.110396625444
CC_390A3CC45F91,0,0.257812895744
CC_390FE015C71C,0,0.170883599378
CC_3911C15C97A8,0,0.141735932608
CC_39124F06ED4C,0,0.508951354458
CC_3913D50C654D,0,0.185821961812
CC_3917FC1C9CC9,0,0.4172737658
CC_3919CB7DFDE9,0,0.0990930544611
CC_391B1F8B2575,0,0.140914882716
CC_391BA47C054E,0,0.0935470158752
CC_391D435D4213,0,0.187692468512
CC_391DBBBE225E,0,0.12639869841
CC_391F8BED0FF5,0,0.158877468631
CC_392EC945C913,0,0.0967186813029
CC_3931855BC454,0,0.0886515915755
CC_3931CCD872AE,1,0.194185459167
CC_393775287417,0,0.066422533444
CC_393A3771824D,0,0.127747285353
CC_393AEC792433,0,0.0841028992484
CC_393E438698C9,1,0.372347604627
CC_393EC39B07E4,0,0.241490711385
CC_3942421E954A,0,0.31802272966
CC_3943378D25D1,0,0.145553027369
CC_3944995A3EEA,0,0.404681407256
CC_3946FF1B423E,0,0.146273448957
CC_39470FAC35B2,1,0.277004369586
CC_39482BFA0146,0,0.106521206673
CC_394831222419,0,0.125854755339
CC_3949832275E0,0,0.089286815321
CC_394C5B8E299E,1,0.135959651535
CC_394C7688168B,1,0.0804448385593
CC_394DB4929B70,0,0.243531544347
CC_3950B81E32DD,0,0.616573337919
CC_395169B6D2F0,0,0.116632767316
CC_395174A791E8,0,0.147873994292
CC_3954B69A9886,0,0.0640860966618
CC_395B67DB2BDF,0,0.177333364583
CC_395E5683CCAD,0,0.117906908893
CC_395FA3E9216F,0,0.0874055695341
CC_39607517BE45,0,0.603067590513
CC_3961AA5CBCC0,1,0.734754937953
CC_3963EFED24C4,0,0.0705078981254
CC_3965B6388138,0,0.15181579585
CC_3965DC0CB4B0,0,0.164232952024
CC_3965DEE671E3,1,0.145787437311
CC_39665357E830,1,0.543414854298
CC_39665D503C35,0,0.163307038128
CC_3969B6445BC9,0,0.107027921381
CC_396B4DCE1577,1,0.121048261259
CC_396BA76854B5,0,0.346387064964
CC_396E96D06BD8,0,0.136823031424
CC_397D1EFF9804,0,0.10075759401
CC_398239227C73,0,0.127707675557
CC_398540817B9A,1,0.0817852157875
CC_3988538496D6,0,0.0724050084552
CC_3989D0A8E6F6,1,0.14014454497
CC_398D9B42AE19,0,0.121159496424
CC_399091019354,0,0.558263490951
CC_3994E0F42B4F,0,0.0637225275408
CC_3996C59A2DB1,0,0.189047487181
CC_39973DFA8F5D,0,0.0799604435187
CC_399810409346,1,0.458027924082
CC_399CBD33439C,0,0.0877754394436
CC_399FF2373B07,1,0.733219197267
CC_39A30431BAE1,0,0.144475279113
CC_39AD84441A5E,0,0.182409479234
CC_39AF2F877FE8,0,0.0926751497238
CC_39AFE5418356,1,0.247706034575
CC_39B4E84B09C6,1,0.216186685478
CC_39B53110B5D6,1,0.144598185381
CC_39B6A3F8BAF1,0,0.0714878608146
CC_39B6EA65CAC1,0,0.165866365653
CC_39B97E6CFAAB,0,0.0797501520551
CC_39BC0068E1DF,0,0.143255052028
CC_39BDE49F8A63,1,0.559380233213
CC_39BE6AC6CDA2,0,0.11847837463
CC_39BEE5B965BD,0,0.155373309963
CC_39BFE88F03EE,1,0.131817493011
CC_39C01F52CA23,0,0.143489986392
CC_39C88627D75F,0,0.72326109405
CC_39CF45DC0860,0,0.436224962467
CC_39CF5A27992E,1,0.217237651014
CC_39D0E9D3E36F,0,0.200567640013
CC_39D2F98E76B9,0,0.134672763526
CC_39D3648DFDFE,1,0.297119581715
CC_39D8A88723F9,1,0.0956911829318
CC_39D978A902B9,0,0.0483295273558
CC_39DD7C53658B,0,0.184392525075
CC_39DFD06C13BD,1,0.137165384025
CC_39E02E046BC4,0,0.472914749965
CC_39E3014D7D6D,1,0.13317474525
CC_39E48ACD32B0,0,0.136410060666
CC_39E78B84B31B,0,0.0514314538235
CC_39ED3D82BE30,0,0.159743088147
CC_39EEB4B03E86,1,0.219077933624
CC_39EEB9FD81D4,0,0.302790516943
CC_39EFCD51C268,0,0.108640825799
CC_39F0BC56EDA3,1,0.123179625404
CC_39F1B8F85E6C,1,0.66732521784
CC_39F8359009EE,0,0.107987072734
CC_39FD2DEC44B6,0,0.0839167931404
CC_39FF9B8BBD3E,0,0.0839213796111
CC_3A0031EF4290,0,0.0952112546185
CC_3A01BD085BD6,1,0.54369235315
CC_3A0339C1C30A,0,0.169833316903
CC_3A0396483842,0,0.0722250185417
CC_3A052490B5EE,0,0.356094143562
CC_3A094D444EDA,0,0.100695379789
CC_3A0E47EBA31C,0,0.147116814401
CC_3A0E5951A686,0,0.631647551473
CC_3A0EEADC58C2,0,0.0911496027343
CC_3A10C883241B,0,0.0847686441458
CC_3A15FC4ADAF5,0,0.171397287719
CC_3A17BFE96EC0,0,0.730628449412
CC_3A1E504A4C97,1,0.55813412143
CC_3A209949ABAB,0,0.156916758625
CC_3A26344D077A,1,0.132036389569
CC_3A26BAC21E9F,0,0.0763298612192
CC_3A272053424C,0,0.0983536040611
CC_3A2A8378C27C,0,0.0974851924969
CC_3A2B5B2C795D,1,0.605818322151
CC_3A2C14A237EC,0,0.118011423871
CC_3A2C60976B89,0,0.16748919815
CC_3A352EDA79E3,0,0.525945488931
CC_3A363A56493B,0,0.128550560488
CC_3A399F4B6157,0,0.3180426253
CC_3A3C61774326,0,0.290498606087
CC_3A3E56C12C87,0,0.230681327979
CC_3A448D9775D3,0,0.0766343976238
CC_3A452172BD13,0,0.108553571205
CC_3A46C9968938,1,0.824343982197
CC_3A48DA420C0C,1,0.197128926886
CC_3A496644E274,0,0.258585805916
CC_3A4DA98DB4A7,0,0.18840919747
CC_3A514B84B21B,0,0.170698036293
CC_3A5D5DF5EBC2,0,0.1255710801
CC_3A60EC89C95D,0,0.127310852237
CC_3A64223C2B4D,0,0.269591097263
CC_3A69224B84DA,0,0.143509951731
CC_3A6E66153D6D,0,0.159263442847
CC_3A6F7E9C4913,0,0.0989958982792
CC_3A70E33B7EFD,0,0.0659307714507
CC_3A711EC5834E,0,0.244778540419
CC_3A728F367626,0,0.0804308232753
CC_3A7420292840,0,0.0288875547238
CC_3A7500FBCC7A,1,0.0961793020622
CC_3A766DFF6D01,0,0.22778863937
CC_3A77AF851B98,0,0.196718172944
CC_3A792195D7F8,0,0.208220017614
CC_3A7A31B08B92,0,0.103126822476
CC_3A7A45326813,1,0.387133482016
CC_3A7C6780ED15,1,0.333408764246
CC_3A8252B32B02,1,0.534292022817
CC_3A82F8560045,0,0.132202166042
CC_3A84484140CD,0,0.084029831442
CC_3A85C6F8E65C,0,0.257262951055
CC_3A8811EDF7D3,1,0.154749762371
CC_3A895891F84A,0,0.094218077192
CC_3A899667C894,0,0.129125307368
CC_3A8C6A4DA416,0,0.158798375683
CC_3A8CB749FD94,0,0.0746298350172
CC_3A8E03CA0A81,0,0.0920009212644
CC_3A8E3105F0C7,0,0.266397812466
CC_3A8FFA15D825,0,0.145625017398
CC_3A9639918B6A,0,0.144323020699
CC_3A97C989CBDB,0,0.103673698519
CC_3A9C81F3A9B0,0,0.0803301482356
CC_3A9DEB791779,0,0.224956652194
CC_3AA19E5B364C,0,0.150168638934
CC_3AA310152CA0,0,0.131198756487
CC_3AA69825CF08,0,0.292156284697
CC_3AA71E080F15,1,0.765468555051
CC_3AA7F321BF3C,0,0.112776471127
CC_3AA8543C99B9,1,0.682946291305
CC_3AA8AFC5BA87,0,0.241596346711
CC_3AAA6E3CB4C6,0,0.195460366509
CC_3AAA8A83AD7E,0,0.073948426011
CC_3AAB228BB75B,0,0.0745507030196
CC_3AAB2424DC88,1,0.241846435858
CC_3AABC112FDC8,0,0.136031837697
CC_3AAEF36B940E,1,0.802917545159
CC_3AB49A2F3A48,0,0.0792926315589
CC_3AB5EA0F869A,1,0.144070111572
CC_3AB63696C18A,0,0.128581745672
CC_3AB665FA5173,1,0.16823667346
CC_3AB906FC8660,0,0.0812086440954
CC_3ABAEC188E9F,0,0.136772790767
CC_3ABBBDBB6E24,0,0.102230710312
CC_3ABEAE73EB5A,1,0.213654133391
CC_3ABEDE89961B,0,0.0790074172961
CC_3ABF4843B284,0,0.116941032884
CC_3AC29347F53D,0,0.487299617956
CC_3AC6A5798481,0,0.0684085048959
CC_3AC9C0DCFF29,0,0.0780186376171
CC_3AD360C982BE,0,0.0929260655569
CC_3AD9C3DDD439,1,0.442573349391
CC_3AD9EA670652,1,0.598061117766
CC_3ADA3448916E,0,0.315828270071
CC_3ADD1661A452,0,0.0875745505795
CC_3ADD8637F104,0,0.142519590723
CC_3AE31ABD98D8,1,0.517937688334
CC_3AE92A94EAC6,0,0.25050401885
CC_3AEA6ADD617F,0,0.162645263264
CC_3AEE1E864BD0,1,0.130642812757
CC_3AEE73094665,0,0.0778537368211
CC_3AF6CD41B043,0,0.322218083303
CC_3AF6F980B0F6,1,0.904704391023
CC_3AF75CC04B07,0,0.821484690674
CC_3AF7E268C1AA,0,0.084917670138
CC_3AFA187FA76B,0,0.08651845846
CC_3AFE1D2FB01E,1,0.561305470087
CC_3B073523C9CA,0,0.142692857242
CC_3B087F12BD5D,0,0.0883893958905
CC_3B181C2E831D,0,0.304512404809
CC_3B1A3CBE1F8B,0,0.0912866645702
CC_3B1B9CD8CA89,0,0.698909357827
CC_3B1CDB11CB01,1,0.211516093026
CC_3B1D37C1329D,1,0.0973063973747
CC_3B1D3E73EC31,0,0.905568178558
CC_3B207C78BAAC,0,0.174376020011
CC_3B29B4B1D51C,0,0.0944899148028
CC_3B2B3BFAE147,0,0.0422886135924
CC_3B2B71CABBD7,0,0.213185274198
CC_3B2E07982ADB,0,0.133504450451
CC_3B2E5175CC91,0,0.0764882969098
CC_3B2F64263D1E,0,0.0974066319956
CC_3B32111D0238,0,0.155286253536
CC_3B34044FE7B6,0,0.186798656584
CC_3B357875AE56,0,0.197269439326
CC_3B3A61379FE7,1,0.79948361557
CC_3B3A74344AB4,1,0.237872415395
CC_3B3C18BD33F2,1,0.177677486707
CC_3B3C5F749881,1,0.12015064103
CC_3B3D4FE715C9,1,0.402704972225
CC_3B3F48549E9B,0,0.16606176954
CC_3B4112EBDA80,1,0.565243259935
CC_3B41C1DF6A39,1,0.852154786047
CC_3B445784457C,0,0.0720400768684
CC_3B4684DFE291,0,0.422201462147
CC_3B4C9EF6EA1D,0,0.0619647862083
CC_3B504D47E2DF,0,0.122416549125
CC_3B54707CECFE,1,0.131970990248
CC_3B54E84B3C2F,0,0.113912170791
CC_3B55363A622A,0,0.229280741451
CC_3B56A6F5BD61,1,0.515448107914
CC_3B58C15A2F8D,0,0.35601688159
CC_3B5AF70E7CB8,0,0.405053533369
CC_3B5C94EDF75A,0,0.151466675622
CC_3B60D6A443E2,0,0.629714788672
CC_3B63C655D10F,1,0.576388710093
CC_3B642FC35B3D,0,0.207343090625
CC_3B6465826490,0,0.0807337239098
CC_3B68E280D3A2,0,0.120615082796
CC_3B6919AC98AC,1,0.611374893012
CC_3B692A655479,0,0.104802476808
CC_3B6C741E805D,0,0.10028356273
CC_3B6C7E38569F,0,0.0873104570601
CC_3B6C9A793A30,0,0.0570919642242
CC_3B6E964DBAF5,1,0.119342164759
CC_3B740C8D1A2A,1,0.368834985804
CC_3B74E60A19FD,1,0.164428230264
CC_3B78458A6F65,1,0.121732388042
CC_3B7BFDA01197,0,0.0836294620459
CC_3B7C142C76B0,0,0.207660445018
CC_3B822CA7187C,0,0.0951709815102
CC_3B84C66F2015,1,0.112909224239
CC_3B8574246B84,1,0.12676723858
CC_3B8B52DE5677,0,0.0880001026931
CC_3B8D37228FC7,0,0.101030890951
CC_3B8E8B6801D7,0,0.141407414074
CC_3B8FA79E4D52,0,0.0776105911547
CC_3B942A285C50,0,0.0788211585254
CC_3B94EBA9E759,0,0.0979112753844
CC_3B962D19ABA1,0,0.113974030257
CC_3B9653D1AA15,0,0.105110409694
CC_3B99C72A3D6A,0,0.138503922851
CC_3B9B190783B6,1,0.228475777007
CC_3B9C0704B2D1,0,0.129281092022
CC_3B9EE9713354,1,0.467682984467
CC_3BA700BE1C83,0,0.156553640219
CC_3BAA9003C5F7,0,0.258821753606
CC_3BABC7EF1741,0,0.326907626371
CC_3BABD4B5D3E1,0,0.68570638046
CC_3BB12EAD40FD,0,0.198621948935
CC_3BB1FF844347,0,0.0715059729383
CC_3BB2C2215780,0,0.333872560002
CC_3BB60BFDD79D,0,0.191056515446
CC_3BB732424FBA,0,0.0895524191231
CC_3BB7ECAD8586,0,0.104312415466
CC_3BC403BAF7DD,0,0.557898137155
CC_3BC51C5CCEE3,0,0.0680447450637
CC_3BC592F9C7DA,0,0.259519336626
CC_3BC67758C64E,0,0.0831618986737
CC_3BC881196FDB,0,0.249596098434
CC_3BCC88B79918,0,0.150999241973
CC_3BD01511D073,1,0.133600423572
CC_3BD2C1C1F04A,0,0.670898885532
CC_3BD5B08D4144,1,0.243500034379
CC_3BD8EABC4AE7,0,0.0440973133709
CC_3BDD99872776,1,0.37702961403
CC_3BDFBE0B6338,0,0.111047255238
CC_3BE0295484C8,0,0.0837538966986
CC_3BE132F19245,0,0.115410765209
CC_3BE284D2CA82,0,0.0754922773919
CC_3BE82CAC967E,0,0.19115337743
CC_3BEB7D682C01,0,0.103297817648
CC_3BED7335FA27,0,0.29437110013
CC_3BF014CADA6E,0,0.0959225760295
CC_3BF2422DB97A,0,0.119505325101
CC_3BF2EE361611,0,0.0853106158611
CC_3BF3C403F586,0,0.307196818999
CC_3C010566DC3A,0,0.285540690189
CC_3C0427B48CF1,1,0.628374504243
CC_3C056CEDAE4A,0,0.0794642227196
CC_3C060F80B680,0,0.116536858383
CC_3C06219D6E24,0,0.0842580427912
CC_3C0C0B93B903,0,0.711979176843
CC_3C0C4B25A7BC,0,0.141390420234
CC_3C0CFDF70B8D,0,0.196746117478
CC_3C1005EE2A85,0,0.146978820449
CC_3C16937A5013,1,0.119047663516
CC_3C18B4010A3D,0,0.105657938167
CC_3C20F0767923,0,0.278556515637
CC_3C22AC75AB68,0,0.195655220544
CC_3C24A574EE64,0,0.195661095283
CC_3C26C857EF41,0,0.105917875552
CC_3C27CC8D53EE,0,0.141749364059
CC_3C2861BFF1C6,0,0.118089615515
CC_3C29787E94F8,0,0.235306002759
CC_3C2AB6F95649,0,0.265108055757
CC_3C2C43DB375A,0,0.103172967116
CC_3C2D820E6949,1,0.800778760409
CC_3C30903FBF8E,0,0.129494012114
CC_3C310A33218F,0,0.130046565228
CC_3C3633839213,1,0.195000105134
CC_3C36BE6B6DAA,0,0.199298867805
CC_3C38098D8A60,0,0.226310845836
CC_3C3E98477CD3,0,0.124269185266
CC_3C42640A5119,0,0.112010307427
CC_3C44EEBACEA5,0,0.127495887517
CC_3C474F8244AA,1,0.651154298484
CC_3C4D53C6CF39,0,0.0987396536154
CC_3C4D65771E4E,0,0.0979594445213
CC_3C5020076EA6,0,0.0827495039973
CC_3C523AC6B930,1,0.120784672071
CC_3C5286050B40,1,0.807265550007
CC_3C534B13F32A,0,0.11924739866
CC_3C53B6F4705C,0,0.126364223343
CC_3C53CDEE3807,1,0.232431791069
CC_3C546182B16B,0,0.130016255692
CC_3C54B0946163,0,0.0805920256723
CC_3C55B6CEF2AE,0,0.114615919231
CC_3C5B0C8C49AB,1,0.766386294213
CC_3C5DE6B1A96C,0,0.115481348464
CC_3C60E514A8FC,0,0.118652601865
CC_3C6280FDE8C1,1,0.812009202149
CC_3C696AA50DB7,0,0.109271560325
CC_3C6B946BABCC,0,0.24191653411
CC_3C6DC47C6498,0,0.144696131143
CC_3C6E538A9ACA,0,0.0905762115014
CC_3C708DCBE0F1,0,0.0746737404657
CC_3C75962E9701,0,0.136298127314
CC_3C7597143E27,0,0.0992047185946
CC_3C79F7501356,0,0.20547489678
CC_3C7E24463383,0,0.092882055768
CC_3C7FC2969633,0,0.369348059197
CC_3C8088390BAF,0,0.113331268199
CC_3C81FE6D0007,0,0.102000144452
CC_3C840CEDAD97,0,0.118507321961
CC_3C890C376EF1,0,0.13302743495
CC_3C899D2279F3,0,0.0871573264039
CC_3C8B30469B57,0,0.293606362445
CC_3C90A2DA38C8,0,0.0962410633643
CC_3C9C3136D06D,0,0.102276242397
CC_3C9D32C59A0C,0,0.144507727526
CC_3CA02FE99C15,0,0.119798069267
CC_3CA06864D933,1,0.790737705598
CC_3CA2C557E464,0,0.206282506387
CC_3CB84D9CAA6C,0,0.123884764736
CC_3CBD15C385A4,0,0.0949147059488
CC_3CC1B87C85C3,0,0.105476757096
CC_3CCCBEA5E377,0,0.162198108279
CC_3CD0869B655A,0,0.147505810745
CC_3CD4FDD7BDAD,0,0.110309333811
CC_3CD84B850BCB,1,0.131044470068
CC_3CDCF20B097F,0,0.122234574801
CC_3CE1CBA88910,0,0.15331889598
CC_3CE4365CD2DD,0,0.114305517186
CC_3CE47E406710,1,0.74112030114
CC_3CE4A01492F7,0,0.109391868906
CC_3CE596B7A5AD,0,0.0753937355911
CC_3CE64EA7491E,0,0.179735875578
CC_3CEBC183D074,0,0.174470529945
CC_3CF5D6F9A23B,0,0.20102333966
CC_3CF9A43AC0A8,0,0.0718430031716
CC_3CFCF1205340,0,0.0622223429663
CC_3CFEA7F22BF9,0,0.0852238572824
CC_3CFF111B7CB6,0,0.392427099194
CC_3CFFAD5AEBBE,0,0.152051122322
CC_3D0B5F4670F4,0,0.284837522434
CC_3D0CEED1B216,0,0.129509019268
CC_3D1B2ECDBAD8,0,0.0854818971199
CC_3D2129E6FD3E,0,0.07228986235
CC_3D2405185DD0,0,0.0888115107192
CC_3D2438152C87,0,0.112380745812
CC_3D29125DF048,0,0.0990267995954
CC_3D2962D5D88E,0,0.117551442047
CC_3D2DBCF8B9DA,0,0.146012975431
CC_3D2F359615F1,0,0.153043521191
CC_3D302D6A88FA,0,0.234373211245
CC_3D342BF9643D,0,0.127445233278
CC_3D3883F0BE25,0,0.115587883712
CC_3D3BD2C60F4A,0,0.114662086586
CC_3D3BF61CC289,0,0.13172402151
CC_3D3F56B369CF,0,0.111730940261
CC_3D40CA123D5C,0,0.110840107329
CC_3D46245C3DF7,0,0.0971032537549
CC_3D4897F8F8AC,0,0.0897792549843
CC_3D48D0F32F6E,0,0.4349606889
CC_3D499758BB25,0,0.087193363383
CC_3D4A90158C9D,0,0.256687074331
CC_3D5120D9BE27,0,0.240569906452
CC_3D51B1ED0D7B,0,0.107561972378
CC_3D537478DA21,0,0.10826155327
CC_3D5A279700AC,1,0.91479949614
CC_3D5BCA76331D,0,0.178386585441
CC_3D5C422D60FF,1,0.643031284789
CC_3D5E654E556F,0,0.0818324607676
CC_3D60DE266E24,0,0.151899485312
CC_3D6787A48841,0,0.0682978428959
CC_3D681452408F,0,0.146556032408
CC_3D69277C64D4,0,0.161256954894
CC_3D701F464FA4,0,0.175740775885
CC_3D77CE8D4582,0,0.0873609855959
CC_3D78E201F0FE,0,0.192493445954
CC_3D79338EDF65,0,0.041360546118
CC_3D7A5C1DD937,0,0.185084255627
CC_3D7B531A7B5E,0,0.157665666401
CC_3D7B615F5ABF,0,0.0785223300624
CC_3D7CB19276A8,0,0.288127569664
CC_3D7E8F3AD41B,1,0.764161047588
CC_3D8071473E97,0,0.316377575939
CC_3D828DA55CFE,0,0.107924008855
CC_3D84947B2DE1,0,0.252892330562
CC_3D8529C65CC3,0,0.108974161046
CC_3D8765A64ADD,0,0.103137294768
CC_3D87C20F655B,0,0.396856259102
CC_3D8AF9A80D39,0,0.0738852486216
CC_3D8D2700831C,1,0.594622546164
CC_3D90FB465A2A,0,0.070921489467
CC_3D92C820F074,0,0.177618515559
CC_3D92F98F3CF7,0,0.0825875565376
CC_3D94EF283AE0,1,0.206680804096
CC_3D94F6CBF514,0,0.10912203102
CC_3DA0218FCD5A,0,0.114641931441
CC_3DA461704105,1,0.159535008218
CC_3DA5189D28E3,0,0.111213784863
CC_3DA96EBC7F68,0,0.134249949283
CC_3DAE730039C5,0,0.0450583414814
CC_3DAF250821B6,0,0.114758098348
CC_3DB0D7527A9B,1,0.198277983833
CC_3DB1BEB70942,0,0.731750747069
CC_3DB81711067D,0,0.0925117644854
CC_3DBA2BC5D75D,1,0.696240004837
CC_3DBE204CDCDB,0,0.105987679961
CC_3DC1E33F23A7,0,0.142164923381
CC_3DC29FC60E03,0,0.0571331810622
CC_3DC3590C4A89,0,0.0850140734045
CC_3DC5FC13E35A,0,0.112229397764
CC_3DC966CEC8C3,0,0.127188204288
CC_3DC9C2B9A96B,0,0.104183753352
CC_3DCAEBDDE96F,0,0.0611397839708
CC_3DCCCEE778D7,0,0.117123320858
CC_3DCCF69AF014,0,0.135728662731
CC_3DD17FD406B5,0,0.0742224957914
CC_3DD63B15603E,0,0.137379730632
CC_3DD775128F1F,0,0.0893630047879
CC_3DD8B0EE27FE,0,0.0891610129579
CC_3DDCE5D30A45,0,0.127266859888
CC_3DDD0E9E4F2E,1,0.563392081705
CC_3DDD84F1F87A,0,0.093550173826
CC_3DE094D40FB9,0,0.119440620255
CC_3DE099D96A3B,0,0.112554531307
CC_3DE2717A7A9C,1,0.0441851349245
CC_3DE6BBCDBF64,0,0.100800149819
CC_3DEA1F5EA5C5,0,0.0800760753173
CC_3DEB2F5772B3,1,0.120513371059
CC_3DEBC84983B7,0,0.217323481339
CC_3DEC8E2C7816,0,0.0846356844626
CC_3DED20632960,1,0.438792664155
CC_3DF0ACC88BE7,0,0.653275878534
CC_3DF9BE9A3D2F,0,0.122573477428
CC_3E01906BACFE,0,0.199005075884
CC_3E020EC73C89,1,0.282714964596
CC_3E0481E07EC5,0,0.136765912497
CC_3E04E62A383E,1,0.204248517325
CC_3E05132424DA,0,0.0970321466563
CC_3E05C4E3EB77,0,0.296806233369
CC_3E091008047A,0,0.537267693536
CC_3E0A4A91DADE,0,0.144427046153
CC_3E0A83C46C8A,0,0.182038390731
CC_3E0B4A133FB3,1,0.308883573484
CC_3E111946922F,0,0.0822301863368
CC_3E177AAE4663,0,0.170686888553
CC_3E185FC131A3,0,0.220158233835
CC_3E1860AAA22C,1,0.198380597773
CC_3E207B4FEA4B,1,0.330019793798
CC_3E20D62A610D,0,0.117815701069
CC_3E20E37C9856,1,0.0621969288803
CC_3E222D5DC74B,1,0.45747354415
CC_3E25BFDF0BAE,1,0.753089247097
CC_3E271D5108AD,1,0.612838653021
CC_3E2B0F9975BD,0,0.103628321245
CC_3E2C0F6176A5,0,0.320621163776
CC_3E331091F306,0,0.0976909503516
CC_3E3781FDC886,0,0.212823976441
CC_3E39D227ACFD,0,0.0891043193969
CC_3E3BA44CE4B8,0,0.144386418202
CC_3E40E3D021CA,0,0.0937623084812
CC_3E41002AFB2D,0,0.0931931925915
CC_3E430D2DF335,0,0.167333450596
CC_3E4BD48BD904,0,0.0739642054476
CC_3E4EAF3857B3,0,0.0534845202813
CC_3E527EAA0EF6,0,0.0567438394458
CC_3E5702613DFC,0,0.413184058319
CC_3E571E8D904E,1,0.118376542151
CC_3E5B7FFD9D60,0,0.195360714726
CC_3E5E0D5F4AB0,1,0.750289674183
CC_3E63C2D05E82,1,0.224050283892
CC_3E64CFD46480,0,0.112145681325
CC_3E68EE37773C,1,0.679029628788
CC_3E6BDB18F2E6,0,0.0783827959303
CC_3E6BFACD9B83,0,0.240594927235
CC_3E7294AAF75B,0,0.154734625382
CC_3E72B0424BFB,0,0.363233598404
CC_3E72B8E72CB5,0,0.0580161136934
CC_3E72EDFC9423,0,0.0591146886238
CC_3E74592E779B,0,0.13406091746
CC_3E7839C32D07,1,0.18961386458
CC_3E7BE9F3B972,0,0.108194569465
CC_3E841A80542A,0,0.118544001701
CC_3E89360ADF4A,0,0.145345017639
CC_3E8BEDB8B21C,0,0.226118839525
CC_3E90A4A329A2,1,0.133698188578
CC_3E9C0DF411F8,0,0.163835447916
CC_3EA298FFEDC0,0,0.100813491733
CC_3EA6D8D4103E,0,0.337716296725
CC_3EA740C732FB,1,0.691134778748
CC_3EA9B61341BA,0,0.13747962019
CC_3EAD27D084DF,0,0.14896027559
CC_3EB121261FA3,0,0.0991916983237
CC_3EB2DAAEF167,0,0.141898092507
CC_3EB3BB604B74,0,0.107475737256
CC_3EB4077895F4,0,0.145323893485
CC_3EB514DECC39,1,0.215207041687
CC_3EB7C1406423,0,0.214892526318
CC_3EBBF5A17EC9,0,0.118466028143
CC_3EC5D9E0190B,0,0.075474260279
CC_3EC99DA4EDAB,0,0.38542799027
CC_3ECA364B6839,0,0.301062039058
CC_3ECA4C07FB2E,0,0.101249009783
CC_3ECB993A1B9F,0,0.0988470954419
CC_3ECBE13A570E,0,0.067671932596
CC_3ECBEA7B9724,0,0.141967922614
CC_3ECD9D611263,0,0.107488286799
CC_3ECE79F884F2,0,0.0681442808389
CC_3ED62061FD0A,0,0.0804021253244
CC_3EDB5A009919,0,0.113675953861
CC_3EDCCB52DAD1,0,0.107213208253
CC_3EDDD8FD77D5,0,0.07319651553
CC_3EDF3F850072,0,0.116764792402
CC_3EDF7C0D88FA,0,0.106498482786
CC_3EE0259C796C,0,0.217303746237
CC_3EE6590D1DCF,0,0.106916131992
CC_3EE72F6A6B14,0,0.185774960919
CC_3EE7E5AED7CC,0,0.109082121702
CC_3EEBAE854322,0,0.073168624041
CC_3EECAB624618,1,0.756493349475
CC_3EEF909B9A5F,0,0.105971415241
CC_3EF3B72149E9,0,0.0889690583256
CC_3EF60003FFDC,0,0.233423959019
CC_3EF717E79E1C,0,0.0815860110416
CC_3EF7B37C86B9,0,0.109138156736
CC_3EF8E4918310,0,0.0981152081191
CC_3EF99E8C672A,0,0.0818267139965
CC_3EFA7EC29967,1,0.526384265777
CC_3EFBAFF547DB,0,0.175224932533
CC_3EFDA7C0739D,0,0.348313336838
CC_3EFDC455D933,0,0.190964571853
CC_3F00B30478CD,0,0.149536964589
CC_3F0105511ADF,0,0.226692810854
CC_3F0922D8C363,0,0.0845663489567
CC_3F0A0F0EBE8E,0,0.0989345794489
CC_3F0BDD02DA88,1,0.182764485615
CC_3F0E2DDF03D0,1,0.8182258702
CC_3F0E99D90143,1,0.155008272637
CC_3F0EFC657C35,1,0.144148967328
CC_3F122D86D6D0,0,0.127711504852
CC_3F13D7C1238E,0,0.0949037177392
CC_3F1429DD9A7A,1,0.115738501528
CC_3F1648D44D30,0,0.53243260949
CC_3F167B4C0A82,1,0.164632178422
CC_3F1989C1D543,0,0.1322245726
CC_3F1CA5CEE668,0,0.116908887859
CC_3F22C802852B,0,0.308103712495
CC_3F235ED79F96,0,0.298156845706
CC_3F2408F723F3,0,0.460661570903
CC_3F252215B39B,0,0.813811965868
CC_3F2659DACD6C,1,0.16280699059
CC_3F2BE334EA31,1,0.251067153852
CC_3F2C8271AEE2,0,0.12033879094
CC_3F2F6C4ABCF5,0,0.141690581791
CC_3F2FB28666EB,0,0.264857264466
CC_3F35F5F4C2FA,1,0.736394548908
CC_3F3988E27EC2,0,0.136770811991
CC_3F3ED329D5DB,0,0.114066969862
CC_3F401EB14F80,0,0.113487084241
CC_3F408F04181B,1,0.259259769184
CC_3F41ECC9F1C2,0,0.077510721376
CC_3F44CC2DFD78,0,0.062983600454
CC_3F450331B6CF,0,0.0627140708024
CC_3F5192293092,0,0.0811346759701
CC_3F55C40132A8,0,0.0802910638844
CC_3F5DBD4D4A47,1,0.685096010228
CC_3F621093E2F1,0,0.145950765668
CC_3F68E5D775AA,1,0.629807296191
CC_3F699ED6F7B9,0,0.100246281323
CC_3F6EA74A594E,0,0.106149440738
CC_3F6FA882CC59,0,0.209089268948
CC_3F750097A7A0,0,0.0801840176635
CC_3F779B84D1F1,0,0.0767809590425
CC_3F77F1635867,0,0.289003813305
CC_3F79D1436DFD,0,0.118725693776
CC_3F8AB71C93A9,0,0.827101667878
CC_3F8C7F71E278,1,0.213934389755
CC_3F8D2797E48C,1,0.210078561517
CC_3F8F5AD00087,1,0.261636747819
CC_3F8FC3D942D6,0,0.163423421339
CC_3F93F1B198A1,0,0.154898093885
CC_3F94A908F900,1,0.124395054129
CC_3F962652602B,0,0.325433555533
CC_3F9F6FB54861,0,0.0993149154413
CC_3FA28488BAAB,0,0.0991366017363
CC_3FAB6C114FCA,0,0.146389702987
CC_3FAB70F3A36F,0,0.139616593248
CC_3FB1234DD833,1,0.425382331257
CC_3FBC317AAC6B,0,0.247441118772
CC_3FBE14FE6576,0,0.347265239735
CC_3FC25B02D868,0,0.262436009829
CC_3FC60086C0F4,0,0.141651508571
CC_3FC6DCBECCF1,0,0.117353827186
CC_3FC868F74AC4,0,0.0959998715537
CC_3FCA7A15E705,0,0.0998814735345
CC_3FCB58D3AD76,0,0.144999772153
CC_3FD1B51CA1B6,0,0.242571680149
CC_3FD283315901,0,0.0926181401851
CC_3FD343BD0077,0,0.172188798672
CC_3FD46020B97C,1,0.137486341551
CC_3FD6AFE77B65,0,0.192800026332
CC_3FD93D017BA0,0,0.196411100502
CC_3FD95A689331,0,0.303884748161
CC_3FDAEBE5E784,0,0.0766759571922
CC_3FDB19879CDF,1,0.354379197656
CC_3FDB90C44C99,0,0.144269909599
CC_3FDC4474DCF5,0,0.109870854282
CC_3FDEDACF74C7,0,0.0947384787595
CC_3FE2E4038FD2,0,0.364353748047
CC_3FE546EC4525,0,0.076910342642
CC_3FE8D2D0E78F,0,0.100214729022
CC_3FEAA7F8C881,0,0.100990384281
CC_3FEC509A601D,0,0.125168305817
CC_3FF0FABCF28D,0,0.0342981712563
CC_3FF4E22691BE,0,0.0885737014654
CC_3FF553948C36,1,0.278972274133
CC_3FFA49A60C69,1,0.740423999093
CC_3FFAC6AB3AD4,0,0.159839115015
CC_3FFAC9ED48F9,0,0.841097221395
CC_40015F2081F7,0,0.0767956713186
CC_400229F22A15,1,0.706412149685
CC_4003B02C578A,0,0.182626180045
CC_4003B9378085,0,0.144241603762
CC_40053F6E98EC,0,0.828091605968
CC_40077BEDA8E4,0,0.0646095021736
CC_400BEF434359,0,0.120123155575
CC_401177227A56,0,0.395950335755
CC_4012FCCBCC30,0,0.156830843798
CC_401739F10247,0,0.143701025022
CC_40185096F055,0,0.112948817746
CC_401F0B39B640,0,0.0883868785755
CC_4022717DF84B,0,0.0699703911884
CC_4027B5DB02A3,0,0.081865225235
CC_4029B2C0E56A,1,0.250554441824
CC_402B3A294DE7,0,0.0496105155785
CC_402C49460BAB,0,0.133259389814
CC_402DB4CCECC7,0,0.368787424275
CC_403192450938,1,0.844573696102
CC_4031C0E0B5BB,0,0.110945505335
CC_40339FFF01E6,0,0.0905083607574
CC_4033DA65DB79,0,0.206032783937
CC_403960EDEB6C,0,0.0741948978448
CC_403C5A79090D,0,0.0694066736363
CC_403FBEE7D76B,0,0.0733805647327
CC_404071DCC85C,0,0.414235171084
CC_404421E85F2A,0,0.179522684759
CC_4049E18FAE5A,0,0.147781916578
CC_404B499235B9,1,0.200386404601
CC_404E2B3BDC8B,1,0.294180749032
CC_405445038DD9,0,0.162019459035
CC_405817BD633B,0,0.109767201589
CC_405842AD24CD,0,0.0976760463134
CC_405AD30D0D9D,0,0.147418847554
CC_405E9C93AF56,0,0.148245456529
CC_405F8F9903C8,0,0.0555672880522
CC_405FB682CEB5,0,0.136477905196
CC_406274429092,1,0.148437603627
CC_406E1D48AE7B,1,0.093565166498
CC_40700426109B,0,0.170092893199
CC_4070CEB09033,1,0.310818080687
CC_4073752BF49D,0,0.256377057841
CC_4073E6AC0746,0,0.17688271382
CC_4074323420AA,1,0.375440002403
CC_4074FE6E32F0,0,0.103162524704
CC_407F2185317B,0,0.362342606636
CC_4081B4648A8E,0,0.338001986842
CC_4083D696E2E9,0,0.0742959993287
CC_4087FBC11DD7,1,0.108186780022
CC_40908139F23E,0,0.135249193001
CC_4090BA93E481,1,0.121566081383
CC_4092C5315210,0,0.135186434732
CC_409630D3CBF8,0,0.14358226247
CC_409CB4179908,0,0.093959086966
CC_409CDD53DAD7,0,0.0182880287071
CC_40A07239F028,0,0.170614480506
CC_40A077379511,0,0.128264974207
CC_40A4BCDBAF23,0,0.165996507993
CC_40A795285E9B,0,0.0729985675009
CC_40A93E7AC1BD,0,0.0956002116128
CC_40A984160A63,0,0.122954434559
CC_40AC31452BE3,0,0.139465982653
CC_40ACBAF19765,0,0.11347655938
CC_40B0A64A55B0,0,0.102433068592
CC_40B52C13B1F1,0,0.168552403762
CC_40B65F5F4F82,0,0.176326985056
CC_40B685374EDB,1,0.307089932388
CC_40BFC5E1AA64,0,0.110826714989
CC_40C14D4F9BCC,0,0.107119954424
CC_40C45F950125,0,0.108093728776
CC_40C57936EC38,0,0.179182378334
CC_40C62D092C58,0,0.127818603802
CC_40D1F44D96F6,0,0.250403081563
CC_40D39739DF41,0,0.131594599219
CC_40D7D9CE4151,0,0.444275037773
CC_40E08DDA223F,1,0.282113257082
CC_40E150EB586F,0,0.0664569927053
CC_40E1D8F1C712,0,0.0885016939923
CC_40E2DAF2A327,0,0.250514953774
CC_40E577F029AF,0,0.0738515715578
CC_40E75C02AA11,0,0.0661304408433
CC_40E9173DE04A,0,0.084323385088
CC_40E9985F7DAA,0,0.0703667233673
CC_40F194D93E19,0,0.19346307722
CC_40F3CF82792B,0,0.145317265265
CC_40F43FB24806,0,0.143362056804
CC_40F6E7575287,0,0.134957297222
CC_40FBAA6A07D2,0,0.107991104898
CC_40FC6940345C,0,0.0995484941468
CC_41029997614F,0,0.0972721306395
CC_41037BFBED54,0,0.120257677971
CC_410BFA181D19,1,0.257877262596
CC_410FAE4AE488,0,0.0866198876905
CC_41124066FC71,0,0.261461661466
CC_4113A2BEBA44,1,0.635970371209
CC_4115783708CF,1,0.861939731222
CC_4117A188C359,0,0.0698650874713
CC_4119A9BA6373,1,0.741017525067
CC_411E266DB07E,0,0.231946865379
CC_4126806BA789,0,0.581627761953
CC_4127E4624989,0,0.586124039018
CC_41284414C225,0,0.182633917385
CC_4129C6306A6D,0,0.162994393268
CC_41321DCDCCB2,1,0.38894351494
CC_4133AB0BEEED,0,0.101107119467
CC_4134E1AB2AC5,1,0.840358926343
CC_413708D7FE91,0,0.106653682581
CC_413A1B273EB7,0,0.144711731913
CC_413D09A6C2F2,0,0.0814100240654
CC_413D8D82F470,0,0.078803685733
CC_413EC0C28442,1,0.405692186126
CC_414302BEE57F,1,0.177209595919
CC_41438B5CE3B3,0,0.0954786838856
CC_4146ED5F8A23,0,0.13393742345
CC_414896AD4734,0,0.21018618423
CC_414911941DD4,0,0.127058459571
CC_414D2097D93D,0,0.406471414276
CC_414E2B2BFC88,0,0.178464427956
CC_414F030D3BE8,0,0.121166674667
CC_41569A7A2B7F,0,0.085157596702
CC_4156D68D39A7,0,0.1135053442
CC_415935002A0D,0,0.308550722345
CC_415AF4AE7BEF,0,0.14912051049
CC_415D703F3871,0,0.116986011625
CC_4165D5A66698,0,0.227964915708
CC_416747FA0552,0,0.413316418948
CC_41698C5605BA,0,0.0875013610531
CC_416C9273E5BD,0,0.114530518976
CC_416CB705CF9D,0,0.0915119881673
CC_416EDC157A29,0,0.753898768446
CC_416FB64C901C,1,0.0837491619572
CC_41737E7E2518,0,0.117953773012
CC_41796D6483A6,0,0.0956291039957
CC_417CA4DA42ED,0,0.11675682594
CC_417E5EB96C92,1,0.866059613694
CC_418128C77562,1,0.643066464941
CC_41868F81B8F8,0,0.161477744215
CC_418EC2AA03E1,0,0.121260381515
CC_41919E23C3C2,0,0.258470291168
CC_41927D16734F,0,0.138311672125
CC_419441371154,1,0.173694795281
CC_4195037D0008,1,0.501436715323
CC_4199B489CA9B,0,0.0472694748485
CC_419AE1FCE1B2,0,0.0769439499592
CC_419D767E5D68,1,0.734063882655
CC_419ED6D73D10,1,0.15831345481
CC_41A06A20F7A5,0,0.1289382096
CC_41A37E7DA567,0,0.111375972393
CC_41A3C3BC05E5,1,0.117218960716
CC_41A465212303,0,0.10277881453
CC_41A57CBE2790,0,0.211761724351
CC_41A85461647F,0,0.201642225173
CC_41AC7D608BA1,0,0.191350932237
CC_41AEFB73599F,0,0.0924143610013
CC_41B1C7743C55,0,0.192317550416
CC_41B2EB8E2659,1,0.254961416958
CC_41B340FF98D6,0,0.371048490199
CC_41B61081F593,0,0.0753025070215
CC_41BF0265C091,0,0.0927373788446
CC_41C0EFD1789E,0,0.1890791817
CC_41C4FDFFD933,0,0.677129702686
CC_41C54F7F9250,0,0.188788733239
CC_41CB8C4BF3A4,0,0.109495028631
CC_41CC41C6A2B2,0,0.218988544906
CC_41CFB483DF9D,0,0.121281627571
CC_41D2C0067563,0,0.135031825881
CC_41D37C661042,0,0.092531038903
CC_41D3AA2FE538,0,0.0522013825835
CC_41D6466213EB,0,0.126398292014
CC_41D6FDB0F7FE,0,0.117413808559
CC_41D794AA3A35,0,0.0778144434072
CC_41D8D3CCD5F1,1,0.588068758903
CC_41DA2F798E72,1,0.123971048592
CC_41DB0F437DAA,0,0.0950880960417
CC_41DB77A9CEFD,1,0.185416672779
CC_41DBFD8C8341,0,0.0854724333338
CC_41DDB3612367,0,0.101706284251
CC_41E0ABF1D19C,0,0.133776886242
CC_41E0E26BD8AB,0,0.26930751397
CC_41EE7557C963,0,0.054178366992
CC_41F0587DAEA5,0,0.117196387898
CC_41F1843BBFCE,0,0.159113109891
CC_41FA3C9B98C5,1,0.573909402764
CC_41FA97A64F7D,0,0.208825505411
CC_41FB8258BE6A,0,0.414428382857
CC_41FE0D9DF961,0,0.0861915899062
CC_41FFB8C07A2B,0,0.463169880478
CC_41FFE972E3BC,1,0.112753165233
CC_4200DD12E32C,0,0.202221229866
CC_4207A5BBB7AD,1,0.108632208515
CC_4208A63558BD,0,0.125843477336
CC_420914CCEDC6,0,0.0954317194443
CC_420A182EDB4B,0,0.1112645712
CC_420AB659CCB5,1,0.118652828192
CC_420B2553A531,0,0.531376761387
CC_420C95626165,0,0.14011958481
CC_4211999A0BB1,0,0.0646750425285
CC_4211E70ABD07,0,0.21174820836
CC_42123CF7B916,0,0.272525724576
CC_421A5FE4ED02,0,0.160911088853
CC_421C6A0D76DF,0,0.125767723975
CC_421EE95E8E36,0,0.46897461879
CC_4220768354B8,0,0.0876032571903
CC_4222C36D9742,0,0.209996145395
CC_422396E4107E,0,0.117468700096
CC_4223D9C3318D,0,0.127886706507
CC_4225094B713D,0,0.173230283719
CC_422546AC2B7B,0,0.107765959781
CC_4227147D1773,0,0.120382316295
CC_422852B18B83,0,0.119391097288
CC_422A6CA5BC01,0,0.855167641025
CC_422D0668EE0D,1,0.239706052438
CC_422FA64DE48D,1,0.346172409269
CC_423211849F73,0,0.102537869008
CC_423384940EBE,0,0.741853601457
CC_42365DAA4781,0,0.0580525390615
CC_42377923897B,1,0.799602437472
CC_4237EC62AF7B,0,0.589435728502
CC_4241EBB6BBD2,0,0.0809349837312
CC_4242B327BF96,0,0.780895584153
CC_4242DC81AA5B,1,0.361563261509
CC_424B146EA560,0,0.430722712775
CC_424CD3500BB5,0,0.113729636798
CC_4250627A58BE,0,0.133037827625
CC_4251D73CE4FF,0,0.287183525515
CC_4251E058B136,0,0.376590389531
CC_425261A65BD4,0,0.177937438769
CC_4253A4007C54,1,0.277334243213
CC_42542BBE02F6,0,0.199787548932
CC_42557B3BC851,1,0.119501783206
CC_425A30333FDC,0,0.21963154555
CC_425A9848790B,1,0.215307068509
CC_425EAA7394BD,0,0.209599866001
CC_425F037A860D,0,0.0804899130791
CC_42658453D6F9,1,0.114991279885
CC_426B6C5D5400,0,0.0776368562652
CC_426CB4C16C1D,1,0.208561238635
CC_426E721B947C,0,0.374497314817
CC_42746FA0B436,0,0.0792283051705
CC_4274E29A7693,0,0.16784364167
CC_427718F12DE0,0,0.148862628373
CC_427C32633329,0,0.176433992913
CC_427C635A1630,0,0.455933833134
CC_428186D7EEF6,0,0.138600537527
CC_4285ECE790FB,0,0.130444274557
CC_42930B4AC70A,1,0.931034605997
CC_42936DB52A2C,0,0.119174089624
CC_4294615CB2AE,0,0.0814197071504
CC_429610FC7676,0,0.0949874147239
CC_4296E9F938BA,0,0.608519458204
CC_4297B63957C4,0,0.135628009209
CC_4298BD38B748,1,0.1609852982
CC_4299118E1554,0,0.148373617358
CC_429967589DE5,0,0.156854506036
CC_429D7F13D2DE,1,0.275771041261
CC_42A3E4D79AAC,0,0.202042327153
CC_42A46CA1B89F,0,0.152339527866
CC_42A766D4CBF4,0,0.570370393987
CC_42A8DDC1412B,0,0.138530883656
CC_42AAC0B5EF9F,0,0.0879190241395
CC_42ABA8713C64,1,0.622074847583
CC_42AD69133E5E,0,0.0270314555958
CC_42B56C4B2A3B,0,0.141545021174
CC_42BBF05C0C6F,0,0.16616766737
CC_42BE7FE5BA43,0,0.178793866766
CC_42C0A73944DC,0,0.0827078967156
CC_42C580E5A3D6,0,0.465112231917
CC_42C7617C94BA,0,0.566975205579
CC_42C88CDF019C,1,0.251984087876
CC_42CB516FA52C,0,0.322101682267
CC_42CBA5FB2D31,0,0.0800331111742
CC_42CE1628F9AF,0,0.139398619376
CC_42D0D89EBD20,0,0.118135659995
CC_42DAC7E0F8C1,0,0.0872866611169
CC_42DADBB83589,0,0.149134847839
CC_42DB8056722A,1,0.282173175658
CC_42DBE71A9E27,0,0.132388837008
CC_42E0FF38FD75,1,0.56922418366
CC_42E1FC3BC7DD,0,0.152905653169
CC_42E7276F6427,0,0.0980269944775
CC_42E72956B6E1,0,0.0910032145879
CC_42E7421EF8C5,0,0.129781737756
CC_42F64F0CC224,1,0.0794300285921
CC_42F8E79B025D,0,0.13394263787
CC_42F9B3D1A244,0,0.0836272312095
CC_42FF488FAF29,0,0.107350774641
CC_42FF8A489F18,1,0.208053550008
CC_430126E7F09C,1,0.235828348437
CC_430572814667,0,0.143185425524
CC_4305D108204E,0,0.0971064497548
CC_430699446954,0,0.0875257490767
CC_4306D0CB4769,0,0.236096266654
CC_430B2C05AD09,0,0.0811797691749
CC_430F8196C9E0,0,0.0919550783944
CC_431043B15B67,1,0.509349388875
CC_431071FBEFE7,1,0.215218080979
CC_431784865E89,0,0.14305236814
CC_431920BBB8C2,0,0.25841960474
CC_431BFF248C14,0,0.28552966258
CC_4323EF537C39,1,0.166655857238
CC_432426452B61,0,0.0946854326237
CC_4324AF0F53BC,0,0.209245985491
CC_43285A005349,0,0.0874781188865
CC_432AEDB49044,0,0.0935356609493
CC_432E94102B9E,1,0.570004304715
CC_4337C856CD50,0,0.70444952563
CC_43380333E564,0,0.109236765735
CC_4338106E1CA0,0,0.136544065792
CC_433878E446B4,0,0.152934396151
CC_433B8AA2DE86,0,0.117656374547
CC_433CE18515CE,1,0.192843265098
CC_43409889229C,0,0.170027876969
CC_434145FD6ABB,0,0.203523748018
CC_43424C9F7EAF,1,0.290083589276
CC_43458BCF6B0E,0,0.0664745341121
CC_434B173E601D,1,0.884520557745
CC_434BC18464CD,0,0.0929492217521
CC_434E0B7B4EB1,0,0.328872474304
CC_43545C27256A,1,0.876305936073
CC_43558B2937A8,0,0.210614098635
CC_4357077327D0,0,0.103664372696
CC_43582DFAB81B,0,0.330947419525
CC_435A2989D1D5,0,0.291020394395
CC_435B9BBD1AD7,0,0.152561102263
CC_435C9BE05E1B,0,0.153576725506
CC_435D1AC5A912,1,0.236967422653
CC_43636ED1C143,1,0.604657011427
CC_4366614DB803,0,0.111424646906
CC_43675D2A7A1D,0,0.0995870109594
CC_43688AD78EFD,0,0.276465788077
CC_43689A7B08C6,0,0.229048100404
CC_43699B5B88C5,0,0.225510307594
CC_436B59428846,0,0.169164215016
CC_436C69DB0207,0,0.107706563242
CC_436DEE989E83,0,0.0811510226852
CC_436E34099BAC,0,0.151598805095
CC_436E988E229E,0,0.138501071128
CC_436EE336B5DA,1,0.181524083536
CC_436F60CDF958,0,0.131644237969
CC_4370F7BCBC45,0,0.110599660321
CC_43736FCA06B7,0,0.0831416752073
CC_43744B763A28,1,0.325424843593
CC_4375E68D1E98,0,0.0951104003979
CC_43777902E478,0,0.0961063283142
CC_437B19ED157C,0,0.27539626327
CC_437BB2879F51,0,0.149779695702
CC_437C44C456A4,0,0.355507548029
CC_4380FFA10D97,1,0.293388935577
CC_4382FB7AA68F,0,0.094421459344
CC_4387A867941F,0,0.0979264606995
CC_43895D559E3D,1,0.118304334151
CC_4389643298BD,0,0.0271443297574
CC_438E33396772,1,0.162166499349
CC_438EFEA811FF,0,0.130879054598
CC_43902D280795,0,0.100089640207
CC_43939B196311,0,0.05857544972
CC_43971820B5D6,0,0.132583894135
CC_43985E989BDE,0,0.110851817883
CC_439BAD131C92,1,0.154167531203
CC_43A3BF230240,0,0.08840513632
CC_43A42A1568DD,0,0.429657295199
CC_43A431D009FA,0,0.190770811421
CC_43A47466238F,0,0.525439606492
CC_43A6F1DD28C4,0,0.0756721201302
CC_43B0E1F99155,0,0.125682669339
CC_43B1F7CFA952,0,0.0874519269446
CC_43B2E3FF0A25,0,0.0738607350981
CC_43B310818603,0,0.194996584881
CC_43BE8F986A8E,1,0.600671315754
CC_43C30ABB6D9E,0,0.368151850694
CC_43C58011A334,0,0.183183168696
CC_43C5F47EADBF,0,0.0800879864515
CC_43C6AB731BE7,1,0.755225186178
CC_43CC264F102F,0,0.473160421391
CC_43CCB6631EA7,0,0.069232060274
CC_43CF880CDD8E,1,0.148917331855
CC_43DBC149E108,0,0.130504351803
CC_43DE4AC9FCA2,0,0.283413359125
CC_43E1AE11945A,0,0.194265132481
CC_43E33E6FA39A,1,0.139732796797
CC_43E438F412EB,0,0.120578143585
CC_43EA99797CD9,0,0.0809890910231
CC_43EB4CB08477,0,0.120181576026
CC_43EDD8D1966E,0,0.236491640599
CC_43F3CBB92ECE,0,0.149347821333
CC_43F3D2B64101,1,0.531276005276
CC_43F85EBD859E,0,0.0687268308404
CC_43FACC50996C,0,0.097760896233
CC_43FB9BA5130D,0,0.17339413664
CC_43FC4B364A30,0,0.204217863297
CC_44040C0C2049,0,0.145384251982
CC_44071E65A598,0,0.0945031415506
CC_440AE3F56868,0,0.0796354731687
CC_440C37F70FA9,1,0.693095290286
CC_440F03F3FA26,0,0.129631253964
CC_4411D495D9B0,0,0.126147969992
CC_4413D01672F4,0,0.197665849641
CC_441413B56FD0,0,0.0894908835481
CC_4418F18B3431,0,0.0484767097021
CC_441C312D57BB,1,0.805921675988
CC_442089BFA0C1,0,0.624928447529
CC_4422678FD916,0,0.100531657459
CC_44261A6F3323,0,0.0978259866201
CC_442745423DBD,0,0.108756086899
CC_442C021C5F37,0,0.235524708292
CC_44375D6FE843,0,0.100420728753
CC_443CF4A547AD,0,0.138300920185
CC_443D3F807FEA,0,0.202540957671
CC_4448EED695F4,1,0.883909333085
CC_444A2205C808,0,0.0710629997646
CC_444A5B9D0F8C,0,0.0880489876832
CC_444B7199CDEC,0,0.088549017848
CC_444ED9048449,0,0.0896446976703
CC_4450006A6D69,0,0.0867970636571
CC_445636F1E503,0,0.10077398467
CC_4456C47CD886,0,0.119795763202
CC_4457FCEC1A97,0,0.15010992245
CC_445E6A078C78,0,0.0791903042134
CC_4467FDE622DF,0,0.100054626994
CC_4469A94EED2A,1,0.214700773013
CC_446AF9015667,0,0.156860197952
CC_446B76C72462,1,0.705991193029
CC_446B87E8B7E3,0,0.0906181433202
CC_446BF3389710,0,0.156485641403
CC_446FCC3AB71A,0,0.170827135064
CC_4471DB329F18,0,0.0710638054549
CC_447270CE2E14,0,0.114111036127
CC_447336575346,0,0.185862908292
CC_447534C99933,1,0.115769171917
CC_44803D0915AC,0,0.0783265872706
CC_4487D5F49539,1,0.26284379458
CC_448866011A1C,0,0.0970810408633
CC_4489C803703E,0,0.20273524314
CC_44923BD3DA82,0,0.87825185315
CC_449657256DE9,0,0.227230776274
CC_44976760675D,0,0.156404788299
CC_449A34FA53D1,1,0.317702189502
CC_449C5EA3CD5A,0,0.135848343019
CC_449C81E589F2,0,0.0946302913951
CC_44A2831C338A,0,0.14313924101
CC_44A29856A3FC,0,0.245654529835
CC_44A559A63CFA,1,0.137618270988
CC_44A882B1CEA4,0,0.098562814366
CC_44A97E5B4EAC,0,0.12608352756
CC_44A9BD377278,0,0.116382578521
CC_44B0DDAA0BE9,0,0.17106127675
CC_44B30E3624DF,0,0.257961284136
CC_44B3485BC55A,0,0.132115360333
CC_44B7416D13D9,0,0.298311830234
CC_44B885EE03E1,0,0.0900751262631
CC_44BC9653B7E5,1,0.758062038637
CC_44BD97B8F986,0,0.0692513199248
CC_44BF9F95FC62,0,0.238241006455
CC_44C0A9B1C62F,0,0.0929315995673
CC_44C0E6D2D8F3,0,0.0967184582549
CC_44C448B9EF01,0,0.10480469934
CC_44C5BC4F1CE9,0,0.101456663793
CC_44C87C6D2CAE,0,0.130267171336
CC_44CD3A5EC9D1,0,0.183553429352
CC_44CEB872DF33,0,0.0955018397989
CC_44D07744A4DB,1,0.640155253162
CC_44D2CE366C9C,0,0.103748211428
CC_44D774899403,0,0.038291377298
CC_44D8CF1075C9,0,0.355847547691
CC_44DA866EE074,0,0.113640784783
CC_44DE926B0CEE,0,0.105136413565
CC_44E9B5719709,0,0.114286262688
CC_44ED5F997005,0,0.221470243914
CC_44EE2913C6B4,1,0.28945605271
CC_44EE7EF5F63F,0,0.342563679947
CC_44EF388D5D1E,0,0.113206621887
CC_44F4C7238C0C,1,0.275716016837
CC_44F7DB9DDD28,0,0.0933168461848
CC_450397CC9154,1,0.110088633146
CC_450506685FC2,0,0.16149399101
CC_4507B75B061A,0,0.0985625667607
CC_450B638DC72A,1,0.845974608243
CC_450EA54951B1,0,0.191827919927
CC_451557B7B8C9,0,0.0714907116861
CC_45167B5BC77D,0,0.104505237563
CC_4518126195D7,0,0.351323608771
CC_451A340657BC,0,0.159011213561
CC_451D681A1322,0,0.143037358011
CC_451F9184776D,0,0.450860671465
CC_451FA8DDF661,0,0.0797785967347
CC_451FFCE6B6B5,0,0.0644059724571
CC_4520E5A355FA,0,0.0753562150072
CC_452302E725F0,1,0.147653702241
CC_4524B74B457D,1,0.21109596293
CC_452E0356FA3B,1,0.118932190851
CC_45307FD2F4DF,1,0.223509303671
CC_45325AB325F7,0,0.0851591012063
CC_45328F4A30AA,0,0.0652118192967
CC_4532BAA9196E,0,0.695162853505
CC_4533D862DAAB,0,0.110844387578
CC_4534B94FE01C,1,0.201425199609
CC_4534BCE5A5A0,0,0.632430282933
CC_45397ED0AEF4,0,0.169419122862
CC_453C71565029,0,0.102902119139
CC_453D3BD08384,0,0.0752814431116
CC_454095CACACF,0,0.20214269113
CC_45411E0B79F6,0,0.212783889212
CC_4545F52CB694,0,0.0769029683503
CC_45495F54590D,0,0.100034463826
CC_454A5D4F117A,1,0.389563307437
CC_454B05069E1D,0,0.0764917842828
CC_454DF7556487,0,0.206221997362
CC_45546C236751,0,0.218014441441
CC_4556F09AB706,0,0.591131467225
CC_455859BB9678,0,0.125494515779
CC_455A14250141,0,0.126406703078
CC_45605443FB13,1,0.492715778586
CC_4561C6DCB6AE,0,0.875266537397
CC_4565137E5296,0,0.236063868196
CC_4566F46C66D1,0,0.0736730822156
CC_456888E99F95,0,0.150559905458
CC_456ABECAFCF9,0,0.0897533904309
CC_456AC6310801,0,0.0686394213316
CC_456EC94186EB,0,0.130720892612
CC_456EFF689C22,1,0.0902754091401
CC_45727BF71CA6,1,0.597456562
CC_457515CFDA95,0,0.173917800206
CC_4579275FA64B,0,0.0882269745573
CC_457ECF54518D,0,0.0843860006681
CC_457F077077DA,0,0.237178535746
CC_4586428C59CD,0,0.111591237769
CC_45866409D70B,0,0.252698039222
CC_458DDF58D7BC,0,0.0816956088651
CC_459367EDB260,0,0.305992936759
CC_45955DE6ED87,0,0.0811220141836
CC_45984DCD47EB,1,0.166734088092
CC_4598A9C479AB,0,0.086261463256
CC_459912751A66,0,0.123857807521
CC_4599EDC6A8C9,1,0.483190495263
CC_459B411A1BE9,1,0.817823312791
CC_45A0D02BC257,1,0.670266363282
CC_45A0E0FF48E6,0,0.256272066727
CC_45A203BCD017,0,0.0872419977969
CC_45A99544F768,0,0.0626483885303
CC_45AB74C49190,1,0.107290982499
CC_45ABBADE9975,0,0.229133473275
CC_45AC6F28C7DF,1,0.101468799538
CC_45AC947F1DFB,0,0.101681395908
CC_45AD4466894E,1,0.279698762161
CC_45AE94D8FD07,1,0.51594972326
CC_45B35E5FD8D9,0,0.104051768276
CC_45BA31E0BD9E,0,0.608237863173
CC_45C886C0B039,0,0.071955162356
CC_45CAC6B1AC70,0,0.122559790319
CC_45CC04222CF8,1,0.288942445834
CC_45CEB9F25E03,0,0.0953853760627
CC_45D6B6D47776,1,0.915464627309
CC_45D87984C8A2,1,0.689175253426
CC_45D8AADD879B,0,0.417439817822
CC_45DCAF79BACF,0,0.100072667375
CC_45DE739E4DA2,0,0.112687288057
CC_45E4BD6E1094,0,0.209631371822
CC_45E712973069,0,0.150742592113
CC_45E91CA43887,0,0.0991489752136
CC_45EB85E07B89,1,0.104780522141
CC_45F4916D5858,0,0.121406859658
CC_45FA0F483C56,0,0.153019424517
CC_45FD076CF204,0,0.131197617735
CC_45FD53835E85,1,0.690909093449
CC_45FE8C40C802,0,0.14983420186
CC_460048F97582,0,0.40999432368
CC_4601561CE56A,1,0.17120338122
CC_460397821533,0,0.111729747221
CC_4606024C6CCC,1,0.242818700897
CC_4609D9C70486,1,0.452933640079
CC_460CD8FC70C6,0,0.15622062947
CC_460D42D6A0B3,0,0.137886528406
CC_46104605333A,0,0.0872377896935
CC_4610AFBBC841,0,0.151166913406
CC_46121D15BBDF,1,0.336896489674
CC_4613D4C45566,1,0.221537066683
CC_4614CED895F3,0,0.10218135446
CC_4614D2C66070,0,0.146178215606
CC_4616636C9CEC,0,0.170333854827
CC_46195DEAB79E,0,0.170258870199
CC_461A54F25C51,0,0.788620208677
CC_4624DA1E3E3F,0,0.0646675374856
CC_462B19C6E598,0,0.0691021690352
CC_46322A3D4B5B,0,0.182009305243
CC_46349B7E2E14,0,0.102184312634
CC_4638DF96481D,1,0.236129490258
CC_463990FBF2EA,0,0.172418582848
CC_463B779A313C,1,0.213938417851
CC_463D5ADB78B1,0,0.165418604472
CC_464082944A66,1,0.124147306749
CC_4642FA758A95,0,0.0625333981928
CC_4643A97ABD42,0,0.125826663289
CC_4645504B8F71,0,0.065776282198
CC_464A3460F393,0,0.0932234145937
CC_464A48ABCF15,0,0.150355504523
CC_464B82313AF1,1,0.279644512736
CC_464C477F02C2,0,0.137864219764
CC_464DF7DF54CD,0,0.164729869327
CC_46509B4A4E95,0,0.115532594266
CC_46534DAEBDB2,0,0.0919116421261
CC_465959DF8190,0,0.123636082364
CC_465A7EBE17B8,0,0.104232417242
CC_465BB6D3B15D,1,0.628415594422
CC_465EE0A8EB33,0,0.597961479393
CC_46625AA5044E,0,0.136804009433
CC_466357181FC6,0,0.106158525034
CC_46690B70B232,0,0.296973362137
CC_466932E039C0,1,0.216755252469
CC_466C5B52D2E9,0,0.257430626344
CC_466C8AB02EFF,1,0.109519835307
CC_467467CE2DBA,0,0.0780631800646
CC_4676561DF442,0,0.102529703561
CC_4681FC6611BD,0,0.727318321092
CC_4687803E0613,0,0.0788497535092
CC_46886DC4A5B0,0,0.0943191999715
CC_468908A79D29,0,0.311049671115
CC_46899F027259,0,0.0893387923211
CC_468B9311EF92,0,0.140849249839
CC_468FFEC3561D,0,0.304984551492
CC_4691DB7F2D85,1,0.0876440284051
CC_469460D11FF7,0,0.124758409801
CC_4694B67B6BD5,0,0.0642063187369
CC_46957AE413C7,1,0.104813420632
CC_4695EE740B22,0,0.0706835717248
CC_46A73BEAE24E,1,0.719850459473
CC_46AB0ED2AFA4,0,0.0914243398927
CC_46ABC62EB886,0,0.0407613272169
CC_46ADEAEA3587,1,0.310109524752
CC_46AE119A9FA3,0,0.155687019519
CC_46B06994BA99,0,0.0507764063066
CC_46B0C49DE87C,0,0.121185477364
CC_46B347211F67,0,0.0651342631312
CC_46B3E6F2FA32,0,0.115657080253
CC_46B7CED4868D,0,0.167037202822
CC_46BAB604F8AE,0,0.132191946387
CC_46BC4D93EFEB,0,0.163645753518
CC_46BC807B7833,0,0.0943374550184
CC_46BD7EFA9CC3,0,0.0785654541715
CC_46BEB1C23BCB,0,0.133992096006
CC_46C1C56C3CC9,0,0.198019857501
CC_46C73ED43BA2,1,0.212511734167
CC_46D1225E0DFF,0,0.155150073104
CC_46D1C996EAD4,0,0.105061137117
CC_46D72E86BA2C,0,0.111134338329
CC_46DCBCB7A5C8,1,0.368850197722
CC_46DCDE8E7BA1,1,0.67808320724
CC_46E42892DBEB,0,0.0988617100551
CC_46E91F9ACAC9,0,0.103468413694
CC_46E9AB73D073,0,0.0867009919049
CC_46EA74776C44,0,0.237993611587
CC_46F0982AE749,0,0.101226367039
CC_46F2D1E5F829,0,0.1350161621
CC_46F77756B0FE,0,0.294310891012
CC_47001D4BA82F,0,0.127861608964
CC_47004AFBFFB9,0,0.114287091367
CC_47013B67CF3B,0,0.119647081488
CC_4701677F164E,0,0.0623185761151
CC_470368FE8ACD,0,0.0996313317495
CC_470A86347F2E,0,0.490509352261
CC_470F846CC1A0,1,0.200934843707
CC_470FB77410C5,0,0.659728839205
CC_4710CA53210D,0,0.581007541426
CC_4710F5A5F882,0,0.188117931229
CC_4713087780CF,0,0.106991146637
CC_4714786065FA,0,0.0416380051621
CC_471519FC2DFD,1,0.218332868965
CC_4715210BDB62,0,0.754711382567
CC_4715379BF72B,0,0.0652206652219
CC_4718AC9F7130,0,0.0602566195672
CC_471A4F4C1A90,0,0.167670884134
CC_471B198AA785,0,0.218620058586
CC_471FE7A6EE34,0,0.0852574816361
CC_472151DBE6BF,0,0.424253292886
CC_4722092DD03B,0,0.0899629357271
CC_47260FED9801,0,0.122456206442
CC_4726ECC59776,0,0.107549898412
CC_4727E9DD8659,1,0.308403664049
CC_472CE66282E0,0,0.0934530720896
CC_472DCDAEC516,0,0.425391293302
CC_472F98C4EA92,0,0.0916263055413
CC_4734BFB4B19C,0,0.14318543201
CC_47355B14FD1A,0,0.351557763162
CC_473A59A00048,1,0.188753133566
CC_473B38873A1F,1,0.118755365828
CC_4740F0807C36,0,0.0628259519928
CC_474296808950,0,0.170842095778
CC_47441AD8CCB8,0,0.0720339898221
CC_47443605C0D3,0,0.0718862139104
CC_474849E9A838,1,0.117290897592
CC_47491839DA73,0,0.125251932032
CC_474BAE81C090,0,0.0854784721475
CC_47503F8AAD1C,0,0.0590822553864
CC_475322B78A21,1,0.481231347933
CC_47580CBBB71A,0,0.0822627137107
CC_47593F1D6A2B,0,0.238409007992
CC_475D5FCC0EED,0,0.163333912441
CC_4763424844B6,0,0.207044735329
CC_476419D7304F,0,0.220225410822
CC_476422D1F086,0,0.145172141808
CC_4765AFC8FAF8,0,0.110668259902
CC_476B4C8E94B3,1,0.754059199505
CC_476D7DE58C17,0,0.774978267728
CC_477149D712E4,0,0.0767358478599
CC_47738DE77885,0,0.125736331261
CC_4773FF037745,0,0.775583524664
CC_4774704C8838,0,0.0770376707465
CC_4775F2ED11A6,0,0.259903889053
CC_477C09AA7AF3,0,0.0837887788627
CC_477E393ACE01,0,0.0852341049874
CC_4782128A0B66,0,0.0892437546287
CC_47830F3EFCDD,1,0.175493228238
CC_478374A5DCB6,0,0.681092890703
CC_4783C4B8E7EA,1,0.0770490222121
CC_4784B5D55438,1,0.714519869306
CC_478687139B5D,0,0.0816573384921
CC_47874F2B1CB6,0,0.10841590673
CC_4798D5F05845,0,0.182062725741
CC_479BA8F00ACF,0,0.117394003961
CC_479C79D992A3,0,0.140297541921
CC_479CC6C767B6,0,0.178963794532
CC_479FE699FC78,0,0.129092328655
CC_47A4E9477E0E,0,0.104430626009
CC_47A5F2A917FF,0,0.12396242204
CC_47A993EA9DD8,1,0.263142535171
CC_47ADD0B61A41,0,0.105381580218
CC_47AF154BBB93,0,0.0771708228972
CC_47B3C0D6CF8D,0,0.111051282039
CC_47B3C332B17F,0,0.0728149366728
CC_47B59D77EBA6,0,0.142176765667
CC_47B5C25CC595,0,0.119097351933
CC_47B5CBDD933E,0,0.456937859621
CC_47C16EA9CABB,0,0.0964911661802
CC_47C2AC33A70A,0,0.342213543197
CC_47C5BA360BE4,0,0.135047191748
CC_47C6FA8A22AC,0,0.459270210168
CC_47C822552196,1,0.23766235021
CC_47C948AE020C,0,0.111731680687
CC_47C9E3938A19,0,0.0876622890246
CC_47CFD0BE6EEC,0,0.545595076146
CC_47D0D927CCC7,0,0.157618054897
CC_47D11008CD1D,0,0.101027616567
CC_47D236FA5591,0,0.0778767994757
CC_47D2786FC984,1,0.763467297326
CC_47D396043FCB,1,0.116098837525
CC_47D5158F4754,0,0.214477212381
CC_47D87663B9D1,1,0.221121102105
CC_47DA5A892A38,0,0.0943494554476
CC_47DAE6B6CAF5,0,0.094764402584
CC_47DF4358A232,0,0.0879249927116
CC_47DF8F1BF262,0,0.0539898533799
CC_47E7C95F8BB0,0,0.0742574785281
CC_47E80FD8804C,1,0.664666060451
CC_47EBA041F2DB,1,0.247369312911
CC_47ECC0A541F4,0,0.309591572277
CC_47EE0C873D6A,0,0.0819929761534
CC_47EE665A2848,0,0.0982580433851
CC_47EF2FA5B5F5,0,0.119268047702
CC_47EFCA22FABD,0,0.154062913304
CC_47F254E08768,1,0.0921310758582
CC_47F273F26B3C,0,0.170221248661
CC_47F3CAF06084,0,0.209032250502
CC_47F3D6429025,0,0.0734168521243
CC_47F50D878391,0,0.0919263591797
CC_47F5A98FDBD8,0,0.0855498185556
CC_47F85FE42410,0,0.120597209133
CC_47FA2BED03EB,0,0.329313834643
CC_4802257CE7AE,0,0.123548511196
CC_4805463A72BD,0,0.132349994213
CC_480AAB1AF717,0,0.0716775752013
CC_480DEAC19880,0,0.350340220432
CC_480EB9CA1E1B,0,0.0611807107847
CC_480F43D3CE20,1,0.594402316284
CC_4810ED61C01B,0,0.101773714274
CC_48156ACD2C54,0,0.323882831064
CC_4815756AF08F,0,0.17434563105
CC_48174701006F,1,0.634278315635
CC_481764442E6A,0,0.427557600408
CC_481C7F5734B6,1,0.102393709224
CC_481CD48F67A1,1,0.115800691276
CC_48225A375699,0,0.0631420800115
CC_482B1DB21BB9,0,0.18248920185
CC_482BE33CF01C,0,0.231341100527
CC_482E6D557914,0,0.100065708583
CC_4833A4BD4441,0,0.553541538425
CC_48347087DD52,0,0.0985293105707
CC_483575A64B3E,1,0.829489634202
CC_4836D49684EA,0,0.20820852148
CC_4838890A371A,0,0.317033196017
CC_48391F2A1BC7,0,0.113147197348
CC_483B70F397F7,1,0.668668021899
CC_483CC1947804,0,0.172848404573
CC_483E8F2D84AE,0,0.219018045729
CC_48461C112BF8,0,0.0766345224753
CC_484635772962,0,0.341055607917
CC_48475C52156C,0,0.121364850898
CC_48478DDAC576,0,0.0746753069685
CC_4847BCADDC3B,0,0.292549597192
CC_48484C22A51D,1,0.257074909355
CC_484DCB5BD6F6,0,0.0994626687571
CC_484FF76D73F3,1,0.810790983687
CC_4850BE6657B9,0,0.0933932361557
CC_4850D3A76C73,0,0.101600451362
CC_48576537AED8,0,0.146009604645
CC_485A8027573D,0,0.116786966715
CC_485C00FFA64C,0,0.104039673408
CC_485E1D5546AB,0,0.147198874336
CC_48615F1C7CFA,1,0.141015420018
CC_486462438A48,1,0.270636336504
CC_486507204214,0,0.186635378952
CC_4865274BB24B,0,0.0933652662299
CC_4868D434B15F,0,0.123137339717
CC_4868E473C8F2,0,0.0421564685826
CC_486C3C11AC8F,1,0.0638402676017
CC_486C7AE97A43,0,0.14092763893
CC_486EE9D16088,0,0.574692125159
CC_487413DC0E78,0,0.119781471905
CC_4875A994566C,1,0.273023895831
CC_487A84A18689,0,0.101866773535
CC_487A90322CC7,1,0.559570192318
CC_487B4DCB738C,0,0.131627697785
CC_487BF6377958,0,0.426016908986
CC_487E09766AAF,0,0.542919560892
CC_487E6E51639C,0,0.19026615899
CC_488129D14577,1,0.105274204691
CC_488153F12B5E,0,0.0958950749821
CC_4881EED70D7F,0,0.625682893233
CC_488301D5E399,0,0.0931658041805
CC_48832C80B48D,0,0.102017152561
CC_48845A53F311,0,0.271518260056
CC_48872BA8341E,0,0.19468115892
CC_4888D4E2BA7D,0,0.559070677045
CC_488B08F39346,0,0.11738709231
CC_48901C0FEEB1,0,0.407924570759
CC_48902C116541,1,0.73532243779
CC_4894E632B583,0,0.226174834899
CC_4895FB6E3B79,0,0.0731476034008
CC_4896A4A7908C,0,0.0830056797274
CC_4898D0FFE44D,0,0.620826787528
CC_489AD8F8C071,0,0.170672376714
CC_489EFB3FBC71,1,0.50173080789
CC_48A32D5AA56A,0,0.344833397493
CC_48A369C692CC,1,0.165330225714
CC_48A7D3CC02C3,1,0.482530663306
CC_48B5B4E37596,1,0.658184651458
CC_48B5C0FA23BF,0,0.106334368536
CC_48B68CC29EDD,0,0.124886273064
CC_48B9AA29812C,0,0.414801318509
CC_48BE9A49A6F7,0,0.0823774298946
CC_48BF25DAB002,0,0.112492112693
CC_48C356851F6E,0,0.320950941141
CC_48C6F2BDD748,0,0.143981898718
CC_48C729598E4B,0,0.505867452231
CC_48C7998F2DB3,0,0.287709014293
CC_48CE5B835688,1,0.11540295752
CC_48CF6E7D958A,0,0.0648353216318
CC_48D022D7BCE6,1,0.769036050014
CC_48D09748AA47,1,0.185918183222
CC_48D23D80EFB1,0,0.557517555191
CC_48D5958C164B,0,0.0741068175339
CC_48D6C42C7273,0,0.0984355024477
CC_48DA23558B4E,0,0.212150406623
CC_48DB3532BA27,1,0.136795127782
CC_48DCE04AB80E,0,0.101492061406
CC_48DE1AFAA76C,0,0.163266317667
CC_48E22E3F96EB,0,0.285840907861
CC_48E3AE641911,0,0.0659499100368
CC_48E4C6A3B977,0,0.705393069157
CC_48E887FA2EA2,1,0.345939190691
CC_48EA7A528752,0,0.235329502389
CC_48EB91853E21,0,0.157581867882
CC_48ECF0DD05CB,1,0.836986530206
CC_48F2B60CC5E3,0,0.0893798328186
CC_48F2FF808B37,0,0.161098188014
CC_48F9EF5BC4E5,0,0.101843006357
CC_48FDAC542476,0,0.0870181362623
CC_48FE1FC9A24A,0,0.167325907648
CC_48FE4806F9A0,0,0.101105596217
CC_48FE90DB75C1,0,0.217625888621
CC_48FEE0F45D6D,0,0.106776351887
CC_48FEF28D3FA2,1,0.0807900948097
CC_4903FE5D289F,0,0.0763220854433
CC_490456209F19,0,0.152631091069
CC_4905043287C9,1,0.210261009174
CC_490597F75EF8,0,0.120332170033
CC_490601E44F41,0,0.130683106794
CC_490789E1D7FA,0,0.0518718724455
CC_490B6F2BAEBF,0,0.135861146754
CC_4911D13E65EF,0,0.146174728109
CC_4916148BBA23,0,0.0569267507163
CC_49164D809240,0,0.440497560922
CC_4916AF8F3BC0,0,0.0972722360126
CC_491AFC3A2638,1,0.118465579015
CC_492050768FAE,0,0.170841987116
CC_4920EF67148A,0,0.131543822422
CC_49229557C7D1,1,0.145252580192
CC_492A2AA1F0BE,1,0.6035274544
CC_492D62827EA5,1,0.163461928809
CC_492E61DB477B,0,0.700852026174
CC_49328ED1904D,1,0.247877692594
CC_4932B9E39192,0,0.184602412459
CC_4932E88A339A,0,0.119769130734
CC_493499AF238B,0,0.230720166498
CC_493536B719A8,1,0.111217819453
CC_4937C06CA9CE,0,0.0870567995428
CC_49396C092B9B,0,0.117538912117
CC_493994B742F9,0,0.297234163964
CC_493A3BC61AC1,0,0.0901241061504
CC_493CB2532966,0,0.0881101923416
CC_49418FE12E60,0,0.155235585201
CC_4942FA52B376,0,0.0615795108071
CC_4943FE5248D6,0,0.197933901701
CC_49446A31030A,0,0.115705727999
CC_4944F6DE20D8,0,0.0843874085336
CC_494983AD0EB6,0,0.516467014591
CC_494CAE5CF417,1,0.121912704064
CC_494CEC057A30,1,0.496568007598
CC_494EE3F3FCF4,0,0.157037719071
CC_495065CCD010,0,0.290238828419
CC_4950D395DC4A,0,0.356400349108
CC_49515AD74902,0,0.133246894015
CC_4953B85A21E1,0,0.0423224955339
CC_4957D2F2E955,0,0.0707631413517
CC_4959F81FD35D,0,0.101748421458
CC_495B8930C049,0,0.0898365682907
CC_495B98BAF894,0,0.208159581924
CC_495FFC4554C6,0,0.069946705712
CC_496110F2214E,0,0.0716897209986
CC_4961DC090B93,1,0.22023716842
CC_4961E26417E7,0,0.118446158842
CC_49633E6BFFD5,0,0.108537352116
CC_49642B031E89,0,0.0866020144663
CC_496465F43458,0,0.107121165042
CC_49664725AA99,0,0.121484826843
CC_4968DC6B7B27,1,0.525764803435
CC_4968E706CA30,0,0.086146627273
CC_4969539F8744,0,0.155786485891
CC_4969C78ECE50,0,0.0682707697678
CC_496B7E7A9DC4,0,0.170117219656
CC_496D80951E49,0,0.148237827654
CC_49711861D565,0,0.144067269685
CC_4974EF96378A,1,0.178755101914
CC_4975614112D9,0,0.136719253778
CC_4976525DF0A0,0,0.178967228953
CC_4977EDB6987D,1,0.278336441786
CC_497921304894,1,0.13554973921
CC_497A8A96D7F6,0,0.457174105248
CC_497B9EDB85D7,0,0.0768440607204
CC_497D1094312F,1,0.240892983084
CC_49841C4D4097,0,0.133224199752
CC_4984A4D65A9D,0,0.199072983944
CC_49852F75260A,1,0.818414008511
CC_4989CAC4E7C9,0,0.285170112869
CC_4989DACE4C14,1,0.797788995223
CC_498AF2830A36,0,0.144527923871
CC_498BD0582859,0,0.157258485132
CC_498C2B0484FF,0,0.202837944602
CC_498C55A8A5D3,1,0.0216549362373
CC_4991F72B0B8B,1,0.892780369312
CC_499267A39D6A,0,0.872672577918
CC_4994B6D2B088,0,0.0672097920222
CC_499609CF9BA1,0,0.0866689789919
CC_49969C4A507A,0,0.221229831313
CC_4999CFC6BA9D,1,0.842962314872
CC_499A2C1AABF8,0,0.152549484672
CC_499B8626AC67,0,0.0896388518473
CC_499CC4C2B960,0,0.096040205499
CC_499E7CCE82C1,0,0.341388745305
CC_499F25D982C5,1,0.829225722997
CC_49A20A9487B5,0,0.105042194572
CC_49A4DB22186D,0,0.287852346526
CC_49A781E71D3D,0,0.308001298103
CC_49AB5EB57819,0,0.140401062675
CC_49AB6744E350,1,0.739964612109
CC_49ADBC80B386,0,0.0893866702433
CC_49B04114B38F,1,0.262719028548
CC_49B4D9A6A142,0,0.0911430839709
CC_49B5FA847F6C,0,0.141025177362
CC_49B86F33EF6C,0,0.0648540152403
CC_49B92FECAC21,0,0.252582150637
CC_49BE4BCE8C1E,0,0.637600328984
CC_49BF9E7DA2DC,1,0.603075806359
CC_49C07FAE57DD,0,0.0763588523823
CC_49C3812EF404,0,0.116329542971
CC_49C431F7A40A,0,0.12015254516
CC_49C52F671584,0,0.0910114294955
CC_49C782090DA3,0,0.0812010386202
CC_49CFAA4F09E7,0,0.583748022789
CC_49D06D18EDFB,1,0.521794787776
CC_49D1CA79B830,0,0.335580308211
CC_49D247575C5C,0,0.14908122614
CC_49D2FD4CF028,0,0.0889394824273
CC_49DE2A951740,1,0.743100688175
CC_49DEB72CBA57,0,0.150270745236
CC_49E2E6B258E4,0,0.117132721338
CC_49E593027867,0,0.0380434421513
CC_49E6182DA88D,0,0.132996267383
CC_49E73D101D18,0,0.121626371429
CC_49E79051EAE3,0,0.0730526637289
CC_49E8535A3284,0,0.225985785073
CC_49E9274E395B,1,0.786369617112
CC_49EC66EA6D52,0,0.148401524961
CC_49EFDEC315D9,0,0.413260223832
CC_49F10A8853FE,0,0.136202432826
CC_49F2EC8B7D9E,1,0.74754384914
CC_49F5EFC494B6,0,0.144124973525
CC_49F806424398,1,0.102189468871
CC_49FA7A42BE6D,1,0.349917342642
CC_49FAAED440CA,0,0.0776377180378
CC_49FCBC4ADF52,0,0.108511217979
CC_4A00282E7A85,0,0.122841083793
CC_4A059309E582,0,0.104773469219
CC_4A0755BABAB2,0,0.776248733207
CC_4A08B9FE6115,0,0.103155270895
CC_4A0BC97EADE9,0,0.261691516405
CC_4A0EF488F687,1,0.284749322056
CC_4A10375DAD00,0,0.0799451892852
CC_4A1037D8A94E,0,0.109161040599
CC_4A108D4995F5,0,0.115657303818
CC_4A15B948EDBF,1,0.719317005416
CC_4A17B34F73FF,0,0.154390648481
CC_4A17C09DD036,1,0.114997410163
CC_4A19EADCD52A,1,0.745082973779
CC_4A1A31CA8E09,0,0.387147518254
CC_4A1CBBC34AEF,1,0.805226984716
CC_4A22256E787B,1,0.666894556688
CC_4A23B6765748,0,0.0852519835356
CC_4A2493C1FB7E,0,0.189756048236
CC_4A24A4015D67,0,0.161463268138
CC_4A25CD6DFE49,1,0.401845954807
CC_4A267360BEA4,1,0.255778505499
CC_4A29CDD76757,1,0.805447807175
CC_4A2B3149F818,0,0.0946272850476
CC_4A3330293269,0,0.272237987962
CC_4A36D9EB08FB,0,0.143503009649
CC_4A39ADB4A469,0,0.23450929181
CC_4A3ED3D5270A,1,0.145053832963
CC_4A46A34B0286,1,0.549112048637
CC_4A48612AA6F1,0,0.0808200835421
CC_4A4A58F58721,0,0.107908026466
CC_4A4ABA3F61AE,0,0.0262184797191
CC_4A4CCA794598,0,0.0990306110994
CC_4A4D1A781C10,0,0.146303804755
CC_4A4F3CEE7F68,0,0.208052278646
CC_4A51EA15DD3E,0,0.138934917714
CC_4A5252D0318D,0,0.109286449765
CC_4A543D3DEA84,0,0.104833917357
CC_4A5AEE960334,0,0.11859605084
CC_4A5DC924D662,0,0.0831669315566
CC_4A6275C86729,1,0.587815100813
CC_4A65F9AF952D,1,0.375763144037
CC_4A662975EB11,0,0.0971755389005
CC_4A6C6B3206D7,0,0.578321301027
CC_4A6D10ABA22F,0,0.116798945251
CC_4A74262166E1,0,0.130477140844
CC_4A79254B756D,1,0.300280232088
CC_4A796D720F0D,1,0.739712861967
CC_4A7D6DF3E09C,1,0.139683005514
CC_4A8197463B68,0,0.0967236771177
CC_4A81C5D75C6E,0,0.0980897229442
CC_4A8204D2A892,0,0.124676474729
CC_4A8308DAA0A2,0,0.150536289493
CC_4A83B084BF6F,1,0.754509294352
CC_4A84EF4CBF39,0,0.441786264351
CC_4A8AED912D81,0,0.114170976822
CC_4A8AFAD0420E,0,0.254406311588
CC_4A8B293033AD,0,0.133465952675
CC_4A90166BA504,1,0.321344452334
CC_4A941F05F366,0,0.0786862313684
CC_4A954600AA9D,0,0.15625022214
CC_4A9A403CF392,0,0.0765072568881
CC_4A9D869C2564,1,0.23355640218
CC_4A9E5FA62EAA,1,0.813225017653
CC_4A9F549804C8,0,0.256144790087
CC_4AA1454DB1BD,0,0.0801684439297
CC_4AA2A5F4513B,1,0.374460511405
CC_4AA5F584A62E,0,0.409057221745
CC_4AA6BA507211,0,0.143801509044
CC_4AA76FFC05D8,0,0.0354983263138
CC_4AAFF03DB5BC,0,0.113833149654
CC_4AB61BB7CACB,0,0.563030665141
CC_4AB70778BF68,0,0.125871328367
CC_4ABA0785C267,0,0.138089602122
CC_4ABC078575DF,1,0.489494716994
CC_4ABD62F268E0,1,0.807778675291
CC_4ABF16BB8365,0,0.200665670132
CC_4ABFB496BAA1,1,0.0637450272705
CC_4AC49D75672B,0,0.697143127938
CC_4ACFC91213E0,0,0.142108619078
CC_4AD0DB740322,1,0.346901158497
CC_4AD19A89D26D,0,0.274939528941
CC_4AD24CEDF04B,1,0.148634845699
CC_4ADB26964D43,0,0.25443326083
CC_4ADDD817D67E,1,0.229379657558
CC_4AE20FD028B6,0,0.0824148603128
CC_4AE3DDE309D1,1,0.161085143805
CC_4AE4F26A7E44,0,0.0920309872545
CC_4AE5A2C1A3A9,0,0.235560972818
CC_4AEE17CB1E32,0,0.0680756871773
CC_4AEEFAA61C23,0,0.21490155653
CC_4AF0C17AF2D1,0,0.297436682739
CC_4AF65B965DE3,0,0.150752921397
CC_4AF9C6855C82,0,0.631822312739
CC_4AFB2FE624FD,0,0.0993260891399
CC_4AFC0117879F,1,0.229159099033
CC_4AFCAE442916,0,0.222795782737
CC_4AFD37BA6419,0,0.159577863103
CC_4B01531F3668,0,0.316632219116
CC_4B0418552431,0,0.0932661155524
CC_4B07DEE3980D,0,0.108934639111
CC_4B0E16972D2C,0,0.0898597252931
CC_4B0FC11D9784,0,0.129099150402
CC_4B167957E054,0,0.0725365306654
CC_4B1B1AC32F9D,0,0.098543190826
CC_4B1EEC6BB6F5,0,0.105683879261
CC_4B24028C74BE,1,0.198116866318
CC_4B24284211CE,0,0.124034258727
CC_4B272CB87A55,0,0.126112837488
CC_4B278BAF79E6,0,0.107741771243
CC_4B2CDCB80A85,0,0.12825072188
CC_4B2F5031FA75,0,0.17828123349
CC_4B314F6A1536,0,0.191395384138
CC_4B34BF1A3C04,0,0.12338581062
CC_4B3ADF0E1BC7,1,0.600417606092
CC_4B3DCE915488,0,0.125459741465
CC_4B3E7689516F,0,0.844972521065
CC_4B3F7A4E7D6B,0,0.374619613927
CC_4B409C43809E,1,0.650056449559
CC_4B40F81D006C,0,0.0814450252595
CC_4B4158D80004,0,0.286594064716
CC_4B43C14A71EB,0,0.0579666725176
CC_4B45A4D1E183,0,0.175296105906
CC_4B46D0D62567,0,0.682542408828
CC_4B4711519FE3,0,0.457246166144
CC_4B494B5906DB,1,0.63844890228
CC_4B4AA5651651,0,0.780831590521
CC_4B4B6A1D246C,0,0.24985169464
CC_4B4BD66CC7C7,1,0.203887107889
CC_4B4F8F478917,0,0.0297549399872
CC_4B4FCB5D63AF,0,0.190148980824
CC_4B527733ACAE,0,0.0844199070541
CC_4B5277E53172,1,0.442599165649
CC_4B52B5659990,0,0.198465381122
CC_4B5617A505F9,0,0.264548733446
CC_4B59F176DC30,1,0.449619000133
CC_4B5E54542C12,0,0.116642543801
CC_4B6157B79E82,0,0.102308917746
CC_4B618DC26522,0,0.111604022146
CC_4B63BFB32898,0,0.654895197773
CC_4B645748E2D5,0,0.0885263532488
CC_4B66B13E21C9,1,0.684045552194
CC_4B691ABA1D24,0,0.0903669798385
CC_4B6C0C1EAA62,1,0.313845908569
CC_4B6C4AE5BBDB,0,0.142594728821
CC_4B6C8C1F1D67,0,0.133332965283
CC_4B6DEDD32C70,0,0.0811062026774
CC_4B7B94AE5822,0,0.117116640877
CC_4B7BD4272628,0,0.134217893543
CC_4B80028A3E0C,0,0.0942562264394
CC_4B82E7CCFFA5,0,0.0670420457148
CC_4B8355DFCB16,0,0.136497027811
CC_4B83F3197362,1,0.922638792637
CC_4B84C2FD2609,0,0.166644052003
CC_4B84FB7D7E38,1,0.130189273557
CC_4B861BEE6C40,0,0.123913445138
CC_4B8694AC0053,0,0.640962052847
CC_4B8FEB61A1D2,0,0.128697334309
CC_4B8FED4FEA62,0,0.157758308698
CC_4B9440FB5987,0,0.142689222492
CC_4B9F37CCF202,0,0.0872604658917
CC_4BA3EBAED458,0,0.1008072308
CC_4BA44F97889F,1,0.056489229279
CC_4BA537FE8C22,1,0.0967846433447
CC_4BA6244A64AE,1,0.332511173293
CC_4BAAACC927CF,0,0.103183776628
CC_4BAAB7D364DF,0,0.687349258411
CC_4BAD8A7672CC,0,0.0921587832322
CC_4BB18A117A98,0,0.363593142924
CC_4BB2A9C679A2,0,0.12452225386
CC_4BB658F1171A,0,0.131702848016
CC_4BB829ABB14C,0,0.198899207545
CC_4BB90F2EE162,0,0.193951936941
CC_4BBB36A38030,0,0.159429762835
CC_4BBDBECA6B92,0,0.0834099392481
CC_4BBE01391430,0,0.0955027963055
CC_4BBF455291CD,0,0.12555408766
CC_4BCA99FA8CFC,0,0.139452674706
CC_4BCDD3257CFD,0,0.138513976028
CC_4BCF87EAE128,0,0.131134536788
CC_4BD0115CF3D7,0,0.144688507688
CC_4BD4DF84AE78,1,0.0754281820391
CC_4BD67048880E,1,0.939221665107
CC_4BD73BDAD5C3,0,0.1175919328
CC_4BD75A1DEC3B,0,0.0839369693533
CC_4BDC71D958B4,0,0.0774233994777
CC_4BE1C8C3D33A,0,0.0849539954217
CC_4BE4CE0A5BCE,0,0.177335374882
CC_4BE670B379B8,0,0.0592465392543
CC_4BE701760E45,0,0.371851678506
CC_4BE7B351DF1F,0,0.0787255945312
CC_4BE7EC2064C1,0,0.217545567637
CC_4BE8B6EFCA38,0,0.278902741522
CC_4BEAE979CB03,0,0.0733775548544
CC_4BED9943694A,1,0.0679863355735
CC_4BEE70F31D51,0,0.245397358825
CC_4BEE98FC7693,0,0.0964769654164
CC_4BF1ECB0BEF5,1,0.73743903813
CC_4BF26C431C99,1,0.743363057826
CC_4BF46A708ED2,0,0.121987651912
CC_4BF57AC7E2A0,0,0.666058925899
CC_4BF9E1EA7152,0,0.050547959708
CC_4BFAA0AF3E37,1,0.790832725239
CC_4BFB3828F194,1,0.472182350227
CC_4BFC209A3A61,0,0.123974061838
CC_4BFD2A4D267E,0,0.247763468064
CC_4BFF5737C1DF,1,0.789446971617
CC_4C03458D480A,1,0.132821680941
CC_4C03D5A035E8,0,0.138950471801
CC_4C03FC980A4F,0,0.138373911843
CC_4C053C1F91B3,0,0.120549813585
CC_4C073C61B152,0,0.301412655995
CC_4C0771BEEBF8,0,0.102037208072
CC_4C0B8A0347BD,0,0.108748236718
CC_4C0C8D73D1AF,0,0.200701026688
CC_4C1043519BFC,1,0.201763245823
CC_4C1141472F7C,0,0.268255594478
CC_4C12EE3074C7,0,0.75946776877
CC_4C132ACB2BDD,0,0.783025552658
CC_4C159FEE64BC,0,0.0944448275234
CC_4C1F14C69FCA,0,0.13542377028
CC_4C1FACA95212,0,0.305513234088
CC_4C2ABBECD50E,0,0.564517070105
CC_4C2AFCC53232,0,0.0826987240709
CC_4C2BB5560854,1,0.440483282884
CC_4C2F65B66BEC,0,0.0672017676069
CC_4C372E086622,0,0.0794674430466
CC_4C373D9044C0,0,0.131648681078
CC_4C3754DAC336,1,0.447481829859
CC_4C3A7B3F1A9A,0,0.146116904002
CC_4C3E30E2617E,0,0.154051609625
CC_4C3E69111DE2,0,0.10680722005
CC_4C40435152E6,0,0.103423122031
CC_4C414641A1FC,1,0.273344174081
CC_4C4578FC5A3E,0,0.150610318346
CC_4C46D78852D0,0,0.11450494001
CC_4C48EF67D2EF,0,0.102297375687
CC_4C49477B4CD3,0,0.085033421812
CC_4C4CC3DB34CC,0,0.132462619496
CC_4C4D2E9BE4D7,1,0.326129879164
CC_4C5317AAF263,0,0.113792526511
CC_4C550D441CE6,0,0.185723661868
CC_4C57C273E92E,1,0.668512197263
CC_4C5913D71BE2,0,0.0678562880534
CC_4C5E13FD6C6D,0,0.167244992526
CC_4C635A41DCE6,0,0.145432750532
CC_4C664B08CED4,0,0.222677970869
CC_4C6857B5FF4F,0,0.165552302507
CC_4C699BE3FC5B,0,0.0826382281171
CC_4C6A85287861,1,0.104275358718
CC_4C72046DBD0D,0,0.134801990122
CC_4C73C562A0D5,0,0.278231349394
CC_4C756CCA904B,0,0.0879800692596
CC_4C75E89B3590,1,0.881247343089
CC_4C7623DA3B2E,0,0.105738655263
CC_4C7772E3B9CE,0,0.246692872662
CC_4C7BE83ACDB3,0,0.12888653296
CC_4C7C01F4AD10,1,0.789804546819
CC_4C894F07D805,1,0.637674579151
CC_4C8AAD47C69A,1,0.169518447128
CC_4C8B57B3E8E3,0,0.192262814123
CC_4C8F2562BED2,0,0.167450374682
CC_4C96193D8DCF,1,0.147094923287
CC_4C9776BA782D,0,0.135411871357
CC_4C99B45BD74A,0,0.143702520525
CC_4C9DB550996B,1,0.141459471945
CC_4C9EB219A02F,0,0.101709285612
CC_4CA0D6441AE2,0,0.119693906513
CC_4CA220FC98D3,0,0.167337906016
CC_4CA29858AACA,0,0.0710769426599
CC_4CA3A0724B0C,0,0.141089518527
CC_4CA95BBD2A42,0,0.238716280346
CC_4CA9CAFDCE38,0,0.100464170604
CC_4CABC2AB0096,0,0.141158644125
CC_4CABC8D89536,0,0.0804741907548
CC_4CAD9A0D70E7,0,0.229162215869
CC_4CADA6D5146C,0,0.156724523843
CC_4CAF86C1742C,0,0.0894557562631
CC_4CB13078E4D4,1,0.393339491979
CC_4CB16D4817CF,0,0.0621305866696
CC_4CB1D168D957,0,0.0965819307138
CC_4CB61AF6DAC6,1,0.372401221007
CC_4CB673878C3C,0,0.093831910713
CC_4CB69BAEFF4F,0,0.123329964185
CC_4CBBAE2615D7,1,0.503260998681
CC_4CBBCD88E337,0,0.26075331815
CC_4CBBEDE3A711,0,0.143005113226
CC_4CBE92B3F4D0,0,0.115864455962
CC_4CC02A85EF03,0,0.161724653271
CC_4CC19B17FCF7,0,0.115427376309
CC_4CCA026AF958,0,0.0706134148392
CC_4CCA1C3169C7,0,0.0700181321482
CC_4CCAFC66DA21,0,0.157352845314
CC_4CCE0359644B,0,0.116669572082
CC_4CD125B615C7,0,0.137424846411
CC_4CD3CFDA2AD3,1,0.642611108049
CC_4CD94218B6F4,0,0.151610408637
CC_4CDA203083AB,0,0.145279756097
CC_4CDFBEF485CE,0,0.126461748291
CC_4CE50C7B8B4A,0,0.200506056194
CC_4CE565B7FBD4,0,0.0740640245626
CC_4CED5B5D2FA8,0,0.660492985313
CC_4CED623EF2C2,0,0.123674116937
CC_4CF0C13EECF1,0,0.187969624246
CC_4CF1199966EA,0,0.105659503702
CC_4CF164C1B3A9,0,0.290227385425
CC_4CF1C38559CB,0,0.063568930337
CC_4CF25A4B948A,0,0.120348374397
CC_4CF3711083D7,0,0.0841848324814
CC_4CF6F725CD3C,0,0.0895101833225
CC_4CF8CA7D2B76,1,0.69200507439
CC_4CFB12EDF2B9,0,0.208623944996
CC_4CFEBD328FCA,0,0.13959321753
CC_4D000AF7CD7A,0,0.15191802991
CC_4D02889CB8B6,0,0.147630557663
CC_4D045E94ACFA,1,0.0925843984375
CC_4D04AFE296E7,0,0.119330706787
CC_4D0A6779887C,1,0.115628294228
CC_4D0AA3107ED5,0,0.0701384165645
CC_4D0B94DD160D,0,0.109326225365
CC_4D0EAF975B09,0,0.247261686286
CC_4D0ECAC0C600,1,0.0903682597019
CC_4D1074498B5F,0,0.109219953599
CC_4D15CC7B9B9B,1,0.49969861415
CC_4D1619B52E96,0,0.139179598915
CC_4D1BA80A3660,0,0.0865347863423
CC_4D1D3F744B30,0,0.379704192744
CC_4D1FA8241837,0,0.101335378955
CC_4D22CD51858C,1,0.74918569467
CC_4D2495F29F3C,1,0.497539955515
CC_4D2497BEF8C8,0,0.108638083627
CC_4D2602AB8BBC,0,0.190853688918
CC_4D2BD84362A1,0,0.333311185723
CC_4D2D07DAB1C8,1,0.307413319023
CC_4D2D5FD47228,0,0.397327706783
CC_4D2FEF26C873,0,0.179611116866
CC_4D310573427F,0,0.135419244723
CC_4D33C92AA4D5,0,0.334260054753
CC_4D3752ABB8A0,0,0.581348883648
CC_4D389ED6A864,0,0.0492777765177
CC_4D3A0418187B,0,0.100926539376
CC_4D3AE6B905A7,0,0.16194380571
CC_4D3B7EFFF9B5,0,0.127310745994
CC_4D47ECFEAE6E,0,0.171901615238
CC_4D4F67A80992,1,0.734504279852
CC_4D50523113EA,1,0.614169907937
CC_4D50B976A469,0,0.112605177767
CC_4D53A8465E88,0,0.100962144861
CC_4D5483AB50A3,0,0.112854371048
CC_4D54C6496460,0,0.130397685164
CC_4D576B4C0E19,1,0.770269114271
CC_4D59642E15FF,0,0.144834896999
CC_4D5A21A688C3,0,0.0880352583444
CC_4D5B017B60B2,0,0.15221914742
CC_4D5E71EA5E46,1,0.652642469368
CC_4D6064EB1024,0,0.101694722532
CC_4D61BF1A39EA,1,0.153419894851
CC_4D684AA6F3D4,0,0.158976951184
CC_4D6E7F9D3AE1,0,0.125600127789
CC_4D6F260B24F8,1,0.318184529755
CC_4D73F1C6CA14,0,0.118933561416
CC_4D75466E0777,0,0.744095002407
CC_4D7AA18CFB45,1,0.372181360823
CC_4D7B8721025A,0,0.069767848875
CC_4D7D7D211264,0,0.221519123785
CC_4D7F903D83CC,0,0.109195180008
CC_4D823A978796,0,0.103001937142
CC_4D893BD85D67,0,0.122153627052
CC_4D8B1C84D407,0,0.158567497438
CC_4D8CD723639C,1,0.544950376306
CC_4D8DD1B7E3B3,0,0.114529035402
CC_4D9358D8208E,0,0.247635086391
CC_4D95BDBC08C9,0,0.0893220498749
CC_4D9665E12610,0,0.0904890954025
CC_4D96A03BA6FD,1,0.790076731683
CC_4D96F8671D56,0,0.107080433228
CC_4D971A37036C,0,0.115719430919
CC_4D99D599A6CE,0,0.152493273597
CC_4D9BFF25A12E,0,0.143303177034
CC_4D9E9CFED472,0,0.504898509243
CC_4D9F2C99CDC2,1,0.117413869368
CC_4DA096EB8A81,1,0.251739950835
CC_4DA36AE64079,1,0.704431079794
CC_4DA8296CCDD1,1,0.175393664993
CC_4DAA85CBDBAF,1,0.170262858065
CC_4DAB9A2108F5,0,0.221713189859
CC_4DACD1A282B2,0,0.0647763122242
CC_4DB328211298,0,0.210472582359
CC_4DB4E6901CFE,1,0.856834095477
CC_4DB53B1CF49B,0,0.111390382348
CC_4DB6E10B964B,0,0.148613463425
CC_4DB7B024E3EE,1,0.176611992159
CC_4DB7F11FEF36,0,0.138776485237
CC_4DB9630BF41D,0,0.0815721655955
CC_4DB9B7398143,0,0.17346625077
CC_4DBCF386EDD5,0,0.0652433462734
CC_4DC5F67C7C97,0,0.19958809793
CC_4DC6176CD69E,0,0.575674418121
CC_4DCFB3C06E91,0,0.113781192396
CC_4DD05B6E174D,0,0.151172994651
CC_4DD410D1FA0C,0,0.113169402706
CC_4DD7176987B1,0,0.144144588798
CC_4DDB6A2CB800,0,0.140908738798
CC_4DE44D8A0D59,0,0.104798071317
CC_4DE4B7BEDDF0,0,0.0859661696889
CC_4DEAFDBCA396,0,0.353352546396
CC_4DF2369A1F58,0,0.0886120474975
CC_4DF437055D5D,0,0.0767603095196
CC_4DF65EA5D11E,0,0.129688738441
CC_4DFA0D097984,0,0.0879750074228
CC_4DFD1F8906A5,1,0.640805700166
CC_4DFE5A7C11CB,0,0.0909702901886
CC_4E00AA6A0AF2,0,0.167772431376
CC_4E0462B912E1,0,0.151215066654
CC_4E050BB7D5AD,0,0.330813393489
CC_4E0C8BC2265C,0,0.812665327353
CC_4E10428F5D96,1,0.168802636081
CC_4E12C5814F2C,1,0.121622386208
CC_4E155B8A4DA6,0,0.118379152836
CC_4E16D974628D,0,0.113713265152
CC_4E195C0B41B1,0,0.11678374991
CC_4E20EBC838B6,0,0.112599487771
CC_4E212AC7E98B,0,0.174826477962
CC_4E22998A15A6,0,0.141788678711
CC_4E264BFD9ACC,0,0.130255957905
CC_4E279F423148,0,0.127864373219
CC_4E3012A4A840,0,0.141366863891
CC_4E3518ED5FC7,0,0.103425791349
CC_4E3708860A47,0,0.132374905278
CC_4E394A58F55D,0,0.0544508068004
CC_4E3F8F8E5642,0,0.0985880895898
CC_4E444636EA4F,0,0.216448753881
CC_4E4C0DBC4537,1,0.690345981269
CC_4E4CD7A9B7E6,0,0.133371578027
CC_4E4E74608BE0,0,0.133571216824
CC_4E51CADA0933,0,0.0591109357979
CC_4E53FA273C3C,0,0.850803817944
CC_4E54B9291F03,1,0.350237315933
CC_4E5AEAC18136,0,0.311958446973
CC_4E5BDEA45701,0,0.0811696065935
CC_4E6231977B7F,0,0.212797099061
CC_4E679A6A93F3,0,0.167918522845
CC_4E67BD78DA67,0,0.133860629013
CC_4E67D0F93876,0,0.0803065782874
CC_4E69D2B0984A,1,0.627330548943
CC_4E6CE8F6BEE5,0,0.157879705927
CC_4E6ECC2C3B7E,0,0.343996683731
CC_4E72D2A811AD,0,0.173614480422
CC_4E7C0644E78F,0,0.0873515000564
CC_4E7D3A3E43AB,0,0.100927956597
CC_4E7ED4F086D9,0,0.0717515711688
CC_4E7FD48A778E,0,0.248992186085
CC_4E8106443FCC,0,0.0769603649534
CC_4E8457EE884E,1,0.284615283487
CC_4E8A4BC52007,0,0.192565042792
CC_4E8CE560B12E,0,0.722334046488
CC_4E8D3C32314C,0,0.0900470848812
CC_4E8DD1679F73,1,0.0431260082712
CC_4E8EB450D4C0,0,0.73144373534
CC_4E92D1511EE4,0,0.42462843286
CC_4E92FF787EF2,0,0.111873359045
CC_4E96D8E58012,0,0.0736116902753
CC_4E9859EEC95D,0,0.112267974511
CC_4E9985ADE51B,0,0.327974831412
CC_4E9ABAE0C000,1,0.0623484171982
CC_4E9DEAC398EF,1,0.593066330087
CC_4EA43E05D811,0,0.151411855069
CC_4EABB47F1E93,0,0.146776392128
CC_4EADAEC9C9AB,0,0.100824306848
CC_4EAE98094230,1,0.0971337265542
CC_4EAF8D440BA7,1,0.44366871374
CC_4EBEA9F7196A,0,0.100546128283
CC_4EBFBB266BDD,0,0.112489498216
CC_4EC08B53025D,0,0.261930273297
CC_4EC3308A7F25,0,0.0745402503556
CC_4EC525F8395A,0,0.0582386382597
CC_4EC75942298C,0,0.224927323716
CC_4EC9DAF6A478,0,0.50423966517
CC_4ECF4D022499,0,0.0665955123012
CC_4ECFF6EB7ABE,0,0.123169390625
CC_4ED2246F5800,1,0.13973432435
CC_4ED290B51A2B,1,0.63290575124
CC_4ED4CC475BF0,0,0.840902530804
CC_4ED57EA78AB9,0,0.147590501203
CC_4EDDA9D0DF90,0,0.114683551575
CC_4EDE2F123C6D,0,0.141486416913
CC_4EE47017E485,0,0.109740841729
CC_4EE49191FC57,0,0.192383648562
CC_4EE6DEAFD3AF,0,0.119479202804
CC_4EE724AD3D64,0,0.218572170635
CC_4EEAF18F1BFD,0,0.124093050214
CC_4EEBDE4A773F,0,0.0922753574829
CC_4EED610633C6,0,0.123389954242
CC_4EF34E92E9E7,0,0.160664806355
CC_4EF41AF69045,1,0.5002149556
CC_4EF441306C68,1,0.339287041909
CC_4EF497F1C0F4,1,0.735329224411
CC_4EF5D7BA74DB,0,0.318473035855
CC_4EF7C774829C,0,0.238627374314
CC_4EF80C4BAB79,0,0.142429212487
CC_4EF8B24337EB,0,0.0582021802444
CC_4EF8BAA87A89,0,0.112270603745
CC_4EFA5B8BAAEB,1,0.130566774908
CC_4EFD0599D000,1,0.33699902972
CC_4EFD794CAC49,0,0.753675768692
CC_4EFE80A4D699,0,0.0983813346957
CC_4F0038E70D42,0,0.154765010018
CC_4F024CBA2D9D,1,0.148890468616
CC_4F030A4E0D3A,0,0.15962342926
CC_4F123E1ECCD8,0,0.11371527082
CC_4F1418F9159A,1,0.0838774180248
CC_4F152DF7EB60,0,0.492366413918
CC_4F1847E21846,0,0.0513796685469
CC_4F194DB11C93,0,0.0685528113104
CC_4F1A799EAB30,1,0.096396256609
CC_4F1E35B362B5,0,0.244500289842
CC_4F2125563F5E,0,0.105111797007
CC_4F293AB79F11,0,0.105286981408
CC_4F2A8429FBBF,1,0.20868877224
CC_4F2ACB7F5EE2,0,0.229062307402
CC_4F2F5B98E42E,0,0.103955301518
CC_4F31C8B2FE19,0,0.0994070835356
CC_4F326CDF0C00,1,0.15363581976
CC_4F34A273AA7C,0,0.0920783720136
CC_4F37A9C524AB,0,0.171199976291
CC_4F3E63937F93,0,0.070046772426
CC_4F40890B14DC,1,0.263375562979
CC_4F43684E26D2,0,0.120466429894
CC_4F43E2334DF1,0,0.0679426048227
CC_4F4575C9B8F9,0,0.132056740251
CC_4F46D5184A2F,0,0.134040591179
CC_4F499AFF8C9A,0,0.169334571735
CC_4F4C312B8AA6,1,0.739738364188
CC_4F4CA8CE966C,0,0.116365682108
CC_4F4E4653DF79,0,0.101459549751
CC_4F50BF818987,0,0.130637202501
CC_4F520A27C024,0,0.0733500339744
CC_4F54773E37C2,0,0.0941128871924
CC_4F58425D6ED3,0,0.0744701133013
CC_4F58EB88F235,0,0.102508424048
CC_4F59D743C642,0,0.175172961812
CC_4F5C4BD504A9,0,0.142279262755
CC_4F5C552A62FE,0,0.102079231045
CC_4F628A092E01,0,0.250434925056
CC_4F630C7D5661,1,0.239974824655
CC_4F68314323DA,0,0.140249457602
CC_4F77C971C1AB,0,0.270589690257
CC_4F7A0153E342,0,0.506237512354
CC_4F7A086FFD00,0,0.242572824952
CC_4F7A85BA5E6E,0,0.194576350302
CC_4F7ED0F38817,0,0.172935368099
CC_4F805A7B189D,0,0.472241464959
CC_4F829C21AEBF,0,0.0969644476634
CC_4F83B18A2B49,0,0.0935406120892
CC_4F8559E0678D,0,0.13532357141
CC_4F8B9A179867,0,0.110438375216
CC_4F91EBE098A7,1,0.106736705942
CC_4F958B1CC931,0,0.112059031736
CC_4F98969ABB54,1,0.119119842508
CC_4F99120AEEEC,0,0.29925048794
CC_4FA028490A87,1,0.67155826464
CC_4FA2907E6A83,0,0.306796361365
CC_4FA5C6EEA20A,0,0.11789940785
CC_4FAC8FAEDAF0,1,0.721571275914
CC_4FB01BC4095D,0,0.558484218404
CC_4FB1A9D38374,0,0.127797529014
CC_4FB267729D76,0,0.146302348078
CC_4FB335A05E89,0,0.094097327936
CC_4FB363A7D3B2,0,0.0621192764525
CC_4FC1E83251B0,0,0.112383704426
CC_4FC209A1C0BA,0,0.212378293195
CC_4FC3F4CEA203,0,0.0880504529173
CC_4FC898091C7B,0,0.439684083354
CC_4FCA1B68D521,1,0.458334727624
CC_4FCB1881DF86,0,0.10677871398
CC_4FCE09FD2FA2,0,0.122584568397
CC_4FD235CBD145,0,0.13019144757
CC_4FD500301E49,0,0.0932938639418
CC_4FDBDACEB0F4,0,0.1693728518
CC_4FE4CB3D49DB,0,0.123785529408
CC_4FE784020293,1,0.132962327913
CC_4FE984FF9EAF,0,0.60626485743
CC_4FF218ED2525,0,0.127905276224
CC_4FF377E43C28,0,0.702343506365
CC_4FFBD9862C75,0,0.122342533586
CC_4FFDAC0AAA76,0,0.09648982237
CC_4FFE2BD686B3,0,0.633185910429
CC_50033818781D,1,0.53219287178
CC_5003D171E70A,0,0.111190208258
CC_50086256D28E,1,0.18596253321
CC_50086BB73A33,0,0.305422967225
CC_5012E8B48612,0,0.0762069574506
CC_50164A0AE844,0,0.209176126406
CC_50172A2AC4A0,0,0.0956332676457
CC_50179C8EE160,0,0.0643299715173
CC_50193CE06AA6,0,0.181574261259
CC_501E323B4027,0,0.137343790324
CC_502025761646,1,0.223947497253
CC_50206F8E0F2A,1,0.698074205675
CC_5021F475EC58,0,0.098801619477
CC_502290F1D391,1,0.842445073822
CC_502339A711CE,0,0.335586224748
CC_5023AA63C7CC,0,0.131281670579
CC_502860331BCF,0,0.224369798487
CC_50286D3547A9,0,0.211331551706
CC_502E427E3439,0,0.0729425524955
CC_502EC7D7B3A5,0,0.14145138082
CC_502EF3D12E7E,0,0.311615055322
CC_50348DB17154,0,0.160830379461
CC_503655670F77,0,0.0878300170976
CC_503BB8B62477,0,0.191664623263
CC_50403F4AF548,1,0.184715524028
CC_504198EE42E8,0,0.097835754844
CC_5043A8F9868A,0,0.208310001827
CC_504413C91980,0,0.115667459846
CC_5044DC27BC74,0,0.569797926166
CC_504E3E547D5B,0,0.107682668436
CC_504E5446318A,0,0.113121676775
CC_50536F37593E,0,0.175144774518
CC_50552FAEFD54,0,0.216190406941
CC_5058FCA259B9,0,0.0676697460187
CC_505C0A3CCF4A,1,0.199023038961
CC_505D3BEEEF6A,1,0.266396636741
CC_505E402F7A24,0,0.0673625712177
CC_505F2410ADE3,0,0.161649431305
CC_50617EA5E42D,0,0.153891134949
CC_50683B4EBD23,0,0.211575774092
CC_506BA9608F16,0,0.0766492436283
CC_507778B86071,1,0.35791602854
CC_50786150E605,0,0.0619219309642
CC_507B63A7C425,0,0.103760959035
CC_507C74CC98C5,0,0.0884635037569
CC_507C9C567D59,0,0.318745182149
CC_507FA8AF2DC4,0,0.28056319615
CC_5081BCADAA8D,0,0.159131219214
CC_50862678EA50,0,0.214922554245
CC_508719E22DF8,0,0.175439420553
CC_50879E664D39,0,0.527174070019
CC_508AF08A46BF,0,0.342866554857
CC_508B05701D0A,0,0.162287305352
CC_508CA1AC2439,0,0.237804396091
CC_5093F64B2007,0,0.16052167655
CC_509732CD5AFF,0,0.131055081136
CC_50A079AB026E,0,0.214013316922
CC_50A221311DB4,0,0.200242620349
CC_50A30F52E331,1,0.620347748325
CC_50A36347382A,0,0.100739678584
CC_50A760F9F4F1,0,0.741805326329
CC_50A94EECAA87,1,0.763965900806
CC_50A951D9AB8A,0,0.71427147797
CC_50AA3CA2D731,0,0.271607772998
CC_50AFBBA16B8E,0,0.181234642811
CC_50B0D297ED85,1,0.511409578211
CC_50B2022FE108,0,0.0927640148703
CC_50B43220EC1D,1,0.475306106228
CC_50B7CB887A96,0,0.723990855262
CC_50B88BDF7F70,0,0.120527800959
CC_50BA38C2991E,0,0.489533669512
CC_50BB5C856CB3,0,0.324141717936
CC_50BCF68BDD4A,1,0.292294770395
CC_50BD11534CE0,0,0.17593378115
CC_50BD42FE35FB,1,0.37415495657
CC_50C0010EA9AC,1,0.680439798051
CC_50C02DD8B191,0,0.090164788176
CC_50C3AFEBD111,0,0.131649088345
CC_50C58A46D40A,0,0.212124414811
CC_50C61E7A51C4,0,0.128468902545
CC_50CB61F549DB,0,0.118699305229
CC_50CB75F4F210,0,0.068968616097
CC_50CC7E7240B7,1,0.703162492897
CC_50CCE8995CB5,0,0.112059246658
CC_50CEBAA3A354,0,0.0635632521247
CC_50CF803FA7C1,0,0.0282381394141
CC_50CFB3FE6E9A,0,0.258106730426
CC_50D16D8F2D20,0,0.143644653072
CC_50DACCA702F2,1,0.135378452566
CC_50DBC7EAA767,0,0.116997173968
CC_50E3DB89BECA,0,0.125303319547
CC_50E3EAF83960,0,0.0829997655539
CC_50EEB38F435B,0,0.0812535774988
CC_50F07795597A,0,0.177471559479
CC_50F17658839A,0,0.0769346367802
CC_50F1C3176FFD,1,0.817871751431
CC_50F315C75BCA,0,0.0968300240548
CC_50F3B146281B,0,0.0685241362762
CC_50F41F4B7F97,0,0.0808301972366
CC_50F51108E1CC,0,0.134172405367
CC_50F6A4471505,0,0.174349725454
CC_50FAB9823465,0,0.152538927563
CC_50FD80E661BF,0,0.0520743055996
CC_51018E91E234,1,0.284663241005
CC_510246CFC244,0,0.0948877586737
CC_5102B46A273B,1,0.112538989136
CC_5106172E3D20,0,0.0894047169315
CC_51067B3B1DAF,0,0.129888012008
CC_5107C4B45B1A,1,0.589891223559
CC_510DC9422837,0,0.240445245439
CC_5110B263C241,1,0.367070007082
CC_5111C6B42712,0,0.0819447067707
CC_5114BF07A3A6,0,0.114709903349
CC_5119E289E487,0,0.0927368330679
CC_511DCE56082F,1,0.704257015126
CC_51249B803402,0,0.104703998032
CC_512716BAA3EC,0,0.222257341495
CC_512AAEC789F7,0,0.645985846186
CC_512BFD4AA0B3,1,0.164601175867
CC_512CD034605B,1,0.429559052416
CC_512E3529DDD2,0,0.316651263597
CC_512E4690CC94,0,0.0446430452299
CC_51315E97C552,0,0.0904343803671
CC_5131B31A7812,1,0.706337460281
CC_513424FF435B,1,0.121870291718
CC_513D91A7D1E0,0,0.183083220353
CC_513E6FAC5A37,0,0.148897067983
CC_513F2D27AEE7,0,0.355127122449
CC_513FF6FBC586,0,0.118930538342
CC_51442A2D7045,1,0.104864659378
CC_51446FAFE152,1,0.355681166672
CC_5145058D0206,0,0.159251310495
CC_51454FCC713E,0,0.1419322075
CC_5146859241DF,0,0.144943600147
CC_5148CAE77A51,0,0.147604709386
CC_5149281FC5EF,0,0.0880927922113
CC_51493A971C9E,0,0.0897713795933
CC_51494880833C,0,0.141744241459
CC_514B19E6CE79,0,0.113899671223
CC_514E15147061,0,0.16452287238
CC_514EA537CBFB,1,0.809830078646
CC_51502056D14E,0,0.184899220749
CC_515473EC05FA,0,0.299861302302
CC_5154AE1CAD8C,0,0.0768395622329
CC_51559C80ED89,0,0.108634738507
CC_515966A07267,1,0.274159000319
CC_515AC7446164,0,0.222214614902
CC_516161B37B12,0,0.0916698693442
CC_51625BA86EF3,0,0.110548418606
CC_5164647BC2BC,1,0.7101728099
CC_516491E197E4,0,0.306625911505
CC_5164F7783E8B,0,0.22748520309
CC_516D668EEEAE,1,0.115927817215
CC_516ED548EFA9,0,0.154855541387
CC_517708A3A113,0,0.152831542331
CC_517941031880,0,0.0925259922633
CC_517AE2B3CE7B,0,0.277983176103
CC_517D11F3CDC4,0,0.16953577323
CC_517E41A83BB7,0,0.125665241198
CC_517F7F112921,0,0.108961785705
CC_51802E19C502,0,0.098387511089
CC_5182AE0496E7,1,0.202023999254
CC_5182F96B1011,1,0.0605706944377
CC_51850D4AC10F,0,0.248373879021
CC_518BB348E586,0,0.285475012529
CC_518DBAE6F871,0,0.25743493163
CC_51921CE3555E,0,0.0716466632071
CC_5192BB97D2D9,0,0.139715456292
CC_519352AF145B,0,0.0870270144451
CC_51951E6BFFC1,1,0.584019730642
CC_5195E164C97E,0,0.081205608265
CC_519AD7FC0AE1,0,0.138901145255
CC_519BB7689E6E,1,0.0966263463656
CC_519ED1BC69BB,0,0.143122716531
CC_51A4A7AAF055,1,0.23637137628
CC_51A9BA9E6DC2,0,0.0983465839005
CC_51AE35F516EF,1,0.155047624431
CC_51AE64A9E05C,0,0.0642009372344
CC_51AEEDCC4CEE,0,0.123879542223
CC_51AFBA9FD09A,0,0.137933051942
CC_51B37F0A8C28,1,0.240293153092
CC_51B49D1CF25F,0,0.154438403501
CC_51B82DF384F5,0,0.227807317725
CC_51BBDA0FB260,0,0.0949027005559
CC_51C253BE4FA2,0,0.316842088767
CC_51C2A076013B,1,0.377041733532
CC_51C2F2335CB3,0,0.253879137821
CC_51C5FE9BAA71,0,0.211519799028
CC_51C7C9DF800B,0,0.629868925767
CC_51CD4C83CA42,0,0.359556251206
CC_51D0DA4B2D6E,1,0.173837371599
CC_51D29DBF738B,0,0.109544444559
CC_51D32DEDC55A,0,0.359087072645
CC_51D565F77B4B,0,0.0958161469223
CC_51D6549D3AB5,0,0.167389038774
CC_51D87FF81BF1,1,0.0488902136034
CC_51E041168B7E,0,0.133234592023
CC_51E45DF863C8,0,0.21441578726
CC_51E46F92A290,0,0.0996789928401
CC_51E492E8F6FC,0,0.134813803661
CC_51E5A1BE306B,0,0.0734052993365
CC_51E685A9D2FF,0,0.137852811204
CC_51ECA4FD0097,0,0.122645776688
CC_51F112EA7EAC,0,0.715966781981
CC_51F4C9A824A9,0,0.0979794640462
CC_51F4D78C1A22,1,0.436150952508
CC_51F9A2F446C5,0,0.079734524589
CC_51FEC975D6CE,0,0.47864551435
CC_5205E67F2F4A,0,0.095672148264
CC_520697FAB09E,1,0.267558732386
CC_52074362F80F,0,0.148760954755
CC_520955B23C06,1,0.225776627229
CC_520D7DBDBC96,1,0.110821774272
CC_520EEA191200,1,0.460099194637
CC_5211100E8C98,0,0.0871841215009
CC_52119B8913B0,0,0.0780062379296
CC_52179C30B2A6,0,0.322604543997
CC_5217DBD1C516,1,0.166149801705
CC_52189D809638,1,0.397330397862
CC_521F26C83117,0,0.0915399485387
CC_5226061A321B,0,0.366852098607
CC_522ADEF6970D,1,0.119590472249
CC_522D8C6D04EF,0,0.154034053354
CC_522DEE30B2FA,0,0.121396373964
CC_522E6EFCCB96,1,0.758315016947
CC_522E7E5B30DF,0,0.118146108841
CC_52348EB33F67,0,0.187717237665
CC_523524C93DD2,0,0.182033663871
CC_5235E86519E2,0,0.131194483904
CC_523790A0EDE4,0,0.211364383797
CC_523FAD00E1B8,0,0.53257431801
CC_524242992152,0,0.0690103266089
CC_5249753F2118,0,0.0755875543382
CC_524997011381,0,0.0538383417997
CC_5249EF1D9C54,0,0.138518877864
CC_524B259F30B7,0,0.177158117273
CC_524F2362BA0C,1,0.314714007581
CC_525841E35FC4,1,0.0905635084556
CC_52599869399F,0,0.102932635509
CC_525DE54AAF0C,1,0.407978555443
CC_525F44A9BC23,0,0.107183339261
CC_5261E4230012,0,0.103882973928
CC_526806FB1089,0,0.227285618469
CC_5268A26DF7E6,1,0.150805788152
CC_526AEAD032C1,0,0.071651607908
CC_526B2C6CDA2E,1,0.107276073735
CC_526FFA27CA00,0,0.0618396797871
CC_52718609C6B4,0,0.179671776191
CC_5275F401BFE2,0,0.110004945391
CC_52799ACC9FCD,0,0.11344939953
CC_527A92CED04B,0,0.0913456597096
CC_527B4E189936,1,0.0951846872955
CC_527FA5BB2528,0,0.0850561511333
CC_528545CCBEB6,1,0.108394170828
CC_528678AFD80A,1,0.870291839199
CC_5289264F148C,0,0.169777287471
CC_528E7A879039,0,0.11822351532
CC_528FEDCE89E4,0,0.0780229177395
CC_5291DD6970C7,0,0.112423039717
CC_529222C65CC4,0,0.0676416903004
CC_52934D37B95D,0,0.116394920187
CC_529760FC6CAC,0,0.098791620337
CC_5299D93AAA75,1,0.219948394957
CC_529F1068DD66,1,0.585432409067
CC_52ACA593E714,0,0.180240962535
CC_52B10A33347D,0,0.111346501549
CC_52B303EC10ED,0,0.0433081038841
CC_52B828AA0B5F,0,0.0448621137029
CC_52B82D36D77F,0,0.163276986375
CC_52B8E92A9540,0,0.400464195167
CC_52BA24EF8D7C,0,0.0884312999107
CC_52BCCAF4CF9A,0,0.081631966642
CC_52BEE2DC9A96,0,0.15641759737
CC_52BF111CD5F4,0,0.483047927109
CC_52BFD75F43E8,0,0.0944178433365
CC_52C3C6F51CF1,0,0.221746632307
CC_52C511062C95,0,0.105832456855
CC_52C76330C94D,0,0.109818828673
CC_52CA3061BCC7,0,0.178532165735
CC_52CB8CAC0324,0,0.294614868628
CC_52CF1712E225,0,0.118424721486
CC_52D2D43B540B,0,0.101872983294
CC_52D338ADF1F1,1,0.921161466146
CC_52D40BFC2627,0,0.327746461204
CC_52D432339A3F,0,0.172113027424
CC_52D595F54A38,0,0.123759226074
CC_52D9070F050F,0,0.115938653215
CC_52D9D9035527,0,0.0881037183762
CC_52DBF46FC2E8,1,0.135120082722
CC_52DD4118CADC,1,0.240084069249
CC_52DFD0F1CA3D,0,0.116844139109
CC_52E18755EB51,0,0.106868710394
CC_52E36F0B63A6,0,0.148645666588
CC_52E54CE28FE3,0,0.0801121911322
CC_52E5BB6C5C96,0,0.158887390802
CC_52F86FB44A02,0,0.167732770022
CC_52F8C5372EEE,0,0.180071391476
CC_52FCF88C1403,0,0.0663608859878
CC_52FEA5BC3CF5,0,0.148603868202
CC_5308D3D0083B,1,0.930954666374
CC_530DE7ED6C94,0,0.036916853623
CC_530F623DE0B2,0,0.25052920242
CC_530FA5955672,0,0.349059427372
CC_531F9DD592A2,1,0.637777942507
CC_53227A51E492,0,0.163155120603
CC_5328AE44B14F,0,0.129988007575
CC_5328F8040F20,1,0.15140788663
CC_53290F387736,0,0.132729009769
CC_532CBD0B50C2,0,0.13941075879
CC_532DAE6C1707,1,0.823589158295
CC_53345B4AF3FE,1,0.334850728339
CC_533547B47BAB,0,0.0589894288634
CC_533D31AC0F6B,0,0.091088108898
CC_533D5FFA0FF9,1,0.169848503654
CC_5347928DE670,0,0.0965044170777
CC_534855615C02,0,0.113923612276
CC_534A6C4FF783,0,0.150438406628
CC_534C041DAA08,0,0.289787155298
CC_534C34E9CE85,0,0.0917161869105
CC_534FDDF7B954,0,0.239029743896
CC_535083BEF944,1,0.821685209524
CC_5352CFCF939C,0,0.102053281858
CC_53536E9D2FB5,0,0.165025011175
CC_53546D720BD6,0,0.0811665584619
CC_5354B0D209B7,1,0.378345478402
CC_535544DB81B7,1,0.665900401976
CC_53612F5E8BD6,1,0.755892022175
CC_53618EE78A97,0,0.716829125629
CC_5361CDF13DD4,0,0.0946825353392
CC_5364D9FA666A,0,0.14079666592
CC_5365051097B0,0,0.14420411981
CC_5366A7AADC7C,0,0.0751843550978
CC_5366F331A847,0,0.0940652986517
CC_53671DC856B3,0,0.340245438673
CC_536725007606,0,0.34031191495
CC_53682850B448,0,0.100624055663
CC_53693EF069F6,1,0.796705171502
CC_536D631D2AE9,0,0.0706961702315
CC_5371777947C8,0,0.0688335284387
CC_537A206043F7,1,0.323800634232
CC_537C74E15784,0,0.325440708992
CC_538747082B4B,0,0.0954149756699
CC_538890E74744,0,0.0924515239252
CC_538F068BFF88,0,0.13195982242
CC_538F52B6CD62,0,0.230200863563
CC_539EC292E8D7,1,0.217284613973
CC_53A2BFC45E6D,0,0.218541558484
CC_53A4CB9E9F4F,0,0.185419945697
CC_53A6E42A6C44,0,0.0761748704544
CC_53ACE46E94AB,0,0.38582158372
CC_53AD4AD1EDB1,0,0.100082908952
CC_53AE0812192D,1,0.0859006344283
CC_53B056495720,0,0.124595936086
CC_53B44260F4ED,0,0.109613102025
CC_53B455360BBE,0,0.116145917942
CC_53B7E56836F8,0,0.0957386076423
CC_53BA0BF9F647,0,0.133786991661
CC_53BAF38D7246,0,0.133827848843
CC_53BBAC5C5220,0,0.217999867026
CC_53BBE48B90B7,1,0.904690041069
CC_53BD00103BAE,0,0.115949149568
CC_53BD98CFEBEE,0,0.110870519471
CC_53BDF1283909,1,0.128677198382
CC_53C013705B92,0,0.0827061069943
CC_53C460413C51,0,0.127856017625
CC_53C7990E5CF3,0,0.33666879991
CC_53C7EAD542B0,1,0.37614577009
CC_53C81D92BC43,0,0.778775701517
CC_53CA12C23B96,0,0.140526023894
CC_53CCDB82C65C,0,0.133320371002
CC_53CDB5C3FFA2,1,0.860104420683
CC_53CF6B1366FC,0,0.519864370517
CC_53CF8729AF6C,0,0.0883802343352
CC_53D1F1B39F65,1,0.456245370516
CC_53D2AF41D185,0,0.120634557802
CC_53D36F6384C1,1,0.813640747556
CC_53D4AF5ECF1A,0,0.0880564950293
CC_53D7700D767D,0,0.0748595460658
CC_53D84CB8B388,0,0.0842325570102
CC_53D897663573,0,0.457971902357
CC_53DBE8A27D1E,0,0.0952105436477
CC_53DD769058DB,0,0.0971890362933
CC_53E2924DF91F,0,0.320621163776
CC_53E5EEECDDD0,0,0.117688962296
CC_53E8CCD20897,0,0.10910494968
CC_53EC5AE193DF,0,0.155378003605
CC_53EFB50C13DB,0,0.0768754215102
CC_53F4FE971A89,0,0.210989587431
CC_53FBEF397F28,1,0.514031956368
CC_5400DDE810E3,1,0.192034579107
CC_5404CC504B3D,0,0.100429297318
CC_54087F3E5F5F,1,0.10270187167
CC_54090F416C26,0,0.119318135281
CC_541082E0B2F5,0,0.113198885829
CC_5411DBBA3AF6,0,0.118823643706
CC_5413B3D25841,0,0.157861468678
CC_5417CCD9EC43,0,0.226430209932
CC_5418E7090CEA,0,0.0739484105567
CC_541A775A6C25,0,0.600005818245
CC_541C0F442291,0,0.0750027707563
CC_5420717F549A,0,0.0810770815158
CC_5422BAF41A0F,0,0.789307961553
CC_542715A544BD,0,0.0966418223667
CC_542B3CA177BC,0,0.126865795138
CC_542B859767C7,0,0.106767983532
CC_542CFB4E9D35,0,0.165902985009
CC_542F9EF8092C,0,0.0289512671973
CC_54315DCA69D3,0,0.188465428905
CC_5432002BC146,0,0.111355053136
CC_54333A2DFE1F,0,0.572164243022
CC_5435BE08D9F8,0,0.131077020711
CC_5438EA76F6DF,0,0.167662675837
CC_543DC8FEA9C8,0,0.0942695276794
CC_5443D94B038E,0,0.260899912237
CC_5443E14A2E4B,0,0.28820229851
CC_54485F5251F1,0,0.189920865364
CC_544B4470BC3C,1,0.3765704773
CC_544CD04EEEDE,0,0.0976027065194
CC_5450CED3F1DC,0,0.324127224217
CC_545432B07FB7,0,0.0998172828225
CC_54549EC067BB,0,0.117145000837
CC_5455C27D6578,0,0.217968656793
CC_545720912789,0,0.121866524872
CC_545741596F9A,0,0.206175543744
CC_545E2784ACE1,0,0.117131399654
CC_54621BA34F1D,1,0.132614684871
CC_546234D56722,0,0.246615548987
CC_5467A0818F63,0,0.0330268556594
CC_5469922A8289,1,0.108743762705
CC_546A396B33B8,0,0.434539319314
CC_546AD79E05FC,0,0.306007253844
CC_546D57213C5E,0,0.165950178235
CC_547ACDD9539D,0,0.108158431815
CC_547ADCB02F2E,0,0.25365194692
CC_547D6344B932,1,0.854812095558
CC_547F762C345A,0,0.0942654318474
CC_548442290E7E,0,0.127406889449
CC_5484A217C5F2,1,0.26621047609
CC_5484D2C9E9CF,0,0.379182329658
CC_5485C54631EF,0,0.115773563821
CC_548883A976C8,0,0.24857221142
CC_548BAF6862D4,1,0.136667542994
CC_548C6D17F6CF,0,0.137470095985
CC_548D53834FE1,0,0.486278059758
CC_5491F17F6777,0,0.138454453135
CC_5491FB974210,0,0.0950244101193
CC_5493684ED7A6,1,0.0774751418667
CC_549D5EC443C9,0,0.411054421336
CC_549D5FD638D0,0,0.0733253283194
CC_549ED3D2D408,0,0.162280715643
CC_54A22FC72438,1,0.14119486262
CC_54A3A7F4996C,0,0.0887712955517
CC_54A61CE6053B,0,0.0594452327383
CC_54A629EC6083,0,0.082561677653
CC_54A78F338B06,0,0.105292993849
CC_54A8BECC56A1,0,0.0793407830747
CC_54A999C44A41,0,0.166410293706
CC_54B8E5CA8992,0,0.176939152129
CC_54BD450690FD,0,0.246920147545
CC_54C540122853,0,0.136620167426
CC_54C622E3B8AD,0,0.157256895579
CC_54C6BD74CB14,1,0.316141311292
CC_54C735F51FC6,1,0.0772019696045
CC_54C7CBC27D54,0,0.0961414318034
CC_54C9802B9A4D,1,0.194951298786
CC_54CD890AE441,0,0.247281875097
CC_54D1A4CF00CD,0,0.131251647142
CC_54D1BA63E168,0,0.0926701590625
CC_54D4D9CFA966,0,0.250878010234
CC_54D9E6D2A561,0,0.111041721364
CC_54DA52B7D46D,0,0.182858705348
CC_54DA7F2E7E7F,0,0.098524995384
CC_54DB1519F492,0,0.248487709796
CC_54DC6B6C4A1E,0,0.24489918307
CC_54DD5BF78A3A,1,0.661529351362
CC_54DDBAC9A429,0,0.0844355939938
CC_54E2FEC7FC39,0,0.137990859035
CC_54E3480D8900,0,0.0804133211981
CC_54E414DF3E84,0,0.0796179002705
CC_54E42EDE0CA6,0,0.12514949088
CC_54E588DF7575,0,0.175266994683
CC_54E6280E19AA,0,0.215085853099
CC_54E82A23F37F,0,0.204890768517
CC_54E839C14CD3,0,0.298500292122
CC_54F0A02371C9,0,0.0894854732923
CC_54F46186410D,1,0.69740244995
CC_54F4AB6178D2,1,0.84931479703
CC_54F52046F7A5,0,0.128847046137
CC_54F77E1412C2,0,0.0745299709358
CC_54F9867C6A5A,0,0.426363546544
CC_54FA12E54D06,0,0.358236492744
CC_54FC900316A8,1,0.744032216845
CC_54FDFFD3E338,1,0.489025803664
CC_5500452915DC,0,0.0668354005139
CC_55013CDEF9BE,0,0.06528620809
CC_550462476657,0,0.189181898719
CC_55047E38C5F4,0,0.13271119626
CC_5504BB68425F,0,0.132148943862
CC_5505A6A98078,0,0.102987038523
CC_5505B3F96453,0,0.342814971988
CC_550837440A9B,0,0.117829035209
CC_5511DDD1A9E7,0,0.104113178219
CC_55146E6B47AA,0,0.128836801694
CC_5517CE2F262C,0,0.128363539062
CC_551872CA8789,0,0.219005257652
CC_5519304A3010,0,0.122096712574
CC_551F3CAD69BD,0,0.147311084118
CC_5521CD69E00D,0,0.609330076158
CC_5521F8014D83,0,0.170620095888
CC_552290D721CB,0,0.152936880083
CC_552B0B6A0154,0,0.111066579217
CC_552C7D68F9FC,0,0.176648057248
CC_552E6D46AD46,0,0.128644801831
CC_55335E6605F7,0,0.614043603548
CC_5534CAECD276,0,0.271052549413
CC_5534CCE26E1E,0,0.299033928313
CC_553967B0B074,0,0.0896357163741
CC_553D40400205,0,0.205930562631
CC_553F2092A2ED,0,0.273993621031
CC_553F3ED5381A,0,0.197445713358
CC_554143DA79D1,0,0.0894085303137
CC_5545B1C48F83,0,0.299855501422
CC_554BA9A7CECD,0,0.0871576180749
CC_554BCE69A5DA,1,0.248642547708
CC_55535F8AD62A,0,0.115673872897
CC_5557FB7E41F8,0,0.409697489297
CC_555E35CC12BD,1,0.850420394733
CC_555F4DDCAE5D,0,0.101025069591
CC_5560AEB07F46,0,0.0789166639724
CC_55630F0BEBAF,1,0.567285121189
CC_5563968B410B,1,0.789568079095
CC_5563FA7B041C,0,0.473899202538
CC_55640597B667,0,0.584331538882
CC_5565C567DBB5,0,0.142438428728
CC_5569B91E6EFA,0,0.150145951388
CC_556AD180A809,0,0.521235933316
CC_557B6913F9AA,0,0.479433112261
CC_557DFB602DCD,0,0.20155595462
CC_5583836C698A,1,0.176098825105
CC_5583CA31D3CF,0,0.134437684032
CC_558421DD4439,0,0.162263826681
CC_5587C335EFFE,0,0.138690761253
CC_5594ACB500D2,1,0.117002088584
CC_559570C9DBD0,0,0.132784418678
CC_55A082311C12,0,0.105668739818
CC_55A5FCFDE8E8,0,0.212277162494
CC_55A801704217,1,0.264289985523
CC_55A9D1918259,0,0.11972197839
CC_55AA53CBE65E,0,0.0820650298652
CC_55AB249FA94A,0,0.0909132593491
CC_55AED2052954,0,0.263651066863
CC_55B1438D301B,1,0.149428110942
CC_55B23BE7CE4F,0,0.176711604375
CC_55B51D4E3F02,0,0.136372557231
CC_55B9391CBDD0,1,0.345340151926
CC_55B95428280E,1,0.314295148607
CC_55B9CBB1ECB2,0,0.0735948960063
CC_55BAA139E339,0,0.101208406152
CC_55BADEC1F0E0,0,0.180452848225
CC_55BCB73ADF58,0,0.177442260779
CC_55C4A86DC416,0,0.1736983124
CC_55C4F4CCFE64,0,0.0745429764723
CC_55C6A2971CE9,0,0.159731377477
CC_55C6ACE776F0,0,0.184842471868
CC_55C93BBB1F24,0,0.0926128314816
CC_55C9BC649903,0,0.0835732478299
CC_55CA24F9EDCA,1,0.20419593606
CC_55CDF231ABBF,0,0.125441128257
CC_55CE4FE850E4,0,0.212405451167
CC_55D4252535D7,1,0.135645905344
CC_55D58B3C3AB3,0,0.122691260706
CC_55D6E3C32895,1,0.135913294915
CC_55D8CB1A441F,0,0.245794214449
CC_55DA7718BA11,0,0.222690380371
CC_55DBB69B28CC,0,0.25475279465
CC_55DBD38484BA,0,0.147406881324
CC_55DCCD2781F7,1,0.63734746048
CC_55DF667AA522,1,0.411439747157
CC_55DFD6738715,0,0.280762884118
CC_55E5EAAB0CE8,0,0.134616344561
CC_55E761BC7083,1,0.218161119568
CC_55EC441C46B3,0,0.618708056001
CC_55EE69A045DF,1,0.169963996346
CC_55F08C992148,0,0.151402824773
CC_55F1E12BBBF5,0,0.136086071492
CC_55F5FD744E0E,1,0.256662840971
CC_55F765825511,1,0.163523171284
CC_55FCF498CF57,0,0.204778093192
CC_55FDB0DEC0CF,0,0.150431909334
CC_55FEC892B2AD,1,0.0744945255009
CC_5604CD337BEF,1,0.804088165336
CC_5605997177BE,1,0.139956104393
CC_5606550FA20F,0,0.0935198023174
CC_5609F1368243,0,0.0922591759805
CC_560D117192C3,0,0.152322532323
CC_560DE3219D00,0,0.403233079269
CC_56107EC5DCD1,0,0.183020809535
CC_5610E3AAF253,0,0.0926463060417
CC_56110F3FE3F6,0,0.101739684708
CC_56123E68C1C3,0,0.10688138436
CC_561A1DED284D,1,0.187508186827
CC_561C96C9B80F,0,0.731422195483
CC_561DE9DA7204,0,0.168169116677
CC_561FBF36794A,0,0.472986548354
CC_562561AF5569,0,0.144862370637
CC_562B7D70C055,1,0.0986344525062
CC_562F79F6405B,0,0.135069001416
CC_5630805757EF,0,0.223775591229
CC_5631D9B678AA,0,0.101583358138
CC_563599C7C0BC,0,0.106696403997
CC_5635D4906451,0,0.526014438153
CC_563874AFDBD8,0,0.173148457037
CC_563EFEB79464,0,0.454959041318
CC_5642D4E04ED8,0,0.141742179139
CC_56480401B816,0,0.06887677777
CC_564896BE8B0C,0,0.106308363278
CC_564CE4229C7A,0,0.17545024027
CC_564D7F1E2FD7,1,0.253427639421
CC_564ED67BD892,1,0.264878445335
CC_565130EB4512,1,0.644536193766
CC_56525C936BB0,0,0.251872331687
CC_565A3E852B84,0,0.101152960081
CC_56669D97DB12,0,0.821662221436
CC_566745D8628B,0,0.0772653443832
CC_566921509E53,0,0.108621851428
CC_566E0436722B,0,0.0620831076034
CC_56768A4461E0,1,0.719598151103
CC_56778B68B2D0,1,0.0904191327366
CC_56781BFFB083,0,0.0991215849195
CC_567BD9746B97,1,0.0921991279375
CC_567D52DBFB3B,0,0.112458737093
CC_567F525F48E9,1,0.3804666289
CC_567F6360EC65,0,0.111967031074
CC_5681F1081587,0,0.327983280754
CC_5687FC8E5342,0,0.133324428822
CC_5688794FB341,0,0.116075540321
CC_568BCC73EE38,0,0.114207466041
CC_568C7A880CB1,0,0.0964749666768
CC_56917BBD0FB1,0,0.0916819195805
CC_5695FA9507B9,0,0.116304472715
CC_56988C3A6668,0,0.104104481462
CC_569937F52AF3,0,0.175561516307
CC_569EF611FB63,0,0.0775213859681
CC_56A6D11717AC,0,0.0754389432117
CC_56A778A6DD01,0,0.135746121544
CC_56A88D81324B,0,0.101029539738
CC_56B97C1B1C38,0,0.152121789467
CC_56BA6DB49EEA,0,0.0780266333633
CC_56BF600C4312,0,0.116917022403
CC_56C027EED273,0,0.702078308121
CC_56C8E55575AF,1,0.844675626079
CC_56CA219EBB06,1,0.438424823376
CC_56CBE62B803A,0,0.141070639753
CC_56CC23BAAAA3,0,0.125695215946
CC_56D272B6C508,0,0.741557534393
CC_56D2F11462B8,1,0.0935015525835
CC_56D9B8307142,0,0.263975989225
CC_56DBB5004ED4,1,0.426086018578
CC_56E751672A5E,0,0.134513320285
CC_56E97BB95CBE,1,0.741396160243
CC_56EFAD53614A,1,0.790726845861
CC_56F4824B7590,0,0.100477766566
CC_56F5252F5C16,0,0.0773336526568
CC_56F7071B06BC,0,0.0683688267732
CC_56F82F2290B2,0,0.0924841124749
CC_56F8779BE919,1,0.109637503317
CC_56FBE78EC967,1,0.170782879415
CC_57002C320C96,0,0.257208276185
CC_5701029A02E0,1,0.183861312665
CC_57047EF3803A,1,0.459597619362
CC_57078204962B,1,0.829638896352
CC_570922042A88,0,0.108679600433
CC_570D7FE36B3D,0,0.214633051944
CC_57115B2BFE17,0,0.0863881215761
CC_571607A0AE1A,0,0.167978338092
CC_5716A455B822,0,0.540102919913
CC_571925946DFB,0,0.121489566299
CC_5719A71BA47D,0,0.14520391401
CC_571BDEC53A17,0,0.135724251706
CC_571D283BBCFE,0,0.0899243464274
CC_571F55A9552E,0,0.0923269598446
CC_57215A40996B,1,0.143872003211
CC_5721C798C996,1,0.133705933229
CC_57237413B9EF,0,0.248909577824
CC_572448AD9046,1,0.143567940526
CC_5728B49F4564,0,0.103847841154
CC_5729599F26BE,0,0.256375865542
CC_5729813D19D2,0,0.105950001375
CC_572995869383,0,0.0654645080755
CC_5729E71E16E1,1,0.673398865449
CC_57336E600FC8,0,0.62040638099
CC_57342A8AB7B1,0,0.0392343362601
CC_573480AF426E,0,0.578597759403
CC_57368A6D48DB,0,0.0804139753067
CC_5736948ED15E,0,0.0705562116284
CC_573AA931727F,0,0.151815071106
CC_573AFD818446,0,0.124112252921
CC_573D28944056,0,0.345533906817
CC_57404B0D8FAA,0,0.082562940767
CC_574170466BA9,1,0.351393667704
CC_5741D872BF63,0,0.107903556298
CC_57439E75082E,0,0.119891342425
CC_574502DD5BF9,0,0.140896444813
CC_574AC21A10CB,1,0.266802859489
CC_5750F7977F9B,0,0.0946464718816
CC_5751D6A33332,0,0.454165026028
CC_5754317083C5,1,0.0943658122231
CC_57575474E4B7,0,0.177577812053
CC_575F3DCC3810,0,0.216098565188
CC_57606EB3294C,1,0.481059701395
CC_5760AAC4C8AC,1,0.152235328594
CC_5761FD7C3306,0,0.198750599488
CC_576229CB68C1,0,0.0778854988365
CC_576344B49AB9,0,0.0610852495751
CC_57677F2B1A35,0,0.0927328391917
CC_576846C272DD,1,0.59369982109
CC_576C5F5180A0,1,0.126132416704
CC_576CD68BCCCA,1,0.260669252635
CC_577247B8D748,0,0.10132409508
CC_577621627C82,1,0.201643135433
CC_577AC7A06E10,1,0.754095047611
CC_577C7B6449FA,0,0.144160986457
CC_577DCB522259,0,0.138243706093
CC_577DD48184FC,0,0.0280753785083
CC_577F6FCFE8BB,1,0.138926020396
CC_5780EB20018A,0,0.142916931325
CC_578161358EAA,0,0.0893278194813
CC_5781724D28AE,0,0.124841323388
CC_578194927C80,0,0.201165959649
CC_5781FC88F2AD,0,0.0728374264126
CC_578520D4F055,1,0.257290057602
CC_57875CC2F400,0,0.191595478863
CC_5787F014FB04,0,0.181074212853
CC_5789715CACBD,1,0.862452150335
CC_578A95316ABF,1,0.675263311896
CC_578B17E8FBCC,0,0.106406232375
CC_578DD14F82FD,0,0.0767312629536
CC_578DD2320ACA,0,0.252077975438
CC_5791F3F9E9FD,0,0.0470624067884
CC_5796C9F03371,0,0.252302501876
CC_57A1F681AD68,1,0.69527433786
CC_57A467B9A500,0,0.0738024285636
CC_57A4690C5814,0,0.0675352179808
CC_57A4F8A3A82D,0,0.127122011794
CC_57A775902BC2,1,0.718697353076
CC_57ABE4EEDB91,0,0.0792709124736
CC_57B02E2FA906,0,0.1671612631
CC_57B6C0E7B766,1,0.430498344482
CC_57BD3AB57D65,0,0.189891738359
CC_57C00E89DD92,1,0.66731676856
CC_57C0B39268EC,0,0.105676067186
CC_57C2A410959E,0,0.183305743876
CC_57CA8492DF37,0,0.105672596783
CC_57CB489AF151,0,0.136510052602
CC_57CE144C095E,0,0.103728750275
CC_57D36988CFEF,1,0.173045334667
CC_57D37B348807,0,0.182201904179
CC_57D6C3D00CD7,0,0.220220344218
CC_57E67826FAA4,0,0.12089516349
CC_57E6DE93D701,1,0.143492258348
CC_57E6EB0DFDB8,0,0.19149484143
CC_57E708EF3F7C,0,0.10922416591
CC_57EB9594ED3B,0,0.0690728036624
CC_57F3977E73C2,0,0.21132464367
CC_57F752ED44F4,1,0.724856111788
CC_57F7D4863BA6,0,0.120261436347
CC_57F936E1093A,1,0.453455770568
CC_57FA0AEE0A88,0,0.0652486870821
CC_57FD84AC569D,0,0.15768781441
CC_5802E49908BD,0,0.104298066067
CC_5804F2DF5B4B,0,0.168065540986
CC_580517120DF3,0,0.236987991346
CC_58071EED583C,1,0.736871370995
CC_58088521D48F,0,0.0828959395168
CC_580B4EE7C1B6,0,0.31331267708
CC_58122CC93D3A,1,0.61849534018
CC_581432BF43DD,0,0.69294143724
CC_5820351A4D3B,0,0.165306880587
CC_5823A40DF6C3,1,0.709972138837
CC_5823C727EAB2,0,0.173215109516
CC_5824B0571BDA,0,0.10785192237
CC_5826968E74FC,0,0.0662176015819
CC_582894552069,1,0.699828103525
CC_582A2C839597,0,0.147088103625
CC_582E3FDC7E03,0,0.190849122275
CC_58333942E713,0,0.043797310973
CC_5835D3BC4641,0,0.268398313641
CC_583654CE63B3,1,0.122836462649
CC_58379D089A68,0,0.237832320587
CC_584100BD5DBF,0,0.0759249472406
CC_58440C7D861B,1,0.408205105491
CC_584655290ED4,0,0.108561419353
CC_58469FD0244D,1,0.372937100607
CC_584BFFC83C5A,0,0.053878983442
CC_584FB8D54CF5,0,0.0958870132338
CC_584FF77EEB27,0,0.326521195583
CC_5852ABDFE9F4,0,0.171698463702
CC_585402F3DB8B,0,0.341123274656
CC_585423039E59,0,0.254030700245
CC_5856EE2A3145,0,0.0966136396799
CC_5857848D1B1B,0,0.113279647724
CC_585D6D7400EC,0,0.603204192817
CC_585DF1F20D97,0,0.128439431484
CC_58645AFF4CAD,0,0.118749757188
CC_5868B8B7A8FC,0,0.107463088906
CC_586AA422D12F,0,0.355375253751
CC_586DBDC85DE7,1,0.554349205696
CC_586E8B823ED2,0,0.19582199131
CC_586F2B3AA5A1,1,0.622423428147
CC_587AAA4C8E7B,0,0.0962034815172
CC_587D6724F48A,1,0.104891395335
CC_587DA51DB167,0,0.162842100419
CC_5882E01FB9B2,1,0.878277258646
CC_5882F91F29B3,1,0.491236775677
CC_5883422CA960,0,0.238263597879
CC_5883B6CBE37C,0,0.194372367151
CC_5884EEC8B2D0,0,0.10296867832
CC_588794152C6D,0,0.0867466294271
CC_588822899083,1,0.284075046649
CC_5888DB6A27BA,0,0.125053463094
CC_588ADE419EF3,1,0.737956627908
CC_5890B3E57E4E,0,0.089275200761
CC_5894CDDE2E51,0,0.258804078504
CC_5896595E278E,0,0.136459584584
CC_589817F23CFE,0,0.0792026924422
CC_589844A52ACB,0,0.0579289835467
CC_589847195F1A,0,0.0729856214652
CC_5898AB7CCA04,0,0.139963525153
CC_589D798BA40A,0,0.162085056379
CC_58A03B3ACF58,0,0.201259955809
CC_58A1D9E0131D,0,0.074661923002
CC_58A9776D8FD8,0,0.223526701372
CC_58AAB22B1226,0,0.0671770574371
CC_58ACE911C029,0,0.0914134306794
CC_58AF464C9AB6,0,0.0738434346026
CC_58B1245E766F,0,0.107108242991
CC_58B299FE2444,1,0.111979623812
CC_58B5158A2CDF,1,0.676336555806
CC_58B61BDF331B,0,0.166757566621
CC_58B7FB042D82,0,0.0679639606225
CC_58C9DA7AE891,0,0.153170187957
CC_58CD308C8ED8,0,0.0642706430799
CC_58CD88CC25FC,1,0.27435888452
CC_58CDC5BDBBA9,0,0.486919737895
CC_58CE713913A3,0,0.0988971819576
CC_58CEF8C45010,1,0.164651203296
CC_58CF7FB744C5,0,0.161198575836
CC_58D232DD083D,0,0.122392775304
CC_58D2409F7978,0,0.0692307542427
CC_58D3D8369F18,0,0.106387898246
CC_58D49AC23ABE,1,0.75057997815
CC_58D96FA01F21,1,0.113332567786
CC_58DA887D5A88,1,0.223467139924
CC_58DAE4A33A08,0,0.31359502855
CC_58DC700A7682,0,0.169976963876
CC_58E07273A266,0,0.222920501698
CC_58E4F311CF66,0,0.174019001616
CC_58EB19C62750,1,0.609950238698
CC_58EEF30FEAA2,1,0.875121943029
CC_58F087C47C19,0,0.189139148822
CC_58F1EEA5B6CC,0,0.0911662499892
CC_58F5620D0130,0,0.171922271284
CC_58F84E9040DA,1,0.152963344188
CC_58FB0A8682EB,0,0.120958203627
CC_5900B5F3D57F,1,0.392255502552
CC_5908FFF02CD1,0,0.341832890448
CC_590BA63FE80B,0,0.13714321124
CC_590BF9561936,0,0.169395888748
CC_59114A0440CC,1,0.730839485052
CC_59130793832A,0,0.105890535715
CC_59157904E34F,0,0.298635473209
CC_592124FBDC07,1,0.772395853509
CC_592220A1C8E3,0,0.159173428172
CC_5923A8B4A8DC,0,0.140105353652
CC_5923B882788D,0,0.106446923298
CC_592484E7BB5A,1,0.492127737782
CC_592700B83437,1,0.662597265546
CC_592938F6781A,0,0.08726466723
CC_592B5A0405A7,0,0.130548677562
CC_592E4C049C88,0,0.132243817095
CC_592F81CB56FF,0,0.0916262300219
CC_593117BD4B3B,0,0.102004278922
CC_5932D3AE3ECF,0,0.187127249535
CC_59365DA3A112,1,0.16757423265
CC_593979F32C27,1,0.594240907433
CC_593DBF92E343,0,0.166255746305
CC_5941865FE802,0,0.0987998147652
CC_5944C9222134,0,0.160554378535
CC_594AB44222D9,0,0.0758560691515
CC_594E9A7C988B,0,0.115422541119
CC_59558FB3F6CD,1,0.111217313501
CC_595720F4AE9A,0,0.117841813508
CC_595DD9352D1A,0,0.116781527503
CC_59605A740FEA,0,0.16485265008
CC_5961FA0A97ED,0,0.0764535237411
CC_59620FD3713F,0,0.161292656332
CC_59628D797949,1,0.33278419103
CC_5966AAB8330A,1,0.79676093711
CC_596C001B0828,0,0.107254363066
CC_596E8E230877,0,0.111009147088
CC_5971EF075BF0,0,0.143571686951
CC_59783D3A62FC,0,0.246177136062
CC_59797E676623,0,0.0725201884277
CC_597A3975BA20,1,0.258365023715
CC_597D2050AC07,0,0.0990397166437
CC_5981145C6288,1,0.13738128321
CC_5981D60B6F66,0,0.116194794876
CC_5985084B4858,0,0.228571623861
CC_598591E3E589,0,0.158566705482
CC_599256E05A0B,0,0.110846836166
CC_5992FDA6B3F0,0,0.0938736426022
CC_599462E87CCF,0,0.11702279708
CC_5996F214A014,0,0.0952603348239
CC_5999674FD3A6,0,0.286617282568
CC_5999A18D6688,0,0.100204038149
CC_5999CAD4E859,0,0.354497345978
CC_599A2C545F05,0,0.185293199724
CC_59ADBC0765F7,0,0.0770735950612
CC_59AE1ED18EE5,0,0.0784462600943
CC_59AED9C57185,1,0.288107113015
CC_59AFAABC619C,0,0.171807041202
CC_59B3E5922AED,1,0.142926882978
CC_59B40016503B,0,0.358467635448
CC_59B4D47E53D5,0,0.432327546673
CC_59B52E03A2DD,1,0.306080147556
CC_59BD370A7A56,0,0.0685451241709
CC_59BD8594EFA8,0,0.103164962445
CC_59BEA0024DCE,0,0.280989521215
CC_59C04BE99C59,0,0.190421606892
CC_59C562681EAA,0,0.120462106714
CC_59C5A653C200,0,0.126087297129
CC_59C6631D3F5D,0,0.116279783275
CC_59CE67E07837,0,0.0639034400265
CC_59CF26DE0916,0,0.181210982986
CC_59D2D98951F7,0,0.250567940189
CC_59D2EC8B28A3,1,0.685440581813
CC_59E456FAAA54,0,0.600131831083
CC_59E6ACEDC7B5,0,0.0855520494122
CC_59E7B8727FF8,1,0.227949827198
CC_59ED20E6529B,0,0.210297696974
CC_59F406619831,1,0.480961040633
CC_59FB4385703F,0,0.199964473002
CC_59FFFD0F57B9,1,0.144017287779
CC_5A013CB43F65,0,0.122092911299
CC_5A0339AC2651,1,0.20427530176
CC_5A03BCF9550E,0,0.0902646935803
CC_5A04BC8EB3C7,1,0.138172130074
CC_5A076EFF11BF,0,0.138573194283
CC_5A08C2022BE5,1,0.171749108236
CC_5A0AF639240C,0,0.0658919914327
CC_5A0F0547321D,0,0.134154689877
CC_5A12A6C81144,1,0.265079128161
CC_5A142F4CEF76,0,0.314219106098
CC_5A15269194A4,0,0.202983633039
CC_5A15457FAF7B,0,0.20602530414
CC_5A154F5F054E,0,0.0817904430031
CC_5A163F467726,0,0.164534679153
CC_5A16CB731879,0,0.161684896918
CC_5A176AAA3069,1,0.597785042003
CC_5A1996EFFED3,0,0.150732463443
CC_5A1B8FD9D64F,1,0.127104351552
CC_5A1E5E3D1C9C,0,0.115581791688
CC_5A1E990E2B1E,0,0.148422963526
CC_5A20001063C9,0,0.115300795131
CC_5A23FB5B2E1C,0,0.646507790756
CC_5A24DE065436,0,0.15451405272
CC_5A286536F2A5,0,0.0997875931445
CC_5A2F49A569FA,0,0.0923368552136
CC_5A325901B64D,0,0.0894473528608
CC_5A348D51A7B2,0,0.0568793207547
CC_5A34A9B1E1CB,0,0.127176313104
CC_5A373A5207AF,0,0.129639330297
CC_5A37EC2D820F,0,0.0711028599785
CC_5A39DB502062,1,0.787859406758
CC_5A3E351ABF54,0,0.216565324934
CC_5A49178E08A2,0,0.0908576100622
CC_5A4B37559FBB,1,0.672791969246
CC_5A4BAF53AC62,0,0.190200858555
CC_5A55ECB92CE6,0,0.11153187713
CC_5A57C040113A,1,0.1169744358
CC_5A595524D8FD,0,0.103429534037
CC_5A5A56574DFF,0,0.0921969748992
CC_5A5C08953FF9,1,0.260954279237
CC_5A5C3F778D36,1,0.157883166272
CC_5A5C8434C5D5,0,0.0858893788129
CC_5A5E93C6F4B6,0,0.557818477553
CC_5A5F1C1F7905,0,0.124397413786
CC_5A6308822D47,0,0.452703633691
CC_5A6328755008,0,0.586237783284
CC_5A64FCA23152,0,0.118699085853
CC_5A6829EE9022,0,0.622726436749
CC_5A685DF58C92,0,0.104990059182
CC_5A6FF2EB1FB4,0,0.0947216532818
CC_5A72971F070B,0,0.0867585741844
CC_5A7527137CA0,0,0.105223297503
CC_5A75D981E7EA,1,0.648452572728
CC_5A8034E0BF87,0,0.124352333673
CC_5A817C6BF339,1,0.0867233496687
CC_5A83E62880C7,0,0.119658331145
CC_5A868AAEC96F,0,0.146207062926
CC_5A8A56929FCC,0,0.139469852931
CC_5A8B5A192355,1,0.382513306191
CC_5A8B5D66B70A,0,0.100557900253
CC_5A8B83CCF918,0,0.0478154474057
CC_5A8CA07E4060,0,0.135027831003
CC_5A8D5ABC0BAD,0,0.192430844664
CC_5A8EE1A345A0,0,0.389788189513
CC_5A8F8A4826E6,0,0.0663764393598
CC_5A8FCB3BD9A8,0,0.33567473544
CC_5A95288103D2,0,0.127186827897
CC_5A9662EA2300,0,0.12941582626
CC_5A9A5BBD5CF1,0,0.154768138207
CC_5AA00D592A24,0,0.338352738534
CC_5AA31ACE2332,0,0.0478325719659
CC_5AA45B599FFD,1,0.143761279651
CC_5AA6A0FA7E65,0,0.116149394765
CC_5AA711CA5FC8,1,0.666970788743
CC_5AA7778DA9DA,1,0.0946805792991
CC_5AA7F5C04668,0,0.141019300186
CC_5AAA6C1A1622,0,0.128716080032
CC_5AAAC9C03C17,0,0.666247958157
CC_5AAB972054B0,1,0.792182260725
CC_5AACCAEFC895,0,0.0938048140959
CC_5AB12E5BC79E,0,0.141762167602
CC_5AB175CB4372,0,0.213135419415
CC_5AB226B6C59A,0,0.202150246236
CC_5AB243D0F844,0,0.0895334004071
CC_5AB5C0E3C42B,1,0.188066779394
CC_5AB73E728978,1,0.559110312016
CC_5AB83BF50C80,0,0.120243852465
CC_5AB94738B2C2,0,0.185871920867
CC_5ABDA2B7C93F,1,0.170639918888
CC_5ABE0879FE8C,1,0.143267914371
CC_5ABEA15B5CC5,0,0.0737954062059
CC_5ABF14322ED2,0,0.638310091481
CC_5AC23189FB34,0,0.108760534007
CC_5AC23D140081,0,0.137980164675
CC_5AC7586E4E6F,0,0.194940433559
CC_5AC77388ED13,0,0.2090274931
CC_5AC865E71599,1,0.151082552015
CC_5AC9707D7537,1,0.559063005349
CC_5ACF8EA85E56,0,0.114039419913
CC_5AD2546163C0,0,0.360557060873
CC_5AD50914D294,0,0.158782724525
CC_5AD55E10E239,0,0.345550602512
CC_5AD7F12D1D22,0,0.169745441205
CC_5AD8FE1989CB,0,0.132890131928
CC_5AD9338E7F37,1,0.186140268818
CC_5AE27B88549B,0,0.0982641116721
CC_5AE4CDC380A1,1,0.705998729611
CC_5AE6F64CFDB5,0,0.289588360931
CC_5AE736DE11AC,0,0.491384585381
CC_5AF0BAF709D0,1,0.195488842307
CC_5AF2E2D5946A,0,0.147851190769
CC_5AF4CC9631C0,0,0.654628078996
CC_5AF508D5CAEC,0,0.0837076903596
CC_5AF60F813344,0,0.0564616333518
CC_5AF932FFDCDB,1,0.209620889825
CC_5AF94ED5611A,0,0.104187367758
CC_5AF9BAF31FEB,0,0.0815114531863
CC_5AFA0C04BC94,1,0.345306039421
CC_5AFAB8A64F35,0,0.153815326513
CC_5AFC1261EB93,0,0.221684767057
CC_5AFE5DF7AF95,1,0.139018984047
CC_5B0195BA39EE,0,0.100856582993
CC_5B026017070C,0,0.262413806431
CC_5B0404833850,0,0.131382036707
CC_5B04A9399C65,0,0.0954117099574
CC_5B0507769BB6,0,0.0852982208702
CC_5B0807571581,0,0.216177789674
CC_5B0A9D311BEE,0,0.142883380807
CC_5B0E9706A537,1,0.202160365739
CC_5B0F40C0E1CB,1,0.543298385601
CC_5B1245524940,0,0.190055090698
CC_5B13FDA05B61,1,0.0763439986598
CC_5B14FAB82984,0,0.149569990316
CC_5B176732FBCE,0,0.100370025134
CC_5B23092E7BB2,0,0.0938832947866
CC_5B23CA791DF0,0,0.274072453785
CC_5B2E241BBCDC,0,0.0890859642178
CC_5B2E9C1C079A,0,0.123890980089
CC_5B2F80EB5A5E,1,0.120021331176
CC_5B2FD478D867,1,0.130066200787
CC_5B3336343694,0,0.398196344013
CC_5B341E3A6C32,1,0.868998283493
CC_5B380570454D,0,0.273085866914
CC_5B3A879E3664,1,0.688163650924
CC_5B47219287FA,0,0.0836155331178
CC_5B4A365E3F47,0,0.124947729765
CC_5B4F89D9EB61,0,0.226071022972
CC_5B5206396D60,0,0.105807963293
CC_5B534A342317,0,0.163472303742
CC_5B54612A98D6,1,0.169115298905
CC_5B5711F842EE,0,0.0817311039953
CC_5B5B6AAF96C0,0,0.111025853797
CC_5B5C2F4A96D5,0,0.122065159946
CC_5B5DE032454E,0,0.112276007634
CC_5B643C5EB4C3,0,0.183411755528
CC_5B6F725BD2B8,0,0.243968716844
CC_5B77AB677EB6,1,0.484445794583
CC_5B794ECEC735,0,0.112544108196
CC_5B7975BD5165,0,0.0804617500264
CC_5B7AFB39BC79,0,0.202648796532
CC_5B7C6876A878,0,0.257808884213
CC_5B7D4A522B9A,1,0.940440913163
CC_5B81AB4FE5D6,0,0.192959552502
CC_5B81CC5219C7,0,0.0678530368018
CC_5B826E2BDCB1,0,0.116531397903
CC_5B8CF69570A7,1,0.0933708059114
CC_5B943E99D363,0,0.0799733854618
CC_5B95668CAEEE,0,0.367159126885
CC_5B96F6F9E12B,1,0.744574299496
CC_5B985FF12590,1,0.786353169334
CC_5B99A61F9BEC,0,0.10224970323
CC_5B9BA65EEDDE,0,0.0758645079415
CC_5B9C2D63BD82,0,0.116362843805
CC_5BA10AB47E93,1,0.269392488182
CC_5BA1B065C54F,0,0.0599994913747
CC_5BA67C7C142C,0,0.175802645063
CC_5BA9DAF61609,1,0.113264377408
CC_5BAC82095106,1,0.149180436137
CC_5BAF4779FCFF,1,0.550968238051
CC_5BB35F83900C,0,0.131916606997
CC_5BB5EF6A67F4,0,0.0938295102133
CC_5BB9DF8AD50E,0,0.0676359981045
CC_5BBD34998419,1,0.121756331804
CC_5BBEAC610014,0,0.135171921301
CC_5BC33A2851E1,0,0.287039441461
CC_5BC7E75A8ECE,0,0.122669312173
CC_5BC9D20125BA,0,0.135409849851
CC_5BCBB8067717,1,0.937985687173
CC_5BCE3F3C3A44,0,0.100915564016
CC_5BCEE77C9666,0,0.508814646736
CC_5BD9F156D4D1,0,0.124475062278
CC_5BDB5A10668E,1,0.0724903860181
CC_5BDE39E4EC88,0,0.0801863878237
CC_5BE077E6D969,0,0.57086299846
CC_5BE1FAA48CB2,0,0.103783591221
CC_5BE23895CBBA,0,0.0908203849014
CC_5BE396B6D08D,0,0.126330154438
CC_5BE4D4502607,0,0.135929563698
CC_5BEDB8A6CF7D,0,0.0717541090319
CC_5BEE1177A0FF,0,0.0772016148221
CC_5BF1307A7F59,0,0.130008322291
CC_5BF3E0C71712,0,0.355226886998
CC_5BF468725EE5,0,0.109911894346
CC_5BF6BB3DD54C,0,0.145934844282
CC_5BF7318B86BE,0,0.150053039247
CC_5BF7422D0E05,0,0.100215538691
CC_5BFE20440559,0,0.118782605007
CC_5BFEEAD87024,0,0.0900003980716
CC_5C0019CA0253,0,0.0943404929385
CC_5C0362270FBC,0,0.17819833681
CC_5C06DCFBCD08,0,0.125528156719
CC_5C072D2EB4A4,0,0.0821507031714
CC_5C0BDC4C766C,0,0.208416134407
CC_5C0C3BE3FBBB,0,0.113827516192
CC_5C0E60EEF98F,0,0.154506047223
CC_5C0F0E4CB1E1,0,0.0930422410762
CC_5C0F448526CB,0,0.100608823891
CC_5C132B8C9743,1,0.735977235579
CC_5C16A4120DE8,1,0.737763020248
CC_5C18971A9B33,0,0.627455473262
CC_5C1926C3E99F,0,0.0945319407941
CC_5C1A4FB9D9E6,1,0.89698692795
CC_5C23A07D8C1F,0,0.113566939706
CC_5C26CF126E7D,0,0.0734090624981
CC_5C290BBFF8AE,0,0.194573991027
CC_5C293CDAE97F,0,0.0867097910959
CC_5C296B48A610,0,0.127262018683
CC_5C298CD9EE0F,0,0.0671850941233
CC_5C29B0BF7A46,1,0.281870036327
CC_5C2B402F9C5E,0,0.0739543951081
CC_5C2B9A1B45F1,0,0.0902613669342
CC_5C2BC3B2FED6,0,0.205939876543
CC_5C2F04DB89B0,0,0.110429879617
CC_5C3010524162,0,0.153308368798
CC_5C34E33B048C,1,0.178834465524
CC_5C37520DF4A0,0,0.168342094756
CC_5C376E472146,0,0.117281259228
CC_5C3A694E5AFF,1,0.152724435409
CC_5C3A81F8243E,1,0.27365629162
CC_5C3AF119C7C4,0,0.109725381296
CC_5C41AA1FB124,0,0.284508956001
CC_5C41FE749450,0,0.0777229744409
CC_5C44F9B51B15,0,0.0781007840205
CC_5C46C165D942,0,0.109913972976
CC_5C46CFF1EE93,0,0.107619155353
CC_5C477BB76B50,0,0.139027718258
CC_5C485C3DA5A2,0,0.069569959612
CC_5C516C1148AE,0,0.124688679821
CC_5C51F8276A09,1,0.127578306442
CC_5C5617ECA2C1,1,0.747830179588
CC_5C580B327945,0,0.0292142718133
CC_5C663668AEAC,0,0.109402822461
CC_5C667B5EEEDD,0,0.0947800411153
CC_5C66F7AEC29F,1,0.266738732358
CC_5C69819D7461,0,0.0881899381871
CC_5C6F6F2284FD,0,0.127133304651
CC_5C744FF98F4F,0,0.092587482371
CC_5C770EBB3461,0,0.121362066608
CC_5C7F06684789,0,0.110994633016
CC_5C84A8D32615,1,0.766728569083
CC_5C858310418F,0,0.277754530344
CC_5C862C8893FC,0,0.138861521204
CC_5C884D5AE0D1,0,0.10391126906
CC_5C8BF72EE97C,0,0.254340926807
CC_5C8D2E2570B7,1,0.1360210138
CC_5C92441E4873,0,0.10773877533
CC_5C94AFD90D8F,0,0.178579242646
CC_5C9A3A5972D2,1,0.356119902639
CC_5CA39EB0D4BB,0,0.115761675563
CC_5CA622E85D86,0,0.246775972931
CC_5CA6B98B4D1D,0,0.115508433182
CC_5CA7779A4DC3,0,0.0212371565471
CC_5CA86661E034,1,0.215782132915
CC_5CA8D72C31B3,1,0.904202345599
CC_5CA96B6ABDE9,0,0.126232282446
CC_5CAF4EE6F709,0,0.100108861429
CC_5CB0235932CD,1,0.113445676421
CC_5CB4416E3F3E,0,0.0933542413616
CC_5CB51A71FC54,0,0.132207236824
CC_5CB95D3BDABA,1,0.811273759355
CC_5CBEB5A028DA,0,0.125841069062
CC_5CC2F1284079,0,0.159753795275
CC_5CC532F130D3,0,0.0881689077152
CC_5CC637E6BB84,1,0.392718027897
CC_5CC659C18E07,0,0.189170470417
CC_5CCCAEFE921D,1,0.856813400167
CC_5CCD14D6A09C,0,0.216171326056
CC_5CCE36EBE90D,0,0.112287758358
CC_5CCF357F22F3,1,0.133133595317
CC_5CD363DD397D,1,0.710143088092
CC_5CD695656E50,0,0.082521755498
CC_5CD9F6C42400,0,0.7767382418
CC_5CD9F7929A94,0,0.0972481238095
CC_5CDD82609046,0,0.699162682295
CC_5CDE83909CA3,0,0.287814749257
CC_5CE0209928C3,0,0.15218403278
CC_5CE1F5EF25C1,0,0.143104674631
CC_5CE38FB1FC14,0,0.0866021432531
CC_5CEAAE5E9F46,0,0.11212689712
CC_5CEBC021F126,0,0.198656523812
CC_5CF5768AAF0A,0,0.197403206056
CC_5CF7EBCE6347,0,0.128218314391
CC_5CF91901487C,0,0.12581133821
CC_5CF9C109AD5B,0,0.0871454602972
CC_5CFA5D49672D,0,0.101741726356
CC_5CFBD438A9E7,0,0.0705814437418
CC_5D00634357DD,0,0.160547336585
CC_5D00C4D5A1D6,0,0.112947668692
CC_5D01A320B2B0,0,0.120761414963
CC_5D01CF7EF458,0,0.099046625573
CC_5D01E1B3E69B,1,0.100916088183
CC_5D07AA646FC2,0,0.305778062544
CC_5D07BD529B9D,0,0.179703128278
CC_5D08443DC98C,0,0.132180320038
CC_5D0981460B48,0,0.206600753768
CC_5D0BA107CCCC,0,0.092758443573
CC_5D0DFDB2AEBA,0,0.128811214618
CC_5D105FB14122,0,0.165726426259
CC_5D1507277E09,0,0.292543089208
CC_5D181CAEDB3F,0,0.183330061572
CC_5D198F5A1180,0,0.156494913087
CC_5D1F9C5DBD70,1,0.644738229154
CC_5D2163C060DF,0,0.109860728598
CC_5D21CBB7067F,0,0.130937635115
CC_5D21D056205D,0,0.0684047472883
CC_5D232B046F4E,0,0.0888679583083
CC_5D242E21B70B,0,0.318372143435
CC_5D27DEF780D1,0,0.20613362339
CC_5D27FCD94B14,0,0.756727342461
CC_5D283EC78B09,0,0.0922414542912
CC_5D293D15F2B6,0,0.121313618938
CC_5D2D017AF1D6,0,0.149995138828
CC_5D350A871E79,1,0.124822702306
CC_5D358E8C178D,0,0.0998604670823
CC_5D38D84E8D8A,0,0.157325590619
CC_5D3F7518D7C9,0,0.099104044261
CC_5D45F1965198,1,0.718864914955
CC_5D5EFDC391D3,0,0.0842390451622
CC_5D5FA7F8B4B1,0,0.0740646744422
CC_5D63F45D2D8B,1,0.169914075029
CC_5D65DAD9AD02,1,0.806521658782
CC_5D6808135562,0,0.145263951003
CC_5D6A1F1B4074,0,0.192967910592
CC_5D6AE381D455,0,0.12328748682
CC_5D6B6FBEE669,0,0.0776797039665
CC_5D6C5793DAB9,0,0.159324842588
CC_5D6F6F62B809,0,0.685188621882
CC_5D71AA649B07,0,0.171774526681
CC_5D7289D1BDF0,0,0.0743843578133
CC_5D7B4BA1B14B,0,0.377564596971
CC_5D7DBFFA54C5,1,0.13199299486
CC_5D7FE1565CC1,0,0.654799018642
CC_5D82002E7CDB,1,0.7455011203
CC_5D83ED3C3B37,0,0.234317368877
CC_5D8897786E61,0,0.158392217525
CC_5D89F71AD5DB,0,0.122632095181
CC_5D8E8294AF15,0,0.119553528554
CC_5D9194CFC6C1,1,0.114561820169
CC_5D925BFC4F1B,1,0.324341112152
CC_5D93B25F7F37,0,0.104870473606
CC_5D94C757E368,0,0.278162852648
CC_5D9515D31969,0,0.0968114455396
CC_5D95465C3024,0,0.14494677132
CC_5D9685C82529,0,0.0912254422643
CC_5D98DB000C5B,0,0.118608751691
CC_5D9A64B839FC,1,0.188214298232
CC_5D9F5514282C,0,0.104914119914
CC_5DA022E7E265,0,0.218818497467
CC_5DA054D56100,0,0.117063959377
CC_5DA23FDDA040,0,0.126854508497
CC_5DA306818774,0,0.0730419712241
CC_5DA42C2CB592,1,0.407867595948
CC_5DA50F130465,1,0.527507198692
CC_5DA5F089CCEB,0,0.10815007042
CC_5DA970C83BFE,0,0.0936724891383
CC_5DAD4AA04AED,0,0.445961280587
CC_5DADEE0F5194,0,0.3203951832
CC_5DAF36F4602D,0,0.116998750016
CC_5DB07ABD2D05,0,0.10734503926
CC_5DB377396A07,0,0.280345870043
CC_5DB4B96543F0,0,0.100666058213
CC_5DB91F6D3101,1,0.0824091811893
CC_5DB95E21D5C5,0,0.235881292289
CC_5DB9B1DA19CB,0,0.215759965071
CC_5DB9FD593665,0,0.251294616876
CC_5DBBA9662E78,0,0.368729409062
CC_5DC10582A9E1,0,0.102104685736
CC_5DC4901D6B92,0,0.249941540742
CC_5DCAB9B2C00C,0,0.593841725146
CC_5DCCF7760702,0,0.0882384368972
CC_5DCF17F1BBB2,1,0.243084835332
CC_5DCF723EF0D4,0,0.0662747876265
CC_5DD01D0A73E1,0,0.137529028323
CC_5DD69CED90C9,1,0.227287658056
CC_5DD958933BD9,0,0.0967508023082
CC_5DDC279E7767,0,0.17618860007
CC_5DE5DD373A92,0,0.117776465723
CC_5DE72B43679E,0,0.141935986051
CC_5DE7D1C5DBAD,0,0.0778901823668
CC_5DECF885896B,0,0.080980140516
CC_5DF02B9F4833,0,0.16241898299
CC_5DF09228F9D8,1,0.276351951757
CC_5DF4883C4779,0,0.168498725782
CC_5DF78D304F25,0,0.0908429468318
CC_5DF8B6DD67F5,0,0.0925809044747
CC_5DFB33C455A7,0,0.13995660788
CC_5DFC6BF23093,0,0.131879271906
CC_5DFD9451C5F8,0,0.104929357291
CC_5E00BBA5763A,0,0.28029569398
CC_5E02A6D17A06,0,0.0876906451842
CC_5E058C787204,0,0.738874495768
CC_5E06A3BD160F,0,0.0919774787121
CC_5E06B7A2EBC6,0,0.598298893825
CC_5E086E76EB1D,0,0.160460235012
CC_5E160D13CA23,0,0.397829736395
CC_5E174FA7A70A,0,0.126085515158
CC_5E190CE28A23,0,0.0890409547644
CC_5E1DE48881FB,0,0.133048545503
CC_5E21938FBACC,0,0.240191891119
CC_5E277DAA4280,0,0.601754789919
CC_5E2BCAB017F1,1,0.166996813327
CC_5E2FF9AF864B,0,0.123135798008
CC_5E3216E8D190,0,0.047075996257
CC_5E37EF2502A1,0,0.0818503290836
CC_5E3917AF48CF,0,0.205709443108
CC_5E3A3981313F,1,0.248158398199
CC_5E3B691FC7E8,0,0.0858844252652
CC_5E3D30A3346E,0,0.0873942029534
CC_5E3E70296436,0,0.1280900266
CC_5E42511AA8D4,0,0.428498367406
CC_5E4297E83E8D,0,0.184693021412
CC_5E443C87A993,0,0.082497433942
CC_5E4841DF72EA,0,0.0704708909215
CC_5E48A37DC71C,0,0.0880523037577
CC_5E4916EFED10,1,0.751338755403
CC_5E4A6AC389DF,0,0.122694246065
CC_5E4C3E73299E,0,0.142477695225
CC_5E4E183A2EEC,0,0.0831842137158
CC_5E52A653854E,0,0.0480202206668
CC_5E555B42B6A9,0,0.0864560713441
CC_5E5570D4CF86,0,0.199060062001
CC_5E558D667BC3,1,0.131833279921
CC_5E5727A702B7,0,0.0947867981497
CC_5E5C6DCFD183,0,0.126519922171
CC_5E5EC05EC6DD,0,0.749569150082
CC_5E628C8E295D,1,0.771108915325
CC_5E656C83B511,0,0.0860594407304
CC_5E6682619020,0,0.185958099678
CC_5E6686C7B301,0,0.109780841266
CC_5E6A2C166D3C,1,0.715351286642
CC_5E6DB7B436AE,0,0.137066115917
CC_5E6F9BAE46D4,0,0.098836972871
CC_5E7633B995E0,1,0.71519852283
CC_5E7DFD9E6725,1,0.64883555649
CC_5E82E1E40509,0,0.275994800349
CC_5E8310B30EB1,0,0.105654099329
CC_5E83D33953A3,0,0.100884546524
CC_5E8789F1F9AD,1,0.794219006196
CC_5E8B1CFAA738,0,0.0935249344483
CC_5E8C54BDF98C,0,0.0881624321349
CC_5E9118F96223,0,0.0974993438644
CC_5E919227DBDA,0,0.118712380734
CC_5E960547EF48,1,0.378379492722
CC_5E9BF43B2D38,0,0.126665634257
CC_5E9CC2CFD36D,0,0.176892731632
CC_5E9D62853571,0,0.0747404644517
CC_5EA4BBE734B9,1,0.0824116077914
CC_5EA515954990,0,0.0919462940405
CC_5EA688CCF647,0,0.12092034716
CC_5EA690673CB8,0,0.77758242241
CC_5EA7A4CCA4D1,0,0.0992952674313
CC_5EA8B94D289A,0,0.188259880695
CC_5EA9FE2236D1,0,0.127596630426
CC_5EAC0F0F5807,0,0.130899018091
CC_5EAF6204A1A7,0,0.100051287783
CC_5EB3569C7CC3,0,0.109143309915
CC_5EB68AE3EC7F,1,0.197172747685
CC_5EB690454F4A,0,0.0633767760156
CC_5EBD699BBF9A,0,0.0342318100593
CC_5EBE30A90DDF,0,0.145867465012
CC_5EBE3FBA744F,1,0.730927427485
CC_5EBF31D6F583,0,0.0969800811529
CC_5EC255BF564D,0,0.14749382397
CC_5EC5BFBF00F2,0,0.113224821151
CC_5EC6FBE9D852,0,0.118141506174
CC_5EC91635BC11,0,0.172051020168
CC_5EC96E53702B,0,0.065845054494
CC_5ECBDB18CC6B,0,0.12552849697
CC_5ECCAB9B7B87,0,0.20497901283
CC_5ED363408294,0,0.132320779239
CC_5ED41C88E281,0,0.108279728508
CC_5ED96BBB90A5,0,0.123761145912
CC_5EDF8768EDFE,1,0.0829587944754
CC_5EE14DCE51FE,0,0.087346893597
CC_5EE53BDECDD1,0,0.211397737082
CC_5EE581E6B41A,1,0.793317731182
CC_5EEA417426F2,0,0.311306947121
CC_5EEB94C361DC,0,0.0651553490071
CC_5EEC42D71C9D,0,0.24485026306
CC_5EEDD57388CA,0,0.101902413298
CC_5EF3E852D5F1,0,0.19969533804
CC_5EF40C00FC43,0,0.18923219395
CC_5EF559CBB186,0,0.191481744877
CC_5EF90A44E763,0,0.144243796066
CC_5EF9CFA900D6,0,0.235102853362
CC_5EFCC77C342D,0,0.129277918547
CC_5F03C10F15CE,0,0.0676993977967
CC_5F046FFA86A0,0,0.0963621311461
CC_5F0536576CED,0,0.196776761075
CC_5F062700F25F,0,0.0652643997039
CC_5F0935413F35,0,0.207296787904
CC_5F0B3CFCDE51,0,0.296817673943
CC_5F0C31786014,0,0.0795822900824
CC_5F0F8FDC65B2,0,0.15202919768
CC_5F165E4915B1,0,0.096700943535
CC_5F16ED0F56EB,1,0.0264188642474
CC_5F1C33254C43,0,0.0953724487082
CC_5F257A47AC95,0,0.112737629265
CC_5F260ECF635B,0,0.202274832627
CC_5F287E798DA4,1,0.352458415056
CC_5F2C9AFF0C31,0,0.092697940319
CC_5F2F99236F7E,0,0.371799378601
CC_5F32A8E95857,0,0.120892999601
CC_5F39E48A6EDB,0,0.309381590281
CC_5F3DA05C7152,0,0.379377327951
CC_5F3EA31142CA,0,0.0584400723521
CC_5F3F8046E54C,1,0.105022289365
CC_5F3FFF11DA12,1,0.120891728786
CC_5F4D01CA9E25,0,0.102404037479
CC_5F4FEDC32DBC,0,0.326928877981
CC_5F55030C9729,0,0.125762765782
CC_5F55B448763F,1,0.597857156246
CC_5F5915F1709B,1,0.11467493709
CC_5F63045FB439,1,0.125944451739
CC_5F63113CA34D,1,0.191312947735
CC_5F6693CD7407,0,0.0628377290293
CC_5F67094E79B6,0,0.140544544154
CC_5F686C2CDCC7,0,0.0815377340971
CC_5F6B737660D5,0,0.0798139426071
CC_5F6E5D33DC52,0,0.168009151166
CC_5F6E7E7536A9,1,0.387719804379
CC_5F6FB62A8293,0,0.123374709452
CC_5F7640EC737D,0,0.0846247315739
CC_5F77F0D3C4C6,1,0.101947276992
CC_5F79651C72F9,0,0.0825765265386
CC_5F7B197549CC,0,0.105732900791
CC_5F81B91A3C11,0,0.122703656865
CC_5F823AC0BBFB,0,0.08321790932
CC_5F8284BDF4F6,1,0.130156901287
CC_5F8510F80BF6,0,0.087400103812
CC_5F86C7BBB540,1,0.206040957642
CC_5F88050340AE,0,0.123686517146
CC_5F8B72C21483,0,0.705284012309
CC_5F8C006EA439,0,0.0790950832586
CC_5F8D41280BAA,0,0.2094605144
CC_5F9059C6B90E,0,0.344705400232
CC_5F908445BEA9,0,0.073643457035
CC_5F92ADF6D9E8,0,0.0747831195791
CC_5F93816598FE,0,0.160560776987
CC_5F96DA4A0910,0,0.158147371329
CC_5FA00A194F62,0,0.157573791354
CC_5FA35A39E5C5,0,0.0958051329977
CC_5FA710CAE099,0,0.10678887326
CC_5FAA42301A7E,0,0.179297515158
CC_5FABB81EE16B,0,0.152011551323
CC_5FAC26D11A7A,0,0.100659159206
CC_5FB240B6E24F,0,0.132558356684
CC_5FB394EFBE00,0,0.0891336599819
CC_5FB57A14C62A,0,0.140586756327
CC_5FB5BC194DB2,1,0.329399120614
CC_5FBACA7F45F7,0,0.17209237823
CC_5FBAEDE75B8F,0,0.0838155644898
CC_5FBF4AE91118,0,0.120143796364
CC_5FC087CA6A66,0,0.0889570843028
CC_5FC0BD09D0BC,0,0.0986581921053
CC_5FC5F264F115,0,0.155010283987
CC_5FC89B822190,0,0.405131462432
CC_5FCD35577769,1,0.619758497649
CC_5FCD7E88E5E9,0,0.0888816287297
CC_5FD6369B65DE,1,0.711019038857
CC_5FD9AAEDB6AD,1,0.152228214047
CC_5FE98B946015,0,0.301173051959
CC_5FE9D2A58F1C,1,0.816223547063
CC_5FEBBA41A756,0,0.693735040947
CC_5FEC80143324,0,0.143880923045
CC_5FF19A49A1AA,0,0.0774657358428
CC_5FF2518E9ECE,0,0.23923980175
CC_5FF3BC563935,0,0.0845274991861
CC_5FF63EDAEFC7,1,0.10145118588
CC_5FFD3F514961,0,0.207402867641
CC_60011886B18D,0,0.117904560679
CC_60029C11BB31,0,0.0806664998749
CC_6009B225BD4C,0,0.21591331858
CC_600C61B5434C,0,0.202005012934
CC_601C9DE2DDFB,0,0.154506247921
CC_601DD98C7995,0,0.161000485365
CC_6020E07CBE4F,0,0.105815376742
CC_602128E29F3E,0,0.11181499244
CC_602703C173C9,0,0.153213206113
CC_60283C805DC8,1,0.300446882526
CC_602D13BE194A,1,0.0942328948655
CC_602D22FF9B90,0,0.56013727986
CC_602FDAE430CB,0,0.278298486304
CC_6030FAC6D779,0,0.131790087081
CC_603388F075F7,0,0.178980540894
CC_60376A8920BC,0,0.10698065669
CC_603A5F17571E,0,0.360557060873
CC_604002684874,0,0.320582351488
CC_6041A80E0759,0,0.124061477782
CC_6042573740CE,0,0.153778595159
CC_6044D44E0C41,0,0.236191680826
CC_6046BF850936,1,0.757037474633
CC_604A516F77ED,0,0.0800704456962
CC_604C11E16B1B,0,0.113477609777
CC_604F471816AA,0,0.192803609366
CC_604F77EC7832,1,0.12767529121
CC_6052E7EA9070,1,0.20387388755
CC_60575B31C16B,0,0.0989087072541
CC_605963A1D8D6,0,0.0553387903004
CC_6059CB778E95,0,0.0764526071279
CC_605B09C3CBA4,0,0.150679078665
CC_605B760C80FD,1,0.847765731274
CC_605ED147BEF2,0,0.161901544248
CC_605F5C926875,0,0.114434815
CC_6064FBCD4095,0,0.178505403256
CC_60674897B248,0,0.141541410418
CC_606977217704,0,0.679505655745
CC_606D66F88AD6,0,0.0681181196818
CC_606F1F918A72,0,0.0850219133713
CC_606F374ED436,1,0.784729329064
CC_6071A9625DCF,1,0.711449364202
CC_6073863E8915,0,0.109342901495
CC_60761F2762D7,0,0.249063237755
CC_607878304942,1,0.278002032946
CC_60788A418952,0,0.100949338154
CC_6079C534A9D1,0,0.0847507847877
CC_607A1C301E47,0,0.140640945011
CC_607ED94D671E,0,0.0879163861258
CC_608580335870,0,0.0856788227681
CC_6085F311526E,0,0.0872845214925
CC_608AB553667B,0,0.0929639250694
CC_6090AA35A3B8,0,0.137024199333
CC_6092617B069E,1,0.629919443824
CC_609459082614,0,0.182176872307
CC_6096B142B1E2,0,0.214656852331
CC_609703576DFA,0,0.171450564796
CC_60971DC45872,0,0.273158573114
CC_60998D5A29E3,0,0.0801529278126
CC_609F9D794C70,0,0.207265746793
CC_60A05F8F1482,1,0.301678345089
CC_60A3420FF02E,0,0.144802818049
CC_60A4E94F0764,0,0.0577185695161
CC_60A52D1FF3C5,1,0.883635766791
CC_60A7824A13A6,1,0.535564192689
CC_60AA6C659516,0,0.177122283675
CC_60ACF2FBCD5F,0,0.0918959064527
CC_60AD71AC1C1B,0,0.099214107313
CC_60AEA1F73E71,0,0.0782771130355
CC_60B08AFF7B2B,0,0.212078069244
CC_60B1C9D28605,0,0.138974534269
CC_60B4B03A9535,0,0.120610578884
CC_60B7F81357C9,1,0.556409037441
CC_60B81EE374B7,1,0.125690743219
CC_60BA0D6846D2,1,0.548759488616
CC_60C05AEFD1CB,0,0.082153657343
CC_60C498112E99,0,0.0910198732455
CC_60C4C35DB3CB,0,0.0870103821916
CC_60C643AB1FE1,0,0.429779827283
CC_60C9946B65E7,0,0.289097603873
CC_60CC681BA68F,1,0.627859473181
CC_60CD88CA20AA,0,0.337638934685
CC_60D09A6226CF,1,0.307765152451
CC_60D187C49A4D,0,0.11750382192
CC_60D555D44603,0,0.16109980646
CC_60DF28C07E2E,0,0.0805992608105
CC_60E34B2EBBDD,0,0.255733741248
CC_60E3C5858095,0,0.0954444785643
CC_60E436F164B4,0,0.0788576119394
CC_60E68F7AF367,0,0.0945508745269
CC_60EF0DB49CD5,0,0.166089226988
CC_60F03570608F,0,0.266210435216
CC_60F1031D47AD,0,0.191239746912
CC_60F1AEDA015B,1,0.0764592355244
CC_60F2B82989FB,0,0.152100256278
CC_60F781520041,0,0.345368464305
CC_60FC218827D9,0,0.206524341955
CC_61000758BD8C,0,0.14526507463
CC_61010C992C0A,0,0.753009752684
CC_6101798A8245,0,0.122146547096
CC_61023172E7F4,0,0.110982900523
CC_61090C7C5EE7,0,0.0717135606874
CC_61093F3D8676,0,0.691211679502
CC_6109D89BC155,0,0.095481063431
CC_610BC8339FB6,0,0.215419408151
CC_610FB78752DA,0,0.123339938148
CC_6113FCAAE1EF,0,0.140795868255
CC_611FC470A7EF,0,0.113014860203
CC_612073F1E9F0,0,0.0806432109702
CC_6121D533F3BD,0,0.119203243793
CC_612286E3EB1F,0,0.0847195095362
CC_6124ECE0820B,0,0.0964860274458
CC_61256FE29999,0,0.104126958159
CC_6129896E07F1,0,0.347154330939
CC_612AD26AB030,0,0.134212770578
CC_612C22592825,1,0.129097095666
CC_612D82D53287,0,0.490891289051
CC_612FF340B1E6,1,0.362356711388
CC_6131274895B5,0,0.160194244377
CC_6133953D7210,1,0.163155016389
CC_6133AFADBCD1,0,0.138818743081
CC_6135926E46E1,0,0.120504310374
CC_613A503E0941,0,0.107173855003
CC_613B546BDB4D,1,0.149300704886
CC_613CF1EC1E43,1,0.279277476826
CC_614021684547,0,0.0813653703066
CC_6147FCD5A15E,0,0.104261776663
CC_61495114B408,0,0.135104324763
CC_614C04C88F69,0,0.0828785286024
CC_614D3E1159DA,0,0.131471219715
CC_615288A88E7B,0,0.104992374244
CC_615464811440,0,0.167101828356
CC_615C10F60DEC,0,0.106946467615
CC_615DE73BFCC4,1,0.214684075989
CC_615E08467F56,0,0.134055455724
CC_615EA8D2C93D,0,0.125825571493
CC_615EC3CADF8B,0,0.0889879574531
CC_615F83779A48,0,0.103875576293
CC_6167B1898866,0,0.12920905559
CC_616A119D9795,0,0.199684726372
CC_616D418B38B3,0,0.143355657552
CC_616EF9719CA9,0,0.0751959868857
CC_6172674DF945,0,0.0796500164416
CC_617A4D01F055,0,0.13169602492
CC_6181D6D9D1DF,0,0.145372779246
CC_61850FB039A4,1,0.207018619916
CC_618B4F0FE660,1,0.130838601019
CC_619209DCE38B,0,0.579620435324
CC_61980A11C43F,1,0.253248968928
CC_619989735632,0,0.105081025763
CC_619D1FE26800,0,0.116105849796
CC_619F90F60778,0,0.110638502601
CC_619FA8EDDE2C,0,0.0539691982353
CC_619FCFAD4011,1,0.540571623283
CC_61A1857C4FC6,0,0.0596435710597
CC_61A30FCAFC1D,0,0.167279246182
CC_61A330EC8D44,0,0.15065078377
CC_61A38D97007D,0,0.104891234143
CC_61A5692AA650,0,0.216919667127
CC_61A63BA9C63F,0,0.209815191222
CC_61A682FE9FCA,1,0.685832980294
CC_61A72F992ADC,0,0.212956610871
CC_61A9FFAE9470,0,0.0871933769949
CC_61ABF44DCF1B,0,0.123039878324
CC_61B4E7C3A876,0,0.0647959036146
CC_61B530CD33B7,0,0.0795884037894
CC_61BB9A22D678,1,0.0738594098463
CC_61BF6485310B,0,0.116631579036
CC_61BFBC5D3D29,0,0.416070694788
CC_61C1F71FEC20,1,0.208688586722
CC_61C278587396,1,0.227137190245
CC_61C4A48F60C0,0,0.212309034556
CC_61C724A27D66,0,0.0518738471393
CC_61CA81CA495E,0,0.253003980099
CC_61CBEAC71844,0,0.213826866696
CC_61CD0AB80E4E,0,0.087913469019
CC_61CF32B74A00,0,0.119209467899
CC_61DC930A9BDC,0,0.115184895911
CC_61DDF50F4293,0,0.0980762501019
CC_61DF4D34EC9B,0,0.131056682701
CC_61E04FE5D349,0,0.404488383781
CC_61E93A9F25EC,1,0.262378803307
CC_61EE07C127EB,1,0.514240979874
CC_61EE3C33DE24,0,0.153085504949
CC_61EE503A3388,1,0.105076349843
CC_61EE895A926F,0,0.118355458065
CC_61F047CE0DAE,0,0.104276846761
CC_61F386A73926,0,0.261002664587
CC_61F4D3B5C233,0,0.100308800949
CC_61F5CC077AE1,0,0.128894033683
CC_61F5F26C3E46,0,0.328190843446
CC_61F7B219A3B1,0,0.0945423927216
CC_61F91759D81D,1,0.683324203444
CC_61FD2EC9C2DD,1,0.210033659268
CC_6201A0297C0C,0,0.525313993773
CC_6202E4782501,1,0.859724888741
CC_62033D8F0EB5,0,0.0986262577988
CC_6210E9ED6E3D,0,0.184350632471
CC_621238FE3B79,0,0.118748545351
CC_62183B2D5AB7,0,0.0930628810555
CC_621869BD42B3,0,0.0808865376266
CC_6219A7B37E44,1,0.174322747894
CC_621C3FDED659,0,0.291729626455
CC_621D3A06B544,0,0.0925939609009
CC_6220B11E59EC,0,0.0949232094018
CC_6221C4CEE5E7,0,0.216130379104
CC_62225BCECE98,1,0.0734838338856
CC_62261DF9AF77,0,0.0665371291399
CC_622945AA63AF,0,0.188266053371
CC_622A575BB937,0,0.4662416794
CC_622B70F0EAF6,1,0.266087502105
CC_622FE65463B1,0,0.210214218016
CC_623015D7FA69,0,0.0808596143184
CC_6238A097CBA3,1,0.633074416248
CC_623B5CF8761E,0,0.0916686028282
CC_623C71EC3835,1,0.297095888765
CC_623ECE90F97B,0,0.143851326828
CC_623F394742BB,0,0.0724719637492
CC_62401CE4D5BA,0,0.0862565708841
CC_62411E9C9F1F,0,0.129184545391
CC_6244D7BE3069,0,0.092175933698
CC_62477D8ED8C6,1,0.123756536734
CC_624AD49F5039,0,0.112356315696
CC_624C697F8FFE,0,0.148700284218
CC_624CD89D6412,0,0.094675376114
CC_624E27490179,0,0.407638025376
CC_6251084C5028,0,0.0878240380702
CC_62575D28F444,1,0.359775274355
CC_625765750873,1,0.423879987531
CC_6257B327DF7C,0,0.156987890974
CC_62589B1BC045,0,0.31240577582
CC_625A629E8237,1,0.216501823026
CC_625DD3FD82F4,0,0.118357450489
CC_626298EB88E6,0,0.443723092935
CC_626406407709,0,0.129612359561
CC_626644AD00BF,0,0.0685127350122
CC_62672F50686D,0,0.322595894858
CC_6269A628DAC8,1,0.85873395544
CC_626D648928BE,0,0.118302833857
CC_626F69FD6818,0,0.280883800905
CC_627EF4807864,0,0.0866400328319
CC_6284803FF4AB,0,0.131977150681
CC_62866610BC9D,1,0.192371499306
CC_628A8FF4E6D2,1,0.107293944673
CC_628ABDB50E9E,0,0.140408543918
CC_628AD2B813F5,0,0.0846917834557
CC_628B24765A40,0,0.202257039387
CC_628C4F280031,0,0.122874052616
CC_628CD11886B4,0,0.31823263008
CC_629062C995B9,1,0.766197593463
CC_62942040AE91,0,0.0978000370503
CC_629478DBA13B,0,0.0959039613655
CC_6295C8A1A453,1,0.0955269520505
CC_6296A9282A2B,0,0.0817418933938
CC_629752CF5894,0,0.138140320928
CC_6298E7345317,0,0.148356476471
CC_629C7144A086,0,0.0961600651275
CC_629C91E4C5AE,1,0.291264718692
CC_629D0A01DB73,0,0.120496703372
CC_629EC2C1AD3F,0,0.175576160764
CC_62A535235562,0,0.124950709231
CC_62AF63EFC5EA,1,0.730558807495
CC_62B32FFE805E,0,0.142018262966
CC_62B35E72FD93,0,0.0801424128132
CC_62B42BB84850,0,0.116575932117
CC_62B68A5E3BEC,0,0.0923099720316
CC_62B6CE7C5586,0,0.0803048781888
CC_62B796AEE645,0,0.129901855271
CC_62B8555A0BEB,1,0.166395863944
CC_62B9E92ADD0B,0,0.163429158891
CC_62BD1788DE86,1,0.679764857192
CC_62BD9CD530AD,1,0.698970287348
CC_62BDF11655F6,0,0.118219820469
CC_62BEF6EDF3BB,0,0.0160954627872
CC_62BF999F860E,0,0.0861294831371
CC_62C95DADF27D,1,0.594801307768
CC_62CBBE5529C7,0,0.0938953440668
CC_62CDB0BE4148,0,0.17021699523
CC_62D10BE07C84,0,0.257007183108
CC_62D719CE817F,0,0.114872433025
CC_62D84FA3C5C8,1,0.44949088964
CC_62DCA8358995,0,0.101599191745
CC_62E33499B1CF,1,0.23843748338
CC_62EA86503043,1,0.64785832633
CC_62EC25DB659E,0,0.161024431058
CC_62F03A013FCA,0,0.0876438960849
CC_62F17284D37A,0,0.0725140887712
CC_62F56A426FC9,0,0.697662567433
CC_62F81D5F4E7D,0,0.0927394981646
CC_62F82E6F4A53,0,0.110868280911
CC_62F90F96E72D,0,0.611804290364
CC_62FCA13D1F3F,1,0.796707658877
CC_630023881ACB,0,0.0980678553023
CC_63022EFC1995,1,0.0734966228142
CC_6302909DACFF,0,0.100075909203
CC_6302C5FEB27B,0,0.0766321672984
CC_6304E5CBCCAC,0,0.115911594574
CC_6307387814FD,1,0.574758950505
CC_63085C7D29C5,0,0.221857504817
CC_63096DA6A37A,0,0.123229163919
CC_630A56D73FCA,0,0.0694193523014
CC_630BA25A56E5,0,0.214708970371
CC_6312AD0559D4,0,0.1131406336
CC_6312F3F37C5C,0,0.279655939505
CC_63141CBD6FC2,1,0.674147491112
CC_6315863515D1,0,0.187740581028
CC_6315D34FDC19,0,0.161360231134
CC_6319C2E46071,0,0.0877272476877
CC_631C7D55088B,1,0.930939710811
CC_631FE32C30FB,0,0.0981919201887
CC_63200D1ACD51,0,0.164206044189
CC_6323123A2626,0,0.196719796797
CC_6323A55116F1,1,0.116629691131
CC_6324CC2A1688,0,0.0881739097146
CC_6324D56D2CCA,1,0.112322706404
CC_632AFA2154CB,1,0.742281226649
CC_6330AF3C51B2,0,0.10117540218
CC_63311745DECA,0,0.140723562339
CC_63315A3ED86F,0,0.0869137431439
CC_6333D4B3F705,0,0.181780653455
CC_6334662BD0DE,0,0.109498198993
CC_6337D5ABA3DD,0,0.0965229384288
CC_6344C7BEFCCC,0,0.0867949874784
CC_63455B6BF379,0,0.283048091239
CC_63468B4B2F66,0,0.115354989633
CC_634774D61E5B,0,0.220747526591
CC_634FAE670492,0,0.104958243766
CC_634FEDD72039,0,0.162771804955
CC_63503D078B3D,0,0.194010918165
CC_6352C930E78C,0,0.106044995663
CC_635542F23896,0,0.173398222391
CC_63567A92295D,1,0.884507259603
CC_6357FF155364,1,0.0973752310974
CC_635A05142AA8,0,0.0903085476432
CC_635FBB564661,0,0.718341485794
CC_63610577E7CF,0,0.293048062405
CC_6361DFB16AB0,1,0.298204686333
CC_6362B6E5E289,0,0.241055832749
CC_636630045385,0,0.181828180877
CC_6366B6A08E67,0,0.683542718507
CC_636A3AD7E6AF,1,0.351350424327
CC_636DFECF5742,0,0.169146034618
CC_63715477AC58,0,0.119479915263
CC_63722928B97F,0,0.105342055796
CC_63722950D0A9,1,0.194729604549
CC_637473924111,0,0.0868827142757
CC_6374A1C335F7,1,0.463307695266
CC_637935C9270C,0,0.0574498038343
CC_637B1CB29E82,0,0.118854492487
CC_637EE0EFB31E,0,0.151935333187
CC_638613D9902F,1,0.586225129984
CC_638A699C5229,0,0.126791630837
CC_6393DD5AAFDC,0,0.162161251543
CC_63964B01A92E,0,0.318336363638
CC_639B00920868,0,0.332997794154
CC_639B58127BBF,0,0.153134591751
CC_63A4A3AC8395,0,0.570334599375
CC_63AB9E51C085,0,0.20487586621
CC_63ABFA861C36,1,0.625562998119
CC_63ACAD487D97,0,0.127894580627
CC_63ADBF969BAC,0,0.0791644553501
CC_63B33F3229C4,0,0.0857026055516
CC_63B5BF219125,1,0.578804303488
CC_63C43321A9B6,0,0.225643039035
CC_63C745DD780B,1,0.0565868262536
CC_63CCB151B20F,0,0.363086894781
CC_63D488E02EA6,0,0.119939818721
CC_63DCAFDBEC41,0,0.0839451462479
CC_63DFA40012C1,0,0.151131899974
CC_63DFEB6735DA,0,0.116844861385
CC_63E4E44048C1,0,0.273931251243
CC_63E886099AAC,0,0.172662286715
CC_63E972A4955B,0,0.0976692765284
CC_63EC059DF8F3,0,0.14320635184
CC_63EE271E1021,0,0.0679986450901
CC_63EFED94FCF7,1,0.116980644927
CC_63F25BF3EAAC,1,0.581060301902
CC_63F558F740D3,0,0.110204746309
CC_63F5F93AF4ED,1,0.256906807274
CC_63F8EF30F9ED,0,0.204000476234
CC_63FB6F43CE66,1,0.364616151644
CC_63FBC6AA1592,0,0.145161376476
CC_63FC9D0B4E9E,0,0.0779695980214
CC_63FE4F48DD24,0,0.0770943337248
CC_6401198D2933,0,0.0834454935291
CC_64018F3B66CA,0,0.38628761609
CC_6402B248D851,1,0.301668686836
CC_64032402162F,0,0.187755907323
CC_640793060DCF,0,0.109048823307
CC_6408E54EDAFE,1,0.684885648099
CC_641849D9265B,0,0.11101106687
CC_6418CDA17FEA,0,0.137239299587
CC_641AE5C02708,0,0.20839692983
CC_641BBFEF7FC1,0,0.182920022524
CC_6420BC28F63B,1,0.136685033239
CC_64216406C7DB,1,0.681761899769
CC_6421D66532DE,0,0.112179089091
CC_6424165DD30B,1,0.233683553196
CC_64241D80DB11,0,0.383234589575
CC_64283517D896,0,0.107462344363
CC_642A86ADEB68,0,0.0977079036138
CC_642DC6501DFA,0,0.0819991326463
CC_642FB473974B,0,0.0961089179748
CC_6437166A2EF6,0,0.0948530366102
CC_6437A97B2202,0,0.083197546754
CC_643C69A90D24,0,0.104912149956
CC_643CDB07B55C,0,0.188996283372
CC_643D24009571,1,0.296885939168
CC_643E80426955,0,0.537071092839
CC_64410CF07EB3,0,0.139269843839
CC_6443F834372F,0,0.102166413332
CC_644A39C1772E,0,0.196459344485
CC_64521B6F7560,0,0.153943771216
CC_6452323DB518,0,0.108683647238
CC_645424FA8551,0,0.135953770097
CC_6458E3EB862B,1,0.293248460167
CC_645D241A15E9,0,0.260397741172
CC_64643C202222,0,0.167209384817
CC_64685DDF2A10,0,0.0826403875285
CC_6468A5D85023,0,0.102915346898
CC_6469FEE3ABEB,1,0.615250742069
CC_646AC5A1C138,1,0.140542038587
CC_646BF97A9A73,0,0.178116506429
CC_646F53B55EA3,1,0.745513405725
CC_646FCB423C23,1,0.758049535501
CC_64700B18C878,1,0.219415604115
CC_64707467FF3D,0,0.0876132507296
CC_6470B1561E5F,0,0.184987566161
CC_64715BCF201C,1,0.205165737929
CC_6473CB6CB17E,0,0.665050325086
CC_647479336549,0,0.308722697732
CC_647697E6E5FB,1,0.0664675066838
CC_647DCC61FCDC,0,0.136178522658
CC_647F6420A6A4,0,0.151889446452
CC_64883BBF2290,1,0.174093973585
CC_648B7696CBA0,1,0.159354546864
CC_648B8BD684A7,1,0.128364859633
CC_648C2B2DA3DF,1,0.810686311369
CC_64912329ACF3,0,0.135274867135
CC_64938A66D1D6,0,0.202554561609
CC_649455879D59,1,0.656427528971
CC_64947E996543,0,0.772761212488
CC_6495A8365EF4,0,0.0781659062831
CC_649694CB191A,0,0.199671599399
CC_649716555C7C,0,0.231999575173
CC_64979C732365,0,0.12857820311
CC_64996DBFFA99,0,0.112216999663
CC_64AC8B69B624,0,0.0912197544565
CC_64ADBF6B2091,1,0.86368991873
CC_64B12CF3CCC0,0,0.109922124868
CC_64B3EEB7A836,1,0.704286772004
CC_64B4C3D7B1BA,0,0.152319244264
CC_64B5DD24DCEC,1,0.18830541768
CC_64B66CE28968,1,0.101846950113
CC_64B6B1685785,1,0.774879236139
CC_64B7A1E8551E,0,0.120799452859
CC_64B81E700EE2,1,0.171377067587
CC_64BC28CFC089,1,0.148682503234
CC_64C43C2CA5B4,0,0.123229088692
CC_64C4ADCBD9AF,0,0.106237693331
CC_64C6791DE88C,1,0.780132091058
CC_64CB0D42D881,1,0.801823217823
CC_64CB5A85F20D,0,0.0917393802441
CC_64CBC2ECA307,0,0.0886948634702
CC_64CDCC31215E,1,0.214884723568
CC_64D042AA3A98,0,0.146844555095
CC_64D377F85B5D,0,0.0834378521968
CC_64D400D257B7,0,0.150500750332
CC_64D428F67A07,0,0.275464939008
CC_64D8390E01A5,0,0.232466416243
CC_64D94729469F,0,0.0852487349621
CC_64DB7DE22B3F,0,0.0492982057741
CC_64DE220E2B3F,0,0.885984010894
CC_64DE5B10D69A,0,0.136783062457
CC_64E78E632762,0,0.0869330981841
CC_64E8CA77A9D8,0,0.158698831777
CC_64EA1782419C,0,0.110576063759
CC_64ED78299A30,0,0.0602123563521
CC_64F0684AE2E0,1,0.364558809094
CC_64F1B593A628,0,0.159611452335
CC_64F1E384C3D6,0,0.458984203676
CC_64F358BD635A,0,0.168983737141
CC_64F4B9320680,1,0.76335497632
CC_64F518D35568,0,0.127811857889
CC_64F838BD8176,0,0.662174157845
CC_64F875F16D4E,1,0.134996698122
CC_64FD63E84B98,0,0.117647021898
CC_64FEB56A236C,0,0.118518636262
CC_65057E040ABB,0,0.12853319944
CC_6506AE958EB0,0,0.126289381546
CC_6508A0DFA047,0,0.122925591017
CC_650A34C1F02D,0,0.161993296073
CC_651846AFC668,1,0.583055512324
CC_651A41C9BA80,0,0.191887836257
CC_651E1C885465,0,0.111564527721
CC_65210372E9E7,0,0.145099610208
CC_65212CFFCC55,0,0.165217618988
CC_652EEFF2A39E,0,0.112129009051
CC_6531180BE590,0,0.129903346355
CC_6531E3C35674,0,0.11339844619
CC_6531EEFD7586,0,0.238024569727
CC_6536B6234662,0,0.0557512195798
CC_653BE665DD58,1,0.338370598074
CC_653CB16A14CE,0,0.257229361319
CC_653F3B34CE66,0,0.102075674087
CC_654138F52651,1,0.337651655125
CC_6543C10A8793,0,0.770248657035
CC_65493A8C43B0,0,0.382021717448
CC_654FDAE35315,0,0.158225917006
CC_65535066810F,1,0.137269605738
CC_655B02A2967B,0,0.177415447138
CC_655BA62F4F61,0,0.0882312029998
CC_655D484C94B8,0,0.0737697634977
CC_655D937D8015,0,0.146410086855
CC_6560982B1463,0,0.228765821566
CC_65629D5BDD53,1,0.527716289326
CC_65643A7468E4,0,0.103959734976
CC_65654A161207,1,0.311647600197
CC_65681C2F6D53,0,0.0568061676796
CC_656CF961AAA2,0,0.454939909382
CC_657003D1AFA8,1,0.285182803359
CC_65787E61B4B8,0,0.0952976568531
CC_657C00542E81,0,0.237377311141
CC_657E93154D6C,0,0.182876407348
CC_657EA4BC4367,0,0.0811698452114
CC_6582056FA5A0,0,0.139446363064
CC_6584CC094F0B,1,0.231589975585
CC_65861BAB3725,0,0.0778892570703
CC_65880CA58C96,0,0.133255078946
CC_6588A5C5308D,0,0.0766970197681
CC_658E20E5E1C7,0,0.0768985637908
CC_6591EF98C8D9,1,0.80659190021
CC_659684C73C10,0,0.253094587921
CC_659A8E672431,0,0.295692700757
CC_659E67F3AFE6,0,0.17539726174
CC_65A6095D2BB5,0,0.0987009785359
CC_65A9A023FBBE,1,0.234170987178
CC_65AB13517959,0,0.124338979673
CC_65AC322F9CD3,1,0.16650175539
CC_65ADF71D26C5,0,0.223467447512
CC_65AED0DFC85E,0,0.304056316319
CC_65AF1525F44C,0,0.0561490279604
CC_65B9B4D2BBD9,0,0.337249910906
CC_65BCD8EEBF52,1,0.886970093469
CC_65C1E1F9119C,0,0.116543901295
CC_65C1F0F5CB50,0,0.144621286117
CC_65C32C0A5E4B,1,0.0681539223429
CC_65C48C8D8294,1,0.640613628369
CC_65D385EFBBA2,1,0.830853830347
CC_65D4B881617E,1,0.134042426989
CC_65D4F2B2B7DD,0,0.112818985831
CC_65D535957842,1,0.156818733062
CC_65D62649F769,0,0.110610695791
CC_65DAB955631B,1,0.399308933656
CC_65DFF6AD3C56,0,0.0598323111902
CC_65E2C45F00DF,0,0.109600146734
CC_65E4063C0FA8,0,0.335068964204
CC_65E6C9E7C2BE,0,0.198485336936
CC_65E931EB9637,0,0.0911904056284
CC_65E94F723B3A,0,0.0945775789005
CC_65EBB27554F2,0,0.0893791123587
CC_65ECCF5C087B,0,0.140562756082
CC_65ED5632B51F,0,0.0796130675285
CC_65EEE4D6685C,0,0.11632077518
CC_65F11504FD99,0,0.138160612069
CC_65F20619372B,0,0.115720782961
CC_65F2A27A2C71,0,0.145206840759
CC_65F61AA5B35E,0,0.162634732733
CC_65F62689F342,0,0.831845420772
CC_65F74692710F,0,0.621817012365
CC_65FCB2B8736F,0,0.148063056465
CC_65FDBEDE47AF,0,0.126999128959
CC_65FE2D69BFBC,1,0.343762852166
CC_66000D4B6371,0,0.0509450877369
CC_6602F0A1C8E4,1,0.738093962106
CC_6603B1397AFE,0,0.0994119160321
CC_660540F9B05D,0,0.060513383398
CC_6605A95C0FA1,0,0.0511232558218
CC_660B34C8BEA7,0,0.169709759432
CC_6611BA680DD3,0,0.261430412484
CC_6619ADFCE20C,1,0.605871239638
CC_661E788B18EA,1,0.681946214052
CC_661ED70EA2FF,1,0.194297669563
CC_661EEE1B87F4,0,0.13540245935
CC_661F0AFA690D,0,0.0651313990402
CC_661F67324987,0,0.0957104867234
CC_662442868A14,1,0.857939678591
CC_662C37A0A39F,1,0.719644381952
CC_662CEB5EF582,0,0.834980496965
CC_662D8CBDCE44,1,0.748789081753
CC_663138730B8A,0,0.122873589892
CC_66387DFE06F9,1,0.863199381074
CC_6638CB984238,0,0.112753931005
CC_66391FE8F900,0,0.100820800592
CC_663BC23423F2,1,0.152772037398
CC_663C29B9CBC0,1,0.327865144157
CC_663E308761AF,0,0.330869482406
CC_663F65570861,0,0.122416102049
CC_6641FB3D1973,0,0.122161502042
CC_66443E07C339,0,0.232674037054
CC_664A9C9CEE31,0,0.148176033358
CC_664AFA1C747F,0,0.0864289652907
CC_664EB4E7D43B,0,0.282031171916
CC_6652E9A9EB4F,0,0.141608741175
CC_66546F618907,0,0.0993439312512
CC_6654D096AF8A,1,0.131896734881
CC_6659BD09090A,0,0.181563007565
CC_665ABEB839F3,0,0.204638600962
CC_665F5A0435EA,0,0.094504616234
CC_666300E15AB9,1,0.164586762756
CC_66646CEE1B27,0,0.227869882643
CC_66670B0A806B,1,0.121215448474
CC_6667AEE2434B,0,0.0950262609067
CC_666B9B49E2FE,0,0.135768429504
CC_666FF40CC03D,0,0.129553349199
CC_66702E769C10,0,0.746742353215
CC_6671D8B1A11B,0,0.147586819635
CC_6674D4FBB74A,0,0.0899483977974
CC_667804E1DAE2,0,0.41690281462
CC_6678E38AF7B8,0,0.108332928555
CC_667C13B7CA2A,0,0.762623901867
CC_667F4F324AB2,0,0.569835009471
CC_668139E78028,0,0.187910375794
CC_66872746124B,0,0.320216968424
CC_668930507CEB,0,0.122017947415
CC_668C0A60DD9C,0,0.166399346699
CC_668CC8F2265C,0,0.23398528841
CC_6695639CD663,0,0.675313382383
CC_66965430FE66,0,0.0774720230906
CC_669BCE78FC43,0,0.136673315626
CC_669FAD541B40,1,0.0905419518162
CC_66A1E0F6800E,0,0.0365220390036
CC_66A306B4CE9E,0,0.179557673809
CC_66A48672D574,0,0.21046470658
CC_66AAC0860357,1,0.15578775895
CC_66AB225359DB,1,0.156224237918
CC_66AD619251DD,0,0.177280403633
CC_66B09936DABC,0,0.0790143541115
CC_66B37C9DDC3A,1,0.692788836158
CC_66B724079738,0,0.135908988463
CC_66BF18D91E45,0,0.093694392409
CC_66C78801823B,1,0.232245381582
CC_66C9334085A3,0,0.0850643689033
CC_66CA261790FA,1,0.100505018381
CC_66CAD118194F,0,0.0891144886887
CC_66CE1FEC6CA8,1,0.770572500695
CC_66DDAE066923,1,0.817823028617
CC_66DE9C3B6689,0,0.132002616323
CC_66E26A77AC68,1,0.0985902276467
CC_66E90798BF24,1,0.414933361501
CC_66EA801670CE,0,0.0837639718673
CC_66EF49F1F6CF,1,0.655944916928
CC_66F19DAB6417,0,0.123536088739
CC_66F505D54F71,1,0.816740449086
CC_66FA222A056F,0,0.0910960096794
CC_66FA54E8B3D3,0,0.100801044528
CC_66FE6C45C6F4,0,0.142977900035
CC_67016E46A61F,0,0.108414017191
CC_670458DF7918,0,0.567536043619
CC_670556720BDB,0,0.0971873661464
CC_6707B68A4774,0,0.572895348573
CC_670999DB5A1E,0,0.123692705869
CC_67232143508F,0,0.491898956575
CC_67246B4ED7B3,0,0.100844168976
CC_672BC5712B93,1,0.335326640942
CC_672C5FE5666A,0,0.090785347651
CC_672CE82F984C,0,0.120988794309
CC_672E6FF02B79,0,0.134910346769
CC_672F08B35608,0,0.245933660847
CC_673F09D8B541,0,0.136755719582
CC_674024202AA1,0,0.0732506082087
CC_67450C7E7B6A,1,0.15865987113
CC_67466E16A16F,0,0.0931946354682
CC_6747DCEC0AE3,1,0.65841331248
CC_674AE1C0023F,0,0.306658920309
CC_674BA24E77B6,0,0.183390142944
CC_6750DE77FBD4,0,0.0946986008292
CC_675379CAA2A7,0,0.170368566339
CC_6753C5556922,0,0.0866627258572
CC_675509BA0BE4,0,0.112155212874
CC_675572D4E506,0,0.089971995314
CC_675A43EF2993,1,0.211094646674
CC_675EBCA976AB,0,0.144584596293
CC_6767F72D9180,0,0.386155499543
CC_676B165DAE74,1,0.646484157166
CC_676CE1A21AA8,0,0.0691987571809
CC_676D79D64486,1,0.781181064709
CC_677B2907D328,0,0.257961284136
CC_6780098C459A,1,0.5456797909
CC_6781E42C1EF8,0,0.0756026060857
CC_678407AE22AF,0,0.0991062252049
CC_67894871B242,0,0.110501622241
CC_678ABD3B112E,0,0.164645915895
CC_678B02C37B1B,0,0.0846706842087
CC_678BF1851E70,1,0.111309624359
CC_678BFEC8C384,0,0.0800811940875
CC_67933515F7BF,0,0.149320630388
CC_679BC21319EF,1,0.121600136334
CC_679C9EEFA91B,1,0.075099666035
CC_67A3FB218182,1,0.905778079075
CC_67A65C2E3D91,0,0.10032949724
CC_67AABDFBDCB3,0,0.130731110211
CC_67AD2013EB3F,1,0.139108128351
CC_67AD8FC139ED,0,0.102206452891
CC_67AFFBD44509,0,0.433498226865
CC_67B1189A3913,0,0.131378587104
CC_67B1BE13BB47,1,0.166257561793
CC_67B1C7C433F6,1,0.312611411941
CC_67B33C21BC0A,0,0.118187021474
CC_67B568E5D485,0,0.0752012601415
CC_67B6CA2DA7EC,0,0.0855064152221
CC_67BAB47232A4,0,0.0925077822025
CC_67BED50A9C94,0,0.0755725561046
CC_67C367B1D794,0,0.0921212314662
CC_67CA635EE77F,0,0.116588969058
CC_67CAEEB3FC0C,0,0.127640266473
CC_67CC77F868CC,0,0.365204432368
CC_67D238646559,0,0.126517356533
CC_67D47A2617D9,0,0.167865124063
CC_67D480F0697A,0,0.170792275686
CC_67D87C9585C0,0,0.15073481004
CC_67D906DB251B,1,0.191367904358
CC_67D9D038EDF1,0,0.0909570362734
CC_67DD96D6A45F,0,0.228971735143
CC_67E0E0EE74B7,0,0.132755660368
CC_67E8F57A6D75,0,0.0966252035596
CC_67EA5D2E0BC1,0,0.129045412469
CC_67F32FA6B3A8,1,0.176434182389
CC_67F3B67612CC,1,0.623546872568
CC_67F430F40919,0,0.228345480548
CC_67F44AF126E7,1,0.518853116435
CC_67FCE789C26D,0,0.0799353540743
CC_6800B7EF8E7D,0,0.132997747917
CC_6804090809F4,1,0.623692152444
CC_6805BEA482DA,0,0.223016362372
CC_680FA7ADF687,1,0.634211773496
CC_6812C7B13B66,1,0.841537582078
CC_68134EFAC106,0,0.0681202933169
CC_68149EEA2D25,0,0.326145396596
CC_68185556DA27,1,0.623145529613
CC_681AD64466CE,1,0.142246640615
CC_681F6AD4AE98,0,0.14713515048
CC_681FBF9521A0,0,0.0830800812109
CC_6822AB43A21A,1,0.397000949609
CC_682379EFCDCA,0,0.104775137167
CC_682630946491,0,0.61403361923
CC_682681E09B45,0,0.194621785353
CC_682868E6D0CA,0,0.0524130504924
CC_682BEC5D14B2,0,0.752557046266
CC_682C3858C755,0,0.168526404367
CC_682D45019B36,1,0.547292089692
CC_682E10BDB84E,0,0.0749878219299
CC_68342C2CD6AF,0,0.0804406251209
CC_68349820EDF9,1,0.805393529769
CC_683AEA1D74B8,1,0.203404114862
CC_683C556F3929,0,0.123090375446
CC_683DA0D65DE7,0,0.745308724134
CC_683DDA6A18C7,0,0.168719261644
CC_683EB3E0E3AF,1,0.11776589496
CC_68411AE2B64E,1,0.188463856684
CC_6844B6E445D7,0,0.0902764791629
CC_68468D0B3865,0,0.0661848103196
CC_684EBB4538B9,0,0.0504622710845
CC_684F94F5A2BF,0,0.294695507934
CC_68509ABC103C,0,0.138334402089
CC_68527890A428,0,0.205052281936
CC_6852ACD5C8B5,0,0.149944522143
CC_68541FFC06DF,0,0.13515683401
CC_6854BF0E7B3A,0,0.0963670381723
CC_685595790369,0,0.110112397766
CC_68562BC8108D,1,0.303160179007
CC_685EF665541F,1,0.826986844211
CC_6867B3248C01,0,0.440372264514
CC_6869BC55B2BC,0,0.0844040142431
CC_686DBF96689E,0,0.0904137540984
CC_686DCFCAF1AB,1,0.505136980878
CC_6875A0C7B038,1,0.0690313495108
CC_68778D187B74,1,0.617339692508
CC_68783B5283D1,0,0.0828770256024
CC_687D5DAD6014,0,0.10359321215
CC_687E653D5B9A,0,0.13775708872
CC_687F60B70952,1,0.175010408775
CC_6886D19D1C40,1,0.791635494007
CC_688731C529A9,0,0.0799246844277
CC_688A4C98C162,1,0.124633015369
CC_688C1222A108,0,0.0956764618344
CC_688CF57094A8,0,0.174304638889
CC_688DF448C1CE,1,0.522784991876
CC_6896128CFEDE,0,0.148930308866
CC_689BC1EE05A4,0,0.107512565469
CC_68A12AF63D62,0,0.0798112213398
CC_68A34A27A91B,0,0.107168954021
CC_68A49C869570,1,0.178760378939
CC_68A68371D005,0,0.160175318921
CC_68ACFE419F59,0,0.358627773699
CC_68B034838BDC,0,0.272433219313
CC_68B265C9489C,0,0.0778384493821
CC_68B40052A1CF,0,0.167223913017
CC_68B492696B4C,1,0.545494036122
CC_68B52515DF05,0,0.113057856444
CC_68B76CB11DC2,1,0.681384048252
CC_68B78BB06BC2,0,0.116637857683
CC_68BF0C12506C,0,0.119347352171
CC_68BF3BD32C96,1,0.13345379767
CC_68BF96B41CFE,1,0.15995153855
CC_68C0F220DBA9,0,0.152046316346
CC_68C1ACD861CD,1,0.233691502369
CC_68C7135E0AE7,1,0.783667992733
CC_68CAFC191630,0,0.273567619708
CC_68CBF57A5BC6,0,0.120109060501
CC_68CD6C4A8D09,0,0.141973612758
CC_68D03EAD1B68,0,0.769571997451
CC_68D28971FE5E,0,0.286455467954
CC_68D2BB6DF9CF,0,0.0823764505237
CC_68DF3B1FDA6C,0,0.156127614843
CC_68E0146B7958,1,0.142761627644
CC_68E26BDF5B91,0,0.220215986994
CC_68E2E8ABF6CC,0,0.173341478551
CC_68E352B16B0E,1,0.880256635683
CC_68E3F21E8747,0,0.140072783667
CC_68E4A9CE65F2,0,0.0814740942363
CC_68E5A38A9FDA,1,0.19241679525
CC_68E87E827989,0,0.166330408934
CC_68E9C68F43EB,0,0.172333261138
CC_68EA84632A7E,0,0.0624926864003
CC_68EED2A17D2B,0,0.0678789711503
CC_68F40665E2E9,0,0.119564222774
CC_68F54937BE03,0,0.0720156922369
CC_68F90B4225F5,0,0.183834347083
CC_68F9E99BDA08,1,0.319769124553
CC_68FB4441B662,0,0.143488847889
CC_68FBAECEFDAA,0,0.25241909791
CC_68FE792C1436,0,0.187211463321
CC_69017C732DFF,0,0.219545553685
CC_690385DE9014,1,0.417892018587
CC_6904BFAB8102,0,0.123340546155
CC_69068E93BD7C,0,0.0929038567137
CC_69070CB634E8,0,0.109557687329
CC_690B6325A4EF,0,0.10744822116
CC_690EC5DC9486,0,0.0714969445246
CC_6911F8AF8FF2,0,0.120431560868
CC_6912EFFF714C,1,0.459439030015
CC_6913D2FBF143,0,0.332004239806
CC_69176ECAD8C0,0,0.109507072139
CC_69182CCD02E0,0,0.251468555488
CC_69199F77436D,0,0.135936063998
CC_691BB091F4B1,0,0.0741121947554
CC_691CC5FCBAAB,0,0.184727056703
CC_6921DE0E336A,0,0.0771403940015
CC_69231106E3E0,0,0.160192830777
CC_69237502A244,0,0.0873530115148
CC_692471232A94,1,0.167717513445
CC_692A91971E02,0,0.418541187682
CC_692C0F9A1169,0,0.0876458970707
CC_692D6D406B2B,0,0.200681418531
CC_692E2E0D0BAC,0,0.117314116662
CC_692F61F36E61,0,0.0975289529347
CC_693209A56143,0,0.100790130621
CC_6932F0432539,1,0.462535527276
CC_6932FEF179AE,0,0.102169350036
CC_694036FEB699,0,0.0954617616081
CC_694087A29B0F,0,0.110707622992
CC_6941BBA972AF,0,0.0857339367103
CC_69434AB552F0,0,0.113221541127
CC_6945F09EE995,0,0.0891178056195
CC_6947D897EB7C,0,0.11551528275
CC_695011EC6CA1,0,0.177657390221
CC_6957920C6F49,0,0.12248858504
CC_695C5B845FD2,1,0.299269889232
CC_695D088A758B,1,0.483265961019
CC_695D420B9A12,0,0.0931205146043
CC_695E1B82521C,0,0.117900148359
CC_696404EFD990,0,0.0305328428202
CC_6965FE4706F9,1,0.188966910594
CC_696887CAA9DD,0,0.157154777873
CC_696C965A2540,0,0.0654210674208
CC_696D784429CF,0,0.188587996226
CC_696F2D66A2D4,0,0.165884770665
CC_69707E33235B,1,0.690062132285
CC_6974EC6839AE,0,0.109062734845
CC_69774FF5B0B7,0,0.051277685834
CC_697EC98313DB,1,0.186180553057
CC_69821D3F613C,0,0.0772158456247
CC_6984A9C1B696,1,0.128552880631
CC_69878DB176BC,0,0.0914977366309
CC_6989BBF7A40F,0,0.0624365853236
CC_698B24CCAC6D,1,0.0922324129278
CC_698BA3F709EF,1,0.132225402961
CC_698BD67E7EE9,0,0.148141224177
CC_698D1AD18611,0,0.0954940328789
CC_698DB84F8F86,0,0.18947832326
CC_698E179C5F2E,0,0.104472106426
CC_698ECFA37D54,0,0.217575919685
CC_699472340212,0,0.0756206203297
CC_699A2EDDCD3B,0,0.170349011226
CC_699A58B7D87D,0,0.141944984499
CC_699B583B9C43,0,0.0685472316354
CC_699C5393E3EB,0,0.0756118706639
CC_699E22601934,1,0.425660095285
CC_699F59D52F5E,0,0.0652266059729
CC_69A692D85387,0,0.115391530337
CC_69A74ACB984D,1,0.658358564671
CC_69A8214506D7,0,0.1008211973
CC_69A8AA95FC43,0,0.414912806569
CC_69ABAA8AEA67,0,0.0659641689708
CC_69AC03EB0487,0,0.23713312894
CC_69B1173EFF47,0,0.16226335386
CC_69B54102C1AE,0,0.110817869565
CC_69B674F2D9B3,0,0.118555674501
CC_69B919991D50,0,0.0747164859866
CC_69B9C694E239,0,0.178790371962
CC_69BADFCBA9D1,0,0.164570536083
CC_69BD91999FC3,0,0.0897167179232
CC_69C166A4933B,0,0.0609571763858
CC_69C49FE88552,0,0.253429956719
CC_69C8E2EA182E,1,0.29782566808
CC_69CBF61BA994,0,0.21667582073
CC_69CCA2FA0084,0,0.0674372016108
CC_69CD58AF5F89,1,0.240960404513
CC_69CE881542E7,0,0.108704992845
CC_69CFCA78EF10,0,0.0968908247098
CC_69D57DBB6494,1,0.111256872272
CC_69D6B6E71E6F,0,0.183325367455
CC_69D75D46E610,0,0.186583287629
CC_69D88406816E,0,0.156311947056
CC_69D96257B061,0,0.114411408931
CC_69DC8B86DB60,1,0.886957671931
CC_69DD0D6CB1CC,1,0.465081020863
CC_69E0D45B481B,0,0.225858543184
CC_69E13AAF0287,0,0.727523496312
CC_69E6CA4BA165,0,0.171963804009
CC_69E70B30BD80,0,0.0356281324403
CC_69EFE0AB9FA4,1,0.519605146627
CC_69F1803DE0A9,0,0.0606342373821
CC_69F719B0F305,1,0.132627793761
CC_69F7237CAB9F,0,0.137717131411
CC_69F7DBF6FD01,1,0.637521770511
CC_69FA57001125,0,0.595934490991
CC_69FBD8759225,1,0.128505016578
CC_69FC895E5541,1,0.810595921436
CC_6A00699842D4,0,0.128910828566
CC_6A03D74F0719,1,0.584818214865
CC_6A061C46FE5B,0,0.297163931374
CC_6A080650CC48,0,0.140043174161
CC_6A08246D89F4,0,0.0803770882495
CC_6A120D55B5F9,1,0.283217128798
CC_6A14095033C2,0,0.59873657757
CC_6A189A969595,0,0.178621066083
CC_6A19746C0DC4,0,0.27470347172
CC_6A19F5E9A0E5,1,0.814616370681
CC_6A1A43B543FA,1,0.116055454617
CC_6A1B223E0761,0,0.130087489048
CC_6A1E136745EE,0,0.0938775998254
CC_6A20DFDB9966,0,0.180208681722
CC_6A2121E75EA0,0,0.234059687999
CC_6A2D3E0B8994,0,0.814349086907
CC_6A30D0E5AD22,0,0.117835266482
CC_6A31BF5985FA,1,0.705416269139
CC_6A34D98F8F91,0,0.0936084441456
CC_6A35FB28673B,0,0.641887215831
CC_6A38B1A69BC4,0,0.297407577652
CC_6A38B7DE0CEA,0,0.0914617382744
CC_6A3D027F0926,0,0.0857002745929
CC_6A40BA89C9FB,0,0.276739140535
CC_6A4189969A8A,0,0.102401936352
CC_6A45D850EBFE,0,0.10043779356
CC_6A47683C0DC3,0,0.0518592777846
CC_6A4CBC1735DE,0,0.106026927053
CC_6A4DB70B6846,1,0.671987215811
CC_6A51E799DACE,0,0.0793176864436
CC_6A5C4D268706,0,0.0773251153339
CC_6A5C5D7C6CDE,1,0.787501779046
CC_6A6036128C41,0,0.105855315066
CC_6A62D1D309AF,0,0.0809172376172
CC_6A643E725866,1,0.331776255164
CC_6A65A2FDFAB6,0,0.131684059525
CC_6A661FEFB6A5,0,0.317015472473
CC_6A6C9CB2E91E,0,0.0918217479255
CC_6A706D97F751,1,0.142402153887
CC_6A7232D59F1C,0,0.076282070801
CC_6A77F7E0AFAB,0,0.0745547625242
CC_6A78D63C7B88,0,0.290849860085
CC_6A8668936512,0,0.368613163734
CC_6A872C1EF0B3,1,0.20788929128
CC_6A88029C385E,0,0.189430087623
CC_6A8B550A481F,1,0.383902523652
CC_6A8CF4A7C65F,0,0.0901846571411
CC_6A8E4C02227B,0,0.104944517112
CC_6A9C4F55DB51,1,0.45088314603
CC_6AA454A3055C,0,0.108004223187
CC_6AA6C43174D2,0,0.154754657519
CC_6AAE950ED1DA,0,0.198776617562
CC_6AAFB4D46D66,0,0.135916304166
CC_6AB6A1FEC0C0,1,0.728749775827
CC_6AB8535E1917,0,0.147050784824
CC_6AB9FCF7993D,1,0.301828647386
CC_6ABA8380DD61,0,0.158744740103
CC_6ABB5DB4E475,0,0.114353890972
CC_6ABB8FA70605,1,0.757053912702
CC_6AC66F95C550,0,0.263039103331
CC_6AC7F69E33A6,0,0.350147556663
CC_6ACAB4B6CE54,0,0.156693103422
CC_6ACBAC70F77D,0,0.0978702437404
CC_6ACF08D13AC6,0,0.140445954994
CC_6ACFE1296766,0,0.090579714723
CC_6AD1B293BFC5,0,0.0806884082911
CC_6AD534027B30,0,0.227672196162
CC_6AD62350E590,0,0.0935055627449
CC_6ADC1CA18525,0,0.0649751638669
CC_6ADC9F011F87,0,0.211891519082
CC_6AE453FD268A,0,0.0857520978067
CC_6AE804C71613,0,0.507465121264
CC_6AE845EE7579,1,0.116643289224
CC_6AE9D0068FD7,0,0.105422734358
CC_6AEC86D7375B,0,0.130710635035
CC_6AEE03D0B9A3,1,0.839431717819
CC_6AEF26D98312,0,0.132796474159
CC_6AF0F156FB89,0,0.136631686273
CC_6AF5F5173925,0,0.129855667187
CC_6AFADD9FFFA8,0,0.0429354568127
CC_6B040C43432B,1,0.499060185846
CC_6B0623523263,0,0.221387902205
CC_6B06501B1544,0,0.125683462105
CC_6B06E38FA7D8,0,0.207498969305
CC_6B0E89069CE6,1,0.173117936571
CC_6B0FA22EB394,0,0.0913368131727
CC_6B15B0520C94,0,0.0802651118014
CC_6B16EBB73F1A,0,0.128331537342
CC_6B18A7A99677,0,0.08863892043
CC_6B1FC5D49048,1,0.629072033548
CC_6B221E1CEDF2,0,0.174293996603
CC_6B2762A90AB2,1,0.528292354366
CC_6B2F3CAD34E1,1,0.0809323197439
CC_6B2FDDD0D7FF,0,0.117828806469
CC_6B335F5747C8,0,0.154904456162
CC_6B391A38EE5C,0,0.0951906440703
CC_6B48AB9FFB8E,1,0.104171844101
CC_6B49E1F42DEC,0,0.111751947854
CC_6B4EAAF8FE1E,0,0.171891765914
CC_6B51F020B477,0,0.221750886856
CC_6B5368966426,0,0.246689002638
CC_6B553898B0C2,0,0.139426220015
CC_6B592B8827BD,0,0.118268161281
CC_6B5CBDCE0927,0,0.105627393327
CC_6B5D73B32D06,0,0.134313607975
CC_6B622825525D,0,0.147720315612
CC_6B64D19754F2,0,0.188847472833
CC_6B6A36116FDF,0,0.0701559007566
CC_6B70C0BC12C0,0,0.0926019845305
CC_6B76927A2B17,0,0.0876592868198
CC_6B7738F7F381,0,0.0917912878585
CC_6B776D13A55A,0,0.0680807972317
CC_6B777349CC2E,0,0.0856220205087
CC_6B7D2901D7DF,1,0.133225609279
CC_6B7DFD2E96BF,0,0.0926528142802
CC_6B810A71085A,1,0.808096045276
CC_6B819B2A7873,0,0.0900610204133
CC_6B8387800ACA,0,0.134596375881
CC_6B840E57A9BD,0,0.11888347126
CC_6B8DC490BE3A,1,0.249880045516
CC_6B8DC861D19E,0,0.0962923941135
CC_6B8E93EB69B4,0,0.0930973666591
CC_6B904745C120,1,0.277984769444
CC_6B91E2BA4D8A,0,0.103506798858
CC_6B97895A9B33,0,0.0945776547377
CC_6B98D3CDB2D9,0,0.166725512667
CC_6B9EF56EE88C,1,0.77412188768
CC_6BA0B35D71CC,1,0.635276500798
CC_6BA5F4BB1C36,0,0.0675037514654
CC_6BA85D376EA3,1,0.199026016622
CC_6BA8FAF791E9,0,0.13468306634
CC_6BACE1E465D0,0,0.0846223483688
CC_6BAF777D4CDC,0,0.0922774590638
CC_6BB434F24B65,0,0.1923512177
CC_6BB4A898E048,0,0.124915817629
CC_6BB5DB7F431A,0,0.143474406897
CC_6BB62B9D3BC3,0,0.612268346025
CC_6BB9FC5315D3,0,0.294721035288
CC_6BBCC6F0325F,1,0.0596801498065
CC_6BBEEED3E64F,0,0.327745337955
CC_6BC144859881,0,0.0317347491291
CC_6BC36AC21F48,0,0.0728037666634
CC_6BCB06C6B112,0,0.133566291167
CC_6BCB74BE94ED,0,0.390437552531
CC_6BD0AC4A160F,0,0.253830131811
CC_6BD1B1B9B064,1,0.210556825257
CC_6BD26F209C34,0,0.18654198397
CC_6BD2E853A289,0,0.108689264745
CC_6BD36A7B2F0D,0,0.0925833456538
CC_6BD42003FC37,0,0.173363005288
CC_6BDB50210B5D,0,0.427948383683
CC_6BDB5CF39811,0,0.329513428906
CC_6BDC0EB2386D,0,0.140067294068
CC_6BDC2C155F52,1,0.191612128245
CC_6BDD851D812F,0,0.173400186483
CC_6BE2980F780B,0,0.108126551007
CC_6BE9E964B01E,0,0.0628135025917
CC_6BED2C1B62B0,0,0.113957611516
CC_6BEE01374922,0,0.0832602599633
CC_6BEE6E47AF58,0,0.0994654466811
CC_6BF062B294AC,0,0.109597369917
CC_6BF10C1DB435,0,0.114181577231
CC_6BF47B5A43C7,0,0.0579413362101
CC_6BF4C88378D0,0,0.0688775078458
CC_6BFAF634010B,0,0.118099686924
CC_6BFBE309A968,0,0.196246340076
CC_6C0321D3D47E,1,0.407602112767
CC_6C0395B27B58,0,0.884759166393
CC_6C0683C38C71,0,0.125668189048
CC_6C08CBA93460,0,0.154422834554
CC_6C0D5D157D4C,1,0.172010462639
CC_6C11350A7134,0,0.221732547855
CC_6C11A4CB1719,0,0.151462783676
CC_6C14140B60A2,0,0.0843892776852
CC_6C14E56AD78D,0,0.136866627284
CC_6C1A7287CA0F,1,0.838512194022
CC_6C20703AA012,0,0.141596738492
CC_6C2431507647,0,0.235916549882
CC_6C29AA0F5F1D,0,0.0964851910213
CC_6C29F4D1D068,0,0.184392083562
CC_6C2AB7D1FF45,0,0.12605578934
CC_6C2B91997047,0,0.0747740643791
CC_6C2F09109795,0,0.13300158049
CC_6C2FFB25BE2A,1,0.735193816563
CC_6C302F0CE13B,0,0.233028824667
CC_6C327D9208AE,0,0.154386935927
CC_6C32D3CB3100,0,0.166864365514
CC_6C34FF640DED,0,0.12129608818
CC_6C35640D5E9A,0,0.715101658631
CC_6C35F94301D3,1,0.149888797752
CC_6C3D2D058882,1,0.240662917218
CC_6C3E5AA1AC3B,0,0.0485456385863
CC_6C436801274C,0,0.0894718160563
CC_6C44ED518620,0,0.245053569796
CC_6C45E1B0FD68,1,0.548507789663
CC_6C4CCCCDE7EF,1,0.118603220727
CC_6C4D6820D258,0,0.120249134726
CC_6C5137B95704,0,0.0904394686238
CC_6C514E72E87B,0,0.133718885463
CC_6C523A9AA694,1,0.109891570781
CC_6C53DE145D18,1,0.404183526465
CC_6C5AC579CFD1,1,0.181164698
CC_6C5DD5D530FB,1,0.285842555149
CC_6C624859D400,0,0.078402909131
CC_6C6D321EF665,0,0.106633342356
CC_6C6D3705F652,0,0.0938405487794
CC_6C6F9D117EDB,1,0.215731060759
CC_6C723182C131,1,0.151257943273
CC_6C729FA363C0,0,0.071122303438
CC_6C72C51B5B84,1,0.12632569109
CC_6C75AEAC877D,1,0.417943462023
CC_6C760954209D,0,0.16880612689
CC_6C77066F627C,0,0.671928901581
CC_6C7830F1A337,1,0.626990024061
CC_6C7F3129653C,0,0.232350050867
CC_6C7FD16E66B1,0,0.100505266022
CC_6C8577483349,0,0.0822925417885
CC_6C876DADE62F,0,0.0841975289844
CC_6C87C0D7ED2D,0,0.104175696802
CC_6C87E6E2BC35,1,0.0785539111313
CC_6C89C270BEAF,0,0.049081739448
CC_6C8E3423161A,0,0.144835426985
CC_6C8F77F8D8C6,1,0.129188325678
CC_6C9214A1DD8B,0,0.104176563117
CC_6C9FD5C95754,1,0.662917726185
CC_6CA433C0AB49,0,0.0795381423225
CC_6CA473EDED32,0,0.0809922864097
CC_6CA85B0A97E0,0,0.117678191749
CC_6CADF14E6490,0,0.259831113593
CC_6CB074AA615F,0,0.160461601769
CC_6CB0985AB80C,0,0.111191169639
CC_6CB0D1D0665E,0,0.124257399041
CC_6CB66B0F96A9,0,0.072966547547
CC_6CB7A2BE9A17,1,0.928029216476
CC_6CB7DEB209C3,0,0.118927506835
CC_6CB84A025863,0,0.0738678285459
CC_6CBD141A4C20,0,0.132832812382
CC_6CBD5FCE0D70,1,0.0755432732669
CC_6CBD9A546B98,0,0.106721417844
CC_6CC1F00B55FE,0,0.0388589343563
CC_6CC2568521F0,0,0.206641948549
CC_6CC2697A8F81,0,0.0778733003922
CC_6CC2F849ECAB,0,0.0919743201262
CC_6CC7949FE0AC,0,0.296008454049
CC_6CCB0E9FC922,0,0.0966421364184
CC_6CCB1499C679,1,0.409835458834
CC_6CCE085E7BDF,0,0.193222984637
CC_6CCF9B03A597,0,0.115774887968
CC_6CD21BF9564D,1,0.844865704561
CC_6CD994CE0BBA,1,0.121953533397
CC_6CDD1680D5D5,1,0.573529766488
CC_6CE26487B08D,0,0.174735219471
CC_6CE4408DD719,0,0.0882506387425
CC_6CF4543028F2,0,0.844379313419
CC_6CFAC13BECA9,1,0.762178311123
CC_6CFB229D4798,0,0.0814262410108
CC_6CFCCC14E98D,0,0.0893760563702
CC_6D0144C0A2A1,0,0.0939972263111
CC_6D047CCD0431,0,0.10278737784
CC_6D04A83FA41C,0,0.0731112536487
CC_6D0D60891DF7,0,0.209691257018
CC_6D12C5313B22,0,0.106602874046
CC_6D154DA6CFE7,0,0.0905416814508
CC_6D1766FC0E2D,1,0.145462759239
CC_6D1B20FDD21C,0,0.837550726614
CC_6D1D42E6F08E,0,0.0711407245357
CC_6D20E9F1AA1D,1,0.602816980947
CC_6D2B44A13FBC,0,0.069563115531
CC_6D2D11C107A1,0,0.035531115758
CC_6D2DCD2CC154,0,0.128903730602
CC_6D2E5C1E20BA,0,0.101854544548
CC_6D30E86C8176,0,0.165191749389
CC_6D328B90AFC8,0,0.790590043879
CC_6D33A92F805B,1,0.0783633603855
CC_6D3D0D73F405,0,0.798517450033
CC_6D3D169DF931,0,0.0834135194604
CC_6D3FCBC535E1,0,0.0885972945703
CC_6D426B7E0B26,1,0.641814216379
CC_6D43FFA10D55,0,0.078069339899
CC_6D4656DA87BD,0,0.110244971942
CC_6D48E64A2153,1,0.156354966785
CC_6D4CC44D737E,0,0.495530560492
CC_6D4E7B45ABE4,0,0.234890196387
CC_6D4EBEEB97E3,0,0.231665578655
CC_6D5302CBB19A,0,0.0688826502876
CC_6D5357B211DB,0,0.080403555593
CC_6D54AF1CCF55,0,0.191633477265
CC_6D553E991745,0,0.125161993888
CC_6D56C46EE16C,0,0.0824820999897
CC_6D56FDEF9404,0,0.646507505857
CC_6D5DA9F7A0FD,0,0.130206710972
CC_6D5F5DC2818B,1,0.622247005455
CC_6D5F7F62F168,0,0.255888752139
CC_6D60AFA34B93,1,0.327238483919
CC_6D61F92F59F1,0,0.127128130277
CC_6D683A9376AF,0,0.135838647276
CC_6D6C5D17FD9F,0,0.187044345695
CC_6D6FF8132FAE,0,0.139334189519
CC_6D73BF89386E,0,0.176529484357
CC_6D73DBF6C301,0,0.220444267462
CC_6D759B412950,1,0.4763451295
CC_6D79459F82B9,0,0.146821626268
CC_6D7C4F16959C,0,0.119570256603
CC_6D9139670225,0,0.150609294356
CC_6D969AA5ECA2,0,0.187698142632
CC_6D97F1886BB5,0,0.128479302968
CC_6D9E0A0B2C5C,0,0.0850440876658
CC_6DA550291FBD,0,0.0787183758992
CC_6DA9A64970C0,0,0.273165710055
CC_6DAC231470D0,0,0.297632088909
CC_6DB12FB6B6C3,0,0.126896210545
CC_6DB442B29815,0,0.133507928973
CC_6DB800D891E3,0,0.117994812131
CC_6DB8DD48754D,1,0.10502204685
CC_6DBE43F7AE91,0,0.0853339233744
CC_6DBF6D74D7E1,0,0.121336571958
CC_6DC52041115A,0,0.143635861671
CC_6DCB6F04DCFD,0,0.590633634738
CC_6DCC2761B581,0,0.111036668332
CC_6DCDBF850407,0,0.0706973571924
CC_6DD1EDC405B8,0,0.211744243358
CC_6DDF5C1BFC5D,0,0.113051624643
CC_6DE93AB05B38,0,0.308205341106
CC_6DEB558FE790,0,0.0785211620124
CC_6DF0CCD00A36,0,0.0896664254553
CC_6DF36686EA4E,1,0.282276756589
CC_6DF6310D7EEE,0,0.0715581097973
CC_6DF9059A5700,1,0.0689148789266
CC_6DFF90E03FA0,0,0.457935759871
CC_6E000A66D14D,0,0.097183064536
CC_6E004F76F90A,0,0.0688623208906
CC_6E009178D1DC,0,0.093663906523
CC_6E00BCD9059E,1,0.703348323446
CC_6E01463B2748,0,0.0666617026306
CC_6E08189EDC3A,0,0.161045830173
CC_6E0F04D7C91B,0,0.507561253678
CC_6E0F8AB7C277,0,0.253036432886
CC_6E1253819338,1,0.194616144335
CC_6E12C184F840,0,0.222453188556
CC_6E131F068F36,0,0.184929300174
CC_6E14E59BBA79,0,0.124413381433
CC_6E198580405F,0,0.0349525780246
CC_6E1BC97819D8,0,0.132747560379
CC_6E1C8B96DCB3,1,0.493995793373
CC_6E1CA1A1536F,1,0.853906833011
CC_6E1D6BC405AE,0,0.172540796759
CC_6E1FF3EED0B3,0,0.177726514712
CC_6E2147F003D5,1,0.0632873572248
CC_6E224EC66804,0,0.154288491424
CC_6E22C232C350,1,0.102982674847
CC_6E2430FC56CA,1,0.343076293977
CC_6E247A95E9EF,0,0.568206948115
CC_6E27534D038F,0,0.115624953784
CC_6E2A3ED14751,1,0.108817847779
CC_6E2A9DF57E52,0,0.195699060676
CC_6E2E1FE7E40C,0,0.289650424004
CC_6E2E56C5E1C5,0,0.259297882309
CC_6E3249727979,1,0.718749803468
CC_6E360D8A3349,1,0.11355117497
CC_6E3630145EE4,0,0.140004218969
CC_6E36D9EACC5E,0,0.126240163867
CC_6E39F838CD39,0,0.165860068197
CC_6E3D53767B28,1,0.575309529405
CC_6E3DA074126F,0,0.0819755895092
CC_6E3E67A487AA,0,0.070888036359
CC_6E3EF35BD2E5,0,0.154034787922
CC_6E3F9D236C11,0,0.252385787355
CC_6E447971505E,0,0.156168819917
CC_6E466C975E9A,0,0.184935222467
CC_6E4985106668,0,0.0723641341607
CC_6E4B30ED7CF8,0,0.122038956151
CC_6E4D296B7939,0,0.118133386173
CC_6E52863341ED,0,0.174390081683
CC_6E52C2EC1CAE,0,0.196885064851
CC_6E5BA9DA26F4,0,0.167666388164
CC_6E641C435270,0,0.131013571249
CC_6E667941AC4A,0,0.0897453665798
CC_6E672636A2F3,0,0.0648738097303
CC_6E6AB92AD008,0,0.158850222217
CC_6E6DF29051D0,0,0.169896343854
CC_6E7106410101,0,0.16620042303
CC_6E715BA6657D,0,0.122969096255
CC_6E71BE313C58,0,0.170284753352
CC_6E78C472A91F,0,0.272496012067
CC_6E7918E08139,1,0.223556958631
CC_6E7FFAFB2DAE,0,0.108662575886
CC_6E83E43F4297,1,0.483886020439
CC_6E87AC5CBCAB,1,0.412008682276
CC_6E89F1CC0821,1,0.739285834515
CC_6E8A58A8B22A,0,0.195015316451
CC_6E8B5E65065A,0,0.306920726461
CC_6E8C61BFCA8F,0,0.147578723967
CC_6E8C99C99E4E,0,0.226275401059
CC_6E8DF0A1F736,0,0.229661022286
CC_6E938A61F47B,0,0.123492190408
CC_6E98BCBC2549,1,0.131691373514
CC_6E9A32537693,0,0.117209726851
CC_6E9B28B6382E,0,0.196674997577
CC_6E9FA42F62B3,0,0.0545361136557
CC_6EA0407AF0B4,1,0.0961177193783
CC_6EA4BF9D8B43,0,0.108626073448
CC_6EA6DDEB54CE,0,0.209828531019
CC_6EA99680D50B,0,0.0915462023515
CC_6EAB03D9A4A8,0,0.217640963155
CC_6EADCE71C525,0,0.0943087731836
CC_6EB16BDF3C69,0,0.0675579342664
CC_6EB755019E00,1,0.141595971431
CC_6EBB2E2B3BE9,0,0.152028443945
CC_6EBBF4EED0ED,0,0.0738487238819
CC_6EC1EEAFC389,0,0.126148657917
CC_6EC3BCCD6C5F,1,0.323595856284
CC_6EC671937917,1,0.576053945043
CC_6EC9A666AD3F,0,0.34619260653
CC_6ECD4E11FF5C,0,0.433987561435
CC_6ED0C5D3AEDF,1,0.239885027363
CC_6ED92198F7B8,0,0.244103247729
CC_6EDB939C378C,1,0.635747922773
CC_6EDBDC0DE552,1,0.0762940317659
CC_6EDC12D321DC,0,0.0837045874896
CC_6EDCC6770ED7,0,0.0936432596182
CC_6EDE8624307D,0,0.198024769433
CC_6EE01E672807,0,0.240885743494
CC_6EE168BDA38F,0,0.248076121255
CC_6EE2D22346C8,0,0.429232467436
CC_6EE77A2EADC0,0,0.0912305600636
CC_6EE8C6B8E126,0,0.1605333809
CC_6EF2E8D6626F,0,0.45107897132
CC_6EF75FCE719E,0,0.361416998098
CC_6EFF52032822,1,0.137091206448
CC_6F01966E75A1,0,0.311389648902
CC_6F041DE9209B,0,0.0816412331629
CC_6F06774F1F16,1,0.0812190664712
CC_6F06B90BA110,0,0.571824372351
CC_6F0796D1794D,0,0.100045787569
CC_6F0A5A3116B1,1,0.493415841249
CC_6F0B2C33FAE3,0,0.248217584775
CC_6F0E1A92A9B1,0,0.239332590146
CC_6F0FF5AEE79D,0,0.224849171926
CC_6F12E2C02049,0,0.282168616894
CC_6F203155FC2D,0,0.907056100532
CC_6F2083495108,0,0.180047093897
CC_6F21AA1B4F32,0,0.126446569501
CC_6F2205F5E91F,0,0.218765946358
CC_6F22E5DEF6E8,0,0.23540959639
CC_6F24E727F772,1,0.326699033006
CC_6F2760B199C9,0,0.114212771543
CC_6F2868388408,0,0.098971510023
CC_6F28DAB9793E,0,0.0873758188413
CC_6F2972D21143,0,0.135004166206
CC_6F29EE202B8D,0,0.106112930319
CC_6F2B6E3E9440,0,0.100211165003
CC_6F2C27E67DA2,0,0.21714476028
CC_6F2F3A802ED4,0,0.173685852905
CC_6F3310501E1A,0,0.222730799599
CC_6F356772C89A,1,0.234339974835
CC_6F3940DC0BA4,0,0.242692802448
CC_6F3DB2C989CB,1,0.146643902854
CC_6F3E56A25D1C,0,0.164213002012
CC_6F40CE34D294,0,0.0810747359737
CC_6F449421B0E8,0,0.200765043934
CC_6F473153196E,0,0.0633965129134
CC_6F486CBFD386,0,0.355418940197
CC_6F4A9AB95952,0,0.14197105457
CC_6F4F8B475AD1,0,0.135399044666
CC_6F55DEE94996,1,0.65670975373
CC_6F580FFC99D5,0,0.321776563708
CC_6F5C53963A4C,1,0.114089265296
CC_6F5C89684419,0,0.36911766605
CC_6F5C8DB2D438,0,0.235824898459
CC_6F5D9DBA205D,0,0.130037793224
CC_6F5F59AAA68E,1,0.911542879591
CC_6F63CE03C83B,0,0.111371423292
CC_6F644BBC7DAE,0,0.0732233534903
CC_6F64C2AF7BEA,1,0.0972350022828
CC_6F667733B0CF,0,0.136831739268
CC_6F6AA3ADB7CE,0,0.0729334928169
CC_6F6B98ABDA80,0,0.123850707816
CC_6F6D66E4E817,0,0.102494605736
CC_6F748B6381C0,0,0.32484610402
CC_6F76DF143430,0,0.107114074336
CC_6F7833427CEF,0,0.134292466053
CC_6F78D885E653,0,0.185306751711
CC_6F802591850B,0,0.220295735821
CC_6F804F449FE1,1,0.0857210164112
CC_6F819642D3B0,0,0.0511331851841
CC_6F81B8AAB2FC,0,0.0952916414848
CC_6F838A13C8F5,0,0.126862710285
CC_6F86DC977977,0,0.547758057893
CC_6F878C919F84,1,0.275558070362
CC_6F8817FF7C5D,0,0.140094901294
CC_6F8D9A027A34,0,0.146752048292
CC_6F8E2C767F62,0,0.0726218521455
CC_6F9017844300,0,0.292450028211
CC_6F91F6D4DD3A,1,0.890842908094
CC_6F92FED838F4,0,0.21296878996
CC_6F937E943111,0,0.0786669268063
CC_6F93C7CFA7EB,0,0.614761886483
CC_6F96690A4E5D,0,0.113345823562
CC_6F969BB2559C,0,0.240278820563
CC_6F9B6C47D808,1,0.537082719322
CC_6FA1B9573590,0,0.09042375239
CC_6FA1FE657D98,0,0.277458655257
CC_6FA3666A932E,1,0.738722824732
CC_6FA77A51DC9F,1,0.678013964321
CC_6FAADB321DC2,0,0.0891904813697
CC_6FAB2BD386B2,0,0.123223337809
CC_6FADEFF9CEF8,0,0.0910711189702
CC_6FAE4C784329,1,0.19868974782
CC_6FB0C90BBC75,1,0.379905498871
CC_6FB6C1F547B9,1,0.575032033332
CC_6FB7ACBA9CAE,0,0.112217136941
CC_6FB9912F8E4E,0,0.128105252916
CC_6FBB0BE37C6B,0,0.24931298929
CC_6FBE4E6CD341,0,0.201158611645
CC_6FBFD8F65951,0,0.146341204669
CC_6FC0CDA1E45F,1,0.401087129886
CC_6FC134BB8A05,0,0.172243257266
CC_6FC18F82A532,1,0.127822140906
CC_6FC32134094C,0,0.143379932371
CC_6FC3ECFCF2E0,1,0.310217482164
CC_6FC9C0CD2718,1,0.0922997741762
CC_6FC9DB8CD128,0,0.0307909921187
CC_6FCDB113F719,0,0.829598305918
CC_6FCEF85771A8,1,0.211575414001
CC_6FCFC4CC0393,0,0.142781239107
CC_6FD3254F11F3,0,0.095478928678
CC_6FD4DA46D18F,0,0.116310143454
CC_6FD60B1552FD,0,0.104798745588
CC_6FD939ABAA06,0,0.166751394445
CC_6FD95DD593BA,0,0.0680694215682
CC_6FD9DB98354E,0,0.108483614704
CC_6FDB30626BCE,1,0.646921812118
CC_6FDC65C50975,0,0.100436363375
CC_6FDF03CDD4FF,1,0.780422434199
CC_6FE6C21D1E9A,1,0.541852769802
CC_6FE6E5E900CA,0,0.093801783904
CC_6FE70FA6EAA0,0,0.0686325078911
CC_6FE7135BE6CE,0,0.156514649768
CC_6FE72BC2A906,0,0.406659160853
CC_6FEE1D89D55D,1,0.347314070925
CC_6FF03AF08941,1,0.569830696987
CC_6FF2190E9605,0,0.123242783916
CC_6FF64B548373,1,0.220423036475
CC_6FF6CBDA0BDE,0,0.0792288103331
CC_6FF70EFADFC2,1,0.602259267863
CC_6FF848364B3F,0,0.0828848466368
CC_6FFABFE2C48C,0,0.133770846812
CC_6FFCF51D0517,0,0.145243154196
CC_7001FCB0D011,0,0.171645527162
CC_70035092BB10,1,0.796908852192
CC_700D672479EB,1,0.183448442683
CC_700E0701217C,0,0.0959586429206
CC_700FAA8232D3,0,0.15115959989
CC_7011D7B0851E,0,0.579977626025
CC_7013B8BA9159,0,0.13655332585
CC_701442114B87,0,0.170420216387
CC_7014577FF979,1,0.264895632747
CC_7014A84CCEF3,0,0.112123045985
CC_701624FC4B4E,0,0.0886714009721
CC_7018615825CA,0,0.138897368197
CC_7018AA1DB649,1,0.0899543014493
CC_701C73586F38,0,0.370442917877
CC_701CB89E3912,0,0.18042538615
CC_701EFBD90203,0,0.108172632762
CC_70214EE1BBA0,0,0.239469637406
CC_70221F5E6718,0,0.233164623555
CC_7025B45A2AB4,0,0.0652513772249
CC_7025DE3C1081,1,0.29417347095
CC_702A29A687F6,0,0.111183088729
CC_702D0C6DAB28,1,0.747862474878
CC_702FE2011D04,0,0.136577198562
CC_70345F02D0DC,0,0.332290981391
CC_703462C6B77A,0,0.0900332295406
CC_7037AB51C352,1,0.376574215432
CC_703A69A00D63,0,0.114431012978
CC_703ED3CF3F53,0,0.0661432143588
CC_704075C5A523,0,0.372923008565
CC_7040B6BE6D19,0,0.118637996114
CC_7044917378E3,0,0.185630263811
CC_70454E73F4B8,0,0.373371086691
CC_704637949F40,0,0.0895092210161
CC_704659DBF12B,0,0.0784239965012
CC_70491F19265C,0,0.429326879256
CC_704CCE985672,0,0.169563926219
CC_7052934EE4FD,0,0.425149499815
CC_7057916A18F7,0,0.196716052807
CC_705D946D5DD3,0,0.106189856025
CC_705EDE2EB5E9,0,0.208327742015
CC_70628F01D184,0,0.166055898364
CC_706590F87F73,0,0.0692842129564
CC_70664DC3CDC0,0,0.192013790911
CC_7066DBBC8A1F,0,0.0731581076905
CC_7067B7410BFD,0,0.160238928165
CC_706B0C7FA966,0,0.104857265696
CC_707FD7B1BB4C,1,0.189828207827
CC_708725ADEA94,0,0.118597916604
CC_708CFAA499FE,1,0.93580773379
CC_708D72179C87,1,0.313378294355
CC_708E44A9E203,0,0.201789731737
CC_7090EB20CADF,0,0.116359789508
CC_70930A260B94,0,0.131137120173
CC_70937720B3D3,0,0.137528037017
CC_70962C576615,0,0.57583099559
CC_709761099BF3,1,0.742776490998
CC_709B16F08328,1,0.577338378515
CC_709B656A3731,0,0.194486596275
CC_70A5031978AD,0,0.149188507444
CC_70AD212D013F,0,0.0646674611984
CC_70AE2F39A0AB,0,0.0646006446067
CC_70AED8B49D09,0,0.0812675004274
CC_70B27966ACBF,1,0.91221677233
CC_70B8BAFB621D,0,0.255859343112
CC_70BE645B7A5C,0,0.0751937593675
CC_70BEDDDEC34D,0,0.0713240864093
CC_70BF2596BE09,0,0.604270988839
CC_70C199A93FA2,0,0.11623681181
CC_70C68157C827,0,0.0919783632118
CC_70CFDE0E2707,1,0.165447996008
CC_70D25B84FE5F,1,0.152258501093
CC_70D31F27BAB3,1,0.205164256509
CC_70D3C8AF15D2,0,0.0892686529248
CC_70D57752B3DF,1,0.674837920938
CC_70E3173D948C,0,0.114459247699
CC_70E3466FBBA4,1,0.232875258767
CC_70ED82C6AFDE,0,0.19182346404
CC_70EEA83F27AD,0,0.0318242116156
CC_70F0EE8D69F6,0,0.072322328277
CC_70F668032F6A,0,0.0896444475061
CC_70F7C0501B92,1,0.468354784212
CC_70FBDBDDC2DA,1,0.224201622984
CC_70FD6520E48E,0,0.337017391473
CC_71058D189805,0,0.122467473715
CC_710642FFD95D,0,0.167712291695
CC_710A65A33895,0,0.279649449985
CC_710C598116B0,0,0.517919622832
CC_710F3E623A74,0,0.13560377149
CC_711042AB5534,0,0.0897248881594
CC_71132DBF492F,0,0.124166307282
CC_7113F0DEE9F6,0,0.0986219130918
CC_71161F8EC238,1,0.696180135685
CC_7118852483F1,0,0.141643212245
CC_711AC37F1D5A,0,0.0317829942886
CC_711E2DE1D512,0,0.102347258198
CC_7120A01BA38D,0,0.114610383281
CC_71252D9D5389,0,0.276717325433
CC_712A0768D512,0,0.400260564034
CC_712B09D37522,0,0.0988672106296
CC_712CEF828ACD,0,0.0917150846622
CC_712EFDDC8F76,1,0.1380334902
CC_7132564FFAFE,0,0.162264739578
CC_7136E77877CA,1,0.0569805067268
CC_713D4E47BB94,1,0.0718727973883
CC_713DE784F4EB,1,0.205064667325
CC_7140067D83C5,0,0.350901301459
CC_71407E3597BD,0,0.0914596936193
CC_7141A7E02150,0,0.134300007775
CC_71438B55AB64,0,0.105994152212
CC_7143C117A541,0,0.0966744083324
CC_7144D344845D,0,0.424814453303
CC_71456D7BB15B,0,0.036327853991
CC_7149D13DA449,0,0.27867427474
CC_7152820721A2,1,0.362085280252
CC_71543C33E402,1,0.811260805954
CC_7155EBB065A5,0,0.0990660236671
CC_71579E6A8F2A,0,0.138821944421
CC_715F9A700E90,0,0.130707273762
CC_716270439D20,0,0.210724007229
CC_7165CF007ED5,0,0.442127555038
CC_71667FFBF793,1,0.129005130794
CC_716893AAB4BB,0,0.139163018309
CC_716C1EA3AF99,0,0.0894304015114
CC_71717566BFB2,0,0.0820531815607
CC_7178E9DBF194,0,0.0828667962348
CC_717EE6BEFDE4,1,0.0890394014285
CC_717F33D0F559,1,0.145255578677
CC_718213B89BCF,0,0.0839297906425
CC_71845E889975,0,0.101221743464
CC_71847482F521,0,0.14314259783
CC_7184BDC51437,1,0.432104510599
CC_71851405D596,0,0.233224302071
CC_7187D19F6EA2,0,0.366935264957
CC_7189BE364CD7,1,0.645601639007
CC_719022FBB86C,0,0.238144756005
CC_719257A082C1,1,0.8434960725
CC_719A5398F43F,1,0.0932282553157
CC_719D0B95C139,0,0.126934756849
CC_719DE1B4952C,0,0.112311808369
CC_719EC7F80791,0,0.206899007405
CC_71A5E64518FA,0,0.107875768936
CC_71A7F34F8BC7,0,0.291738764238
CC_71A95B3B8879,0,0.0816360742579
CC_71A9C8992534,0,0.109006784929
CC_71AE60F778E1,0,0.151759686725
CC_71B0A6BD2225,1,0.37084121182
CC_71B25CF4BEEC,0,0.282177471068
CC_71B4BBD24100,0,0.0953541360227
CC_71B6B0F6F158,0,0.106046944071
CC_71B7981218C3,0,0.0663406272419
CC_71B8C9B5DE24,1,0.764371778976
CC_71B97387D463,0,0.116365364154
CC_71C0AE51AF80,0,0.080703823464
CC_71C0B9E76FA4,0,0.154657400106
CC_71C2E1B7391B,0,0.117964668224
CC_71C8F520E3A9,0,0.0905687195351
CC_71CCBEF2D420,0,0.0804735231636
CC_71CCDD962EDD,0,0.162218739584
CC_71CEFD39AD0B,0,0.201851688974
CC_71D0743372CE,0,0.203971896992
CC_71D2B9ED7923,0,0.116050714625
CC_71D75F6FCB4D,0,0.181687051539
CC_71DA512F92DA,0,0.105795932846
CC_71E0D60FCC86,0,0.154838285788
CC_71E6A7DEBE53,0,0.0785833652833
CC_71EB1484F33C,0,0.0838810604691
CC_71EF5DE2015B,0,0.156731091499
CC_71F014546391,0,0.885955336554
CC_71F2D673B052,0,0.102481673326
CC_71F377A5B0E7,0,0.363600541547
CC_71F83F37BA3B,0,0.128461828577
CC_71F8634E1CCE,0,0.0942081196542
CC_71F880C897A3,0,0.212403451237
CC_71F8F9570E91,0,0.169265447501
CC_71FE463377E4,0,0.111481631037
CC_7201F3E59278,1,0.654134376827
CC_720484026ED6,0,0.23367963727
CC_720636B23667,1,0.768682434426
CC_720743C9B2C6,0,0.133954949004
CC_72074CA2AF1E,0,0.166163577356
CC_720EEC7DA729,0,0.0707584832844
CC_720F86670142,0,0.136009476917
CC_720FD4FE6D12,0,0.122964796691
CC_7212DAE9D48A,0,0.171417168961
CC_721378401C2C,0,0.318745182149
CC_72192CF7A8EF,0,0.130572232368
CC_721E4E7E295E,0,0.239577059988
CC_7220BDEAFE36,0,0.0853802516126
CC_7220EABD2D26,1,0.0771265317986
CC_722128C4B26A,0,0.182609251071
CC_72220F0857D7,0,0.110080203823
CC_72250776D2BF,0,0.171269983528
CC_7227D7752768,0,0.136371417091
CC_72310A84BF95,1,0.817929859982
CC_723215556F1A,0,0.0865367731016
CC_7233B3EE8C9F,1,0.0601594543349
CC_723B23D721A4,1,0.855416830738
CC_723B30E93028,0,0.152885876732
CC_723BA8294C47,1,0.104073676933
CC_723DAB9D2037,1,0.201258639233
CC_723F650E0EB1,0,0.172601114363
CC_7240E8D19BCF,0,0.0734014616678
CC_7248EFE3E6FE,1,0.102508534222
CC_724ECCCA1ECA,0,0.257012833551
CC_725491B2E717,0,0.0592374046716
CC_7254BA25E935,0,0.10398725073
CC_72608D514A63,0,0.0747695165834
CC_72627D53AD7D,0,0.124547748241
CC_7263CA86CEE0,0,0.109653037028
CC_7263D9D68CB8,0,0.239206515822
CC_72644954BD47,0,0.0780456710503
CC_726453717B0D,1,0.568357452554
CC_72660AA2766F,0,0.0975194527476
CC_726BABDFAD59,0,0.141807688757
CC_726BD2FCCEB1,0,0.0493343367535
CC_726DA0BD446D,0,0.537573877979
CC_7272365A030C,1,0.527612633083
CC_7272908DB5EE,1,0.196320625259
CC_727506DAB9ED,0,0.113052951019
CC_7275121FB49E,0,0.039852942006
CC_7275E868E5D1,0,0.108440156598
CC_727C3199073C,1,0.153665844869
CC_7284300BA410,0,0.229720881883
CC_728499B6419A,0,0.103393115775
CC_728907594C2E,0,0.142395267599
CC_728BE2D4B653,1,0.329894019662
CC_728BEBECE959,0,0.184968950253
CC_72911427B140,0,0.0712188120476
CC_729511DAC39D,1,0.0339130652001
CC_72971B6C943E,0,0.1331576436
CC_7297304989F8,0,0.23694114287
CC_72988E7B3F1E,0,0.0893324425476
CC_72990BCF575A,0,0.0803363045416
CC_729C779F050C,0,0.175206855955
CC_72A17EDDFDBE,0,0.154453574209
CC_72A216E69746,0,0.0679824023187
CC_72A372ABEF72,1,0.650617074718
CC_72A5DE2D95DE,0,0.0923580606385
CC_72A68A9C5308,0,0.0714354053293
CC_72A7338CE31A,0,0.189181103237
CC_72A8A69A836C,0,0.123421406373
CC_72A8BDF8966A,1,0.363842172646
CC_72B00FE093EE,0,0.149646734372
CC_72B04CE3905E,0,0.0682189638421
CC_72B1183AA636,1,0.400243342226
CC_72C000CA77F2,0,0.0762609894039
CC_72C008D593DD,0,0.164785220459
CC_72C22160AC20,0,0.122203591524
CC_72C4AB28C057,0,0.137254368022
CC_72C93D22367B,0,0.0381641960063
CC_72D24852BBDA,0,0.167826982664
CC_72D2FDF8EE9E,0,0.110533749708
CC_72D8FE817E68,0,0.111596850169
CC_72D90C81B97C,1,0.80188996802
CC_72D9234A3691,0,0.0744802076365
CC_72DA0C4D9F50,1,0.863595102016
CC_72DC50FAA69C,0,0.148947239764
CC_72E93409D10A,0,0.156503466751
CC_72E99BF04CB6,0,0.764814053905
CC_72E9E6F17C3C,1,0.593494338387
CC_72EB0FF655CA,1,0.605491490108
CC_72EDF54A4FDE,0,0.116641334736
CC_72EE74428267,0,0.124583240952
CC_72F5EA30A87D,0,0.0971226306391
CC_72F6213280BD,0,0.0907714188393
CC_72F7B4B18C6E,1,0.114686591161
CC_72F901EA4FDA,0,0.141310568505
CC_72FB87E6D3A9,1,0.540901459739
CC_72FC3AEE2704,0,0.0913286629967
CC_72FEF68678DC,0,0.105608059673
CC_7303D5B9C5FB,0,0.213603585791
CC_7308D6A37A5C,0,0.112684770204
CC_730ECFE46D86,0,0.155202416149
CC_730F09DC987B,0,0.118029923911
CC_7310BA3BD485,0,0.158668071778
CC_73117FE4AFB9,0,0.081470189537
CC_731302C10CD3,0,0.0674038402239
CC_731460E0F3DD,0,0.25895478641
CC_7318034A8F89,0,0.104643705267
CC_7319522C28F4,0,0.391048000155
CC_731990EA0123,0,0.106624873397
CC_731A49B8BD74,1,0.794986979802
CC_731F7C539215,1,0.0815545372877
CC_73204A446507,0,0.0578693386168
CC_732F34B1A9AF,1,0.133925108737
CC_732FD61B5E20,0,0.126697951075
CC_7332F871673F,0,0.100498086171
CC_73348DDF3941,0,0.148685933671
CC_73350B4B782B,0,0.316696210064
CC_7336A7F85243,0,0.267609033142
CC_7338D7AEE155,0,0.0696807116711
CC_733A38B437D4,0,0.0743317966896
CC_733B7F16D286,1,0.0472507028465
CC_733E8B9F9AE7,0,0.0965229543655
CC_733F59F54A86,1,0.535366550931
CC_73440A97E746,0,0.101120387203
CC_7348FB28B71D,0,0.104883066417
CC_734973D0A1AC,1,0.776589738086
CC_734B5BC60218,0,0.0919134363543
CC_735028581015,1,0.142270043012
CC_735207CB45A9,0,0.20709445226
CC_73540016DBF3,0,0.240176927976
CC_73573843EF65,0,0.0996301896837
CC_73575F53527D,1,0.395381355211
CC_7359CC1033E5,0,0.105405582464
CC_735BF5D70D15,1,0.1148202297
CC_735D95259F29,0,0.0876724107603
CC_73617CBFC95C,0,0.317818799719
CC_7362463E3F01,0,0.245025586043
CC_7364AF94A4E0,0,0.358473613278
CC_73668048D3E9,0,0.0996554616883
CC_7366D4F1C409,0,0.0982050307479
CC_736BB4EAA2B0,0,0.138962753138
CC_736C5B90E7C8,0,0.103192871113
CC_736F5902A3B8,1,0.46019721337
CC_73707F79F8CA,0,0.119133413022
CC_7370B9B0009F,0,0.191930610929
CC_7370C9EA2D49,0,0.121547689628
CC_73785108A639,1,0.152162826331
CC_737868D99F09,0,0.133180547372
CC_737EBA230FDF,0,0.175101624803
CC_7380B9F41D7B,0,0.17392000632
CC_738A3FC70F3A,0,0.196772526974
CC_738B782A9BC8,0,0.136989562192
CC_738F2628C6FA,1,0.185159826025
CC_738F7422A932,0,0.129017111382
CC_73959FC1322C,1,0.793145237393
CC_7396054B7A64,0,0.433510287001
CC_7396E9A18B25,0,0.209194113106
CC_73990B309C21,0,0.0511346573773
CC_739A873AC1CA,0,0.148901774628
CC_739B6D8C84B1,0,0.313942785766
CC_739B9A9B9364,0,0.127889634454
CC_739D3F67A3F8,0,0.196841894399
CC_739DC64A0A85,0,0.10939846384
CC_739FCA17D595,1,0.187540942209
CC_73A0770FD990,0,0.137495797021
CC_73A0AE1D27EC,0,0.264733840357
CC_73A3AC053841,0,0.0943154674283
CC_73A7195222A4,1,0.778591297538
CC_73A83D099950,0,0.385468660659
CC_73A85D76C0F1,0,0.151658591518
CC_73AAB6C7DDD4,0,0.323367880257
CC_73AB6D3A0D44,0,0.779670250185
CC_73AD259C36C8,0,0.138948200453
CC_73B008C32E66,0,0.71208484199
CC_73B602EACE08,0,0.113625296751
CC_73B93DCE29E1,0,0.11866441502
CC_73BE0F7D2503,1,0.844696900475
CC_73C0FBFB87A4,0,0.227282868936
CC_73C31728E9F7,0,0.14160587683
CC_73C5892C10C4,0,0.246957581497
CC_73C646CAB298,1,0.344322379745
CC_73C6DE4837DE,0,0.113461614547
CC_73C833009177,1,0.649332403041
CC_73C88B74E97F,0,0.195317352726
CC_73C8BCA2C31A,0,0.113867320853
CC_73C914C1495A,0,0.1874877206
CC_73C99848AFFE,0,0.379891890628
CC_73CB1BAC1991,0,0.124636509623
CC_73CC7EF46B78,0,0.196383505163
CC_73CEE9AC086C,1,0.643220614145
CC_73CF09E82ACA,1,0.365030191312
CC_73D8CB1FC6F5,0,0.217001797887
CC_73DA243FF5DB,0,0.145150967185
CC_73DCD5C5CC95,0,0.138016506275
CC_73DE7D63A964,0,0.176961000105
CC_73DEBA8A8057,0,0.113509253679
CC_73E0E35D9524,1,0.714136285981
CC_73E2BC9DBD1C,0,0.0383996308413
CC_73E59CA68C87,0,0.192348854764
CC_73ED5FF4A9AC,0,0.090345978916
CC_73EEC820F370,1,0.666213432737
CC_73EF36B5BD9B,0,0.160291274585
CC_73F073699CBF,0,0.139310432267
CC_73F2E1EDFF3F,0,0.170058013034
CC_73F3C66E3331,1,0.049198179842
CC_73F4D6C8E3EE,0,0.12337025362
CC_73F7B5A1EA5A,0,0.181819001522
CC_73F9653D5295,0,0.223642177404
CC_73FE7C590B6C,0,0.116489547127
CC_73FFD3E43959,0,0.232620921914
CC_740261687A52,0,0.0949689901169
CC_7405293AC2C2,1,0.851737139771
CC_740AD2817106,0,0.0740132910617
CC_740B50645099,0,0.0869084289256
CC_74113163318E,0,0.0928017097977
CC_74117781CD22,0,0.728554183769
CC_74124E7B9AB9,0,0.101811409286
CC_7415D0F5C976,0,0.375137127552
CC_7417D6D0E13D,0,0.134787585347
CC_741924B36949,0,0.139358847626
CC_741B787A6955,0,0.0729866051625
CC_741E11EC830F,0,0.129127251817
CC_7420CCFBA5A8,0,0.302407999852
CC_7421E5DFBD85,1,0.165550667231
CC_7423774937FD,0,0.117754321969
CC_74292D2A27B9,0,0.0679919349787
CC_743B4A204799,1,0.81543992934
CC_74412A3D8A53,0,0.0887837682677
CC_74421A6937B9,0,0.402715935331
CC_7448501B3A27,1,0.51383372851
CC_7448FB8BF8F4,0,0.0832935702589
CC_74493667E33C,1,0.288991562087
CC_744A3E7741B7,0,0.234678793001
CC_744CC52AC57E,1,0.380166835576
CC_744E6A3DD063,0,0.760672875963
CC_745098D07F81,0,0.0663604291419
CC_7450DE5CB6BA,0,0.113984484521
CC_745169388F78,1,0.130342929514
CC_7453412FCB1C,1,0.0586936220531
CC_7457398EA077,0,0.0589361051223
CC_745774475025,0,0.117214281325
CC_745CEA8506F5,0,0.125909161806
CC_745D694707A0,1,0.166291043384
CC_745DB0437387,1,0.736920771929
CC_7460571CFB84,0,0.0839558120244
CC_74625769DFBE,0,0.181055456915
CC_74690AA4D839,0,0.156722927996
CC_746920ECEDD1,1,0.528667146303
CC_7469DA4908CC,0,0.126155590599
CC_746E0C2E14CB,1,0.78285519412
CC_746FA04E0166,0,0.209837497426
CC_74701109E0AD,0,0.183131845348
CC_74720001988C,0,0.153509483269
CC_7473A9AF5AA7,0,0.128234551289
CC_747DF4989E23,0,0.0644239965854
CC_7481ECFA2EB3,0,0.182898497695
CC_7482349B2827,1,0.754809351524
CC_7485234EB699,1,0.780733435219
CC_74863EFDAF6F,0,0.125523557908
CC_748C352920FC,1,0.517810441866
CC_74944226FDE7,0,0.076082358213
CC_749507553669,0,0.0536235777967
CC_7496630FE47F,0,0.322811149006
CC_749706730559,1,0.83542883261
CC_74990B119896,0,0.163545968553
CC_749BE1EB5B27,0,0.0886001061813
CC_749D35BEF776,0,0.154957674702
CC_749EFE5438E0,0,0.166729092529
CC_749FA145A878,0,0.60071248319
CC_74A5385993B3,0,0.0882311290837
CC_74A583E5A398,0,0.087162789285
CC_74A6BD43EEAC,0,0.170912186347
CC_74A7EB40367D,0,0.125248997587
CC_74AEDA3F0A2B,0,0.239338295245
CC_74B32D6E58D6,0,0.230899873632
CC_74B3FB584EFF,0,0.26614731437
CC_74B45446BF3C,0,0.132705070269
CC_74B921BCA877,1,0.125947782572
CC_74C48B2F04C3,1,0.293098366979
CC_74CE421BCC80,0,0.108746949684
CC_74CE822FE0F9,1,0.169868189726
CC_74CF7DE940CC,0,0.0977356314793
CC_74D56B7868AE,0,0.0914137220217
CC_74E19D228329,0,0.153455651945
CC_74E1F8682D8F,1,0.595760270889
CC_74E3CC3283AB,0,0.146550828499
CC_74E61AC71DAF,0,0.208453334787
CC_74EBE81FEED9,0,0.110889708333
CC_74F1F99DB34D,0,0.0929472157378
CC_74F4106869D9,0,0.137796255763
CC_74F5570A9B87,0,0.244704311501
CC_74F692443C78,0,0.128940244287
CC_74F9FE7197EF,0,0.155964761598
CC_74FC37207D3B,0,0.163053212139
CC_75013F8AE022,0,0.148239043263
CC_75041EB0E895,0,0.641847848956
CC_7506270210D8,0,0.0891244925402
CC_750AED01B546,1,0.761288431889
CC_75123C22B3CC,0,0.143888560454
CC_75142008F9B5,0,0.0681606599242
CC_751975A2A8AE,0,0.204062689845
CC_7522E284A13A,0,0.0965987799802
CC_75238B4020E6,0,0.123050297317
CC_7527C57FF36C,0,0.0409526241968
CC_752944244318,1,0.73024497785
CC_752A189E5C19,0,0.295724667
CC_752BC0A1002C,0,0.41682163909
CC_752BDE3A989F,1,0.499369347503
CC_752EB42279FB,0,0.291964510945
CC_752EB7FA76DC,0,0.161968380154
CC_752FB43DE510,0,0.0961312598779
CC_75315F9224E8,0,0.24814621775
CC_753890A49D89,0,0.126031040104
CC_753976C3E44E,1,0.106069075931
CC_753F816AFCFC,1,0.0977237566602
CC_75408147363A,0,0.537084727149
CC_75436D6E484A,0,0.139351308997
CC_754694D8B58C,0,0.0902789583102
CC_7546BE644D35,0,0.159810954765
CC_75503C1546BC,0,0.119282213938
CC_7554A03876CF,1,0.27595980038
CC_755686810F42,0,0.222656323778
CC_7557DED01D95,0,0.0974045618825
CC_7558E930BC61,1,0.752024004717
CC_755B5B811458,0,0.0977760660385
CC_7560491CB3CF,0,0.147105997581
CC_7563F65D5EF8,0,0.147333737829
CC_75643FE75B19,1,0.578000247727
CC_756B6D38C25A,0,0.328000728411
CC_756C71838329,0,0.0880282850251
CC_756CD9BF9519,0,0.132810910052
CC_7571D6BC8D35,0,0.175517728809
CC_757366EB3851,0,0.259402434672
CC_757F38E0D1FF,0,0.340468605388
CC_75805C66D322,0,0.100258582605
CC_7580A4C0154D,0,0.0787516142883
CC_7581029AB58D,0,0.0923499098517
CC_75836AA41529,0,0.0995155106722
CC_758BEAE6FAAC,0,0.186789194465
CC_758C1F1E8C48,0,0.245659449576
CC_7593434EEC05,0,0.11284879628
CC_75962314F66C,0,0.201000875196
CC_759A036DEE72,0,0.094182455924
CC_759BE4F26FCB,0,0.158576920501
CC_759E668C117A,0,0.132578254528
CC_759EAD1BD1E1,0,0.153398301883
CC_75A017C6408D,0,0.241079368806
CC_75A6FD4B3CF9,0,0.116165833995
CC_75AABAF7AEA4,0,0.101074683487
CC_75B755891900,0,0.155887109812
CC_75B771EE677B,0,0.113165745752
CC_75B81DBAA1F1,1,0.619889048419
CC_75BBB0766E4D,0,0.129802102425
CC_75BD543D05F1,0,0.172180795804
CC_75BD6F075E74,1,0.774794805052
CC_75BDB6153238,1,0.170473999085
CC_75BE39D4D04D,1,0.133883446513
CC_75BE7C09AF96,0,0.497599011345
CC_75C53449D957,1,0.59868611376
CC_75C562414B47,1,0.152499787999
CC_75C93950F1AE,0,0.0940123449032
CC_75CCBC0DE001,0,0.141027766561
CC_75D20A8ABA7A,0,0.178549087556
CC_75DDCC22589D,0,0.0504698363494
CC_75DE7BF6470E,0,0.10800791096
CC_75E01A79543C,0,0.110974464324
CC_75E21BCFFC22,0,0.0976601592529
CC_75E33B027F7C,0,0.0805017046287
CC_75E79BCA96A7,0,0.235047568428
CC_75E8D5971B45,1,0.208084471504
CC_75ED3B3959D3,0,0.49235610874
CC_75ED3C769A32,0,0.135493853464
CC_75F232B66237,0,0.116018802867
CC_75F49E9053DA,0,0.111140849695
CC_75F800FCDB9E,0,0.0684206753
CC_75F8523D69AC,1,0.147047032351
CC_75FBFE63EC5E,0,0.0878928690989
CC_75FDA73A68E9,0,0.0967657314159
CC_75FE20AF1BE6,0,0.180818854269
CC_7601F194310C,0,0.0807981156831
CC_7605062B0B94,0,0.118762966788
CC_76050CC6228A,0,0.0864237652904
CC_7606B8BFE29C,1,0.24811830341
CC_7607DD0F714A,0,0.0846595965265
CC_76087D32BBFF,0,0.196002363589
CC_760B538B6A7D,0,0.391812643722
CC_760E2D6E30E7,0,0.119403455769
CC_760E48AD6228,0,0.329477112075
CC_761098F7E57C,1,0.772446202291
CC_7611DE9C93C4,0,0.0594403684905
CC_7615ADBF0A44,0,0.0918230251742
CC_761DC0D49C10,0,0.108625171505
CC_761F84453931,1,0.0928389883024
CC_76260D3CBEB0,1,0.593608515202
CC_7635B8F78D25,0,0.205352002358
CC_7637B6A86F32,1,0.823532209901
CC_763918ED9C7B,0,0.108107035491
CC_763C54CE7E30,0,0.290152872316
CC_763DD28FFC0D,0,0.115552097465
CC_763FCB0EB559,0,0.181803737917
CC_764018D2D96B,0,0.0865998571142
CC_7640207D6E2F,0,0.169589502683
CC_7643DCE0ACA6,1,0.115745395979
CC_76475041AEB1,0,0.0748266935142
CC_7649F10A6261,1,0.595316384748
CC_7652973E6EDA,1,0.73557798915
CC_76542009ED59,0,0.622178676124
CC_76551F3BD804,1,0.192717269281
CC_76568A6F635C,0,0.124469669695
CC_76584D2E330C,0,0.109666282306
CC_765B20096A61,1,0.190010705583
CC_765E07BA9969,0,0.114625316827
CC_7660185EF44D,1,0.132912630513
CC_7661C7CD14D9,1,0.122207809868
CC_766455D1D3D0,0,0.620942478269
CC_766471A171D9,0,0.130970117187
CC_766B70DE8370,0,0.130720297047
CC_76708AB37F87,0,0.208617321873
CC_76719373ADBF,0,0.0520908831476
CC_76742ED9F408,0,0.16429124037
CC_767660303A7F,0,0.437453099751
CC_76790BD4207C,0,0.103292961506
CC_767DE89F76B9,1,0.366257000956
CC_7682BD98A0E3,0,0.0851212538674
CC_768853FB2E53,1,0.152092420948
CC_768B74FFCFBC,0,0.08940471345
CC_768E7D1B0193,0,0.16206990582
CC_7694286E19C3,0,0.086595356873
CC_7697D9D99F00,0,0.152656537616
CC_769AE63C7B91,1,0.332404874856
CC_769AF9EA17C9,1,0.251281427347
CC_769E2EBC893B,1,0.650141510421
CC_76A0608EC3DC,1,0.127322057941
CC_76A3562F9A02,1,0.262974459619
CC_76AAD59B9B87,0,0.241449279567
CC_76AD83147C95,0,0.205413704032
CC_76AE30B6449B,1,0.522927429321
CC_76B2A39A46C1,0,0.081656801941
CC_76B41F3CCC53,0,0.23336220347
CC_76B4D26AF9AA,0,0.270533865374
CC_76B56B4EE42D,1,0.175051349798
CC_76B90C1D7082,0,0.163826079895
CC_76B9D93DB39B,0,0.147001539407
CC_76BCF55C269A,0,0.102966741283
CC_76BF199F68DE,0,0.188982226366
CC_76C30BA02BA4,0,0.109532845839
CC_76C7CAB984B3,0,0.160694863751
CC_76CBB90BA659,0,0.125025336253
CC_76D4AE81ED3F,0,0.0963152035514
CC_76D5D54ED9FD,0,0.0953920806282
CC_76D913979B02,0,0.0965651065191
CC_76DD58892058,0,0.350126265192
CC_76E14ED571CE,0,0.103056569355
CC_76E35EC75BE7,0,0.34144226331
CC_76E73F88D60A,0,0.160895416978
CC_76EFF513326F,0,0.106893884284
CC_76F204074848,0,0.122175455682
CC_76F2A6831B65,0,0.160123904193
CC_76F559D8CF25,0,0.152396632575
CC_76F6AF008B6F,1,0.634532575618
CC_76F8D6CCD70C,0,0.168352761027
CC_76FA5ED8C0AC,0,0.112711405629
CC_76FD05C2D4E1,0,0.293937679694
CC_76FD7A1236BE,0,0.127761934128
CC_76FF46BA9696,0,0.102591296745
CC_7709F92F521A,0,0.140414787063
CC_770A0580ECC0,0,0.217390936874
CC_770BB54831E9,0,0.114722265599
CC_770BC24EFE8A,0,0.430531802497
CC_770BF659B4C2,0,0.124707676129
CC_770CA29C2CC6,0,0.0939154517028
CC_770F334857BC,0,0.112351083098
CC_770F79072F81,1,0.519237319474
CC_770F852F85F1,0,0.174894002181
CC_7713A2D2E4BC,0,0.203956733226
CC_7717FD2D5AB7,0,0.0814866363805
CC_77185E6B5117,0,0.320009598276
CC_771C100F7D3D,0,0.112078471673
CC_771CE5EF1CA3,0,0.089207221106
CC_771DB4C84C72,1,0.810514936949
CC_7721F80300D3,1,0.574259768103
CC_77240000C4B4,0,0.0894172660845
CC_77279B69212A,0,0.0374499420799
CC_772CCC0E0030,1,0.764386089416
CC_7732A6F04CF3,1,0.517151411287
CC_77339E51B205,1,0.71614981421
CC_7733A03B8E73,0,0.0867699211991
CC_77348BAD853C,0,0.0854303109655
CC_77375A29B8E1,0,0.168827916143
CC_773903228887,0,0.104479536546
CC_773B0904F93C,0,0.724952806748
CC_774766A0A6BD,0,0.120306975369
CC_774CCBB563C3,0,0.305608259525
CC_774DDF472B19,0,0.0796989156124
CC_77534F53FBF7,0,0.133845959886
CC_775A474B0139,0,0.629733459556
CC_775D64EB7ED9,0,0.370648412688
CC_7764FE240C51,0,0.263651836189
CC_7767191FAF1E,0,0.177949218542
CC_776AD12EDA0E,0,0.213051289465
CC_776BF54223DE,0,0.506788122326
CC_776CD68A2ADA,0,0.691752805662
CC_777065F66489,0,0.146597534813
CC_7770BB184369,0,0.0913951534077
CC_7770C7113315,0,0.127008118023
CC_7771621ACB9D,0,0.119021917324
CC_77751DCBFFBE,0,0.155546809311
CC_7775BD415A7B,0,0.109917265428
CC_777C994E07B8,0,0.119142733126
CC_777DCBE650D2,1,0.242872271582
CC_777F4E129651,1,0.473204500331
CC_7780812F2CDF,0,0.126487074328
CC_778332023EAF,0,0.107257599574
CC_77898C1FC099,1,0.260657065799
CC_7790BB425891,0,0.0819137406732
CC_77911B19E200,0,0.150150369526
CC_77938AD61EA3,0,0.172863226303
CC_779466F6B626,0,0.105789779315
CC_779622EF85F9,0,0.235319973844
CC_779E56178E7B,1,0.712756402104
CC_77A20A8D98D8,0,0.168309796953
CC_77A28B281C31,0,0.127554183576
CC_77A29EB2E715,0,0.218589605731
CC_77A2F936A9A4,0,0.0903182375916
CC_77A51F9A6F4D,1,0.16273664837
CC_77A72F42BF53,0,0.0861247218635
CC_77A776AD6284,0,0.13993092784
CC_77AA83A12CBD,0,0.141807824987
CC_77AB63EB23DF,0,0.0907730743724
CC_77AC2350322C,1,0.750383466834
CC_77ACA8B07B45,0,0.164625326543
CC_77AD03870441,0,0.0577361596216
CC_77B3504AEED8,0,0.0800455107357
CC_77B6357B6A73,0,0.0852153378832
CC_77BAE9AF99EC,1,0.406352740245
CC_77BB7E6BE8BB,0,0.0987472439208
CC_77BF46AF3859,0,0.12343787203
CC_77BFAA0C00DB,0,0.102679501294
CC_77BFF0177A5D,1,0.592673319771
CC_77C1D0F2228B,0,0.211890677329
CC_77C39BA494B1,0,0.083203282954
CC_77C50FF98FD0,1,0.929668087664
CC_77C8AB4B72E2,1,0.285864821566
CC_77CE8111BB70,1,0.785394284569
CC_77D4FD72BA4A,0,0.150225128435
CC_77D8EBC1E325,0,0.21106164904
CC_77DCEEAEA600,0,0.0950722327375
CC_77DD3F221CE0,0,0.130055378387
CC_77DDB7CC4E17,0,0.09363358522
CC_77DEAAD7675D,1,0.796635086241
CC_77DFEDB03AA7,0,0.179224567823
CC_77E14B07A8C1,0,0.0888508077531
CC_77E24E11BDB5,0,0.764186970156
CC_77E9B5117FC4,0,0.11597033554
CC_77F0B575D02E,0,0.256177874555
CC_77F4CFE5D1A2,0,0.085039103088
CC_77F63A695094,1,0.292558638507
CC_77F85AF82CED,0,0.111334536109
CC_77F9BC929379,0,0.191365412406
CC_77FAE55C9677,0,0.107925370042
CC_77FB6525D80A,1,0.375464894664
CC_77FCC5A3CA13,1,0.842749284902
CC_77FE10B20E36,0,0.355415991475
CC_77FE56ACC494,0,0.0727597503593
CC_77FF1DD0B75D,0,0.172338087263
CC_78010F5FFDB2,0,0.142889397174
CC_78109C2115AE,0,0.142726374455
CC_78119B4E732C,0,0.102397073786
CC_781373D123F1,0,0.139879564972
CC_78176A2F7CF5,1,0.065024387556
CC_7819EF49AB71,0,0.103356002787
CC_781A24FEFC50,0,0.119743219846
CC_781BDEB35B82,0,0.0842625315889
CC_781BDF019374,0,0.129173282884
CC_781F860DDD24,0,0.0785263307328
CC_7830E80932B2,0,0.0915867639488
CC_7833CD370245,0,0.128224326487
CC_783692068E23,0,0.107898819769
CC_78399E6B7FCA,1,0.131698805729
CC_783A0105A7E7,1,0.520004946196
CC_783C939A8A4C,0,0.083342575217
CC_78439CCEC51B,0,0.131178637738
CC_7844757EE3A0,1,0.868239389393
CC_784496FE87F9,0,0.261974872764
CC_7848D50BA0C9,0,0.119697040406
CC_7849E7EBC389,1,0.375737351082
CC_784F5C232246,0,0.201477984443
CC_7850B8814744,1,0.868901769201
CC_78510A1F493F,0,0.439698440304
CC_785213184145,0,0.328123810926
CC_785DCE2B695D,0,0.0782577168738
CC_785F4C726988,0,0.0572122833699
CC_7862CDD1178D,0,0.12232584419
CC_786708471B8A,0,0.083158364524
CC_78673E47CF86,0,0.106426741224
CC_786E9E47580A,0,0.104025202616
CC_7875098A2F10,0,0.11361042562
CC_78768CAF31DC,0,0.0819014248855
CC_787A13F44B03,0,0.268760013745
CC_788423D7A203,1,0.282619545354
CC_788A702179CE,0,0.131821403432
CC_788BD5640D04,0,0.0779698796763
CC_789686C59325,0,0.0702092888568
CC_789978E89FE0,0,0.0646218370311
CC_789A5A9064F6,0,0.315262048728
CC_789BD86BF11F,1,0.73376014362
CC_789E94797F0A,0,0.116935914413
CC_789F20CF4E5A,0,0.0856297644573
CC_789FA66D34B4,0,0.114468149979
CC_78A34DD9924E,0,0.122609692098
CC_78A5A387F20C,1,0.0787610083456
CC_78A9BAF1B72F,0,0.218205229578
CC_78B1BC3AA6FD,0,0.0808552844882
CC_78B20C57F6EC,0,0.0725619077901
CC_78B6483F1716,0,0.11400309572
CC_78BEFEFFF92C,0,0.098661843021
CC_78C03C1DFD15,0,0.259458076319
CC_78C08678177D,0,0.153102593084
CC_78C5409B8B9D,0,0.178328384559
CC_78C6444B4D8D,0,0.0868857727195
CC_78C733F222DE,1,0.0724791821997
CC_78C7B1B185F8,0,0.136971834323
CC_78C80E089F55,0,0.151938051475
CC_78CBD0186A56,1,0.175955390059
CC_78CC72F7F893,0,0.214898585909
CC_78CE12CE774F,0,0.187235799059
CC_78CF1276F439,0,0.0812657999562
CC_78D0072BD559,0,0.058151591779
CC_78D40B7E0001,0,0.0871340769661
CC_78DA9FB2EB6B,0,0.105104571307
CC_78DC40549336,1,0.303098662691
CC_78E0C6E07478,0,0.187206676967
CC_78E5CA7C2585,0,0.186599668694
CC_78E5DA164A12,0,0.127325159829
CC_78E5DF69BDDD,1,0.543193029501
CC_78E7E719DAA6,0,0.151989410959
CC_78E811BFC652,0,0.161283896841
CC_78EA5BADD8AF,0,0.207424290086
CC_78EC1DADEF0F,0,0.167074628587
CC_78F007052963,0,0.072069706891
CC_78F1B59484BB,1,0.278789763927
CC_78F3A3F11BEF,0,0.084193091889
CC_78F6DA8A6590,1,0.598094767346
CC_78F6E1930261,0,0.21419460095
CC_78FD56EADFF5,0,0.065317858634
CC_78FD8CC3D4EA,0,0.104867197064
CC_79002A7E89B1,1,0.516626323378
CC_790402E398B1,0,0.105588438445
CC_79067F7401F7,0,0.113509459601
CC_790CCAA7B0CD,0,0.0828573732712
CC_790D963D77D4,0,0.19607502616
CC_7911633964AC,0,0.136814087101
CC_7914638BFD46,1,0.128916523066
CC_7916DF2ADE9F,0,0.142321093248
CC_791CA1CC32E9,1,0.264138825654
CC_791D1A5BC1DF,1,0.30108819415
CC_7920C5B69EC7,1,0.133543467497
CC_7920D6F4AC0D,0,0.0848323787342
CC_79235586C7EB,0,0.0832936032949
CC_793229DDD90F,1,0.711329579399
CC_793589C27E1D,0,0.158468013955
CC_793A1AF07F9A,1,0.749808881702
CC_793A747B47A8,0,0.0747672470736
CC_79426EA563D2,0,0.251564446611
CC_79433ED461BC,0,0.153123927297
CC_7946ADA661EE,0,0.0953798779439
CC_79485D003BF5,1,0.61867694179
CC_794AE2B05025,0,0.0819549332757
CC_794AF33FDF6A,1,0.0835559467383
CC_794CC37E6BC7,0,0.161768988533
CC_79504A76576E,0,0.215538103959
CC_795439388051,0,0.320006148601
CC_795BF882A157,1,0.631720600915
CC_795D5FF1DA24,0,0.213605195621
CC_795E5F16B25F,1,0.736602687584
CC_795EA9940909,0,0.153274077263
CC_7962BE7BA95B,0,0.153329893654
CC_79652729501D,1,0.0844708875994
CC_7967480F85AD,1,0.769951893761
CC_79679E2F7C0C,0,0.0676148661859
CC_796B852ADF17,0,0.107586937684
CC_796D5433F03F,0,0.790578226466
CC_796D7E6832A0,0,0.222296732901
CC_797055F5A1CC,0,0.10564001291
CC_79709C41D234,0,0.113182405597
CC_797306AC9262,0,0.159994525814
CC_79733503D857,0,0.27219692276
CC_7978F00AD4E5,1,0.758438898027
CC_798223AF546A,0,0.121549673504
CC_7983E3430B99,0,0.110952384546
CC_798664E81259,1,0.700675311259
CC_79869CCA9414,1,0.139248357739
CC_798FC91284D1,0,0.128794412852
CC_799095EAADE4,0,0.314906220426
CC_799203D25EBC,0,0.167702708728
CC_7992A1BC1755,0,0.0750729598384
CC_79931E4D7D8B,0,0.405146219645
CC_7993F1B2F4C9,0,0.244951295728
CC_7996C41EA22A,0,0.119927612853
CC_799B014DCC41,1,0.119154099518
CC_799BECFA2B05,1,0.694170842685
CC_799ED26CDD3F,1,0.424100777261
CC_79A158862745,0,0.126807985163
CC_79A1A4DB704F,1,0.427012994396
CC_79A6D8BD96A2,0,0.0525255131
CC_79A71A21500A,0,0.583880744028
CC_79A88097A81C,0,0.101784526587
CC_79AC7FEEAC81,0,0.234614167567
CC_79AD684316BF,1,0.605287083746
CC_79B1EF3B154E,1,0.70410866365
CC_79B222892FCB,0,0.129426048263
CC_79BB9408D389,0,0.0532178296072
CC_79C0C8FBA9D6,0,0.101477520466
CC_79C250C88F83,0,0.0927596203088
CC_79C5046F6E7A,0,0.23763015844
CC_79C6B44005E2,1,0.554345043343
CC_79C861E35F91,0,0.220117789231
CC_79C9B3459852,0,0.114955568094
CC_79CDCAB6447C,0,0.125095990808
CC_79D22B4B36CE,0,0.183916632919
CC_79D25EFB0E2B,1,0.0746083652417
CC_79D2A5E828B6,0,0.0903755339715
CC_79D51B427AB2,0,0.188187364423
CC_79D77859453A,0,0.0943512054663
CC_79D9CFE27A48,1,0.421656992846
CC_79DE7F658F49,0,0.252093136985
CC_79DF83F78D32,1,0.903058464704
CC_79DFB9B07A8B,0,0.146485538967
CC_79E1CF345486,0,0.0751726722402
CC_79E2A6041B0B,0,0.124122852889
CC_79E33CF583C1,0,0.198627508393
CC_79E3F809CC15,0,0.160677181379
CC_79E73D8EC073,0,0.0781984446631
CC_79EB6EC324CD,0,0.108093149902
CC_79ECBEE287AE,0,0.213674303888
CC_79EEE1EFBBA0,0,0.117034713305
CC_79F7D864EE33,0,0.391915567919
CC_79FA8690AFFB,0,0.169219214876
CC_7A07A033899B,0,0.168858072174
CC_7A0CFB9EA5DE,0,0.125986347479
CC_7A0DE7C21CCC,0,0.0807803159956
CC_7A0E0A118FBA,1,0.62277994084
CC_7A130A86E1FE,0,0.180165540293
CC_7A139260E925,1,0.58192896086
CC_7A13B98B1394,0,0.256359861546
CC_7A164FB665FC,0,0.0990411883304
CC_7A207150D67D,0,0.153385589076
CC_7A20DFD09504,0,0.0925468490906
CC_7A23774E851F,0,0.268218539489
CC_7A239068F94C,0,0.308788316754
CC_7A262D1F1874,0,0.120503233051
CC_7A279DCAD395,0,0.0619590121535
CC_7A2A294B33F2,0,0.0994966010064
CC_7A2C8C837D15,0,0.0693529213258
CC_7A32F52EF80A,0,0.115829850219
CC_7A349E5FFD12,1,0.142411194931
CC_7A3504AFB302,1,0.746253502162
CC_7A369D37D6C0,0,0.126845474166
CC_7A36F63AFB85,0,0.177869296489
CC_7A39798FA320,0,0.0831625367597
CC_7A3DB02CE66A,0,0.294049109249
CC_7A3E2690A049,0,0.0707679327327
CC_7A3EA5635835,1,0.639834212617
CC_7A44E01FC5C6,0,0.104838146018
CC_7A4A2A077905,1,0.0751728958863
CC_7A4A31162706,0,0.113920730392
CC_7A4C8F85AFD9,1,0.889799371537
CC_7A4CB82DFCEE,0,0.165363374313
CC_7A4E72D07C98,0,0.0978977449598
CC_7A518DEDA305,1,0.278141372969
CC_7A52414D8378,0,0.198107926814
CC_7A54712FC095,1,0.344362655772
CC_7A5495EAECFC,0,0.0856710807999
CC_7A5F0BE711DD,0,0.511662945105
CC_7A60F36D8D1B,1,0.526694430623
CC_7A62079FDCB0,1,0.155783228498
CC_7A666B208A59,0,0.098129890997
CC_7A6ABFD973DF,0,0.139453054358
CC_7A6C03E1A70C,0,0.198814054884
CC_7A6E605CB25A,1,0.73610970552
CC_7A6F7F029618,0,0.0875206676821
CC_7A6FD388748C,1,0.68887611338
CC_7A7212BF92F3,0,0.144332538547
CC_7A73FFC7A94D,0,0.176666742738
CC_7A769E1502EA,0,0.101934484952
CC_7A793BB816E3,0,0.103344622066
CC_7A7A4EE08469,0,0.122987557742
CC_7A7A94D65411,0,0.114242300462
CC_7A8094094E48,1,0.732430600764
CC_7A81AA7EFF91,0,0.205992063444
CC_7A8A1CA36F79,1,0.732250437082
CC_7A8F9323180A,0,0.10125473252
CC_7A91CCE0D106,0,0.0716910322033
CC_7A9211892C37,1,0.522047292897
CC_7A94AEFDF7FB,1,0.366156913466
CC_7A94CDFEEBF3,0,0.102159883182
CC_7A98838E9D2C,0,0.0942692535355
CC_7A9B173ACB9E,0,0.0871019099141
CC_7A9CDB1FC516,0,0.127653798966
CC_7A9F4E52D720,1,0.0839234901292
CC_7AA027D2E854,0,0.122739094929
CC_7AA7DD0778AD,0,0.07262892955
CC_7AB3EE4002B8,0,0.240332896522
CC_7ABA77780139,0,0.132888750271
CC_7ABA7AFA948A,0,0.0743779394613
CC_7ABA96ADEBB1,0,0.856411318089
CC_7ABEB07730CA,0,0.297635842813
CC_7ABEBB434673,1,0.128405763166
CC_7AC50E981067,0,0.158690625293
CC_7AC7E522EAB8,0,0.595903403286
CC_7AC98D9E8AE3,0,0.159857929366
CC_7AC995228421,1,0.614294657657
CC_7ACA71042EDF,0,0.0844929712646
CC_7AD0EE24A90C,0,0.175435083767
CC_7AD2A3C3888C,0,0.131075171879
CC_7AD6820AE34D,0,0.114415077687
CC_7AD7F30FA12E,0,0.126626243577
CC_7AD99E83E3D7,1,0.548366918747
CC_7ADD4E1B53F3,0,0.184332932144
CC_7ADE1531A4DA,0,0.128371697605
CC_7AE0020ABA45,0,0.208563526494
CC_7AE28274BA59,0,0.155780131109
CC_7AE3E542C7A4,0,0.217569189973
CC_7AE465A31D8B,1,0.752488019983
CC_7AED6EC98906,0,0.355624518066
CC_7AF357926673,1,0.594854235354
CC_7AF5720AF0C6,0,0.116964251678
CC_7AFC4B6E7D21,1,0.695631997795
CC_7AFCDBDD6118,0,0.0866461519385
CC_7B0A20EABF45,0,0.0910021898822
CC_7B0E6E8AA16D,0,0.0700996352761
CC_7B14ACEAC066,0,0.0997072132084
CC_7B17B75A726D,0,0.204272362053
CC_7B1986F97D56,1,0.0984680592691
CC_7B1DC88CF191,0,0.130718135507
CC_7B260F8E992C,0,0.114429201222
CC_7B3785DBC946,1,0.152746069168
CC_7B37D34C4491,0,0.530736606736
CC_7B385ADE5583,0,0.0962836633381
CC_7B387DEEEBD4,0,0.226972202118
CC_7B4BD740BDA5,0,0.223814022959
CC_7B4FB904898C,0,0.264037691902
CC_7B511C695B53,0,0.0827769498372
CC_7B53E0011646,0,0.0944783102522
CC_7B54BB813D19,0,0.121234486918
CC_7B558DDF5B1F,0,0.131301908016
CC_7B60C83472A4,0,0.267154513131
CC_7B63D93C3537,0,0.146062994296
CC_7B63DAB6D493,1,0.441784509523
CC_7B6562AD0782,0,0.170340230849
CC_7B67B6807572,0,0.113313150762
CC_7B6A8C09399B,1,0.123556092759
CC_7B71415C30D4,0,0.111778217762
CC_7B73D42749CB,0,0.129390015067
CC_7B76164AAB07,0,0.253098303564
CC_7B7783C2D708,0,0.0924479316193
CC_7B7A0C575735,1,0.182301258542
CC_7B7D09AB2424,0,0.127549374853
CC_7B81B1E86540,0,0.120471041513
CC_7B8DF90568D7,1,0.677598910167
CC_7B952D7492CF,0,0.100186944162
CC_7B963E24B442,1,0.0853260862206
CC_7B9B5399EFC9,1,0.740244025892
CC_7B9F1210A664,0,0.52586330337
CC_7BA3FAA97C85,0,0.243724202568
CC_7BA57ACB112F,0,0.393632740799
CC_7BA6D5DC49EE,0,0.130331833911
CC_7BA7B72331D1,0,0.100039940098
CC_7BB085D22312,0,0.132350351574
CC_7BB0D4BA710E,0,0.200397902055
CC_7BB5BE23D550,0,0.118146818785
CC_7BB7BFC05D58,0,0.127252490578
CC_7BBCF37BCF9B,1,0.3540035402
CC_7BBEE42475C8,1,0.84613557434
CC_7BC001BD0E42,1,0.802865156266
CC_7BC01E968D11,1,0.786793678475
CC_7BC1A8DCDB35,0,0.166681841331
CC_7BC6B0AC8549,0,0.105806835298
CC_7BC7F6883CDF,1,0.211658586958
CC_7BCAA8D56DD8,1,0.237021233774
CC_7BCEE5E871E8,0,0.801446819606
CC_7BD155BDAFAB,0,0.107013174549
CC_7BD3CDE63147,0,0.288239031704
CC_7BD47C18AC6A,1,0.0962241547277
CC_7BD51BAA3A93,0,0.102656068539
CC_7BD7F53439F9,0,0.12971440675
CC_7BD9566D64DC,0,0.108031271609
CC_7BD9E38A7CBB,0,0.239619524931
CC_7BDC0F551838,0,0.096081297208
CC_7BDF07D204ED,0,0.0804146330024
CC_7BE0FBE33AB3,0,0.106378378272
CC_7BE41428C460,0,0.146354698144
CC_7BE9CBA62B06,0,0.0582620431262
CC_7BEAEE0E0F04,1,0.585341024486
CC_7BF20419194F,0,0.103115193224
CC_7BF37CD98F68,1,0.690775686934
CC_7BF415748214,1,0.244540377765
CC_7BF47F8658E8,1,0.187098798559
CC_7BF5EEFC1916,0,0.196137127996
CC_7BFB38240E74,1,0.107985197305
CC_7BFDC0A3E616,0,0.269823909719
CC_7BFE42336888,0,0.0680581894971
CC_7C0087998C20,0,0.552699934819
CC_7C0103B86E90,0,0.141427876418
CC_7C0218F7CB39,0,0.11043046274
CC_7C022CBA838B,0,0.100438867891
CC_7C04C5193EB6,1,0.37827072116
CC_7C0A582A50B4,1,0.752043377327
CC_7C0EB7DD09AB,0,0.128816741861
CC_7C1081941C2D,0,0.135912359768
CC_7C135E0C350C,0,0.208365965267
CC_7C13903C037B,0,0.186147729583
CC_7C14385EE547,1,0.1151580789
CC_7C17680BD38D,1,0.117930904064
CC_7C1922B0A790,1,0.0814063614776
CC_7C194A6BE7D2,0,0.0960812311657
CC_7C1C4935DD4A,1,0.252851113916
CC_7C1CFDC659AB,0,0.175178873511
CC_7C1FD49B55BE,0,0.0820886977553
CC_7C2254833858,0,0.1847313454
CC_7C2296BA2BC0,0,0.136341230608
CC_7C2604C72A30,0,0.0676438273415
CC_7C27190E7E8E,0,0.0955043575415
CC_7C27E621F26D,0,0.150801836999
CC_7C2CA0CDF6F7,0,0.109858065919
CC_7C2D4308738A,0,0.149097047518
CC_7C30F7A2DD0B,0,0.14075941936
CC_7C340220B3AC,0,0.121882020537
CC_7C3A18C15EB2,0,0.114106486562
CC_7C416C476FB9,1,0.564048215033
CC_7C42C57B3188,0,0.0482561286175
CC_7C4691FD5816,0,0.0940005851969
CC_7C4B54D9DF41,1,0.553650996037
CC_7C4E20F25269,0,0.158591266981
CC_7C4E4B311429,0,0.132790076583
CC_7C53966C65CD,0,0.104606791548
CC_7C56DA052C9F,0,0.104561980975
CC_7C58202C2FF1,1,0.180917960993
CC_7C59FB6318F9,1,0.652053251608
CC_7C5B46B5CCAF,0,0.160921886168
CC_7C5C942DA3F9,0,0.0748855269813
CC_7C5E009DBB8F,1,0.078573847475
CC_7C5FA072FDC2,0,0.164847523589
CC_7C62A20E8CD5,1,0.146297891295
CC_7C6652DE1142,1,0.254091811218
CC_7C6EE4C6EA69,0,0.298729840515
CC_7C6F5C237B9A,0,0.130237845194
CC_7C7653BB17B2,1,0.579186971107
CC_7C7794933665,0,0.162032291271
CC_7C7829AD46E0,0,0.158782866729
CC_7C79F9A5809E,1,0.21098463117
CC_7C83C07EFC0F,0,0.167827455423
CC_7C83E9232C67,0,0.405211097814
CC_7C83EB0AE1F3,0,0.160958355964
CC_7C8586DA7066,0,0.27625629952
CC_7C88709957D4,1,0.255632819887
CC_7C959962854D,1,0.105961403828
CC_7C970A94D5E2,0,0.057111675938
CC_7C9A6E4EF0BB,1,0.062164500224
CC_7C9CDFB269BC,0,0.0966364931308
CC_7CA035F15624,1,0.31558264129
CC_7CA05AA22DCD,0,0.0969432194226
CC_7CA4E578DE34,0,0.135005193575
CC_7CA673788D33,1,0.21615763047
CC_7CA73CF2DDA1,0,0.186016708688
CC_7CA85F67B5DC,0,0.353783962011
CC_7CA86004B844,0,0.148198195363
CC_7CABA4EBE62E,0,0.0927667409925
CC_7CAF331761BF,0,0.0796060875934
CC_7CB08E2F8A78,1,0.77865093273
CC_7CB1413ECF02,0,0.202327554833
CC_7CB17532D3E5,0,0.134669351968
CC_7CB1E74A7C9E,0,0.0693884638586
CC_7CB2C50185F4,0,0.528603822951
CC_7CBA90806C84,0,0.308185557579
CC_7CBED6EA85D3,0,0.0920426396776
CC_7CC0C7C9692D,0,0.0766273155997
CC_7CC1D5B1F8B3,0,0.0644087154645
CC_7CC43B47C2B9,1,0.903723663654
CC_7CC7C93F94B4,0,0.103888455829
CC_7CCEA6BD51FB,0,0.204428672185
CC_7CD1FA278B26,0,0.166133799752
CC_7CD9EB1DE627,0,0.130155879265
CC_7CDA4323FDF9,0,0.0858541227002
CC_7CDF501EA143,1,0.0728142412667
CC_7CE09F9E5112,0,0.112406058746
CC_7CE2F784A666,0,0.237645143496
CC_7CE532774012,1,0.89770719786
CC_7CE572CFF953,0,0.0814353555591
CC_7CEBFC19191E,0,0.103667755552
CC_7CEE68C9F8C0,0,0.0898421039699
CC_7CEFCC809A46,0,0.12722638436
CC_7CF0A2986F18,0,0.0975011364162
CC_7CF21E8649DD,1,0.466277291048
CC_7CF240376148,0,0.0998295814877
CC_7CF25D8CE0D0,0,0.160012289164
CC_7CF352A56994,0,0.086263014902
CC_7CF35C1C0105,0,0.0817510120561
CC_7CF49CD1681B,0,0.163751168071
CC_7CF5B25AB2FC,0,0.0785765470957
CC_7CF6E9015D1D,1,0.104953227083
CC_7CFA23EEC2F6,0,0.0927403447976
CC_7CFFE9BDA008,0,0.213526697018
CC_7D00DEEC59F7,1,0.193298525326
CC_7D015554F9DE,0,0.243380108039
CC_7D01C35513AF,0,0.121178505129
CC_7D03E3DB7F97,0,0.592992945753
CC_7D1166DB1B08,0,0.164984650495
CC_7D14B47A26F6,1,0.277378496808
CC_7D175B134A53,0,0.0878436374007
CC_7D18950A3E46,1,0.215667874726
CC_7D19C2EE9340,0,0.118553223478
CC_7D1B28EDFCDF,0,0.244337294891
CC_7D1F04EB9253,1,0.846401294603
CC_7D1F9D955A8E,0,0.12785574919
CC_7D25003DA7CD,0,0.153775681304
CC_7D25757FAD25,0,0.100409904414
CC_7D27BA4650BF,0,0.17834636154
CC_7D2A7462E04D,0,0.0839424096388
CC_7D2CA2AA1DFA,0,0.667592016342
CC_7D2D62A88DAA,0,0.137803156224
CC_7D2F50645DC2,0,0.12577955886
CC_7D2FCF929468,0,0.163004456107
CC_7D3036ACBD2B,0,0.186577830467
CC_7D31DE6B0DFA,0,0.0937944001279
CC_7D32A09A90DE,0,0.119068833503
CC_7D3AD4DC8018,1,0.344856105096
CC_7D3B7CC40D55,0,0.0933601411698
CC_7D4059118027,0,0.0965989853723
CC_7D40883593AA,1,0.121914994475
CC_7D42DEEF91C1,0,0.528250104145
CC_7D42E04E1F1F,0,0.232571715496
CC_7D43B6546972,0,0.170922382056
CC_7D447F8BD94A,1,0.782172816154
CC_7D4670E68BE8,0,0.113903151128
CC_7D4728794F2A,0,0.20993523225
CC_7D48EC19C177,1,0.179143891014
CC_7D48FDBC7167,0,0.21577510514
CC_7D4934BBAD6E,0,0.17092823958
CC_7D497B3F745C,0,0.133353401271
CC_7D49E9E16B70,0,0.133432796211
CC_7D4DD8CA7A98,0,0.0806276176902
CC_7D546A6ABAB9,0,0.345487985372
CC_7D54843116ED,1,0.133778286964
CC_7D5511B666FC,1,0.720818690669
CC_7D571301DFE9,0,0.0962696334952
CC_7D57AE094AFD,0,0.0974240275739
CC_7D590B73ACE8,0,0.140694984839
CC_7D5BE48BFFB0,0,0.296472729785
CC_7D5D9ECFB3F9,0,0.132865292722
CC_7D62523AF7E2,0,0.129285912929
CC_7D66D5D4397D,0,0.0960999073245
CC_7D7139C9BD88,0,0.150764947044
CC_7D76141DE78D,0,0.111521092406
CC_7D7A03CFF2FA,0,0.174568020634
CC_7D7B0A1FADA7,0,0.0797622953737
CC_7D7BF6113AA6,0,0.120146548895
CC_7D7C1FB645A0,0,0.0715048932046
CC_7D800171DF2D,0,0.087805428111
CC_7D84B7549390,0,0.146716604147
CC_7D8BE30EFB4B,0,0.0837286987108
CC_7D8C41BD0A78,0,0.0825303286885
CC_7D8FBA36B367,0,0.232879773041
CC_7D92ED939B40,0,0.111513587954
CC_7D9A08ECBBAC,0,0.11963066762
CC_7D9AB8BC22AA,0,0.67236916281
CC_7D9FB6E456DE,1,0.536804682781
CC_7DA178E7359C,0,0.0953786073828
CC_7DA517063F78,0,0.399796799855
CC_7DA92D6AFDF8,0,0.100253413234
CC_7DAAD0F31BBF,0,0.114825169747
CC_7DACEDDFFBE8,0,0.153927102941
CC_7DB2244411B6,0,0.795260051378
CC_7DB4861B64B6,0,0.131579553794
CC_7DB6CEFD6D8D,0,0.182670978807
CC_7DB9DDD3A5DA,0,0.111412579629
CC_7DC1E7D78A79,0,0.0757792446457
CC_7DC81FD42428,1,0.529958979905
CC_7DCDED690718,0,0.742095001455
CC_7DCF1563DDEE,0,0.1246278251
CC_7DD0D06C1FCA,0,0.224562491575
CC_7DD26C08C4A9,1,0.736369968778
CC_7DD2D78F8679,0,0.15928995573
CC_7DD4A9A6E4AF,0,0.214738433929
CC_7DDEB81434DF,0,0.118928053415
CC_7DE1666FA226,1,0.0886373453463
CC_7DE276F50FEA,0,0.263827146419
CC_7DE3E015694D,0,0.642677374618
CC_7DE47E7C522A,0,0.0785186127839
CC_7DE488D13623,0,0.0982952109156
CC_7DE492115113,0,0.159046887825
CC_7DEA2CB14992,1,0.137568379073
CC_7DEDB3FC8430,0,0.102765373103
CC_7DF31FA7E25B,0,0.0664365729864
CC_7DF880F0B595,0,0.173179636719
CC_7E03D7483AB0,0,0.128368333156
CC_7E070A83E0ED,0,0.308692729786
CC_7E0D56F6DC5F,0,0.101237365329
CC_7E0F6CB1DF18,1,0.586480253672
CC_7E1036C6E6D2,0,0.248459899932
CC_7E1227A3D953,0,0.178807933528
CC_7E14D39F9871,0,0.127127832151
CC_7E17A95CB20A,0,0.140216287839
CC_7E19606F94D6,0,0.112094376467
CC_7E1F17A4F69A,1,0.115219615962
CC_7E2122F9329B,0,0.156449848556
CC_7E25CBE1A551,0,0.0990536555229
CC_7E284E301DEA,0,0.102562537894
CC_7E29A702C891,0,0.130699005941
CC_7E2F570FB198,0,0.0805700283664
CC_7E3383EE989D,1,0.204210276089
CC_7E346F7202A1,0,0.242729229079
CC_7E3482FD7B94,0,0.0870169011339
CC_7E35DB5421E4,0,0.123773278252
CC_7E3AB9B91A20,0,0.177492379614
CC_7E3ACC31BEF0,0,0.0790999219559
CC_7E3B32BE21E0,0,0.143884717872
CC_7E43DC905EA0,0,0.12340860123
CC_7E459336C5DA,1,0.334589553345
CC_7E49AE22203C,0,0.0981621301527
CC_7E4A0A9C9BA2,0,0.30326928294
CC_7E4AD619309B,0,0.0842381480329
CC_7E4D42802054,0,0.0819111458559
CC_7E504CEA3BFD,0,0.138695756819
CC_7E53F255BFC0,0,0.0946597566645
CC_7E55773C6B0A,0,0.18869303457
CC_7E5FBD1D4397,0,0.149090436408
CC_7E615F9E9F8A,0,0.110477147786
CC_7E689BD02410,0,0.0773784296753
CC_7E6D7F468412,0,0.208738778981
CC_7E6F9B7EC0D1,1,0.26969135509
CC_7E777040F646,0,0.0950398589176
CC_7E77C31C1AFD,0,0.0784679851424
CC_7E78B86CA8F1,0,0.612384247374
CC_7E7B0F718150,0,0.122028772188
CC_7E7C6A042A66,0,0.122276159669
CC_7E7DFACD8A7F,0,0.449292357376
CC_7E833855F64F,0,0.0875679386623
CC_7E83BE9DD2B0,0,0.0967001067462
CC_7E84A644B372,0,0.092594125123
CC_7E8701C8B9CC,0,0.173879547666
CC_7E8843266AC7,0,0.0970301562803
CC_7E8C32042F5A,0,0.202514973554
CC_7E8CF4407085,0,0.0682911723794
CC_7E8FB918C1A7,1,0.388187328318
CC_7E90DD88E9AE,0,0.62315024373
CC_7E982753B8A0,0,0.108182358454
CC_7E989F99D5C1,0,0.132461735659
CC_7EA034EBBE61,0,0.116413865622
CC_7EA0A63EEA55,0,0.186493786648
CC_7EA1F08CC24E,0,0.100075406373
CC_7EA50A141005,0,0.310713029519
CC_7EA6F0BE737C,0,0.113854049282
CC_7EA8C50ED6A5,0,0.193451422168
CC_7EAA539ACA1D,0,0.362585854308
CC_7EAC3181FE4D,0,0.0876704919321
CC_7EAE623CD57C,0,0.110109929245
CC_7EB65C09DE9A,1,0.134124251868
CC_7EB8003E5B71,1,0.156263040064
CC_7EB938DD5ABE,0,0.13965595795
CC_7EBB6FAAD4F5,0,0.228138073964
CC_7EBB89621407,1,0.450015900671
CC_7EBCDFEE6B7C,0,0.19777223803
CC_7EBD5B68AC28,0,0.542711595145
CC_7EBDB049C6E1,1,0.1508627346
CC_7EC08A6D726C,0,0.308165714578
CC_7EC09E311414,0,0.126778078849
CC_7EC2C75BCB6E,0,0.140056280034
CC_7EC437260AE2,0,0.0994183044506
CC_7EC5241B88F1,0,0.100520506216
CC_7EC7626D9304,0,0.142058967814
CC_7EC7BE95D068,0,0.0724424958358
CC_7ECB2C8E558D,1,0.179409070448
CC_7ECE0233A9CC,0,0.153489891572
CC_7ECF7A15CDEF,1,0.157133844396
CC_7ED75B0563BE,0,0.136537347987
CC_7EDA3DD67B5A,0,0.533113358381
CC_7EDA5842C46F,1,0.123456761278
CC_7EDB5227E9EC,0,0.0788962688704
CC_7EDB8A8769C4,0,0.17250399341
CC_7EDECA48843E,1,0.328867632033
CC_7EE137A10BD6,0,0.738906296708
CC_7EE3C8409E43,0,0.267839263802
CC_7EE3C9028F86,0,0.430892738733
CC_7EE5450CD4A4,0,0.105921484968
CC_7EE7726B2A9A,1,0.113780009805
CC_7EEE384CC9B5,0,0.119499929472
CC_7EFCB28E21B9,0,0.318161669672
CC_7EFD195DBAB3,0,0.319767647673
CC_7F01355F369D,0,0.176302066759
CC_7F01C4E32DA3,0,0.0876637594783
CC_7F0714834945,0,0.083005284092
CC_7F095E66F8F3,1,0.594765197922
CC_7F0E1682BE49,0,0.0617513571818
CC_7F11AD1BF565,0,0.145094842337
CC_7F1DFE779C1F,1,0.406080439267
CC_7F1EDA0A89DD,0,0.360201002557
CC_7F209C5C69F0,0,0.117462924491
CC_7F2436F8D3FD,0,0.116226819581
CC_7F2757FFA3E5,0,0.127015689678
CC_7F2A20D2B2EF,0,0.0773636074702
CC_7F2D314375CD,0,0.0879329403901
CC_7F2EF826695F,0,0.084240228643
CC_7F317AC4D3C0,0,0.22892134159
CC_7F31D17AC29D,0,0.0969143396683
CC_7F3515DC0B32,1,0.626971018587
CC_7F35722CA65A,0,0.108947434555
CC_7F3663CCF9AA,0,0.113502584159
CC_7F37BE9DA154,0,0.127168561206
CC_7F3D475140A2,0,0.230881537153
CC_7F40AD64A07E,1,0.758042347843
CC_7F428E9EACC7,0,0.221968193031
CC_7F4883C3E768,1,0.812085825708
CC_7F4C2D3DC678,0,0.093811218504
CC_7F5141ADA63C,1,0.796421593502
CC_7F5305ADACB3,0,0.070347339231
CC_7F54F0A0FEE0,0,0.140720024548
CC_7F5B2B748959,1,0.284636319934
CC_7F5C0649CDC8,1,0.0870038646871
CC_7F5C816FF4CD,0,0.18668043769
CC_7F5D145A6A92,1,0.118495793917
CC_7F6100F21562,0,0.207183364105
CC_7F63898D1D4B,0,0.345138851649
CC_7F651C9125C2,1,0.205980790439
CC_7F681AFC0FD2,1,0.11720668048
CC_7F68DBF12692,1,0.47550774347
CC_7F6A19BE3AB9,1,0.241162948771
CC_7F6B645D227E,0,0.436573661504
CC_7F6EBD10FE05,0,0.143694027647
CC_7F710BB6029F,0,0.0904056743529
CC_7F72E9BEC608,0,0.101871420895
CC_7F7B0C39A977,0,0.256514683375
CC_7F7EF7B37397,0,0.228647149999
CC_7F8020D844B8,0,0.384094515414
CC_7F835D23CE88,0,0.104899302987
CC_7F83E551B218,1,0.133531690281
CC_7F878C2ECEA4,1,0.140131879006
CC_7F89CC19CA71,1,0.296975133584
CC_7F8D9F4E5DD7,0,0.19588317119
CC_7F91ACBF8422,0,0.140001978071
CC_7F9337FBE219,0,0.0771466734267
CC_7F94C38741B0,0,0.159714768252
CC_7F966BEA983E,0,0.169387847277
CC_7F9830EBA971,1,0.890554458546
CC_7FA21083FF9A,1,0.697986742964
CC_7FA2F086DA08,0,0.184170507
CC_7FA4E77F6943,1,0.63869047278
CC_7FA6FA19093A,0,0.134528417781
CC_7FA708F27E6D,1,0.560542783315
CC_7FA82F26A3C8,0,0.120840970859
CC_7FAD77B06D6F,0,0.0933669958347
CC_7FB3859D96FB,1,0.073529072069
CC_7FB5F366E42D,0,0.072833607967
CC_7FB8E01C165D,0,0.407977026594
CC_7FB9094A1CBF,0,0.112039126797
CC_7FC0A214662A,1,0.412103216046
CC_7FC14DD37133,0,0.571585008181
CC_7FC57CFE252A,0,0.153752648433
CC_7FC57FD13303,0,0.123419887558
CC_7FC84EFD9EFB,0,0.0985986672002
CC_7FC91F51ED88,1,0.619007078001
CC_7FC9E6A68D10,1,0.0917985606223
CC_7FCB0164338B,0,0.0508435757391
CC_7FCBC3D755AA,0,0.236719650895
CC_7FCC5BC34328,0,0.121217547744
CC_7FCE535CF8B9,0,0.0999958693087
CC_7FCE6EE1D24A,1,0.103178560172
CC_7FD13C3104BB,1,0.539739337893
CC_7FD9B7C393FF,0,0.100063592297
CC_7FDA04C08C57,1,0.0593235378991
CC_7FDC17237ABB,0,0.506998351241
CC_7FDED1017471,1,0.747266977533
CC_7FDEF8370FF6,0,0.255654500327
CC_7FE64A537BA3,0,0.407143777331
CC_7FF006AB718E,0,0.10584735734
CC_7FF07D195F7F,0,0.0843236063304
CC_7FF249691400,1,0.109686112918
CC_7FF2C44512D1,1,0.145250683017
CC_7FF39B488D74,0,0.582792893715
CC_7FFBD989F191,0,0.297601792473
CC_80049693FD2A,0,0.0766610899216
CC_8008D9D9F99E,0,0.240528447852
CC_8018B73F7BE6,0,0.149081837066
CC_801CD79AEDB9,0,0.121634002774
CC_801E4B28D18F,0,0.143911839449
CC_801F49D3C717,0,0.345303825938
CC_8020C7D95AAE,0,0.10887178579
CC_8024958B90B6,1,0.141608070929
CC_802E147F7CA0,0,0.0979126373482
CC_802EC342F298,0,0.0835469461137
CC_8032B0BFD448,0,0.14029423237
CC_8034D25FA589,1,0.70735222786
CC_8035FBC45512,0,0.11064561968
CC_803860B575ED,0,0.109642213862
CC_803ACD5C4708,0,0.268429468833
CC_803BE9BF9BB0,1,0.119157818077
CC_803E5AF17274,1,0.157120079023
CC_803EE75F8E70,0,0.31728777501
CC_80449A7E7043,1,0.247234546226
CC_8046A5FCB01E,0,0.0768383428332
CC_8046C8E17699,0,0.137685619923
CC_804895AB2971,1,0.139192050541
CC_804A7B3ECB28,0,0.101002219114
CC_8050568C0845,0,0.201912224406
CC_8053F274F0CF,0,0.114723136577
CC_805A12FCF7D6,0,0.122222527627
CC_805BC9BB9887,1,0.0633618866368
CC_805F6791D4CD,0,0.0815314975895
CC_8064FA316A59,1,0.134405408623
CC_80663C90FE52,0,0.129369548397
CC_806A3D14548C,0,0.103336066532
CC_8070D2758ED4,0,0.135184159633
CC_8073256F4AE0,0,0.155275386556
CC_80748CBD06F4,0,0.31795937089
CC_8079546A19B2,1,0.197760533456
CC_80797DE058CE,0,0.198556725541
CC_807B9F02D55D,0,0.119672833334
CC_807CD4C6962E,0,0.075112239511
CC_807F815BF916,0,0.156503696352
CC_8081146154FC,0,0.123278818345
CC_80845D401D4C,0,0.0831134239179
CC_8084B67F0989,0,0.134945808269
CC_8085881394F9,0,0.0955429878214
CC_80864B8AFCAD,0,0.0796224882915
CC_80892DCBB821,0,0.326401230014
CC_8089F641AD55,0,0.105496139652
CC_808E2E9F135D,0,0.277090017668
CC_8092994EAB58,0,0.0765323870823
CC_8093D5827DDA,0,0.115912611407
CC_80973AA0D771,1,0.118640287094
CC_809795E4FEA3,0,0.132306811438
CC_8098627224D5,1,0.727826852085
CC_8098BE047A36,0,0.128655630883
CC_809BF70567ED,0,0.128643236005
CC_809D2F4CEB66,0,0.085044566166
CC_809E0C0369E6,1,0.178848281456
CC_809E148E215C,0,0.112105124657
CC_80A00159EC4C,1,0.539267303032
CC_80A3E703A05E,0,0.131876613226
CC_80A673C7F619,0,0.231488071165
CC_80AC3E821EEC,0,0.0778912754258
CC_80AED316AFD1,0,0.262264148731
CC_80AFC763C66E,1,0.159307019292
CC_80B0063340B2,1,0.115289210912
CC_80B0EE947298,0,0.117759099264
CC_80B104DF00B8,0,0.166017287246
CC_80B301266F21,0,0.225590601286
CC_80B32EED2C79,0,0.168142140275
CC_80B63458AEEE,0,0.055265331099
CC_80B77981C0E8,1,0.0768772621917
CC_80B88677EE5A,1,0.825664100613
CC_80B9F2F454BA,0,0.289562039466
CC_80BA37304E5F,1,0.665533420073
CC_80BBF83A986F,0,0.234938809551
CC_80C812F8F41B,0,0.310999823181
CC_80C9BE31077D,0,0.208984011677
CC_80CBEE89AE98,0,0.11336743982
CC_80D33E45C82F,1,0.830721266091
CC_80D495DCECD2,0,0.310592908948
CC_80D855B63268,0,0.32440811774
CC_80D90BAF3FCD,0,0.089534911566
CC_80E0EFE21833,1,0.186570474555
CC_80E31CDA427F,1,0.0934615611592
CC_80EC5AD6F917,0,0.0769428505006
CC_80EFC70F5DA3,0,0.0985538168026
CC_80EFD078D0B7,0,0.367874111535
CC_80F26EFCF8BF,1,0.215883957413
CC_80F565D1A985,0,0.170997488056
CC_80F628074B58,0,0.0635400565447
CC_80FEA638CFCB,0,0.066751677251
CC_80FFBE226BCA,1,0.419575216876
CC_810806BBBF03,1,0.0725730056145
CC_8108EBEFF33B,0,0.888925567038
CC_81108FA9AA59,0,0.248393222597
CC_811145633615,0,0.105399314735
CC_81124E3126CE,0,0.182269961581
CC_811342C6B3B8,1,0.171653393323
CC_811FABF47646,0,0.149836024221
CC_812302A472AB,0,0.279221707765
CC_8124F3A93151,0,0.113625306888
CC_812A978A99F7,0,0.444293465539
CC_812E82DB72E6,0,0.079595794049
CC_81300037B7F5,0,0.0888712252939
CC_8131E0A7EAD7,0,0.0926243648077
CC_8133629D7AA4,0,0.102020573135
CC_81348A46999B,1,0.872011029308
CC_8138AB6A817B,0,0.129597342719
CC_81394153D68F,0,0.320474524617
CC_813991A8E98A,0,0.115518033756
CC_81399EAA5F81,1,0.110991066684
CC_814224167666,1,0.701546374512
CC_814442A6B4F5,0,0.114845163178
CC_8147468B6511,0,0.0860245411862
CC_8147EB63F4B5,1,0.164598293931
CC_8148826E388F,0,0.159526971168
CC_814CC0711E2C,1,0.124643547911
CC_81500D788784,0,0.101804180633
CC_81515A5E4B09,0,0.107025541468
CC_8153F4FD1399,0,0.433806483427
CC_8155689D2578,1,0.656382743179
CC_81559928DE06,0,0.136060344336
CC_815692CCC3EA,1,0.309510575379
CC_8157A2EBEEE4,0,0.107019760545
CC_815EDE57757D,0,0.1437607709
CC_8167D39172F3,0,0.215223751975
CC_81729FA3F7ED,0,0.113945018181
CC_817393EC4CE4,0,0.0930024466031
CC_81747B22BECF,1,0.210023177226
CC_817604F0BA47,1,0.116545653426
CC_8176ABD82B21,0,0.111637299131
CC_817A2E67F841,0,0.108068210276
CC_817DDA761DFD,0,0.204550596577
CC_81811029DB16,1,0.85840369683
CC_81873180C1E4,0,0.129560197466
CC_8188077BCB45,0,0.0946663598452
CC_81893FCA78C9,0,0.121807552938
CC_818D53E1EA71,0,0.473474750878
CC_818F6F3A96AE,0,0.324776622387
CC_818FD8C26684,0,0.205512947118
CC_8191557EE7CD,0,0.453232458775
CC_8196085184A4,0,0.0874950094094
CC_819749F2D38C,0,0.378060551533
CC_819FBFF1AE70,0,0.0785609619865
CC_81A0293CE59B,0,0.0724507592781
CC_81A06F096871,0,0.283734193264
CC_81A6AD7422DE,0,0.109354818734
CC_81AA38A9E25D,0,0.145849344402
CC_81B17F3A8102,1,0.0938736071947
CC_81B3585D4E14,0,0.149001169038
CC_81B411E3D0A4,0,0.135638074637
CC_81B54CFF9C22,0,0.127524922028
CC_81B5AA80E80A,1,0.547348436852
CC_81B9A6989333,1,0.67647863404
CC_81BB3541722B,0,0.135469802407
CC_81BC632A1A18,0,0.0873140156901
CC_81C14C675561,0,0.121437334682
CC_81C24094C926,0,0.140877722434
CC_81C74F60D4F8,1,0.337981800733
CC_81C938374A65,0,0.0800895953073
CC_81CB55C4C0DB,0,0.139159139704
CC_81CD43E3C7B7,1,0.356720566386
CC_81CF171DF295,1,0.101903384006
CC_81CF590724FC,0,0.120679227011
CC_81D078A57BA1,0,0.0688008771667
CC_81D3792907ED,0,0.13666626325
CC_81D3E644D5BF,0,0.0812745565852
CC_81D4A8732846,0,0.169349461772
CC_81D65454D4D9,0,0.30685303085
CC_81D886D0E847,1,0.308465200953
CC_81DA26986976,0,0.128050434001
CC_81E037C20B81,0,0.233429991796
CC_81E0F5ADF9A3,1,0.596498527645
CC_81E279325770,0,0.251763845084
CC_81E40887F088,0,0.093891681135
CC_81E5A7C6C6C0,0,0.194238041103
CC_81EB3E88424E,0,0.0908703092977
CC_81EE6AAFCF9C,0,0.0977949486405
CC_81F74EAAE378,0,0.114249031189
CC_81FFF9A7E895,0,0.133210161328
CC_8205F17ED3D3,0,0.170362427308
CC_820ABA670559,0,0.130983319338
CC_82104AD50FDF,0,0.189611012744
CC_8213F978EF06,0,0.112340363969
CC_82188BCB113C,0,0.109985841655
CC_821D50C36B40,0,0.0803486958681
CC_822006ABAE34,0,0.21668072137
CC_822215A18B8A,0,0.19152188299
CC_8225547BFA5E,0,0.115175816056
CC_8228E3D8AE3F,0,0.238938728056
CC_822D9738A650,0,0.107460862918
CC_823289FB2D9A,1,0.475451965641
CC_8233B170D3AF,0,0.136888575442
CC_823630D4CDC2,0,0.0808057567227
CC_823DED01D8CC,0,0.120865483326
CC_823FBB8C3C8B,0,0.0709528755813
CC_8247D60A5F96,1,0.618935871042
CC_8249C026CBE6,0,0.144307712462
CC_824B38B9F0BF,0,0.1085015962
CC_825054DF2B90,1,0.656932262004
CC_8258EAE0E577,0,0.281549718261
CC_8259A723C9FC,0,0.211179904316
CC_825CA7B45116,0,0.190476861589
CC_825DCFCC3B7E,0,0.184591525301
CC_825E32A06369,1,0.433810537059
CC_825FB731B4C9,0,0.0989207986498
CC_82603363B9C1,0,0.0966127802583
CC_82603551F6DF,1,0.112432718867
CC_8262790FDE07,0,0.264121879598
CC_8262D38AE315,1,0.226869562423
CC_8268316DAB93,0,0.101878124988
CC_8268E8D60C22,0,0.114146751786
CC_826B34C70F1D,0,0.0457396096311
CC_8270C716AB3B,0,0.0896075593095
CC_82716EA511A2,0,0.12702411066
CC_8274DE6446F4,0,0.137452134206
CC_82758D978087,0,0.0518160712912
CC_827A6119DCA7,0,0.112930646526
CC_828909159724,0,0.149581976036
CC_8291DE14646A,0,0.10081854613
CC_82956C38F137,1,0.509388121276
CC_82960E2E1522,1,0.351262843353
CC_82993D89439A,0,0.126387542777
CC_8299FE1245D5,0,0.306798943218
CC_829AB601AE46,0,0.142808970693
CC_829BDD5DC6E5,0,0.104069861251
CC_829E2008C78C,1,0.0663119172315
CC_829EB39D3302,1,0.666641879165
CC_82A02889767F,0,0.129419974302
CC_82A6C114ACC5,1,0.303550983155
CC_82A7471B08FD,0,0.203124383433
CC_82A75E9BFB26,0,0.0893886920194
CC_82A825486EEC,0,0.139297692888
CC_82A9A132E478,0,0.0692634216061
CC_82AC0CE03932,0,0.101124361215
CC_82ADFBE46CA8,0,0.180780053431
CC_82AE891DCD65,0,0.0345304811742
CC_82B0CB9519B9,0,0.13465676553
CC_82BA1A31A271,0,0.151754806503
CC_82BA3E470DA3,0,0.164793203353
CC_82BB02E95B5B,0,0.0916265456385
CC_82BF785694A5,1,0.0974266119001
CC_82C07799AAC9,1,0.504570744011
CC_82C37EB7AEF7,1,0.519404798875
CC_82C6FE1D5788,0,0.0941617413045
CC_82C9699B0788,1,0.104737649865
CC_82CD637D8CF5,1,0.116395899455
CC_82CE707E5457,0,0.150775673123
CC_82D3EC982567,0,0.395524132324
CC_82D5A1900C26,0,0.0895623992811
CC_82D6631D4013,0,0.0873297771572
CC_82D6830815C6,0,0.120068295578
CC_82DA617E6C45,1,0.178625215551
CC_82E07C3D0C68,1,0.20623186432
CC_82E17C7AE92C,0,0.482065663613
CC_82E7A9BE73EE,0,0.604835601264
CC_82F0F11F2432,0,0.130967707636
CC_82F31A4C63C0,0,0.101824668145
CC_82F62F9543AB,0,0.145323452517
CC_82FA897D2D51,1,0.502423056514
CC_83021F1F5C02,0,0.0978000315627
CC_83023FA67021,0,0.13674475544
CC_8303D4D8D697,0,0.108034637051
CC_83074E312228,0,0.0707377764564
CC_83078E2EFED6,1,0.244348333475
CC_8308F2A27241,0,0.0971077898181
CC_8309473E42A6,0,0.603906994454
CC_830EB4BBE2AA,1,0.15466909074
CC_83128DFCDB8E,0,0.184980166168
CC_8314F0E8649F,1,0.871991675548
CC_8317B20114A0,0,0.142013706121
CC_8318806D4FC3,0,0.202047393883
CC_831C5A568BF4,0,0.118632689055
CC_83215AA12E50,0,0.123716186968
CC_8327ABC05D80,0,0.137802660347
CC_832C1C24D405,1,0.0879437015411
CC_832C6DC284B8,0,0.203356877286
CC_8334AD4A63EB,0,0.107873626141
CC_83356232937A,1,0.147076469271
CC_8336FAC8BC95,0,0.147612855924
CC_8337C98433A9,1,0.615252780756
CC_833BF65131D5,0,0.283142706602
CC_833F705A5C42,0,0.112432644941
CC_833FE83203D7,0,0.247042622813
CC_834001235455,1,0.182915370312
CC_8340CCFC1262,0,0.135597597018
CC_834489E6A5EF,0,0.378272880474
CC_8349D6A94DCD,0,0.259021442809
CC_834FAFE377C4,0,0.207164776361
CC_8353C5B96A3E,0,0.120412118752
CC_83550EA9CF61,1,0.191182892235
CC_8355A33413A4,0,0.0879058967639
CC_8355BE3FCF58,0,0.13353714234
CC_835C2ECE5C47,0,0.137708841335
CC_835D5ED7DDD4,1,0.452495627059
CC_836253426DCD,0,0.134932526021
CC_836357E711FA,1,0.307508268189
CC_8363BE19570B,0,0.141433465073
CC_8366FBCD5550,0,0.0908331418206
CC_836D5391F9DF,0,0.137489887878
CC_8372B6A2E609,0,0.0919740184806
CC_8375B451EE3A,0,0.157324266044
CC_8377409F502F,1,0.650390145076
CC_8377D1BDD00E,0,0.0690864074123
CC_8378825BF450,0,0.253856050597
CC_837A21AE52CF,0,0.167483989477
CC_837C4DCA9DBA,0,0.118302252902
CC_837CC9BC915A,0,0.26588866554
CC_837E243DECA6,1,0.139298405514
CC_8380642A6090,0,0.0890840406927
CC_838343457B75,0,0.100105164299
CC_8384E5D53A89,0,0.100764127006
CC_8384F344A9FC,0,0.14728714132
CC_8385EE3D6E34,0,0.220087943234
CC_8388627DE1E2,1,0.108913190757
CC_838A01CF9E5A,0,0.0915948637249
CC_838C2F08310D,0,0.0957132793881
CC_8396ED5E69A2,0,0.264498322949
CC_83A04E0D23DF,0,0.785233738404
CC_83A11B29B86B,0,0.162552011165
CC_83A3929FFEC8,1,0.225168485131
CC_83A3D63D7B74,0,0.26124920068
CC_83A4605EC51D,0,0.179234101421
CC_83A56C2FF006,1,0.293400672093
CC_83AD8B3CADEA,0,0.608851386641
CC_83AD9753C75B,0,0.147723629094
CC_83B0D3E6DF47,0,0.305531366721
CC_83B47B0C69E8,1,0.188534530354
CC_83B865B83005,1,0.545099323469
CC_83B8D5D5C84D,1,0.111800792996
CC_83BA71418C9C,1,0.183950658453
CC_83BCA013FA9F,1,0.105907547539
CC_83BEE4D94392,0,0.0832418906946
CC_83C22E9BF224,0,0.0651286143434
CC_83C430D8E002,0,0.171722213765
CC_83CAB102591F,0,0.181633043446
CC_83CE379DCF23,0,0.096389228324
CC_83D248E2ADA9,0,0.101717793202
CC_83D3BFFD43E1,1,0.88690614164
CC_83D6C1E67601,0,0.195451973474
CC_83D97572B111,0,0.122660948113
CC_83DF667C00D2,0,0.223016899526
CC_83E29E197566,1,0.507149328028
CC_83E2E0F35394,0,0.774694211586
CC_83E798A1D565,0,0.182034723468
CC_83E9A18D533F,0,0.0907989093394
CC_83EFF0E17AF3,0,0.11930128485
CC_83F10D7593CA,0,0.152586123142
CC_83F27BDB40E1,0,0.363011208915
CC_83F2B435DA95,0,0.120289384576
CC_83F4CF4CB898,0,0.136131427584
CC_83F557684445,1,0.598252889806
CC_83F643F841F3,0,0.137757999634
CC_83F6F07B536B,0,0.124749707397
CC_83F9BDA0B79E,0,0.127063785234
CC_83FA4F8FA1BD,0,0.206989905564
CC_83FCC4BB67A6,0,0.0936820068484
CC_83FD7787C5A9,0,0.297132171143
CC_83FDB8DFEFF6,0,0.0737838775999
CC_8400A14E3F6F,0,0.114042323319
CC_8401AF4A1D48,0,0.0709651214179
CC_84074F9D8AC7,0,0.206851469401
CC_840766403CB6,0,0.179634925734
CC_840774B8AD67,0,0.134642392378
CC_8407D8693370,0,0.0705690273764
CC_84087B3A631D,0,0.286514527624
CC_840E3A68C7DC,0,0.687042517526
CC_84104F5A51D1,0,0.106480421833
CC_8410540DCD35,0,0.172695878361
CC_8413B4912A70,1,0.0942004475309
CC_8415119A4B69,0,0.15940748246
CC_8417E10149AB,0,0.0985268135955
CC_841EE1F6A6A0,0,0.088331492971
CC_8421447CCE63,0,0.0494346697903
CC_8422A67A5412,0,0.12299081782
CC_8427CA2934C8,0,0.0801326244759
CC_842B4A67D36D,0,0.101250485139
CC_842CD5238CB8,0,0.0874652576869
CC_842D2DE0E3C0,0,0.0648541347082
CC_84304DF7DE61,0,0.161739255829
CC_8437A6C54449,0,0.26005520163
CC_84384F87EA8A,0,0.306701716831
CC_843B738F094F,0,0.0738444919604
CC_843CB20C9738,1,0.52445425161
CC_8448B1E35DA1,0,0.199732309944
CC_844DA5FA5D43,0,0.0465671436687
CC_844DDBEC5850,0,0.337404432536
CC_8450562F8BBE,0,0.129975747505
CC_8451124411AE,0,0.180502464984
CC_8451284A291A,0,0.158545934557
CC_84523821E27C,0,0.166653424557
CC_84562D946C54,0,0.180390356127
CC_845A2488CCF1,0,0.17570771763
CC_845D423C42C0,0,0.124293711511
CC_8461774FB635,0,0.137126030377
CC_846624A85021,0,0.146034467722
CC_846C5C8C6819,0,0.102074920754
CC_8470C69D1B6C,0,0.0726311830991
CC_8478F1310247,0,0.130078702959
CC_847937259B51,0,0.0437229980071
CC_847B04465980,0,0.240377200006
CC_847B56BEDC51,0,0.0712965571472
CC_847B872253C6,0,0.0610774185405
CC_847CA9F820DC,1,0.192176446492
CC_8480A42B8FD8,0,0.119967044134
CC_848960CA31A3,1,0.138839454025
CC_848BBC971B78,0,0.137236199965
CC_848D1A346431,1,0.0646408382018
CC_848E5C9D0B57,0,0.229106771533
CC_848EF83F0057,0,0.2944900283
CC_8490CFD9E11B,0,0.297189157109
CC_849112BE2CAD,1,0.774641858765
CC_84912F7B9B41,0,0.217987081071
CC_849D59A65C04,0,0.123308582361
CC_84A2E3B11728,0,0.102426735921
CC_84A41B9D0BA2,0,0.153436639596
CC_84AA0311C589,0,0.138748600016
CC_84B321B020AE,0,0.120832520126
CC_84B9D554CFB9,0,0.111252869287
CC_84BB35CB01E4,0,0.149372074559
CC_84BE392B6662,1,0.169178246133
CC_84BFFBAF5B38,0,0.288612147805
CC_84C02BD7176A,0,0.173266604446
CC_84C20DF4F875,0,0.113798309092
CC_84C77562FC21,0,0.156898546681
CC_84C794406827,0,0.0929407901593
CC_84D07E076BD2,0,0.0728151916997
CC_84D12ED55E32,0,0.520970800964
CC_84DB737C55EC,1,0.139623113754
CC_84DCBB132410,1,0.25950750586
CC_84DFA2654E53,0,0.13891908569
CC_84E03F40F5AE,0,0.128811149421
CC_84EA5AC25386,0,0.0999498959665
CC_84ED0261E8DA,0,0.0717710779031
CC_84FC954B172D,0,0.230633061691
CC_84FD801362F7,0,0.134594099684
CC_850361408673,0,0.193306834266
CC_8503931DA5FD,0,0.0986599308108
CC_8509561A2E9B,0,0.172320864336
CC_85096165BC6B,0,0.199700085448
CC_850CEAFBE5AA,0,0.131899571356
CC_851277321B1B,0,0.0838512850838
CC_8512D7F86E27,0,0.316601082616
CC_851318AF0E46,0,0.0935802079606
CC_8515609A8AF7,0,0.101332407781
CC_8517701E4090,0,0.150832116453
CC_85230640A905,0,0.301091056526
CC_85252402599D,0,0.106277473704
CC_85257B9C8EE4,0,0.207141786097
CC_853646DD1955,0,0.237149057156
CC_853CA6BA6B6B,0,0.0806212542194
CC_8544A53D1D9A,0,0.11800184943
CC_854532C8E2C4,0,0.0866112795026
CC_854727248279,0,0.305501407458
CC_854A2C027435,1,0.261340476913
CC_854B02848540,0,0.144908945313
CC_854E5C8034B8,0,0.189411219416
CC_85503D7EC808,0,0.0962694820224
CC_8554D166AD5C,1,0.29684457123
CC_8555E19AD380,0,0.750119453106
CC_855694F826CF,0,0.108445218477
CC_855AF362E28F,1,0.172888498397
CC_855E2CB15AF4,0,0.213108245447
CC_85604F154D06,0,0.101617087844
CC_856391A5250F,0,0.0473828390356
CC_856A4B8814CE,0,0.140009957736
CC_8574B2C58882,0,0.162324347584
CC_8575A7EFA73B,0,0.11017022791
CC_857702EEF8AD,0,0.123896207149
CC_8582281CD246,0,0.0969692640135
CC_8582EEAD0696,0,0.0298398667554
CC_8583C01D341F,0,0.103125556193
CC_8586D6F8A078,0,0.0741293447585
CC_8588F3E2B49A,0,0.114519384416
CC_858C2DF27D17,0,0.0737654568217
CC_858D84B70968,1,0.507228031208
CC_858FE0CAEC64,0,0.585058338849
CC_85912C4DCBA0,0,0.220173725921
CC_8592A31B8D43,0,0.752345381108
CC_859634473D76,1,0.849947786461
CC_859712019798,0,0.179619606015
CC_8599D33632A3,1,0.466728628446
CC_859A4F38ADAC,0,0.109932431429
CC_859BF8767B8C,0,0.273764464908
CC_859C7F62A15E,0,0.0877483932591
CC_859CA10A2BBF,0,0.446351285469
CC_859FBBE2EBDA,1,0.202259673867
CC_859FC448AA1F,0,0.191016211011
CC_85A14BFD5BE5,0,0.331884385602
CC_85A198C86010,0,0.100292014082
CC_85A280DE8323,0,0.080564477433
CC_85A49AF89BCB,0,0.168060549421
CC_85A58CBD5A2B,0,0.113803906774
CC_85A8D1A59F99,0,0.115585728132
CC_85ACDCEA8BA9,1,0.11954736062
CC_85B3C568AF3F,0,0.119820527807
CC_85BF6ECE2835,0,0.547907535309
CC_85BFBACE415A,0,0.0862358602393
CC_85C37C9A37B6,0,0.140330483842
CC_85C7E198F897,0,0.144633172117
CC_85C9577D55B8,0,0.184807381461
CC_85CBA47DCE02,0,0.085407040243
CC_85CC74830176,0,0.0875773378882
CC_85CD58D9DD10,1,0.113055441778
CC_85CD9ECA568E,1,0.384505266953
CC_85CDF67FAA71,0,0.177092031734
CC_85CF165732FA,0,0.142190991687
CC_85D263C4FB84,0,0.0855301030567
CC_85D5C3897439,0,0.138121173714
CC_85D5D9E468D1,0,0.0925901482971
CC_85D98819D731,0,0.0813314756004
CC_85D9EA4EE0A5,0,0.0872561254421
CC_85D9F170BA52,1,0.647192999848
CC_85DE8E68C968,0,0.0649732766184
CC_85E277D9753B,0,0.192771707607
CC_85E45CBE3C57,1,0.295887910175
CC_85E57C4C5626,0,0.0942541282762
CC_85E65A6C1CA7,0,0.632843819512
CC_85EE07C1FDA4,0,0.0889431541532
CC_85F0184870B9,0,0.0649635071181
CC_85F276C3D99B,0,0.11816031715
CC_85F28F6F4251,0,0.145472925005
CC_85F42A23D754,1,0.296945453215
CC_85F9727CA904,1,0.472313156783
CC_85FBD37724D5,1,0.149225435564
CC_8605A7739771,0,0.224916684629
CC_86088D044308,1,0.715194955175
CC_860BA322ECFD,0,0.204016289262
CC_860E37E1E603,0,0.273624598715
CC_8612FB9659B9,1,0.157716533843
CC_861491686730,0,0.148820086071
CC_8615960BD66A,1,0.252182453402
CC_86188DD29505,0,0.652526626034
CC_861B8E55A0B3,0,0.072432543751
CC_861C1CD2DEFA,0,0.158531617691
CC_861D0FF46FE7,0,0.164565022896
CC_861EC1FFA7C6,0,0.269750800008
CC_8620E3F929FC,0,0.138235075617
CC_862702BA2903,0,0.123886727823
CC_86271F36EABB,0,0.0707723510623
CC_862B98C05A76,0,0.124137420393
CC_862C1D6FF9B0,1,0.173224052755
CC_862E6626CE39,0,0.0561679643764
CC_86307416BC27,0,0.186441437101
CC_8631EE0730DD,0,0.143541905408
CC_863392C131D8,0,0.598683232806
CC_8636DF115572,0,0.172033657808
CC_8638500AFB92,1,0.116810557864
CC_8639ADBA3BDF,0,0.0968128086646
CC_863B3C386DA9,0,0.098150881237
CC_863C74781000,0,0.0861723608572
CC_863D53B2F0EC,0,0.166032974427
CC_863E9DF15E02,1,0.117975306888
CC_863EC200AC9E,0,0.220420347196
CC_863EF1BAAD35,0,0.140188144934
CC_864086E0DB2C,0,0.199214783251
CC_86416D79943F,0,0.111193001005
CC_864170568CBF,1,0.28619439113
CC_8643269CA8CF,0,0.196750987441
CC_8645398F94A6,0,0.0613060008102
CC_86497D43D291,1,0.798817193375
CC_8649F6AF600F,1,0.149031904817
CC_864BABF31CCA,0,0.201784329882
CC_865063598888,1,0.499861844959
CC_865BF6775110,0,0.0751117265773
CC_865DBDBEEB69,0,0.0941643869808
CC_865E153F9C3F,1,0.412268832548
CC_8660CB567744,0,0.246602104975
CC_866126DFB0FB,0,0.145806377269
CC_8666571EEB31,0,0.287422906514
CC_8674F8AE8ED8,0,0.191655289031
CC_86759F24B910,0,0.110683188374
CC_8675D42E20F3,1,0.162063046219
CC_8676FC3D2640,1,0.30341286047
CC_867A710D3305,0,0.0975736060099
CC_867EBCE17C7D,0,0.289880694294
CC_867F3EF7E34E,0,0.137822806226
CC_867F7FFC6A14,0,0.116728892815
CC_8680550434E3,0,0.119120729242
CC_8682D2F277BD,0,0.0929552264976
CC_868689560BED,0,0.0892652982688
CC_8687F92F9512,0,0.571749874306
CC_868A3CC45CAA,1,0.520053086104
CC_868D4E3358D1,0,0.150474628901
CC_868F1B2C419F,0,0.140057320984
CC_869176EC2795,0,0.117105640054
CC_8692B58F6652,0,0.0772680571556
CC_8694E56CEFE0,0,0.112722926508
CC_8699F4C0223B,0,0.0576651111866
CC_869C77808252,0,0.249548624953
CC_869DDB5FFA7D,0,0.23530340831
CC_869EFD072B48,0,0.12936916682
CC_869FEFA4EFFA,0,0.130882098372
CC_86A33D396049,0,0.16304390255
CC_86AB85858F42,1,0.402868817462
CC_86ABB02C3F84,1,0.847491813206
CC_86AD2D6E1A11,0,0.0897253126745
CC_86AF4D4980D4,0,0.538860821112
CC_86B0BC1961CB,0,0.0733102805814
CC_86B1104503DB,0,0.0694484091389
CC_86B2B3B22C17,1,0.140320390125
CC_86B53E31B5AB,0,0.385940476354
CC_86B5782EB5BF,0,0.125686291721
CC_86B8302DB4CC,1,0.289067259244
CC_86B9EBDE556C,1,0.108236928205
CC_86BB24808E04,0,0.417265812936
CC_86BC75B21D5C,0,0.143307274482
CC_86BEAF8E36B0,0,0.149736199989
CC_86C238643356,0,0.126762037868
CC_86C36B9E84E8,0,0.0914104547897
CC_86C790A482E1,0,0.132332168454
CC_86C85637C604,0,0.341898723799
CC_86C9FBD83D41,0,0.115878594334
CC_86CFEB77F44D,0,0.123726080219
CC_86D11AC300DD,0,0.0707401533538
CC_86D1EE4E104B,1,0.805991586512
CC_86D2E76499AE,0,0.0787951374118
CC_86D595ABBB67,0,0.207211477845
CC_86DB45056AA6,0,0.595373469997
CC_86DC35C59AF1,0,0.223605347871
CC_86DE9B62A591,0,0.316237823391
CC_86E15A0E2ECD,0,0.126931560406
CC_86E1968D77F8,0,0.091733186029
CC_86E3DE1F853B,0,0.146046461568
CC_86E62C8EFFAB,0,0.0474814754651
CC_86E6FD46C7C3,0,0.0759915891313
CC_86E7640CB326,0,0.131684059359
CC_86EDC712802F,0,0.15848579471
CC_86F0AD898633,1,0.377429899523
CC_86F100A0BCAF,0,0.170766201403
CC_86F67003DA7F,0,0.252830841861
CC_86F839FDC22F,1,0.751751974841
CC_86FBD7D6E155,1,0.209223332572
CC_86FD060EE094,0,0.376304115468
CC_86FE5ADAEE0D,0,0.176017770634
CC_870092A40E28,0,0.0750829598662
CC_87033900032A,1,0.169894696726
CC_87048F2C60FD,0,0.319094942555
CC_8704C0460B7D,0,0.385544838648
CC_87065E562980,0,0.106887278045
CC_8707A0F9A72B,0,0.136911101519
CC_8711ECE19E1C,1,0.624030937335
CC_87153B77C7D1,0,0.116475036444
CC_8718E2F7EBDE,0,0.0983319323229
CC_871B07565EB3,1,0.244403585026
CC_87204B25FE9B,1,0.808515925269
CC_87232CB033D5,0,0.1753077478
CC_87286A4ADA66,0,0.140638342814
CC_872A36BC4113,0,0.152081763285
CC_872A7D72B306,1,0.18837781413
CC_87364D9DDBBE,0,0.0685325679251
CC_87367810F0E3,0,0.114540876687
CC_8738460D8B27,1,0.799910586026
CC_873C0411FB67,0,0.115391049217
CC_874203D16395,1,0.633212629324
CC_8744637340D6,0,0.3518192177
CC_8745421542CB,0,0.0835128004967
CC_8746CA087323,0,0.625323265845
CC_8748CED9B5C9,0,0.124167554483
CC_874DF4A29A08,0,0.392305602993
CC_874EFEA204EF,0,0.256804926879
CC_875061E651F9,0,0.602343778016
CC_87582E5C62E6,1,0.202693964585
CC_875C61C2FC02,0,0.425338019799
CC_875EB34D2629,1,0.159413667023
CC_87628F7AE5F2,0,0.286265190123
CC_8763175F2224,0,0.139250797497
CC_876738074030,1,0.393436472861
CC_876792BCBA2A,0,0.191508706094
CC_876FB5FB5A95,0,0.223046089141
CC_87717CE81F95,0,0.10588921386
CC_877218475FD0,0,0.278992466897
CC_8775CA5C253C,0,0.200958778915
CC_8776E6126E3C,0,0.0833269140142
CC_8777C4330C67,0,0.188108933692
CC_877ED204BB5F,0,0.0642666785489
CC_8781D1FC0EA7,0,0.18628712456
CC_8781D8F1F3E4,0,0.183313550203
CC_87857B066AA9,0,0.084383142576
CC_8786ACB3735B,1,0.44699031372
CC_878D80092C52,1,0.312250588989
CC_87909526CD47,0,0.146423598072
CC_8790BD625546,1,0.111421755217
CC_8793CD1D147A,1,0.172308272747
CC_8797E4A007C8,0,0.0828977189991
CC_8799F55B9D6B,1,0.517401842172
CC_879F4293240E,1,0.244841899402
CC_879FE8F2F22E,0,0.164203864886
CC_87A2160F2BD3,0,0.788270896099
CC_87A592F2B41F,0,0.116723960218
CC_87A68B6A860D,0,0.280549083189
CC_87A77C986512,1,0.254293249858
CC_87A839B8E7C6,0,0.206485494391
CC_87A84A191294,0,0.115913051968
CC_87AB25D4CFEE,0,0.4385792769
CC_87AB83BEABDB,1,0.147429712731
CC_87B1A35F6905,1,0.222875651751
CC_87B1D403A93B,0,0.719991282136
CC_87B3E2F91024,1,0.15009109554
CC_87BB4365ACC5,0,0.0736137169921
CC_87BD15B28637,0,0.189402239002
CC_87C46DD4173E,0,0.275184856528
CC_87D4A9FC32DD,0,0.106323680125
CC_87D59E971C90,0,0.156390518099
CC_87D66EE64921,1,0.393064708472
CC_87DAA6D59306,0,0.147630095952
CC_87DAB6BBE8DE,0,0.212414896445
CC_87DD3999796C,0,0.282890151828
CC_87E03783B178,1,0.12846100421
CC_87E275D79969,0,0.110933436226
CC_87E4215CF7C8,0,0.118005718407
CC_87E74188B70E,1,0.848327204933
CC_87E915B4D05B,0,0.111554329494
CC_87EA67EFF600,0,0.141457451421
CC_87EAD9BA312A,0,0.209749633899
CC_87EE0748A3ED,0,0.173390657697
CC_87F14EEA21CF,0,0.119345834277
CC_87F17BC6CB3F,0,0.265737289537
CC_87FAEC685FE2,0,0.231271541247
CC_8801F2F28072,0,0.146314008678
CC_880439C212FB,1,0.495871239199
CC_8806EC21970E,0,0.121690365048
CC_8807E7853B80,0,0.117285428225
CC_880E8B7EB971,0,0.104945605013
CC_881A2D33B105,1,0.157003841881
CC_881A7CBA0B0E,0,0.0728788808512
CC_881C28F7E915,0,0.161163877914
CC_881E22E3E171,0,0.141241978138
CC_881EEC566FCD,1,0.210813909547
CC_881F2A37F035,1,0.172844792813
CC_88204DD3ED99,0,0.142061439849
CC_882272C7CCA3,1,0.173136862141
CC_8825DCF466E5,0,0.155364685374
CC_8827D0C68F8B,0,0.131348744931
CC_8828CA9AEFB7,0,0.108118366626
CC_882DEABB0694,0,0.163846738765
CC_882F9260A081,0,0.542306520115
CC_883080901E79,0,0.350390061778
CC_8831B682DB25,0,0.151878116477
CC_88342AC3BCC3,0,0.124340848181
CC_8838DFF3770A,0,0.107910514885
CC_883901FCED78,0,0.140473220717
CC_883D0A958B4C,0,0.268557689637
CC_883DC657B072,0,0.0526710361762
CC_883EE2FBECEC,0,0.0637358794729
CC_88407338C8BC,1,0.366652343527
CC_8840CC1B191B,0,0.360766006346
CC_884253AC3EE9,0,0.140075073021
CC_88469626E422,0,0.118712595424
CC_885208C261A8,0,0.265480072987
CC_8858ECDE3319,1,0.236235074033
CC_885AED9E24C9,1,0.095704691981
CC_885F3429A6C5,0,0.115504334505
CC_885F880D3EA1,0,0.117609837845
CC_88603647566A,1,0.136032085387
CC_88616213F78A,0,0.151728400519
CC_88620F66925E,0,0.112283449485
CC_88650F080FD9,0,0.187907853802
CC_88696AB505DA,1,0.132695008739
CC_886A1CBDE57D,0,0.64848654067
CC_886A55A0B9EA,1,0.0853949901845
CC_886B56FBA5FF,0,0.116669244043
CC_886E75046529,0,0.186837905033
CC_88725BB141EF,0,0.125195416793
CC_88792B490860,0,0.0968485460057
CC_887FF908CB33,0,0.230455001298
CC_8881B8CF589A,1,0.170534984585
CC_888E73B9068E,1,0.0672714695096
CC_8890014347BB,0,0.15407565236
CC_8896E825798C,0,0.126894591454
CC_889A7CCC5607,1,0.276659156572
CC_889B9C847068,0,0.127225432197
CC_889F5F256146,0,0.176288920358
CC_88A037892607,1,0.238394240536
CC_88A1FEF58EDA,1,0.806675925233
CC_88A3032B4B89,0,0.107797479844
CC_88A77AD7AD53,0,0.148323326663
CC_88A8107A05C7,0,0.142357719414
CC_88AEE3CC0A3B,0,0.2586177573
CC_88B5FFEF5423,0,0.151906958305
CC_88BE8F27470D,0,0.0838725967765
CC_88C27349A262,0,0.13136706345
CC_88C5E72AC45A,1,0.752245732534
CC_88C93E730FE2,1,0.117442098844
CC_88CA56D31442,0,0.0533852322455
CC_88CB39F57CEE,0,0.137318603745
CC_88CCA23DE13C,1,0.48013588114
CC_88CEA042925C,0,0.0613990129984
CC_88D0087D0200,1,0.629149745361
CC_88D16BEDA995,1,0.163971279744
CC_88D4000B6C66,0,0.0587800120308
CC_88D5CF7C6E37,0,0.107496698063
CC_88D8151B2575,0,0.120752623314
CC_88DACBFA3B48,0,0.109784962034
CC_88DD9EA930DE,0,0.188193915201
CC_88DE59EA74A8,0,0.104676066063
CC_88E41EB194DF,0,0.191129828154
CC_88E6EB29EB5F,0,0.0953831199019
CC_88E70E9ED76F,0,0.17226811888
CC_88E9003B1BD7,1,0.118424767637
CC_88E9F3E381BF,0,0.0647947169085
CC_88EA9998D301,0,0.16439417681
CC_88F113C9DACC,0,0.12803441985
CC_88F2DA778874,0,0.0994860819543
CC_88F6444B2F85,0,0.147729648437
CC_88F75868B2C8,0,0.0601475634993
CC_88F986565133,0,0.119713418419
CC_88FEB8FBA890,0,0.0949451568725
CC_88FF1EA5C5BA,0,0.195107568202
CC_8901AC4B659A,1,0.0747051444892
CC_8905D1169A78,0,0.137499930179
CC_8905E80A937B,0,0.198932695361
CC_8906E85DAAAB,0,0.259086448833
CC_8907B51901C4,0,0.177380640617
CC_8908542D3BD2,0,0.126846128114
CC_890A2CC8E5DD,0,0.18398680712
CC_890E78E8EC4A,1,0.082939830277
CC_890EAFF0C0C6,0,0.122978887382
CC_890FBFA46967,0,0.131413858715
CC_8910EAC0284B,0,0.277417730411
CC_8910FD543A93,0,0.187114921263
CC_8919255E1F41,0,0.0989723127392
CC_8919E339D8FD,0,0.0698729220112
CC_89200C56C85A,0,0.170834697031
CC_89217C8BCC88,1,0.693882179351
CC_8926BB4EF2FE,1,0.751601723192
CC_892777C150B2,0,0.0862739600323
CC_892CE954C1C2,0,0.358529388781
CC_8933FC635479,0,0.0690419770789
CC_8937B1CFAE3F,0,0.126555285107
CC_893C8D011DE4,1,0.305421509505
CC_893DEB779912,0,0.129871719495
CC_89495F39FCE6,0,0.0887423855994
CC_894B9BD64131,0,0.0814165936737
CC_894BC255E05A,0,0.0822377351392
CC_894E40ED3E86,0,0.180957963558
CC_895082E1D7A1,0,0.720127360128
CC_8954FD7AA7CB,0,0.105619828756
CC_8955F84626E8,1,0.355022071111
CC_895676F3DADB,0,0.113766283132
CC_89596A40960B,0,0.122312212126
CC_895EE877C6FC,0,0.123611798329
CC_89615870746F,0,0.0884561797556
CC_8966A3D42005,0,0.0973078830198
CC_8966E2658B19,1,0.455098693538
CC_896826D5F7D8,0,0.187174000085
CC_896A686552FD,0,0.109768540056
CC_896BC4DFE96B,0,0.149673544867
CC_89705DBBCA31,0,0.105160923215
CC_897193457573,0,0.233390275721
CC_897509E33530,1,0.497289050238
CC_8978B1BB5B25,1,0.535316341124
CC_897E6E7B1628,0,0.178141244786
CC_89824386B799,0,0.0998401495632
CC_89840ECD95B2,0,0.228907851482
CC_8985376EDBB9,0,0.0850657052111
CC_898A9EA30786,0,0.214736568068
CC_8992CDECC2C7,0,0.0923082919588
CC_8993B8BBA8EC,1,0.332277396367
CC_899463A2FACF,0,0.0809391117919
CC_899D593F61A5,1,0.148839430086
CC_89A2163453A9,1,0.193939711929
CC_89A771E462DB,0,0.103833791184
CC_89A7885525FE,0,0.153716828543
CC_89A81EA614E5,0,0.0711980417504
CC_89A921A63597,0,0.128287579858
CC_89AB021EEEA9,0,0.312681121023
CC_89ADA1320C45,0,0.14375747886
CC_89BE202E30F8,1,0.442291451334
CC_89BF770FB0B8,0,0.149627347723
CC_89BF7F964A95,0,0.680831605766
CC_89C0D7E0793F,0,0.146836181273
CC_89C5708945E2,0,0.158725147479
CC_89C6853DF18A,1,0.119429473444
CC_89D0DB16FF49,0,0.109277685796
CC_89D4997719B0,0,0.115304311507
CC_89D54E6788AB,0,0.0683767421375
CC_89D593FDB717,0,0.549588323079
CC_89D5E3425929,0,0.121486765303
CC_89D90556CEED,0,0.189299359553
CC_89E10A6AB3D1,1,0.741920673443
CC_89E8DCAFA0E6,1,0.077469546954
CC_89EF51D61E0F,0,0.142952937742
CC_89F356517996,1,0.602366949942
CC_89FB00866BAE,0,0.287895414369
CC_89FF1441842A,0,0.194154054016
CC_8A0826807B1C,1,0.568220202718
CC_8A08F18C55F0,1,0.564247706378
CC_8A0AD2B71D8D,0,0.211477754978
CC_8A11601425BF,0,0.135224737177
CC_8A1705D40ECF,0,0.140770389946
CC_8A1BADB2C4E2,0,0.0911578795107
CC_8A1DA191223C,0,0.117922466479
CC_8A20096E7C5D,0,0.355466127662
CC_8A23793AE750,0,0.114746806577
CC_8A30F1F28F07,0,0.144421713544
CC_8A329E12BD60,0,0.138100134604
CC_8A38EBD244EB,0,0.134712970461
CC_8A391CE69D3D,0,0.0723382290533
CC_8A39255C8D4C,0,0.578088768379
CC_8A3B61DCBA57,0,0.834494579663
CC_8A3F87E0D8D0,0,0.0373561845298
CC_8A4038D2738B,1,0.0961160669656
CC_8A4343315922,1,0.0863489469867
CC_8A45F16C6B25,0,0.128265447906
CC_8A4AE731E02D,0,0.14394123519
CC_8A4CBF74816E,0,0.155244615267
CC_8A4ECE1CE7DE,0,0.512249987416
CC_8A4F945CC81D,0,0.286699836596
CC_8A511859DE46,1,0.163062546374
CC_8A5438242A67,0,0.0797071797708
CC_8A5B75394B5A,0,0.0818095577192
CC_8A5B93ACF353,0,0.129933983234
CC_8A5F72F9C8BE,0,0.270580807214
CC_8A62198C6B0F,0,0.106677658496
CC_8A65EE634765,0,0.123570081443
CC_8A7333602C9C,0,0.146408073522
CC_8A747619E991,0,0.0813123991977
CC_8A79CB1C9DE1,0,0.273722224819
CC_8A8176C51DA3,0,0.126816965868
CC_8A8192A4345E,0,0.130118820683
CC_8A82A1CC6016,0,0.458900761349
CC_8A82D5A67B5B,0,0.62378615937
CC_8A976D89EC8F,0,0.154057205306
CC_8AA872B39466,0,0.316513111378
CC_8AA9DA4F0191,0,0.29142586533
CC_8AAA0C83C75C,0,0.118926011074
CC_8AB166E1E222,0,0.145702795673
CC_8AB8ECFFD917,0,0.120213107062
CC_8AB93325962C,0,0.170690149004
CC_8ABAE47BA850,0,0.0938578938628
CC_8ABC74DDF64D,0,0.112354513458
CC_8ABD0B2D5199,0,0.100136746428
CC_8ABD61E3626D,0,0.0864022511173
CC_8AC5954C88EE,1,0.766814917875
CC_8ACB02BA6ABC,0,0.131673692124
CC_8ACBFBD7DB57,0,0.160323555047
CC_8ACF294E6623,0,0.129954897063
CC_8AD1EF1B6713,0,0.153292061846
CC_8AD1F2A666AD,1,0.394658335643
CC_8AD4C3843B97,1,0.275797509965
CC_8AD7CDC7069C,1,0.133717234861
CC_8ADB4AAD0EF8,0,0.12893658584
CC_8ADBB7A3F710,1,0.224290115674
CC_8AE15E2C4DDB,0,0.0891342868855
CC_8AE16F3BC745,1,0.489090214326
CC_8AE97DBFBCA9,0,0.129369368224
CC_8AE9999A3DAB,0,0.681227278369
CC_8AEA25F65FC7,0,0.117935416848
CC_8AEA9A62B9B0,1,0.723576263783
CC_8AF00058FA5E,0,0.284300409291
CC_8AF02D5A3414,0,0.123746650552
CC_8AF171A5B9F0,0,0.138470066498
CC_8AF4698500E2,0,0.344779671399
CC_8AF4A9CB3CA1,0,0.125623208573
CC_8AFB1B527986,0,0.141921112736
CC_8AFD16727FB7,0,0.0920552713509
CC_8B0326553741,0,0.0624262000765
CC_8B034A75788D,0,0.064983598447
CC_8B0557E0DBBF,0,0.164174596614
CC_8B0D261F921C,0,0.182338575313
CC_8B0D7118407A,1,0.731875619921
CC_8B0D8AADAE8E,0,0.122072352739
CC_8B0EA9CD58F5,0,0.38853892732
CC_8B0F48160CC1,0,0.154287075242
CC_8B0F78538173,0,0.125979680019
CC_8B112BFACCF9,0,0.0970813077227
CC_8B136B765B9C,1,0.117071408407
CC_8B14EF71A006,1,0.363215052885
CC_8B154A01E8BD,0,0.0572181212796
CC_8B155813A5D5,0,0.231007515609
CC_8B15E26C992B,0,0.196275659761
CC_8B18A3A40691,0,0.11627106093
CC_8B1A17409D8D,1,0.323823857434
CC_8B1E43EB359E,0,0.142423515303
CC_8B1F678D9195,0,0.132800393475
CC_8B20FF1CAF26,0,0.29026208042
CC_8B2323F6CB34,0,0.0579755284031
CC_8B23269FCB1A,0,0.175852216465
CC_8B23855692CA,0,0.0829597055179
CC_8B26B4EDB655,1,0.181766108
CC_8B278F52C43B,0,0.0909702090354
CC_8B2796233179,0,0.066952004572
CC_8B2A9FC1D230,0,0.196891520233
CC_8B2B61F4242E,0,0.395213351246
CC_8B2B95ECBB6F,1,0.67256947772
CC_8B2E26FF3DB8,1,0.15796804701
CC_8B2EBF5E6B43,1,0.262007978281
CC_8B31C9351A6F,0,0.0770994913016
CC_8B385C3E3E39,1,0.324680023072
CC_8B38DE48116E,1,0.616080855433
CC_8B3A4C4B36AD,0,0.177076479906
CC_8B3E97729A72,0,0.111275253
CC_8B40636DE84D,0,0.814713500974
CC_8B416BD5DCDB,0,0.090477728622
CC_8B41B8121E73,0,0.129522085831
CC_8B42BA2E3164,1,0.13384480986
CC_8B440EA99D6A,1,0.385906382228
CC_8B48E1F143C1,0,0.0873623932663
CC_8B53B4F11336,1,0.131636246921
CC_8B57F9A6272F,0,0.259182350362
CC_8B5B0A1A9DA9,0,0.150580806205
CC_8B5DB500A41C,0,0.154608518227
CC_8B62B7C8DBD7,1,0.774280623543
CC_8B63BA445B07,0,0.153176775134
CC_8B63D694307B,0,0.0871576998501
CC_8B660AEC8E1E,0,0.146623734646
CC_8B6A007221B8,1,0.243239308029
CC_8B6C3DD80E76,0,0.0427454796927
CC_8B7A29B4E588,0,0.0886514548107
CC_8B7AE581BB15,0,0.0825342407074
CC_8B812F32C56A,1,0.168675999785
CC_8B824D5678AB,0,0.287400478091
CC_8B85B1393237,1,0.64597684075
CC_8B87EFE3E655,0,0.231310646291
CC_8B89AE6967E9,0,0.257953209436
CC_8B8F958564AE,0,0.108632020185
CC_8B906F28FCB3,1,0.318926419875
CC_8B9325445327,0,0.262151326868
CC_8B9457520599,0,0.0862083903641
CC_8B95646C42D4,1,0.185965406669
CC_8B97335072F3,1,0.180481239502
CC_8B97D5BE7C4D,1,0.651478557306
CC_8B9937161EF6,0,0.11016586177
CC_8BA011266369,0,0.417430338021
CC_8BA44D52263D,0,0.14363969328
CC_8BABC51C24E7,0,0.103637132039
CC_8BAC856C4250,0,0.148314284302
CC_8BAC91C19395,1,0.775069191867
CC_8BAD6CAD9790,1,0.166633743586
CC_8BAE7DA7EB88,1,0.837986824636
CC_8BAEC13E2FA1,0,0.172956532037
CC_8BAFD7F96208,0,0.3129958523
CC_8BB52935A06F,1,0.626189051613
CC_8BBAC5378F80,0,0.0492484670576
CC_8BC2497F52EE,1,0.678151801627
CC_8BC3295E1767,0,0.146312106008
CC_8BCAFD409689,0,0.697348974524
CC_8BCD4A91171F,1,0.524235702706
CC_8BD405B117C4,1,0.123105872509
CC_8BD5319A861D,0,0.115329494543
CC_8BD534144A7E,0,0.103880575303
CC_8BD5FA185EFF,0,0.0937172387454
CC_8BD6AC562D84,1,0.738426856681
CC_8BD735717BCB,0,0.100975156286
CC_8BD76627993E,0,0.154253971925
CC_8BD92D5D8B3F,0,0.0870986774558
CC_8BD9CEB8D44D,0,0.0731425542276
CC_8BE338113997,0,0.119608241639
CC_8BE619B40EFC,0,0.159022570618
CC_8BE7542AD090,1,0.222522846512
CC_8BE8D6EE543D,0,0.0667594347776
CC_8BEB1169204C,0,0.125311946275
CC_8BEC852AC83E,0,0.0658339397362
CC_8BED81B8B0D3,0,0.202995946302
CC_8BF8B5915096,0,0.104444291129
CC_8BFB432CC531,0,0.08636188503
CC_8BFD78178DDE,0,0.0925493854198
CC_8BFF0096E915,0,0.0716610848495
CC_8BFFCDF638BB,0,0.0681109081658
CC_8BFFD368EBD8,0,0.173370781997
CC_8C04F1D74551,0,0.0941786042948
CC_8C069A0689C5,0,0.226741830356
CC_8C0BAF84D40E,1,0.789846774256
CC_8C0C4C76572C,0,0.093198236152
CC_8C0E2E0D5BEB,1,0.102147503548
CC_8C129FC43D10,1,0.790183137041
CC_8C13B5C7EBC2,0,0.276533543181
CC_8C1597CEDAA8,1,0.158170124658
CC_8C1745867BB1,0,0.191565350593
CC_8C18531C73C4,0,0.152678525848
CC_8C1865D97336,0,0.101195838833
CC_8C197C9BB5F3,1,0.115408512889
CC_8C1A312388F9,1,0.343162683159
CC_8C1C177DE4F2,0,0.0870277032284
CC_8C1E407C5BC2,0,0.100876930148
CC_8C1E98DED2BD,0,0.077755894526
CC_8C20D5787228,0,0.117016498648
CC_8C26EA179E18,0,0.0974757442705
CC_8C2B00F53194,0,0.264603140997
CC_8C2F6CB20BF7,0,0.110228932649
CC_8C3126B01553,0,0.0765191314895
CC_8C35B5F03843,0,0.163329496867
CC_8C361D4A0C07,0,0.210977111546
CC_8C37A0E834A0,0,0.16203359962
CC_8C3E6BCB10C5,0,0.0774048333574
CC_8C423C5639E4,1,0.134779380373
CC_8C42586A841F,0,0.265817634289
CC_8C440E774B97,0,0.132663070807
CC_8C44A5DF2EDD,0,0.126705031654
CC_8C480634B60B,0,0.129526298442
CC_8C4A42B9970D,0,0.133463015191
CC_8C4B9309138B,0,0.289120706106
CC_8C4FADDD104B,0,0.247314164648
CC_8C50AE60B82A,0,0.0964011435418
CC_8C516BF74F70,0,0.0458832807281
CC_8C5A029A6AF8,0,0.13319966696
CC_8C649F5381FE,0,0.100974687488
CC_8C669273D14E,0,0.151888155454
CC_8C6AD62FCEEB,1,0.178172388083
CC_8C6B8D1BD59E,0,0.182035724053
CC_8C6BD3E134F8,0,0.185762866406
CC_8C6D5F0AACCB,0,0.19061006209
CC_8C6DB4A95210,1,0.503721025786
CC_8C6F0C01454A,0,0.176167145124
CC_8C70FB43F214,0,0.120858920561
CC_8C714F9EA269,0,0.161662638827
CC_8C72B5195194,0,0.0468911205655
CC_8C7303F3780E,0,0.13431337372
CC_8C7375D6CCE4,0,0.16115451945
CC_8C75F421482C,0,0.0703355225638
CC_8C77FB3B9CB4,0,0.108946789824
CC_8C7880AEDFDD,1,0.142686936186
CC_8C7C0E802BAB,0,0.325440708992
CC_8C83E62DCF27,0,0.122351384455
CC_8C87C87E7E97,0,0.110805473136
CC_8C88974E5BDF,0,0.206415586686
CC_8C8C6EBCB2F0,0,0.135856654998
CC_8C8DE1CCBFEC,0,0.320688665408
CC_8C9232F05C43,0,0.145013103424
CC_8C939D68CCD6,0,0.136167267301
CC_8C93E38E0721,1,0.482556017337
CC_8C97F2A8434F,1,0.851561259896
CC_8C9E36E8193F,0,0.0838895682555
CC_8CA2472C65A3,1,0.650579297245
CC_8CA2D00E6F9E,0,0.110610291896
CC_8CA3C1922ABA,0,0.0519411053547
CC_8CA3F42E245B,0,0.156268431398
CC_8CA8EA8C283E,0,0.0982607156353
CC_8CB0B4CFD523,1,0.516251167256
CC_8CB0BB3B0EE0,0,0.123378895158
CC_8CB3F4223F20,0,0.142270056392
CC_8CB553CAA5BF,0,0.153959340083
CC_8CBA8957576E,1,0.228416446769
CC_8CBB6C37F81D,1,0.148874297259
CC_8CBD8CB4E0C7,0,0.107460278541
CC_8CBDD0960E91,1,0.658480659613
CC_8CC796EE32EF,1,0.232525463218
CC_8CCB2DF67CB9,1,0.747597607064
CC_8CCC9C7FD23B,0,0.544129110191
CC_8CD3CA261033,1,0.398874413227
CC_8CD5339DFA7C,1,0.0705493541196
CC_8CD6515B2E56,1,0.820328570107
CC_8CD68FC19FF3,1,0.225918002051
CC_8CD9321C690E,0,0.0959960748629
CC_8CD9F00B586E,0,0.0904893698552
CC_8CDC031FF00B,0,0.190013024649
CC_8CDC5D75F195,0,0.129458151365
CC_8CE71FD7EC27,1,0.86125235197
CC_8CE782CD2DF8,0,0.720781244173
CC_8CE8D5A2BCB8,0,0.773805136846
CC_8CE9F45A1688,0,0.107850255337
CC_8CEA7197CB25,0,0.145664287131
CC_8CECC68A55D7,1,0.249042142279
CC_8CED3BF49141,0,0.196327194387
CC_8CEDCEEB2ADB,0,0.135399456241
CC_8CF18EF77AA0,0,0.168854485955
CC_8CF39903A3B1,1,0.217633937093
CC_8CF3F336C699,0,0.067367547171
CC_8CF6A942CCD0,0,0.238244618167
CC_8CF83BF84865,0,0.0966703783324
CC_8CFDB1D821C6,0,0.125099757774
CC_8CFF78DD7D00,0,0.109858542856
CC_8D05A3D8C88B,0,0.128591623909
CC_8D060723D602,1,0.121188770767
CC_8D0805F0063E,1,0.834881036295
CC_8D081483AA82,0,0.544745323052
CC_8D0A9547FCC2,0,0.101971453892
CC_8D0CA31A0D26,0,0.15192874751
CC_8D0FCEA77037,0,0.137849722992
CC_8D1306FDB9E5,0,0.145846326759
CC_8D13D758D6D3,1,0.59956166186
CC_8D1408285B4C,0,0.09698557378
CC_8D14B6578068,0,0.0448468767444
CC_8D1584B3116A,0,0.321672270007
CC_8D17D92C4EA4,0,0.109330218999
CC_8D17FE26113B,0,0.0828231053011
CC_8D1CB0824E58,0,0.238612273206
CC_8D26915A220A,0,0.382112557038
CC_8D2968E7E707,0,0.124977590287
CC_8D2B8EF801F2,0,0.560495522359
CC_8D3B0DF3F596,0,0.0700040321638
CC_8D3E021FCA10,0,0.106556504865
CC_8D3EC2E8E735,1,0.269827221881
CC_8D4106E58430,1,0.799788120621
CC_8D42F4222E6F,0,0.109123955251
CC_8D44F4EBAEFC,0,0.118756038577
CC_8D4514B51916,0,0.243814672566
CC_8D45A90E3325,0,0.267591480442
CC_8D4710FBE23F,0,0.14607308375
CC_8D4E05DABA50,0,0.729384420628
CC_8D4E8DD10001,1,0.180242782387
CC_8D5C971B9678,0,0.097745206041
CC_8D5D8EAEC362,0,0.0698780878619
CC_8D5E25B5BBE2,0,0.208141176438
CC_8D5E62C6EDF2,0,0.788509191097
CC_8D5F0117EAEB,0,0.194067077052
CC_8D60F43F4FD1,1,0.110774651791
CC_8D6492F6F32E,0,0.107903047441
CC_8D6825F0F529,0,0.0899898133738
CC_8D6827556DB7,0,0.110012612598
CC_8D6C287BE16D,1,0.807267888679
CC_8D7278356D58,0,0.13254979104
CC_8D74D3A26AA5,0,0.103180815513
CC_8D74F19A3B2C,1,0.318808112044
CC_8D78AAD9CBA2,0,0.196370844694
CC_8D7AF83FADAB,1,0.655183378786
CC_8D7D323EE90C,0,0.663650194633
CC_8D82FBE2260E,0,0.106233809214
CC_8D835791EA3A,1,0.122998178958
CC_8D8B6EB71D6D,0,0.0863779779644
CC_8D8E6014BE96,0,0.11748740752
CC_8D8EACE6B771,0,0.114570944048
CC_8D8F3677705D,0,0.127748589143
CC_8D91D88C8511,1,0.270857893164
CC_8D94BCD401B3,0,0.665909603323
CC_8D968A4E921F,1,0.31544391681
CC_8D98563B83F6,0,0.602061568068
CC_8D98DEA16321,0,0.155503228344
CC_8D991D244368,0,0.100722664931
CC_8D9D7A811411,1,0.122993346564
CC_8DA04B4B170E,0,0.086017683062
CC_8DA16E410D7E,1,0.666277203156
CC_8DA3A31E69CB,0,0.565881234829
CC_8DA73925CC70,0,0.178315445012
CC_8DA7B6EBAB93,0,0.126123309484
CC_8DA7D6A330A4,0,0.0874742475692
CC_8DA9434BF75D,1,0.624480511143
CC_8DAD9076F0CC,0,0.130153962376
CC_8DAE66908B38,1,0.714473871171
CC_8DAF61C49C78,1,0.320772015023
CC_8DB0B5FAF523,0,0.0900450063605
CC_8DB572A62C0C,0,0.2137696326
CC_8DBE4E29C7B9,0,0.0801400906734
CC_8DBF3B310925,0,0.0716797585666
CC_8DC4C7A4A3F8,0,0.238497430058
CC_8DC702A4628B,1,0.856713588853
CC_8DCAE9ECC296,0,0.245067176537
CC_8DD2F42C86DE,0,0.507554379505
CC_8DD40D93CCE0,0,0.174018692946
CC_8DD46AA08F3E,0,0.165412404819
CC_8DD82122E036,0,0.156924205352
CC_8DD8B43450AB,0,0.173003228536
CC_8DE098D16228,0,0.368200952863
CC_8DE1D846ACD3,0,0.283296669456
CC_8DE4EAFEF558,0,0.0806167019079
CC_8DE6E7C8D69B,0,0.121877174365
CC_8DE909263636,0,0.154999871024
CC_8DE94E0B1579,1,0.132169124337
CC_8DEC04CDC41C,0,0.368800367913
CC_8DF4B85B26DB,1,0.249946075958
CC_8DF544460BAC,0,0.115826924185
CC_8DF58A01FD72,0,0.111232822439
CC_8DF9391AD9A1,1,0.0793113573399
CC_8DFBF3BB8E44,0,0.117676419816
CC_8DFE193F449F,0,0.199899028538
CC_8E050E0B3CE7,0,0.118439412026
CC_8E0513E76D2D,0,0.102806595627
CC_8E0BA1D7F9B7,0,0.141113126572
CC_8E104D6B12B5,0,0.335767495034
CC_8E1334BE46D6,0,0.126615285433
CC_8E19FF38939F,1,0.132215964161
CC_8E1DE0DB6680,0,0.0992260976982
CC_8E1E160162F4,1,0.91973783695
CC_8E214B494FB5,0,0.111127002559
CC_8E2763871CE0,1,0.433408530032
CC_8E2EF3CC50E3,0,0.0972178074631
CC_8E2F840400EB,0,0.401871881704
CC_8E345D4A722C,0,0.146157842292
CC_8E35B857D306,0,0.122187921571
CC_8E360779FE49,0,0.138377803439
CC_8E38006F7F3C,0,0.124191519071
CC_8E3DCCDCE936,0,0.223676920196
CC_8E3E09A029DE,0,0.0751587235745
CC_8E4284CA4FD5,0,0.111087176811
CC_8E4AB0DC1AAD,1,0.310245533264
CC_8E4D4CB54C2E,0,0.0826677802089
CC_8E54E385A593,0,0.160940819183
CC_8E573045F945,0,0.128360226029
CC_8E5AE48F4EC5,0,0.105578399892
CC_8E5C74130F44,1,0.216765635262
CC_8E61F50A6699,1,0.509383116935
CC_8E61FB53E97D,0,0.0887935342042
CC_8E6272D9BC46,0,0.115754587398
CC_8E65D4E590BA,1,0.177743161501
CC_8E6AF51A04DF,1,0.337892965205
CC_8E6EEB807FCE,0,0.237681588476
CC_8E6EFE82B347,0,0.178987297139
CC_8E6F4DD32D7C,0,0.0844000093612
CC_8E6F770A9FEA,0,0.0832794415012
CC_8E708C027037,1,0.13227543899
CC_8E712BC1FF4E,0,0.392069949326
CC_8E7347B6FBA7,0,0.18485186041
CC_8E7381513BE2,0,0.308691983764
CC_8E7C83FC6127,0,0.127979550571
CC_8E8048E0E3D1,1,0.27791564852
CC_8E81F169B120,0,0.179998677367
CC_8E8349065E3F,0,0.127043885112
CC_8E85369162E3,0,0.0662701839089
CC_8E854C52A063,0,0.147185882572
CC_8E85757D7C00,0,0.332844919043
CC_8E85E27A9A7F,0,0.08740588368
CC_8E89CD3B0D15,1,0.592092251127
CC_8E8A52FF65A7,0,0.427251983258
CC_8E8DC6CA6350,0,0.096189561703
CC_8E925647E3AB,0,0.0996512281245
CC_8E96BFBEA794,1,0.11531143421
CC_8E98C3D73E04,1,0.306499873888
CC_8E9A3C5EDC34,0,0.101885518381
CC_8E9AAEC97113,1,0.142067513556
CC_8E9BD85A09F3,0,0.276505324068
CC_8E9E51CED424,0,0.226518050175
CC_8EA2DAE2D638,0,0.0894308225148
CC_8EA6A64FD3F5,0,0.130126854574
CC_8EAA1998E174,0,0.320063331493
CC_8EAA8B396665,0,0.141643334377
CC_8EAC752D6815,1,0.593343957635
CC_8EBE98D5A3D5,0,0.251109295086
CC_8EC316185155,0,0.647902225081
CC_8EC732E99A51,0,0.31868246686
CC_8ECE00EF3590,0,0.396715898157
CC_8ECE878DF0F4,0,0.100611731593
CC_8ED3E2A84B3D,0,0.227900432195
CC_8ED620CA354C,0,0.407801399302
CC_8ED87F5E3113,1,0.605189119925
CC_8EDAAE9CEF7F,0,0.0815567240055
CC_8EDB31389169,1,0.691161280457
CC_8EE05FD95407,1,0.125501325642
CC_8EE4361CDEEC,0,0.0558278843164
CC_8EE5A0EA5D36,1,0.133065139961
CC_8EE5D9509C1C,0,0.146457997612
CC_8EE6865AB75D,1,0.75927947095
CC_8EEC93D2FD6A,0,0.126663722368
CC_8EED9F3936F9,0,0.219909721729
CC_8EF1276AB70A,1,0.664450905838
CC_8EF79F09CD0D,0,0.0897926935465
CC_8EF86E78EB78,0,0.0953792083276
CC_8EFBA4E65350,0,0.11602298155
CC_8EFC81681B3B,0,0.154851640438
CC_8F01F02303A6,1,0.426940699259
CC_8F049E5FE61F,0,0.185417424427
CC_8F04C45C9415,0,0.13514555211
CC_8F0832719D64,0,0.242089151882
CC_8F0EE9CC15D5,1,0.91686135505
CC_8F120F926453,0,0.273065280093
CC_8F156333A403,0,0.0872908204355
CC_8F1AAFF75B55,0,0.13182427164
CC_8F1CDD3CB26B,0,0.108763418281
CC_8F1F932A0C8B,0,0.0959760537202
CC_8F20DB6BB23D,0,0.169588533381
CC_8F213A6B5ABD,0,0.0628271994139
CC_8F22D26E87B5,0,0.106563228863
CC_8F2344DB1A94,1,0.182029496611
CC_8F26983DBEFC,1,0.102725883296
CC_8F298F34EC2B,0,0.0868146503123
CC_8F2B7FB261B5,0,0.750028885949
CC_8F2EDA115345,0,0.137698980011
CC_8F304F30F674,0,0.0896678725667
CC_8F3074D1F4A9,0,0.142972227066
CC_8F30B7070D9E,0,0.0796301695819
CC_8F32E0E858F7,0,0.12757668219
CC_8F33E2136736,1,0.096365413581
CC_8F3C62A72B56,0,0.136313247992
CC_8F3D5880C543,1,0.101368638604
CC_8F3E0C752C72,0,0.134548958615
CC_8F404F3CF54C,0,0.828682485777
CC_8F4147DFE1A5,0,0.112783363995
CC_8F42451AA956,0,0.128555914827
CC_8F44CA26968D,0,0.115220082125
CC_8F450A36A7CB,0,0.693018712715
CC_8F46FB589670,1,0.737517904375
CC_8F48E6DDAA55,1,0.112424445057
CC_8F49A6A8C911,0,0.110686920496
CC_8F520322EE87,0,0.0718845794034
CC_8F53CBB2B993,0,0.111304637516
CC_8F576C93F66E,1,0.45004043829
CC_8F577B610556,0,0.255237156705
CC_8F5F56BA2FC3,0,0.133026034354
CC_8F61FEBD689E,1,0.864783910962
CC_8F63AC330152,0,0.0833457333755
CC_8F645BC37527,0,0.0912435016161
CC_8F66A8E3EA16,1,0.325417256451
CC_8F675575333A,0,0.0814243299255
CC_8F67F096A64A,0,0.158862680054
CC_8F6D3147B3BA,0,0.0315597712886
CC_8F6EE4BE490D,0,0.590616023066
CC_8F6FEEA54051,0,0.148626279854
CC_8F727777BA60,0,0.160428732482
CC_8F72A955DD89,0,0.132216851035
CC_8F72ADB0CC8F,0,0.112345074526
CC_8F7877CA5D91,0,0.343030256357
CC_8F7A5A300FF5,1,0.88043764906
CC_8F7F54402418,1,0.21588444133
CC_8F8540A94CA3,0,0.0748585375508
CC_8F89D76276EA,0,0.0875094577891
CC_8F8CFBB9E018,0,0.0879108785055
CC_8F92AB73632C,1,0.158329982655
CC_8F9C79887205,1,0.21789172343
CC_8FA12536A979,0,0.0778253244659
CC_8FA41643AC01,0,0.0942010894002
CC_8FA57E5426F8,0,0.093994018109
CC_8FA5C409BDE5,0,0.265443549938
CC_8FA8BD170AF3,0,0.112173134464
CC_8FA911DF8659,0,0.213789865202
CC_8FAB3DCF9F3A,0,0.127823385737
CC_8FACDD8D11B4,0,0.11350688417
CC_8FAE257FB6E8,0,0.196162646434
CC_8FB0F8FC6229,1,0.180561270105
CC_8FB2E7C57E54,0,0.0658935178124
CC_8FB8AFCE5209,1,0.610451783981
CC_8FB9A8FB563E,0,0.105568963618
CC_8FBE5E2666F9,0,0.362960208704
CC_8FBEA8F906FE,0,0.0930167327947
CC_8FC692F944E9,0,0.0753875338181
CC_8FC7D4926107,0,0.10205405355
CC_8FCF98A7A8E8,0,0.126087254238
CC_8FD0953F8588,1,0.292552911541
CC_8FD267F83AD5,0,0.0775041788583
CC_8FD3E26A5EC7,1,0.570824280184
CC_8FD443ACC972,0,0.0759973777636
CC_8FDD097F76BE,1,0.160412919952
CC_8FE3EA08FC2C,0,0.133386793388
CC_8FE6E0B785D9,0,0.147423259828
CC_8FEA007987A2,0,0.523931932196
CC_8FEEAA241E99,1,0.758038113361
CC_8FEEC4BB6EE7,1,0.134531174215
CC_8FF525FCCC75,0,0.734505833128
CC_8FF8613D7AC0,0,0.0962228424961
CC_8FFD323CDA6D,0,0.218865898421
CC_8FFD86B00E18,0,0.2692925873
CC_9002C18B8B3B,0,0.129607633149
CC_90042DD1D514,0,0.0853112999676
CC_900A68867351,1,0.612553493753
CC_900B0EB29DCC,0,0.689080014983
CC_900E3195F4DB,0,0.154589849605
CC_900FAB2E1BAF,0,0.0321113740661
CC_9019AE0A166D,0,0.0978363677446
CC_901A8562A15B,0,0.227347650339
CC_901B8991A516,0,0.0595639189718
CC_901BAEE26BF5,0,0.0775569639642
CC_90212193BCFD,0,0.129431240614
CC_902154FF44FD,1,0.206267110812
CC_9021D0BFC9FC,0,0.1064436064
CC_90245F242A83,1,0.193981708008
CC_9025C74CB07F,1,0.658942004053
CC_9026B24CF73F,1,0.0790697986853
CC_902885A2F754,0,0.105766896814
CC_902E53409BCD,0,0.064800656933
CC_902E903CB529,1,0.128269500916
CC_903316033605,0,0.0977898786758
CC_90331FFDBCD6,0,0.126623442534
CC_9036D161DBF1,0,0.355382327844
CC_90379CCFBC26,0,0.107966276164
CC_9037F9787423,1,0.147120179294
CC_903E0AED59B3,1,0.151286538158
CC_9042536A6405,0,0.0843275436175
CC_90430CADE6B8,0,0.0936916209038
CC_9043447202DC,0,0.0829325067588
CC_90442B913816,0,0.112193359768
CC_90476C3A33EE,0,0.0892018479132
CC_9049B4A24611,0,0.119050154783
CC_904A7A64E1B4,0,0.222582171131
CC_904DEC0902FA,0,0.0953054737056
CC_904E55ED71D6,0,0.146584178839
CC_904F5ECC1642,0,0.13036033515
CC_9057B14FD9F1,0,0.159067962776
CC_905A1E445ADE,0,0.0637326025946
CC_905B54FB2ACC,0,0.118538683862
CC_9061924A0476,0,0.0873041140973
CC_90689F9815B0,0,0.179121478076
CC_906AAE6F6976,1,0.31291407983
CC_906B5D0C5D92,0,0.0827400647148
CC_9077D6F66DA9,1,0.357193426053
CC_90799C4DA25D,0,0.144381596005
CC_907A72361C8D,0,0.0349059971539
CC_907AD96D3A79,0,0.0751990761373
CC_907AEB6F5390,1,0.81404406384
CC_907D517B4FC6,0,0.119873291528
CC_90800B1FE7F4,0,0.101422647405
CC_90801A791906,0,0.158522296256
CC_9084020D7DFB,0,0.140359851467
CC_9085A6BDD81E,0,0.110997175396
CC_908E6617F158,0,0.0315196679123
CC_908F48D24107,0,0.0893385563109
CC_908F6B26160B,0,0.253251229757
CC_9090C28905F6,0,0.0654576939275
CC_9094EC072A54,0,0.623924904356
CC_9096471AC9D4,1,0.714990430291
CC_9097AD5E2C2A,0,0.0959434655084
CC_909889133B0F,0,0.0569564914276
CC_9099D927641A,0,0.142980922847
CC_909A6BCD2B78,0,0.20429988266
CC_909B0346F4B6,0,0.134295583904
CC_909B13294B3B,0,0.122304226332
CC_909DB2118DD1,1,0.705223664942
CC_909E3A3566C5,1,0.600641802547
CC_909F09A9C03C,0,0.0637313472311
CC_90A48273A069,0,0.0885590167957
CC_90A55CFBED1C,0,0.183438035239
CC_90A7B5FC24BF,0,0.286385518144
CC_90AAFF0D984E,1,0.0977813320875
CC_90AB2BA835E3,0,0.146358248794
CC_90ABE7B4746D,0,0.276244018102
CC_90B02BF4AAD0,0,0.0279754572136
CC_90B37ACEC5F6,0,0.10114120372
CC_90B47B33B92B,0,0.122812801854
CC_90BF4D3507CA,1,0.706733614212
CC_90BF935BCF2D,0,0.0761725929576
CC_90C1A4BA7BFC,0,0.102860332448
CC_90C20A63B818,0,0.29892751602
CC_90C659ACD703,0,0.503010692305
CC_90C70A143CB8,0,0.174675648661
CC_90C8E0995627,0,0.074788940052
CC_90CA7FB25934,0,0.133277983466
CC_90CACEC36F62,1,0.0672973778526
CC_90CB1DF08423,1,0.125022649787
CC_90CB6E176D86,0,0.124430573314
CC_90D011D55ADA,0,0.111055555093
CC_90D06EB7B1D6,0,0.690149235354
CC_90D0DB85C326,0,0.0957367160952
CC_90D2C2502267,0,0.136963865653
CC_90D39B332FE7,0,0.233991102237
CC_90D4C4A58F39,0,0.309920060145
CC_90D54BE5B34B,0,0.644189162094
CC_90D70C41B763,1,0.267161702026
CC_90D914BAE2F9,0,0.0725417878477
CC_90D99549E9F1,0,0.146059749415
CC_90DE91AFEE77,0,0.542182303258
CC_90E4202B0F80,0,0.0869900667904
CC_90E4D48C8767,0,0.0781090869235
CC_90E5082B3708,0,0.118154258579
CC_90E5BB99FA11,0,0.285011142784
CC_90E657FD0717,0,0.19989409657
CC_90E6E198803F,0,0.0860242333495
CC_90EC89637DB0,1,0.505991776748
CC_90F049413324,0,0.086595378726
CC_90F499FDAFFA,0,0.0993038847602
CC_90F7115ABCF0,0,0.0965775561588
CC_90F856035123,0,0.228322748196
CC_90F8EF623488,0,0.0803638467522
CC_90F970707673,0,0.123758676412
CC_90FAC8BEB2F3,0,0.129631782725
CC_9100E5C850B2,0,0.193739292548
CC_9103D8510970,1,0.293479528165
CC_91044A71B1B1,0,0.0649637149284
CC_9105587593BF,0,0.354399572768
CC_9107B3C07AC7,1,0.127083556045
CC_91080CC14F4F,0,0.259034996392
CC_910955C40913,0,0.0984964186558
CC_910AE8CB4149,0,0.163903806902
CC_910AED9B2F9D,0,0.335794494146
CC_910DAB0868E3,0,0.22349580115
CC_9110FB9BCC66,0,0.107204138282
CC_911118B8423D,0,0.264806621092
CC_9114EB5C0F5E,1,0.838821810023
CC_91167BE4F588,0,0.0883718421506
CC_91175E35EC4F,0,0.103912078704
CC_91181D56DD75,1,0.567521249118
CC_911881C6DCA7,0,0.148135441006
CC_91188D52FDBF,0,0.166039869191
CC_91199C547AFC,0,0.0875004263246
CC_911E293CBE53,0,0.120968913124
CC_91233E56800C,0,0.136724128668
CC_91243FA1B859,1,0.804296873472
CC_91244C60A9C7,1,0.338568676926
CC_912717027CAF,0,0.157877963621
CC_912738B1532E,0,0.126324010522
CC_912C361D818E,1,0.665165637138
CC_912C61F73060,0,0.260197451971
CC_912E0C343859,0,0.172452510533
CC_912F6468C823,0,0.107047380689
CC_9131CB6EFC78,0,0.111637304428
CC_9132E0E78904,0,0.09703137213
CC_9133551228B7,0,0.275364006087
CC_91379670618A,0,0.0660312111115
CC_913A15ED1471,0,0.131772632828
CC_91471E17BC49,0,0.17121149879
CC_914E36320549,0,0.488992762967
CC_9150A3A3313A,0,0.123098257285
CC_915223128501,1,0.458655658088
CC_9156E3A6BA15,0,0.0652455896155
CC_91579CB462D2,1,0.71043768611
CC_9157A37425A8,1,0.164313407484
CC_91599A338941,0,0.0783359445387
CC_915C7AF0D80A,1,0.71578241372
CC_915D8247FA76,0,0.158322431709
CC_91658F55D9BE,1,0.893716027996
CC_91679B2674CE,0,0.438614743801
CC_9167D0A47EEF,0,0.0855758518132
CC_9169B8D4AE12,0,0.168650839997
CC_916A34F39225,1,0.0715482323516
CC_916DEF8EE16A,1,0.740027935497
CC_9170A73F144D,0,0.687679492647
CC_917AE86FBC10,0,0.13822594561
CC_91805F6C2712,0,0.0661531600841
CC_9182DA53CB8A,1,0.126570569497
CC_9183FE8127AA,1,0.636117018721
CC_91843D0B4C73,0,0.116613125874
CC_9184C47129CC,0,0.0731506677881
CC_9186DC21EC08,1,0.507527903507
CC_91895EAB5249,0,0.0694551685785
CC_918D6053D3FD,0,0.129663696197
CC_918D974DFEF5,0,0.404222026693
CC_918F52797338,0,0.33438923854
CC_9194CF1720B3,0,0.087605806469
CC_9196E185EFF0,1,0.419431663279
CC_91978CB20185,0,0.135525935412
CC_9198D167A173,0,0.0940915012668
CC_9198DF292852,0,0.290113226377
CC_9199BD218421,0,0.479526044313
CC_919ADF1F4DD7,0,0.148482786917
CC_919E9374D1F3,1,0.0705549138694
CC_919F746C4F75,0,0.0616012255228
CC_91A019C95306,0,0.121752732921
CC_91A3C64F9589,0,0.0554431274636
CC_91A5603A057B,0,0.226477295165
CC_91A777E7F25E,0,0.0648738111256
CC_91A8E6D954BB,0,0.19912876215
CC_91AAD70BCF3C,0,0.0992408813001
CC_91B08DF47D95,1,0.0792357432186
CC_91B0F6CE3E81,0,0.267932976521
CC_91B246730C99,1,0.32708840607
CC_91B6E17D86F5,0,0.162969907739
CC_91B941AB2AED,0,0.0893912810693
CC_91BCC5032DDC,0,0.164310604502
CC_91C01861619E,0,0.509352267485
CC_91C3D5ECAF47,1,0.152226188826
CC_91C7526BA44F,1,0.567479404024
CC_91C82ED69A02,0,0.661759564093
CC_91CE5FE12187,0,0.124162486008
CC_91D0C7EB9C43,0,0.110969735536
CC_91D4F2EC8CCF,0,0.095585815721
CC_91D6FFD13849,0,0.132213090019
CC_91D7C75A28F5,0,0.0993480780676
CC_91D85FBC31C4,1,0.21749306615
CC_91D879691452,0,0.174737186882
CC_91DAEC5248C4,0,0.0911548818997
CC_91DAF2676EEB,0,0.159558537994
CC_91E0FA9D75D0,1,0.107114450599
CC_91E334B66F48,0,0.174055386327
CC_91E59627013C,0,0.10256096818
CC_91EACFC34845,0,0.0939490455134
CC_91EB6FD8B68D,1,0.81621014747
CC_91EC957CF080,0,0.115622961787
CC_91ED6BA411AE,0,0.0861857250545
CC_91F750EB9FA3,0,0.132462965445
CC_91F78C06F19D,1,0.120919970122
CC_9201669C6736,0,0.107557463994
CC_920246B7694F,0,0.154730625599
CC_9203933F6143,0,0.0890040000981
CC_92066C7BDDA9,0,0.428392059178
CC_9209D0A99335,0,0.243592303834
CC_920B290E0BE3,0,0.200122842394
CC_920C573ABE12,0,0.32815010449
CC_920F3798E553,0,0.138785641619
CC_92101E425311,1,0.126000887609
CC_921249534F15,1,0.414650641539
CC_9213769F6172,0,0.162990186511
CC_9213E8A22640,0,0.0622923016606
CC_921410EE8E35,0,0.389008413402
CC_9215C256C3FF,0,0.102661558313
CC_921784F2585F,0,0.0981932955151
CC_9218E5FB6F21,0,0.432042707
CC_9223238E4DF8,0,0.0881045960831
CC_92239DE9D11F,0,0.143520121277
CC_9227085F4FEE,0,0.408358499793
CC_9227B7671B0D,0,0.109998282183
CC_922859E64E59,0,0.107217462212
CC_9229CC35C09A,0,0.0717303854403
CC_922A45DAED1B,0,0.11210578679
CC_9232D20C0C25,1,0.160645077958
CC_92350D003F9C,0,0.0932077588898
CC_9236BD651210,0,0.147650569296
CC_92398D2D19D8,1,0.640826736989
CC_923CD2E42F3F,0,0.157338980973
CC_923E57488EC0,0,0.169432300845
CC_923E95B90A4A,0,0.311499782256
CC_923F618195C8,1,0.465392164417
CC_923FB08DE731,0,0.125929659016
CC_924187D97FB0,0,0.196509369263
CC_9242720133FC,0,0.0975329507463
CC_924447D7C527,0,0.138300565404
CC_92492509B235,1,0.647858741529
CC_924DC21F8182,0,0.119359541851
CC_9250A2FA8D82,0,0.12234608838
CC_9254DD16D362,0,0.102106864421
CC_92560046137D,0,0.29384171948
CC_925B09D3F996,0,0.0861667248411
CC_925B14F5652A,0,0.149563026808
CC_925DDDFC4F97,0,0.111477916768
CC_925EC17F6322,0,0.165495751984
CC_925FA1993079,0,0.301904011971
CC_9260A0CA1925,1,0.103733178699
CC_9266A021D91C,0,0.089333907662
CC_9267F0A7E3D8,1,0.150789814147
CC_926A5ED69727,0,0.117782871857
CC_927062E00389,0,0.0308471338428
CC_927162A1B2F8,1,0.158175036031
CC_92783AADBC1E,0,0.0874291374617
CC_9279C780F0C8,0,0.0735521091446
CC_927B30887061,1,0.382932310305
CC_927C6C60C71F,1,0.134232119297
CC_928110FF11AF,1,0.0706728826562
CC_928224B1AEA2,0,0.1236957972
CC_928519A49DF0,0,0.0876866754291
CC_92877D2B66C6,0,0.428316413372
CC_9289610BE3B6,0,0.109654062184
CC_928AB5E0CD0E,1,0.30018157399
CC_928DFC8CBCC1,0,0.0989629407679
CC_929578D9FDEE,0,0.0840458081478
CC_929B6B841542,0,0.156680925887
CC_92A00A69CD83,0,0.33290888575
CC_92A9F5B1C70C,0,0.133053291068
CC_92ABDEC95854,1,0.558839803412
CC_92B29E23743C,1,0.627131808385
CC_92BC2AE8BBAF,0,0.33905126749
CC_92C40C5B364D,1,0.120598894261
CC_92C45B9F3102,0,0.0627768146067
CC_92C498280A23,1,0.152152409046
CC_92C4AC2EF301,0,0.0982924951919
CC_92C792FECEB5,0,0.329984495783
CC_92CB6B9CB74A,0,0.173972670872
CC_92CDA8AF1584,1,0.310764552299
CC_92CE11B153ED,1,0.763034214492
CC_92D426AF7AC1,1,0.711253537934
CC_92DDEB25634A,0,0.127820649462
CC_92DF5298538B,1,0.229619132996
CC_92E19CBA7941,1,0.109258972688
CC_92E218771AF4,1,0.607646346662
CC_92E23B752676,0,0.11627479636
CC_92E6C43BE3EF,0,0.18672188897
CC_92E7447CBFB2,0,0.101407924366
CC_92E7B3C68289,0,0.200048856622
CC_92ED10A0AC8E,0,0.58723720174
CC_92EDFA10A521,0,0.12821825607
CC_92F24C4A6218,1,0.471864666212
CC_92F36BF384AA,0,0.101264448189
CC_92F3743AAB05,0,0.217754167795
CC_92F3B84EBD35,0,0.0750065818237
CC_92F5671107C4,0,0.074909462405
CC_92F7046C417D,1,0.0974546030743
CC_92F952D7030C,0,0.056071265741
CC_92F9D7D113D9,0,0.0809277197597
CC_92FCFD9A3E7F,0,0.0993356848178
CC_92FDA84251FC,1,0.334153047431
CC_92FEAA3C9B06,0,0.259280617362
CC_9304A6E6420D,1,0.164813621825
CC_9305112DAE30,0,0.116064768714
CC_93064203DECB,1,0.194045328401
CC_9306BC4D773D,0,0.319844537984
CC_930B1EDD1DFE,0,0.0817472577597
CC_930B5527DD50,1,0.752025739406
CC_9313C8D28F92,0,0.0733201998794
CC_9314FC34190F,1,0.113829363652
CC_931E54C3A36D,1,0.0890914205356
CC_931E72E74A97,1,0.790303091076
CC_93207E1A883B,0,0.0831536435119
CC_932398FB45F6,0,0.162202721399
CC_9324D70C4B21,0,0.203407806824
CC_9326D0C170DD,0,0.345571959577
CC_9327522FDCA4,0,0.0888313024217
CC_932A460A3BA1,0,0.10495326912
CC_9330FAA9E6E9,0,0.0924133421818
CC_9331D7E773BE,1,0.162093342675
CC_93369618D2F5,0,0.204999243652
CC_9336D5452427,0,0.336497258212
CC_933A89FBDDEE,0,0.0832549308055
CC_9341E2D0EC6A,1,0.108411828742
CC_93445EA3B06C,0,0.845782761513
CC_934AA3449713,1,0.180145938309
CC_934D33D1C21C,0,0.104233240796
CC_934DA5B2274E,0,0.140880085124
CC_934F355E3297,1,0.207120913796
CC_934FB6A966C9,0,0.0876099423718
CC_935240A289A1,0,0.0763065224086
CC_9356CC8BF2A5,0,0.0985270014453
CC_93573A6F65EE,0,0.437686946043
CC_93595F8F0697,0,0.103653655618
CC_935BA67F8F24,1,0.232949449484
CC_93651943C1F7,0,0.798894576214
CC_93654E8BEED0,0,0.065354559759
CC_93684545BBCD,0,0.113080924827
CC_936B2180679A,0,0.107848788378
CC_936F79F03E05,0,0.129852719083
CC_936F7E8B09D9,0,0.202134058254
CC_936F8DC31AB9,0,0.111904188454
CC_936FB8B2106A,0,0.100058748876
CC_9371EEEFE2AB,1,0.101744887608
CC_9371FDAA6306,0,0.13108159021
CC_93741C5A6C34,1,0.135222148184
CC_9374348803DA,0,0.127796962597
CC_93781A13FB6C,0,0.135356023531
CC_937F77C063F6,0,0.125488346668
CC_9386A89109EC,1,0.305553530932
CC_9389D1B33F31,0,0.134631727402
CC_9389F2437664,0,0.0907860458812
CC_938F8F0512A0,0,0.170176584476
CC_93988817C632,0,0.0630511845486
CC_939D51928FE8,0,0.139849122826
CC_939F2BC98194,0,0.375866735866
CC_93A2E2618403,0,0.11907990553
CC_93A390B38169,0,0.0909583074986
CC_93A64AD82CE2,0,0.0729055417655
CC_93A653A4CCE4,1,0.122518149459
CC_93A8BCE5A49F,1,0.666519918535
CC_93AB951F5F8A,0,0.0949430609584
CC_93AC962421F3,0,0.114803228026
CC_93AE02CF193C,0,0.0570789710644
CC_93AF6645141F,0,0.352152163565
CC_93B176A5B0D4,0,0.105833695931
CC_93B4ED0A84AB,0,0.0977391105886
CC_93B67B6F54CF,0,0.184400077162
CC_93B70FBC2268,1,0.815509909041
CC_93BCB888A5F3,0,0.117580806945
CC_93BF8FC1C4EB,1,0.317788530378
CC_93C07F7C80C1,0,0.0712953778177
CC_93C24E939649,0,0.0985061357131
CC_93D1AB4C05CB,0,0.0743685437059
CC_93D3748E57D4,1,0.67303493151
CC_93D5EEE96658,0,0.0868849519809
CC_93E0FE585B37,0,0.0985628487933
CC_93E625702663,0,0.0759459361296
CC_93EC3E3AE9B7,0,0.0796595440218
CC_93EDDBCF4BD1,0,0.140439684146
CC_93F104795B75,0,0.201666903909
CC_93F3BFF67C1A,0,0.710899455269
CC_93F76A0CA3F3,0,0.0777193939635
CC_93F99508275F,0,0.22415652135
CC_93FD431A757F,0,0.0882360142263
CC_93FD71A9F863,0,0.0787056461505
CC_93FFEDBC449E,0,0.179939957155
CC_940578786109,0,0.13654125239
CC_9405B5271CC9,0,0.0871579829203
CC_940C5D32D69A,0,0.102214837837
CC_941D5EFA9018,0,0.110881505099
CC_941F4B25E984,0,0.138898236338
CC_941F50B9C01A,1,0.402457879108
CC_9423EEEA8B23,0,0.082007501709
CC_94249B8C7F50,1,0.678385331328
CC_9426635F2A9E,1,0.0870680763292
CC_9426750C93ED,1,0.238352938952
CC_9427116C9062,0,0.106844409848
CC_942906C49C62,0,0.0863175382532
CC_942936C97AD9,0,0.0952750477206
CC_942D1F87D7A3,0,0.107347463573
CC_94338B32807F,0,0.313375346886
CC_9434AC3A70AA,0,0.109471283028
CC_9434F6AF96C0,0,0.299307993128
CC_9437440F0404,0,0.476325392086
CC_943C3C4E85C4,0,0.106813209478
CC_943F8520D4BE,0,0.102362555814
CC_943FFE9B1EF0,1,0.294857802379
CC_9442006C9626,0,0.722877132395
CC_9442FE9781F1,0,0.147456722232
CC_944765FB4B79,0,0.0873233039333
CC_944A5D073AD7,1,0.953801014032
CC_944BB74BC1EC,0,0.105189590157
CC_944DE49C9A67,0,0.110273086227
CC_944ECC12BFC8,0,0.643040816574
CC_94510B089044,1,0.251065959714
CC_94525F2882AD,0,0.134208118299
CC_945BC68133AE,0,0.200717004428
CC_945E4B1602D6,0,0.0799884652047
CC_94610EE9BC8E,0,0.172206208575
CC_9461F5B51C36,0,0.0556600411588
CC_9465F99E1B28,0,0.115317935632
CC_9466A936B3DC,0,0.484729458579
CC_9466B0A27543,1,0.86185705139
CC_946702762F3C,0,0.0973099001339
CC_94696DA4AAC9,0,0.143058646311
CC_946A1FCA1E3D,0,0.209970700856
CC_946E1B8988F7,0,0.249114949596
CC_946EDAF842C1,0,0.0674611850109
CC_94716BB6BF9B,1,0.709863618242
CC_94729285F466,0,0.0730792103264
CC_947306655635,1,0.181982298651
CC_94750C4E2BD2,0,0.122182544281
CC_94757C203A44,0,0.426341167908
CC_947631549607,1,0.0567275170472
CC_94771A48955E,0,0.136345862263
CC_9477E948D341,0,0.0970826758077
CC_947933368700,1,0.133747037121
CC_947EEE5186F8,0,0.116497484679
CC_9480A6E73D94,0,0.054364432616
CC_94822BA9847A,0,0.0709908325648
CC_948314B9B684,0,0.0689837950072
CC_9483D2A297EE,0,0.15219659611
CC_9483E3A12EA1,0,0.10589330804
CC_9486AF073404,1,0.67553752604
CC_948EFB088891,0,0.153428446864
CC_9492B760F8C6,1,0.423482263965
CC_9493B84EE83F,0,0.286808966939
CC_949F8C9D9B81,1,0.332065419768
CC_94A4929B4790,0,0.22300019689
CC_94A495031F61,0,0.0850858397772
CC_94A81005687D,0,0.178330979089
CC_94ADE7720843,1,0.169348686933
CC_94AF182C93FF,0,0.311115956015
CC_94B0C650D4D9,0,0.102620125995
CC_94B0E7A88E20,1,0.138283488683
CC_94B32E78366A,0,0.11476717645
CC_94B63A8E8528,0,0.0973346503351
CC_94B8E8378508,0,0.10250449225
CC_94BCA5B30421,0,0.707434940627
CC_94C0A7E12FD2,0,0.105107612491
CC_94C69720EAD2,0,0.25432362565
CC_94C77B6F2B87,0,0.22883702463
CC_94CB2A4A4F20,1,0.619511101731
CC_94CD49868D84,0,0.271839783833
CC_94D1B933D927,0,0.0924419264807
CC_94D4385211E1,0,0.061942719474
CC_94D57937CCE5,1,0.878170801624
CC_94D61BDAD45B,0,0.0634694883336
CC_94D650911045,1,0.12076503613
CC_94DB0677F7C2,1,0.73611506122
CC_94DE2CCE2B09,1,0.11103107003
CC_94DE52ECCCBB,1,0.154632870437
CC_94DEA755FC3B,0,0.357443488001
CC_94DEAA396F91,0,0.165013631551
CC_94E5D40325B2,1,0.0786546055905
CC_94E7E6AB7D2D,0,0.794374309857
CC_94E8D8B91FE1,0,0.323955475116
CC_94EF1E5D4A15,0,0.0971056503817
CC_94F13FF23D79,0,0.119171349431
CC_94F29F2A2D84,0,0.354687225166
CC_94F7FA39CBD5,1,0.754778768353
CC_9501940176AA,0,0.199530140807
CC_9503BAAFB857,0,0.104371337858
CC_9504D358B0B6,0,0.0982423937315
CC_95098B30EF9C,0,0.124290313596
CC_9509B25E3510,0,0.0879789447239
CC_950CAA827AC4,0,0.0812307218893
CC_950D62C739E3,0,0.243110355035
CC_95140374A892,0,0.206239353206
CC_9518C9A79108,0,0.110546888404
CC_9518E7A75632,0,0.150266096753
CC_9525A21B3CF7,0,0.10499179863
CC_9529335F979A,0,0.116100485789
CC_9529E36C543A,0,0.501914987213
CC_952EA1F3A4D5,0,0.0996334187178
CC_952F0C921B1B,0,0.0514589567891
CC_9531CC6E5259,1,0.250947640377
CC_9532629C3C57,0,0.133110587436
CC_9533AFE39106,0,0.138255649193
CC_9536B41EBE3E,0,0.0707075998716
CC_9536F9C488C0,0,0.109749044345
CC_9538649C55B9,0,0.104702300195
CC_9540C78F8371,0,0.262919762362
CC_9543BC18CB2F,0,0.086236144628
CC_954664815BF3,0,0.0949935304841
CC_954BFDA767F4,0,0.202991587609
CC_954D709E7E86,0,0.086015322025
CC_954EFA90D177,1,0.163399646829
CC_9550BE43BCE4,0,0.116551783593
CC_955170FAE574,0,0.182663459096
CC_9551F8102002,1,0.335726878876
CC_955379D397CB,0,0.0361484139547
CC_95542A2A5F50,1,0.119599685089
CC_9555C3A3A58E,0,0.081659462503
CC_95572DF671A8,1,0.90016753747
CC_9557A3D5C201,0,0.0939985810185
CC_9559D59E651E,0,0.0746238435511
CC_955A63DFE8AB,1,0.441292748095
CC_955C4774C140,0,0.0837902061517
CC_955DAA3BA44A,0,0.10491194033
CC_95610855ACA4,0,0.327902922815
CC_95629083F089,1,0.629882519825
CC_956A64E5BC35,1,0.460463247298
CC_956D75F22393,0,0.0777576682849
CC_956F7C2604E1,1,0.802366607859
CC_957664784C27,0,0.126247024001
CC_9576833B2F14,0,0.0538949461611
CC_95779EAFF606,1,0.866803644912
CC_957AA0436B04,0,0.112420962683
CC_95802EE5928B,0,0.0943185728199
CC_95822831F5EF,0,0.034613578308
CC_95830D185CD7,0,0.0855875250898
CC_95835E792B97,0,0.102999025081
CC_958398BF3906,0,0.26589484945
CC_9584A0B242A9,0,0.23349759477
CC_95862F8919B7,1,0.437618882887
CC_958642AEC472,0,0.183413164223
CC_958A461C7FDE,1,0.213896195731
CC_958BC1362809,0,0.0827636391113
CC_958BCE504513,0,0.0994352953392
CC_958F46132030,0,0.0921266653241
CC_959204BF8D0C,1,0.337309311639
CC_9593D9666264,0,0.0995334083642
CC_95958C635EA1,0,0.194006630122
CC_9597A45A9701,0,0.0913913631122
CC_9598D9FBD555,0,0.547246925195
CC_959E35C81EEA,0,0.0332168325725
CC_959F1E2D7C51,0,0.070333160414
CC_959F4578484C,0,0.105806582572
CC_959F6394951C,0,0.170468430276
CC_95A1CFFB01B5,0,0.206550692129
CC_95A3146A5AC2,1,0.528230045887
CC_95A7DE776467,1,0.154221663929
CC_95A8527966A8,1,0.737035769974
CC_95AA10685437,1,0.114696803034
CC_95AAE5937948,0,0.0962661965323
CC_95AC13AD6BF0,0,0.195034073356
CC_95AE56757E0B,0,0.167678077963
CC_95BA73143BD8,0,0.0884078545316
CC_95BAB9E71DC5,0,0.106519088161
CC_95BC70AADAAD,0,0.218685941414
CC_95BD2C4D0AE9,0,0.117971683629
CC_95BDD5EDDF85,0,0.0735421491729
CC_95BF2F98A295,0,0.0731166190739
CC_95C0BED6E1AF,0,0.0758291368792
CC_95C2A2FCD176,0,0.0807818766133
CC_95C39D51A802,0,0.0845864122594
CC_95D54B97CC22,0,0.22500282709
CC_95D5CB6F97EC,0,0.839696980087
CC_95D7391DB939,0,0.0577378289923
CC_95DC9CA4529A,0,0.389472384081
CC_95E54D7C8816,0,0.141518783702
CC_95E8DDA64413,0,0.114152886969
CC_95E9B57AD316,0,0.423987429575
CC_95E9DCD98EAB,0,0.223656326308
CC_95ED8AB0DFCC,0,0.291154769654
CC_95EF53C1CA1E,0,0.0825114299069
CC_95F83BE5DCF1,0,0.900499358451
CC_95FA2CB1E6B8,0,0.10308319862
CC_95FB332B602C,0,0.135308050324
CC_95FC1D71C439,1,0.505436279065
CC_95FE165AA3E7,0,0.707690389138
CC_95FE1C016102,0,0.244132401526
CC_9600B3DCC88E,0,0.132213550665
CC_96019119845B,1,0.129308324927
CC_96058A1A1906,1,0.19262739111
CC_9610BBF27254,0,0.219428024786
CC_961848FADC13,1,0.118871722346
CC_96185CD65F6D,1,0.631175245132
CC_961860A5CB95,0,0.0628254701035
CC_961CA96EADBD,0,0.0758897732941
CC_961EDEB38C49,1,0.210760745419
CC_961F4DAA208F,0,0.11203149895
CC_9624480F2828,0,0.0675909376308
CC_9624BA9B14FA,0,0.171322350118
CC_962BAA0180B3,1,0.803964436069
CC_9632C8C51784,0,0.130287915292
CC_9632FAF12968,1,0.560964446485
CC_963317C634A7,0,0.208133500353
CC_96383E75E649,0,0.221750684743
CC_963C0A992FC1,0,0.0946977746197
CC_963D08B3005B,0,0.100093962954
CC_963E470BA402,0,0.130685278785
CC_9644984DF5C3,1,0.693462228546
CC_96499350271A,0,0.142286262601
CC_964CBEEE401D,0,0.148385275016
CC_964CCA749BB5,0,0.137692363783
CC_964D4F688228,0,0.212441298054
CC_9650D9A498BF,0,0.107129148119
CC_96512C3D3A9D,1,0.091783261165
CC_965200EF412C,0,0.214356307628
CC_9657A6320940,0,0.140474761749
CC_965E8C4E29C4,0,0.120984963146
CC_965F33944AA7,0,0.132509427303
CC_965FE01791DF,0,0.139942308685
CC_9665C8600681,0,0.57642307353
CC_9667C2016494,0,0.246002268971
CC_966826A06AAB,0,0.0545309795691
CC_966AAF6A148A,0,0.252678513074
CC_966D5FB4F143,0,0.247260415305
CC_966F651925A2,0,0.166054490665
CC_967138E15915,1,0.120580148957
CC_9672A60A858F,0,0.197601087818
CC_9675D5DBBAB9,0,0.0738678627568
CC_967723D3B9CF,0,0.212474837821
CC_967D6ACE6CB5,0,0.0565132168376
CC_967D7FC9740D,0,0.184426393047
CC_967ED2FFD3BE,0,0.142175689612
CC_967F1BCA3CD3,1,0.0509499802454
CC_967FD4C5C41A,1,0.248938058124
CC_9684281748C5,0,0.09708163807
CC_968443F31CC8,0,0.139808491553
CC_9684C24C70D8,0,0.118381583757
CC_9687149782A4,0,0.176636977353
CC_96884C7991DB,0,0.840923620995
CC_968F3F9A86A8,1,0.143555984586
CC_969371CBFC5A,0,0.131565869332
CC_96957ED8CE30,0,0.129252362825
CC_9695820C04AE,0,0.0840818075339
CC_9697CD059E63,1,0.376520353377
CC_969B17D4AE8E,0,0.13600071291
CC_969ED09344A5,1,0.142241971761
CC_96A7C6A1BC78,1,0.134346944714
CC_96A7CC5C3344,0,0.121702300602
CC_96AF3727A1BB,0,0.2173447329
CC_96B4185480B3,0,0.129438295018
CC_96B85B79990F,1,0.803020376427
CC_96B898E43E2D,0,0.0465357847745
CC_96BB65B55C8C,1,0.140346760462
CC_96BD830244AF,0,0.125451893034
CC_96C059A9DB70,0,0.0925049352662
CC_96C06B2187FE,1,0.827511008153
CC_96C3C853A6A0,1,0.610012380524
CC_96C63BB58935,1,0.550477975516
CC_96C6E5849E46,0,0.101820210657
CC_96C9029958F6,0,0.0964507469995
CC_96CF3AE65C29,1,0.10653864367
CC_96D107E91BDE,0,0.246975345387
CC_96D4FB094913,0,0.0805138902129
CC_96DA0109E940,0,0.0781012636391
CC_96DC2F41AADC,0,0.152624494443
CC_96DE02A7700C,0,0.209158586122
CC_96E0B16CF415,1,0.125497329136
CC_96E0CA890231,1,0.707001012832
CC_96E4FCF08E87,0,0.141923662576
CC_96E879074800,0,0.089930138068
CC_96EB6B6C4A34,0,0.183207235743
CC_96ECE56D1DF2,0,0.148954807481
CC_96F2D1BE9109,0,0.0852925785394
CC_96F2EA1D88F8,0,0.193509334758
CC_96F30688F835,0,0.151624342971
CC_96F3215E1B85,1,0.886839027455
CC_96F35D7CC867,0,0.0797698485566
CC_96F4098EAC27,0,0.0921385794524
CC_96F40F8D0379,1,0.357892664263
CC_96F5BE4B4F36,0,0.0892873289511
CC_96F66134F3EE,0,0.133725536324
CC_96FA5804BFC4,0,0.0898216764225
CC_96FA9686E5E1,0,0.136849040834
CC_96FAEFD659C5,0,0.0779664879741
CC_96FD522D70E8,0,0.0756434045379
CC_96FE8F842DB3,0,0.0900835350365
CC_96FED971B655,0,0.108069523023
CC_97047A3C15E2,0,0.21276564737
CC_970486F59FD8,0,0.0667509131767
CC_97059BBD6FBE,0,0.0635902418487
CC_9707C4E39DAB,0,0.0891498755714
CC_970C32F7FEE3,0,0.0862340033008
CC_970E272F73B2,0,0.273708819186
CC_970F0031C5C6,0,0.125976665583
CC_970F0D85EB63,0,0.261965267792
CC_9712B26408CC,0,0.133179051234
CC_97188ACE5303,0,0.523656750472
CC_971A80130D71,0,0.101375833316
CC_971C58E7EBD2,0,0.0910189814359
CC_971D4E01108F,0,0.27137770793
CC_971DCD18BB35,0,0.240375962475
CC_971E1749A0CD,0,0.118643622341
CC_9723B91A38DC,0,0.155683775377
CC_9723EF887C61,0,0.147224549375
CC_972593589D46,0,0.0753001024054
CC_9727E0458809,0,0.142970775302
CC_9728CA5AF50F,0,0.0650483562356
CC_972F8AF3AB13,0,0.0730910458144
CC_9736C6426FBE,0,0.0861686507952
CC_9737850D67A6,0,0.122972848882
CC_97386FD71343,0,0.329682125693
CC_973CD69E3FB0,0,0.148628719717
CC_9745C7ABC153,0,0.129031474143
CC_9749FF690A0E,0,0.126571538605
CC_974AAB27EC0D,1,0.0963771882185
CC_9753E9D79B0A,1,0.790175286066
CC_97565357D6DD,0,0.18209250676
CC_975850FD3B1C,0,0.25208075353
CC_975C04E9C3DE,0,0.168525774333
CC_975CB89988E5,0,0.103703831643
CC_9763FEFF1B16,1,0.638051378392
CC_9764AD069579,1,0.694994172252
CC_9764D4A64860,0,0.102953135566
CC_97661C0FC152,0,0.204505605235
CC_9767ABEF0B1C,0,0.153721427486
CC_976A80FCEA4F,0,0.0685772849541
CC_977126F292DD,0,0.336753856527
CC_9771275E529D,0,0.285593229134
CC_9773AC2F0118,0,0.126807009024
CC_977941331C01,1,0.310109524752
CC_977A6EF0004D,0,0.154463976023
CC_977AF522149E,0,0.491027862139
CC_977B2D20353E,0,0.509295030949
CC_977D033D0A0C,0,0.12565792216
CC_977DB03C8C6E,0,0.456328128971
CC_9782557B7D14,0,0.0451095606869
CC_978618D07C20,1,0.81245553846
CC_9786DD6BA201,1,0.670162791756
CC_97878EE6ECCF,1,0.129401511097
CC_9787B03BACFF,0,0.10655248562
CC_978E13B282BF,0,0.120898700223
CC_978E272EA29F,0,0.199565240271
CC_978FC5FA5311,1,0.114020373858
CC_979002539E11,1,0.239089381554
CC_9795E4550DF8,1,0.153103047201
CC_9797A1B730DA,0,0.061563114985
CC_979F1B1BF1FB,0,0.0701598495561
CC_97A6F96954AD,0,0.0716151226053
CC_97A87F1959BB,0,0.0922207478121
CC_97AAB5D78EC5,0,0.597731535476
CC_97AC1F87F091,0,0.0730029964989
CC_97ADDFF95F04,0,0.062452264567
CC_97AE6F66CD8A,0,0.0605002092268
CC_97B0AB134BF9,0,0.159538034369
CC_97B4B88D8712,0,0.17660100639
CC_97B5CFFC6614,0,0.179402872354
CC_97B88FE18118,0,0.0949867207054
CC_97B91775CE9C,0,0.141240004656
CC_97BD5D195DDA,0,0.136946299531
CC_97BFA8A618FA,0,0.0913302142065
CC_97C1FBDF0546,0,0.0681413904474
CC_97C2FC6730CA,1,0.167488894982
CC_97C515AB4113,1,0.187970467242
CC_97C713652716,0,0.0857019428994
CC_97CC99428183,0,0.0801265869913
CC_97CCE58865E1,1,0.149379218819
CC_97CCF135184B,0,0.14114712053
CC_97CF2E84BE62,0,0.17591155503
CC_97D0C4B118B6,0,0.0955533501983
CC_97D5EC942C32,0,0.0667314711733
CC_97D7185B3E82,0,0.251886363144
CC_97D73A8F0F6E,1,0.713113102836
CC_97DBA431DFA2,0,0.110619141991
CC_97DD6B43AA20,0,0.130732421395
CC_97DDC617DE6E,1,0.31774764169
CC_97DE3FEE55A9,0,0.0962120611555
CC_97DF7DE7A60E,0,0.11662798509
CC_97E1C8EB9334,0,0.102807810385
CC_97E9AB22F880,0,0.275090030169
CC_97EA5660B2D7,0,0.0956262517016
CC_97EEA36A5056,0,0.143259766571
CC_97F1B50C9F2B,0,0.148730588371
CC_97F396E26FBA,1,0.322501137561
CC_97F47E90B73E,0,0.599554165501
CC_97F520FE1117,0,0.0854427218355
CC_97F61A55294E,0,0.374201891636
CC_97FD4B00B05B,0,0.10590400492
CC_97FE96060079,0,0.123374326779
CC_9801E056FDAE,0,0.100490133063
CC_980A88F77482,0,0.25583210391
CC_980CF333F19C,0,0.121400223199
CC_981912DCF4A8,0,0.169963252641
CC_98197C75459B,1,0.0975215595472
CC_981A1BA9CDCD,0,0.109325210015
CC_98200A8D25ED,0,0.0674988414636
CC_98241CFE28C8,0,0.0858262399002
CC_98265FBE4F5F,0,0.108259012799
CC_98274DF6B862,0,0.0926824564031
CC_9829AEC09419,0,0.134012558086
CC_982B8CBF9FB8,0,0.103088680922
CC_9830EC45F3E2,0,0.0951738392618
CC_9831D30DC7DD,1,0.815330283709
CC_98387F5E38FF,0,0.0586369113693
CC_9839A897675F,1,0.561639548072
CC_983E30C55B02,0,0.0621084234477
CC_983FE440DFA5,0,0.0904996837381
CC_98446CD9D196,1,0.332365691861
CC_98467B7DAE54,0,0.188130918032
CC_98480C75B0FA,0,0.0747215223759
CC_984E4F91CDFB,0,0.127744625556
CC_984FE0AD0782,1,0.619257021587
CC_98510642EA07,0,0.0903831931411
CC_9853CBC92B82,0,0.0850880766172
CC_9856A284D68E,0,0.257136582702
CC_9858A1653CFA,0,0.152078215566
CC_985B07B6CD1E,1,0.219796209998
CC_986729F8496A,0,0.14854387936
CC_9869ED0439C3,0,0.124663703529
CC_986A8F49F8CC,0,0.13121055711
CC_986B76A30161,1,0.368710100096
CC_986EEB87E3E1,1,0.414106817843
CC_986F357A29D0,0,0.091888619785
CC_9875DCD23C99,0,0.884259793448
CC_9879B339D65E,0,0.62132490676
CC_987ABDFCC7E4,1,0.148772738578
CC_987AD622D141,0,0.118190174756
CC_987B645B3435,1,0.128745944766
CC_987F9D26489B,0,0.179638291395
CC_9881AE769137,0,0.0770967558601
CC_988330459286,0,0.274928660439
CC_98834A5783E0,0,0.0829507320442
CC_988487F1820D,0,0.0785872591341
CC_98854082EB45,0,0.121531394791
CC_988837174890,1,0.69536629062
CC_988A1A9CAFB3,0,0.318491183364
CC_988C14467EF9,0,0.228053302912
CC_988DC6ED29CF,0,0.260383579296
CC_988E858E67C1,0,0.264472679182
CC_98905E20F115,0,0.16042522353
CC_9892E1B74196,0,0.0889422339537
CC_9893FDE341B8,0,0.41845563299
CC_98957749A29E,0,0.14142150804
CC_9898C4CD75B8,1,0.390733579111
CC_989E96A9AE0B,0,0.177815803268
CC_989F83062FB3,1,0.13012693088
CC_98A000DCD895,1,0.138373192611
CC_98A105F7178B,0,0.156128968639
CC_98A4A3961CB6,0,0.290968980641
CC_98AA5AEB25A3,0,0.0499349754877
CC_98B1C9EAF5F9,1,0.152606889144
CC_98B49349E10E,0,0.16651430882
CC_98BADDD5B46F,0,0.252664244907
CC_98C4060202AF,0,0.0996654544199
CC_98C43575629A,1,0.167293715576
CC_98C8793838A4,0,0.187784823047
CC_98CAD3AC68E0,1,0.331518802044
CC_98CE1814DF9B,0,0.154955559933
CC_98CFA41E3442,0,0.107056567387
CC_98D6CC9D5CF0,1,0.680018494404
CC_98D6FC469A51,0,0.250935765803
CC_98D7324F72A4,1,0.637683640544
CC_98D89A29A372,0,0.559566839892
CC_98DBE0FE8D39,0,0.0738536055042
CC_98DC203CE541,0,0.616287655078
CC_98DD297D60A8,1,0.103691776063
CC_98DE5AED637C,0,0.0727528497561
CC_98E02024D306,0,0.113785053081
CC_98E07C8E9564,1,0.485098110289
CC_98E5970E3904,0,0.457710544253
CC_98E8D44B0529,1,0.0884026084128
CC_98E9CAF33E27,0,0.187112836602
CC_98EE2ED2BE0A,0,0.110358120888
CC_98F1DDCE75F9,0,0.122188079069
CC_98F2688C989D,0,0.171487386067
CC_98F3F9A24225,0,0.148967862855
CC_98F5EDC71A06,0,0.0918032898231
CC_98F7F5D08527,0,0.140346393674
CC_98FCB8955EC7,0,0.115148972502
CC_9900D5D2F1D0,1,0.0823063194949
CC_990438B9C8B3,0,0.116057413681
CC_990530034713,0,0.0768260286355
CC_9908C1CEA041,0,0.115669382429
CC_990974187BFB,1,0.445682133726
CC_9910ED07DC24,0,0.13148593494
CC_99132BC81F36,1,0.5828763646
CC_9914B7668E55,1,0.142741250336
CC_991616798739,0,0.279815998523
CC_991A1DA5E063,0,0.269011150604
CC_991A65AC144C,1,0.071422488009
CC_991CF8DF93E1,0,0.0897440045157
CC_991D14AA96ED,0,0.128220521877
CC_9923649E630F,0,0.0863768872731
CC_992810DAB8A7,0,0.107925014039
CC_9929E955C9F4,0,0.0631618305955
CC_992C35C86D44,0,0.382655420238
CC_992CAEB63DF1,1,0.129089901194
CC_992D954E2F5C,0,0.832549470353
CC_992DCE0CA792,0,0.22190334532
CC_992DD0D08A60,1,0.133794598179
CC_9932E09ABB41,0,0.078633180849
CC_9936812CC394,0,0.108884872578
CC_9936CFE77679,0,0.168117831074
CC_9937A7AFEA7E,0,0.0753800507677
CC_993AE43FF5AE,0,0.107847850593
CC_993B89013EFB,0,0.376097598725
CC_993C1D353EF8,0,0.207001218387
CC_993E2D417FC4,0,0.410772885901
CC_9941C1F05753,1,0.121755729681
CC_9942F04E4420,0,0.157055252408
CC_99449C21262B,0,0.0751829521046
CC_9948D0D90A84,0,0.0686983946258
CC_9948DB73B5AA,0,0.11999477102
CC_994B16224B26,0,0.0386852713028
CC_994E20090196,0,0.142495222305
CC_995A5D5A2739,0,0.154132107098
CC_996001F892CE,0,0.13234801556
CC_9960E59F494A,1,0.103988064435
CC_9961253F92C4,0,0.0325714786285
CC_99626988E816,0,0.138770851201
CC_996287641E43,1,0.704742580911
CC_9965A238442A,0,0.0890199418921
CC_9968D6A1D1E5,1,0.368014398018
CC_996A8D9B2CC2,0,0.105079108476
CC_996B4F1F4A74,0,0.152930456077
CC_996B73BE8CCF,0,0.655403851992
CC_996E9104C466,0,0.286108618983
CC_996F8FD2C18A,1,0.128446986771
CC_997347F1CD25,0,0.333003063367
CC_997375DCDAFC,0,0.106917214908
CC_9973E6A54EA2,0,0.114815641459
CC_9974D8870F19,0,0.123311187646
CC_99763712603D,0,0.0842693281636
CC_997D5A7F7207,0,0.0807966738219
CC_99815EA20C51,0,0.111061148005
CC_99827504C8F2,1,0.719473077363
CC_9983A0927404,0,0.0890483347337
CC_99884C8AC6A4,0,0.137467569382
CC_998ACB251F46,1,0.652122626055
CC_998D1461748D,0,0.193465401306
CC_998D76801DA7,0,0.0969365504991
CC_999E2D80EA3F,0,0.195020227138
CC_999F4FCD9249,0,0.10076507094
CC_999F9CEBA195,1,0.697390016544
CC_999FE40C4AD1,1,0.711537497445
CC_99A24AFDCE70,0,0.0885192072456
CC_99A28CA808A5,0,0.0863851245561
CC_99A83502E95D,0,0.0401859983362
CC_99A98A048300,0,0.0881672055786
CC_99AA5338840A,0,0.0585701363618
CC_99AF513D1691,0,0.31131424401
CC_99AFC3A96C03,0,0.084376082715
CC_99B6EFCC0563,0,0.224680592854
CC_99BCBF3FFF88,0,0.232881498453
CC_99C43AEFE1B3,0,0.204110077775
CC_99C86A88C05C,0,0.124420502566
CC_99C898D3AAA5,0,0.0827093488777
CC_99CA8B4AADE7,1,0.173600197245
CC_99CC97AFFBE9,1,0.232109430307
CC_99D7D6CA7EB7,0,0.219523805988
CC_99DD36B79676,0,0.14124052544
CC_99DE8681D1C5,0,0.0854444163813
CC_99DF248DDC04,0,0.186053949432
CC_99DF59BFD684,1,0.708142874241
CC_99DF6DEB4B62,0,0.0659531939197
CC_99E29DFE0BD5,0,0.106785418063
CC_99E2FE9256D9,0,0.114455420252
CC_99E3F5BA13EF,0,0.080038855496
CC_99E8213757BC,0,0.183710902959
CC_99F255392513,0,0.0880909629628
CC_99F7CF29223E,0,0.110437287099
CC_99FBB9031540,0,0.231337145609
CC_99FBFFE2F6D5,0,0.27692289301
CC_99FF6246B684,1,0.704471176899
CC_99FF9AB18421,0,0.228971379428
CC_9A01A52861AD,0,0.459295743665
CC_9A0A60530AA4,0,0.124755132978
CC_9A0FC7C77BC7,0,0.0630628803487
CC_9A1301BC801D,0,0.12844013147
CC_9A13DF86BEE1,0,0.0728682837126
CC_9A14A7D84A1B,0,0.136793920401
CC_9A168F010E4C,0,0.0365736720785
CC_9A171C77CA72,0,0.0794463980377
CC_9A29ED9ACA7F,0,0.241417108921
CC_9A2FC2A678B7,1,0.21516331492
CC_9A3016BBAC37,0,0.112317911496
CC_9A311651A4C7,0,0.113961468788
CC_9A342AC2621E,1,0.539383713997
CC_9A343C8F569C,0,0.148389416231
CC_9A38B10723E5,0,0.079892765656
CC_9A39E253AF08,0,0.15295776479
CC_9A3CBDA8395B,0,0.0882614983804
CC_9A40401ABB0A,0,0.238326257349
CC_9A408D1A68E3,1,0.20151817901
CC_9A459765996D,0,0.085143206693
CC_9A476B3E0A6F,0,0.0699256927365
CC_9A4D255CA9FD,0,0.107645338169
CC_9A5003E05A7A,1,0.720606939867
CC_9A527BA3EC81,0,0.104234024756
CC_9A54E3DF0F85,0,0.090157713131
CC_9A5524F7ACD5,0,0.302306519471
CC_9A58703FF2E1,1,0.360403222823
CC_9A5AFAAF235F,0,0.112921052838
CC_9A5C807B420A,0,0.122671346104
CC_9A5E08886480,1,0.105333590577
CC_9A5F286660E0,1,0.752374771657
CC_9A6088ED6EFE,1,0.83449543939
CC_9A63DC86BF71,0,0.137378473905
CC_9A6EDD2A4981,1,0.50852033325
CC_9A77EC2042DB,1,0.064178380845
CC_9A7E11F28021,1,0.484805065474
CC_9A7FE9D5226F,0,0.113088039478
CC_9A83930DC383,0,0.189985082988
CC_9A8984EFF077,0,0.0802398549716
CC_9A8C1D5A71B7,0,0.167083588215
CC_9A8C39C88FE7,0,0.0751710629282
CC_9A8D431E8D54,0,0.187911355416
CC_9A971A0A6D6E,1,0.151916105172
CC_9A9CBCF5FAD4,0,0.0984739782763
CC_9A9DE4FC2569,0,0.619795548966
CC_9AA1B789058B,0,0.109757661758
CC_9AA2965BCC49,0,0.0906654590247
CC_9AA661F07DDE,1,0.177047921187
CC_9AA94DA24C2E,0,0.139513651498
CC_9AAAAA12F92B,1,0.287383171221
CC_9AAEC0A3C90A,0,0.0965375808749
CC_9AAF6A221EFB,1,0.317567830069
CC_9AB24C136B8F,0,0.215920656559
CC_9AB30355A267,0,0.0625626922528
CC_9AB3C1C22F4B,0,0.126416207054
CC_9AB771866CFF,0,0.150724172684
CC_9ABA8905D59B,0,0.0928413864074
CC_9ABB82B817FA,1,0.675775174438
CC_9ABE39731ABD,0,0.0583604077395
CC_9ABEBACE59C5,0,0.0977402596183
CC_9AC249F7D583,0,0.803567258975
CC_9AC3F405E51D,1,0.202718557038
CC_9AC42994F826,0,0.0889925963791
CC_9AC84F2E83E4,0,0.0182588487109
CC_9AC94936EF1C,0,0.140907622534
CC_9ACB2F13F9AB,0,0.673860671935
CC_9ACD5206EF5E,0,0.33969431103
CC_9ACD55D828BF,0,0.242517446991
CC_9AD3C1FCDC11,1,0.662968724827
CC_9AD47C871032,1,0.750942418452
CC_9AD48D80B3F9,1,0.260711312405
CC_9AD6CDD081A8,0,0.0958910251953
CC_9ADA5B86AC25,0,0.136775177035
CC_9ADDD7168C96,0,0.132987032247
CC_9ADF233A3D67,0,0.174873816016
CC_9AE029511609,0,0.409881516083
CC_9AE0D528E895,1,0.731004185035
CC_9AE12B23F5FE,1,0.25279180772
CC_9AE25064E161,0,0.138408897546
CC_9AE3DD9C4892,0,0.124743459377
CC_9AE3EC55C2F5,0,0.0314572197751
CC_9AF19552DC01,0,0.0945206612425
CC_9AF2592C810C,0,0.112946020364
CC_9AF5D84C1B45,0,0.159949093506
CC_9AF9AF1A9997,0,0.097265375275
CC_9B0226711A48,0,0.159383479791
CC_9B0327BFA162,0,0.097799069581
CC_9B0382DC26C8,0,0.118916052388
CC_9B040A58CD75,0,0.150381770183
CC_9B050E5A0E35,0,0.105638042187
CC_9B06AF154762,0,0.0733196061043
CC_9B07FBEFE4C0,0,0.168797189949
CC_9B08AE1AF7B6,0,0.0911836075276
CC_9B0929A5393B,0,0.107358603262
CC_9B1081F0DB34,1,0.278009991134
CC_9B1502A27C95,1,0.255480264315
CC_9B18C3CCC572,0,0.0712122093636
CC_9B1AD8400198,0,0.263892266977
CC_9B1F939DA250,1,0.766046477363
CC_9B2167286546,0,0.100437323868
CC_9B23A2A8E40B,0,0.307988012102
CC_9B23F4DF4013,1,0.0670826855634
CC_9B25DA0694AE,0,0.0832607963073
CC_9B27CE1F22BB,0,0.0339913225262
CC_9B2848E15240,0,0.0984213905198
CC_9B2B1406B94B,0,0.165309209072
CC_9B2E3EC2D193,1,0.668268742835
CC_9B2F8167CB6D,0,0.317732681989
CC_9B3390A57B16,0,0.0808767974657
CC_9B3F76AEE5C4,0,0.213557820462
CC_9B4084E04035,0,0.12825987201
CC_9B441ED5A9F7,0,0.204658998122
CC_9B442BD9F14C,0,0.130716120559
CC_9B48297FCE76,1,0.163233361949
CC_9B4BBE9B4292,0,0.169034609199
CC_9B4EE7104652,0,0.163534806839
CC_9B4F40D51210,0,0.204370165873
CC_9B5204E6D766,0,0.161625206562
CC_9B53A6514133,0,0.172853230121
CC_9B553035A577,1,0.1019798173
CC_9B5AC5B90415,0,0.141629332394
CC_9B5C65CC0B17,1,0.107716247509
CC_9B5EF1DBF7B8,1,0.225858226078
CC_9B64578C7CFB,0,0.27849353441
CC_9B64934CB771,0,0.085850188693
CC_9B66E9EBAE1F,0,0.239968654452
CC_9B67FEC26352,0,0.151863468006
CC_9B6AE4DA9AF8,1,0.410338220049
CC_9B6C98FDFC45,0,0.0634829432515
CC_9B6F1F1D811D,0,0.14534209623
CC_9B70925287B5,0,0.165155689159
CC_9B71B2D75EF1,0,0.148744241119
CC_9B76D1195855,0,0.0671286892821
CC_9B86CABE0D76,0,0.037752429156
CC_9B8756EDA273,0,0.128209531572
CC_9B8948988C5D,0,0.0818867284876
CC_9B8979940171,1,0.555527602415
CC_9B8B3789AB86,0,0.0857115458677
CC_9B8D8E5FF262,0,0.206747794825
CC_9B8E7080EAA4,0,0.13279088759
CC_9B92D1ED6BDB,0,0.0982411360312
CC_9B9352FE593C,1,0.752477900475
CC_9B9798291FCB,0,0.139364819808
CC_9B984819E10A,0,0.129603346837
CC_9B98D755310C,0,0.126026809945
CC_9B9BAE3AFC1F,0,0.347421996684
CC_9BA196786679,0,0.102281880049
CC_9BA25541E1FD,0,0.0745296814198
CC_9BA650B8ECE5,0,0.0572974107164
CC_9BA674FB0F33,0,0.552072743376
CC_9BAA09933D00,1,0.111324656045
CC_9BAFB5996D09,0,0.0582051144365
CC_9BB103CD73C1,0,0.206454997351
CC_9BB18E89EEDA,0,0.103286299439
CC_9BB2A41EFB4C,1,0.253524455012
CC_9BB6A7228385,0,0.0599950942719
CC_9BB6F7219762,0,0.155414510455
CC_9BBE41330385,1,0.826464117383
CC_9BBE87990208,0,0.108421995244
CC_9BC22982509C,0,0.0942789573935
CC_9BC3D103E0DB,0,0.146685898247
CC_9BC3F6DE3606,0,0.161948293571
CC_9BC8E6693A69,0,0.11042545772
CC_9BCCF360D38D,0,0.0908297552999
CC_9BCD717701B6,0,0.116134288619
CC_9BD00BE180F9,0,0.154370852638
CC_9BD5182312A3,0,0.272366181897
CC_9BDB7AA1F4B0,0,0.151359721395
CC_9BDE04C705CF,0,0.174015479805
CC_9BDE0FC897DD,1,0.665399654404
CC_9BDE329D8CFB,1,0.845725264185
CC_9BE07796D896,1,0.655357294365
CC_9BE10C3CFDAB,0,0.141806940646
CC_9BE64542855C,0,0.202485989702
CC_9BEE34AFAA50,1,0.261000924128
CC_9BF1F1A14C05,0,0.0832687796163
CC_9BF33E72349D,0,0.187850509067
CC_9BFB55A5040D,0,0.13280396898
CC_9BFE9A3FB158,0,0.292534195525
CC_9BFF6DA0D2B2,0,0.153884248922
CC_9C01D171DBA6,1,0.866847803266
CC_9C04763BFEEE,0,0.113709470707
CC_9C08C37C81CE,0,0.10119785197
CC_9C0BFA7E2991,0,0.128706487198
CC_9C19852A48A4,1,0.808579075382
CC_9C199E353EDD,0,0.204858718171
CC_9C1AE13537AA,0,0.0454232436317
CC_9C1B2CE64CA8,0,0.0977039686227
CC_9C2140BB2ADD,0,0.258908605556
CC_9C234B76E4B3,1,0.861453657438
CC_9C24C9B91660,0,0.773148293423
CC_9C26466CA737,1,0.539671140857
CC_9C28DC2FFEF0,0,0.106804863372
CC_9C29D31C5255,1,0.0994144563634
CC_9C2D8B503348,0,0.095358073498
CC_9C31BD5AE1D6,1,0.614665229014
CC_9C331BFEA7AC,1,0.427961499546
CC_9C35D406D978,0,0.164061901765
CC_9C3650660E0B,0,0.262148749161
CC_9C376770370C,1,0.757542292427
CC_9C3B71F64F12,0,0.102875447501
CC_9C406D376012,1,0.326729745703
CC_9C4306182754,1,0.083695617879
CC_9C44157D5072,0,0.15850825467
CC_9C45FB432343,0,0.153734035184
CC_9C47BC556732,1,0.735429644594
CC_9C4A51F9F04F,0,0.0920436731372
CC_9C4ACAC8E73F,0,0.226475791437
CC_9C56828085E1,0,0.369084352958
CC_9C5837F63D28,0,0.110319236033
CC_9C58EE7BED09,0,0.299116752585
CC_9C5C83607EF0,0,0.827083226158
CC_9C6137C2BEF5,0,0.134904990192
CC_9C627DF2CC56,0,0.0850292576084
CC_9C66C64BB7B5,0,0.107572989902
CC_9C66CBB40EC4,0,0.12086858469
CC_9C6779CAB6C3,0,0.119982898446
CC_9C67D1CC8275,0,0.0709062508081
CC_9C6AC57B7E4E,0,0.177459390317
CC_9C7031CFBB83,0,0.0743430202669
CC_9C719C8C607C,0,0.0791239789357
CC_9C72659A3BB7,0,0.156868080989
CC_9C73C764E4F2,0,0.136361286422
CC_9C7627C4A765,0,0.49749181517
CC_9C76B6E613D0,0,0.216405391257
CC_9C7BD8304E59,0,0.386535263468
CC_9C8015486358,0,0.0894212409592
CC_9C89A28928FD,0,0.10959153419
CC_9C8D81E778A1,1,0.147541252213
CC_9C94CEE7BD5B,0,0.078027358952
CC_9CB317703AC4,0,0.227957354097
CC_9CB3D72E7D0B,0,0.0952667445896
CC_9CB447157022,0,0.766436226019
CC_9CB48A26E9FB,0,0.0889721494105
CC_9CB48A3E9DD9,0,0.216843224922
CC_9CBA916A1DF0,1,0.411382496487
CC_9CC887337701,0,0.110466897601
CC_9CC8939BCA77,0,0.155804542373
CC_9CC89545A8E3,0,0.154880246214
CC_9CC949E6449C,0,0.166077186112
CC_9CCA0686A703,0,0.163376691371
CC_9CCB2BEBEB32,0,0.0926272234417
CC_9CD149D39267,1,0.260421676946
CC_9CD3C5F64161,1,0.841285154859
CC_9CD783423498,1,0.195941030911
CC_9CD92BEEA272,0,0.104222511189
CC_9CDBD909C3EF,0,0.0435642685805
CC_9CDC18B9C1E3,0,0.161187169298
CC_9CDD8B28EEB5,0,0.817205138592
CC_9CDE5E0B8559,0,0.103711585848
CC_9CE2EDA65D70,0,0.191840145518
CC_9CE497EA324B,1,0.551405776662
CC_9CE6B1B21254,0,0.0881546646004
CC_9CE788B835E1,0,0.138930329581
CC_9CE88392B352,0,0.219871318854
CC_9CE88590F618,0,0.102953783185
CC_9CE8C22F29FC,0,0.0570197223838
CC_9CE9AE4B2206,0,0.104836124895
CC_9CEA60F75AD8,0,0.152737045907
CC_9CEC8DE0172A,0,0.0920682988202
CC_9CEFDDE317D5,0,0.180093359541
CC_9CF202A17471,0,0.155560830674
CC_9CF243228EA1,0,0.291924635968
CC_9CF2997B3B24,0,0.092748228678
CC_9CF5BAB5D26A,1,0.129665249352
CC_9CF62798EFB0,0,0.143139358405
CC_9CF7AD1DB24C,0,0.161336997918
CC_9CF8300389CC,1,0.479702084948
CC_9CFB80F3A210,0,0.164266527237
CC_9CFC8EA7BF60,0,0.189753068492
CC_9CFD9E07819A,0,0.118540073361
CC_9D00451963F2,0,0.109227515426
CC_9D02B3E3D6FE,0,0.233352006242
CC_9D02D44DAF8D,0,0.0941352215645
CC_9D0B27BABFBB,0,0.210957491188
CC_9D0E06BFBE11,0,0.235407625228
CC_9D1126E72459,0,0.0812567985159
CC_9D13B2D2732C,0,0.136197820658
CC_9D15D68BE578,0,0.126040205231
CC_9D1BD13A743F,1,0.521985441579
CC_9D1C7C15A448,0,0.12171395619
CC_9D1CA386117C,0,0.246094669834
CC_9D20FBA95460,0,0.159058260325
CC_9D24E2A9FCD7,0,0.168357818496
CC_9D25949972F0,0,0.0874000794212
CC_9D285DDBEF8A,0,0.112586407794
CC_9D2A06882569,0,0.16358721197
CC_9D30B34D6B1F,0,0.0790141022018
CC_9D31FE51E80C,0,0.11808311408
CC_9D33640BFCBA,0,0.223886433369
CC_9D37A45A16E4,0,0.203778378069
CC_9D38EAA569A4,1,0.564242054317
CC_9D392D897F29,0,0.0733786369939
CC_9D3AC30EEC47,0,0.646339443805
CC_9D3CC7E49822,0,0.129275448418
CC_9D3FAFD6391F,0,0.090977848538
CC_9D4020A49039,1,0.138884847587
CC_9D406214D77E,0,0.0823567944255
CC_9D42EB028AE1,0,0.205911180524
CC_9D46F43F9553,0,0.108673229251
CC_9D49294EAB0C,1,0.149328295734
CC_9D5339526437,1,0.226007203358
CC_9D540A062C2B,0,0.101351891688
CC_9D5422AF8B99,1,0.474355448989
CC_9D56AC6B321B,1,0.493225462748
CC_9D57CD8C4613,1,0.153117876318
CC_9D5930667E99,0,0.726803142914
CC_9D5CB76ADE04,1,0.439179733579
CC_9D5CC8084D78,1,0.125197496063
CC_9D5D14B721DA,1,0.198873604999
CC_9D5F36525140,0,0.233275948448
CC_9D5F6985E119,0,0.112338816665
CC_9D63ABB00174,1,0.803893111025
CC_9D65557F4979,1,0.125293418125
CC_9D65A5F81495,0,0.111593602561
CC_9D67DA45E448,0,0.141728215689
CC_9D6887CBD18F,1,0.163270971189
CC_9D68D7DF2A50,0,0.0796209277687
CC_9D6B12E75B52,1,0.616120298011
CC_9D6E3FF2B0EB,0,0.0788177299432
CC_9D70F7466A94,0,0.166692821636
CC_9D7139618AE7,0,0.0826990981788
CC_9D71ADBDFA13,1,0.273807303048
CC_9D722A4A81B8,0,0.18277237766
CC_9D723B00AEBF,1,0.533155650869
CC_9D7291C0E107,0,0.187883892159
CC_9D792DDC1F8C,0,0.122236021199
CC_9D7986ECBADE,0,0.0892424974024
CC_9D7BA6C8307A,1,0.817403688971
CC_9D822D534045,0,0.0955256698232
CC_9D87ED42638F,0,0.0325090239626
CC_9D8CB0B558E6,1,0.153964932775
CC_9D90731662A8,0,0.0924124599477
CC_9D942B8A4393,0,0.102784889439
CC_9D961AAC9B69,0,0.0588431866419
CC_9D992EAC4590,0,0.167261501051
CC_9D9A50EC3324,0,0.101256732821
CC_9D9B294434F8,0,0.0314341174903
CC_9D9F0DDCC96A,0,0.11254865929
CC_9DA0974A51A1,0,0.15420115889
CC_9DA21688B6F6,0,0.429060946383
CC_9DA23C9BBB35,1,0.897886916039
CC_9DA47615A269,0,0.223983027039
CC_9DB369E985E0,0,0.165650754909
CC_9DB546454EB1,0,0.0388782569206
CC_9DB739C2A607,1,0.188421448613
CC_9DB83DB8DF18,0,0.169832935969
CC_9DB8F92EBE16,1,0.154026945271
CC_9DB99180C972,1,0.282396843142
CC_9DBB3F34A6F7,0,0.0921689187833
CC_9DBD7E118D4F,0,0.915423878454
CC_9DC34B17F9FD,0,0.649453197519
CC_9DC3D3957591,1,0.193622357896
CC_9DC426EF6ACF,0,0.114881092639
CC_9DC7C79E24A9,0,0.122198547607
CC_9DC8EF74B126,0,0.119462383618
CC_9DC92AEB0655,0,0.0841887001802
CC_9DCB4CB35574,1,0.783406842417
CC_9DD0460ED2B1,0,0.136542700756
CC_9DD1B046AB9E,0,0.119132072539
CC_9DD764583F0A,1,0.128062510328
CC_9DDA29C8ED24,1,0.118718719086
CC_9DDCFECDA0B5,0,0.103394126447
CC_9DDD362AE122,0,0.171583381375
CC_9DE99ED8D28E,0,0.0958668568068
CC_9DEA2B80662E,0,0.0564460567591
CC_9DEC41D17FBE,0,0.0806777893562
CC_9DF3BA3EA596,0,0.114752186761
CC_9DF79C5C8D79,0,0.0986724247575
CC_9DFBE5C21298,1,0.481420701008
CC_9DFCADC4DEF7,1,0.296288381936
CC_9E014E433105,0,0.0276339308806
CC_9E0308832036,1,0.472070315491
CC_9E03721B14E5,0,0.229706956019
CC_9E03C53AD305,1,0.43994643834
CC_9E09D7153D29,1,0.0973810932526
CC_9E1727F8DA6D,0,0.114516141688
CC_9E1BABD6299D,1,0.16637761145
CC_9E1E23E7B1E5,0,0.0973084227886
CC_9E222FF012D5,0,0.0865592856363
CC_9E26D84C6DF2,0,0.155382001468
CC_9E275BA452F7,0,0.134727924657
CC_9E2C95DAB885,1,0.731358323133
CC_9E35D2CCF910,0,0.105937661307
CC_9E387D83515C,1,0.368937563515
CC_9E3B550BAA15,0,0.194351450175
CC_9E3FDA2E399F,0,0.170897961415
CC_9E42E82413D7,0,0.395144241216
CC_9E444A497CC5,0,0.14084501454
CC_9E44B171E894,0,0.0848173744252
CC_9E44C8EF16E4,0,0.10503218033
CC_9E452B2FC276,1,0.146808743606
CC_9E4C44186363,0,0.066724321971
CC_9E4EC4D9C2E8,0,0.171964924789
CC_9E517C326CC3,0,0.123072930324
CC_9E53FFFAD9CA,0,0.121851689149
CC_9E581437F17C,1,0.10807099074
CC_9E5A0DEA49C6,1,0.381241530196
CC_9E5E939F9FB0,1,0.200192402239
CC_9E62823A90C2,0,0.108707451265
CC_9E6304C66FD4,0,0.0995598023734
CC_9E63784F66B4,0,0.0875739158808
CC_9E640ABA710A,0,0.180705747685
CC_9E6D11B5AB9D,0,0.207113790718
CC_9E6DBE1A9701,0,0.127459012677
CC_9E7128150BF7,0,0.0713067200241
CC_9E72B01FB9F7,0,0.155693697509
CC_9E751ECB60DD,1,0.0965475266036
CC_9E767C5EE6A2,0,0.526581509251
CC_9E7CCECF8F7C,1,0.346031691128
CC_9E7D0B51A32A,0,0.316547313574
CC_9E7F36A74EE5,0,0.102869126343
CC_9E7FA65FF64C,1,0.177660964944
CC_9E8140AAB56A,1,0.377530567454
CC_9E82710E6958,0,0.10589635537
CC_9E83AF014857,0,0.105910094053
CC_9E84BAD79417,0,0.132836807604
CC_9E8794D39D5C,0,0.155381314357
CC_9E8F2DBF037E,0,0.586240556374
CC_9E90F705BF65,0,0.120057997976
CC_9E937FC9562B,0,0.10780276466
CC_9E953DF5193F,0,0.0870582585078
CC_9E985B92B611,0,0.55353929883
CC_9E9CC3335C02,1,0.143387267226
CC_9EA121EF6A43,0,0.147909419803
CC_9EA839AD17B6,0,0.09133631703
CC_9EADAFFEECD4,1,0.624934743774
CC_9EAE1F955671,0,0.156859381338
CC_9EB222A03CFE,0,0.102928790356
CC_9EB69DAB32F8,0,0.275393827402
CC_9EB969000F94,1,0.297746074937
CC_9EBB4D545637,0,0.110143311319
CC_9EBB7363F42B,0,0.104508677351
CC_9EBBF46FF28C,1,0.817595726793
CC_9EBFECF4ACE8,1,0.176315508626
CC_9EC11E291320,0,0.070798623542
CC_9EC15499F045,0,0.126805268637
CC_9EC26468024A,0,0.265849692409
CC_9EC2CB942B92,0,0.174587889652
CC_9EC33225A3AD,0,0.120059568441
CC_9EC493F8E7EA,0,0.0982430722087
CC_9EC645148467,1,0.294666097873
CC_9EC72DE5CEEF,0,0.134257404534
CC_9EC8CE9A80F0,0,0.456700035572
CC_9ECA0733B697,0,0.0866197937897
CC_9ECAE06E13CC,0,0.160865152857
CC_9ECFCAD82631,0,0.498221082429
CC_9ECFE089F961,0,0.207905821469
CC_9ED137AA9181,0,0.0629708397631
CC_9ED6126FF62C,0,0.467095612542
CC_9ED723886A5C,0,0.788124253165
CC_9EDB0732539E,0,0.062812278022
CC_9EDC13E1011E,0,0.231512708593
CC_9EDC8A45DC71,0,0.141251949837
CC_9EDF235CDC5B,0,0.0880377408338
CC_9EE13452E788,0,0.155701649182
CC_9EE5567C1EA3,0,0.110759001942
CC_9EE725748ADE,1,0.167424912836
CC_9EE7BC10C783,1,0.0836375721589
CC_9EEEE940F2EE,1,0.298464509151
CC_9EF008068A5E,0,0.129024713239
CC_9EF7135FBFE7,0,0.126202886876
CC_9EF79EA0F1D9,0,0.112053957337
CC_9EF82170CCE4,0,0.112380503899
CC_9EF9516F64A8,1,0.182357187649
CC_9EFA132C45E6,0,0.150884278413
CC_9F01B54C156F,0,0.124023447557
CC_9F057B03EF57,0,0.261712466977
CC_9F0AE77D13C0,0,0.105406402156
CC_9F0C205896F7,0,0.344399256222
CC_9F0DE98C3912,0,0.128880509928
CC_9F13B8D3677D,0,0.1693177342
CC_9F14D0B54497,0,0.162279730752
CC_9F17F9ADBA8B,0,0.197709340783
CC_9F1B53C05454,0,0.0828146088759
CC_9F203DBBA45A,0,0.0592777878585
CC_9F20994ED92D,1,0.593161694493
CC_9F245971FC41,0,0.139477460098
CC_9F2679FCC755,0,0.287551865227
CC_9F27D60A1F12,0,0.133099730426
CC_9F2920D0AA77,0,0.121625234358
CC_9F2B1E636BB6,1,0.58254802294
CC_9F2D4DD6AB31,1,0.803581816834
CC_9F2DE2E500EB,1,0.0918877460142
CC_9F348ADA8D28,1,0.761817065851
CC_9F35D24D18CE,0,0.0985813892365
CC_9F369F409A53,0,0.350879573514
CC_9F37AF9B17C3,0,0.15672634946
CC_9F383D2CF422,0,0.0557387618146
CC_9F406B1FB4D8,1,0.818953986659
CC_9F40CEAA7DC7,0,0.0557671532496
CC_9F41389F96E3,0,0.198461484013
CC_9F431E9F0494,0,0.13671126967
CC_9F44DD8D1BED,0,0.127068081644
CC_9F48F6C83874,0,0.440271006331
CC_9F495F711BAB,0,0.209452120212
CC_9F49F6A887E3,0,0.233472733703
CC_9F4A400A6800,1,0.336180277075
CC_9F4ABFE525FC,0,0.132242529344
CC_9F4B3729D4A8,0,0.0997620521132
CC_9F55DC90EE6C,0,0.105034607319
CC_9F55F525309B,0,0.100524530612
CC_9F58FB2C9DC5,1,0.141357886391
CC_9F59279A9685,0,0.0935808313573
CC_9F5B4D6908AD,0,0.109470380654
CC_9F5BAC8143BA,0,0.584335921965
CC_9F5BD8F0D7CE,0,0.0785765398188
CC_9F5F3F22F232,1,0.276471920516
CC_9F62AB59F8B6,0,0.101201308359
CC_9F62EABB0D35,0,0.131478155494
CC_9F649F26B0FE,0,0.072220146943
CC_9F6633E00146,0,0.0533679374398
CC_9F69493C23C5,0,0.20459779167
CC_9F70A9342A89,1,0.329203116647
CC_9F755D11D8E9,0,0.313204359281
CC_9F75D3D63EB8,0,0.244582687992
CC_9F79F73AE068,0,0.108976958353
CC_9F7AFBF20437,1,0.0956455659068
CC_9F87C9C02C08,0,0.107788283905
CC_9F8840EA3C98,0,0.303110920861
CC_9F8916793C27,1,0.308594335083
CC_9F9040650E77,0,0.232034941698
CC_9F90E0D9A59B,0,0.203145713454
CC_9F9AB637C0B4,0,0.0971526512035
CC_9F9B6A14E19D,0,0.102093389776
CC_9F9BDAA0B7B5,1,0.187539178804
CC_9F9D7004501F,0,0.228023782696
CC_9F9F8BEEC999,0,0.0915750889859
CC_9F9FC61C7F87,0,0.23287498077
CC_9FA01D75A9DA,0,0.209124968831
CC_9FA2A410E67F,1,0.763789257059
CC_9FA33E547194,1,0.313162981617
CC_9FA945BBD722,0,0.0839415533349
CC_9FAD62141314,0,0.232859962293
CC_9FB0EF675E75,0,0.0831601507519
CC_9FB24F8CAAF2,0,0.123287757161
CC_9FBBC4FF2D18,0,0.123449008265
CC_9FBD9E214093,0,0.0847635712026
CC_9FC7DCDE8C25,0,0.141602500533
CC_9FD58E2A95A5,0,0.089100926723
CC_9FD5A5F93F8C,0,0.198241007683
CC_9FD83D18C2A8,0,0.143665876274
CC_9FD8546C475A,1,0.706580729288
CC_9FE0AE4F52CC,0,0.124745363122
CC_9FE116774DA8,1,0.331477582231
CC_9FE28E4B7E3E,0,0.131227420526
CC_9FE47D2ED368,1,0.139852846021
CC_9FE75ED0C943,0,0.299333504065
CC_9FEAA06B9E35,0,0.761589064818
CC_9FEB836B934B,1,0.11376965938
CC_9FEBCC4E999B,1,0.203137855686
CC_9FED144C936D,0,0.0754773312543
CC_9FEE0187572C,1,0.832424782722
CC_9FEE6CDA2DA6,0,0.0941828295748
CC_9FEEDCD5DFF2,0,0.156586059122
CC_9FF10DC1678B,0,0.101834259511
CC_9FF192908F43,0,0.114406953882
CC_9FF24477FCCD,0,0.0969244943514
CC_9FF647C08CD4,0,0.165196907262
CC_9FF78758814F,0,0.0759591468105
CC_9FFCD19682A0,1,0.165779566464
CC_9FFD7DF7FB3F,0,0.313894828768
CC_9FFE8FEFC155,0,0.251294281581
CC_A00076547C2F,1,0.157939270077
CC_A00257DEE22A,0,0.739579164734
CC_A00C38BEECEC,0,0.139866047189
CC_A0177C988696,1,0.183913749267
CC_A01921B88702,0,0.107863609916
CC_A01EE5E51E41,1,0.900625726976
CC_A01F0103D8C9,0,0.139214088204
CC_A020A3819D75,0,0.11623106685
CC_A023208A4A26,0,0.142277933035
CC_A024BFD41F34,0,0.204226861559
CC_A02AD4F9A643,0,0.0748532411478
CC_A02E1DFE4A64,0,0.125633070758
CC_A031E30A662B,0,0.134493859375
CC_A03776C67FA7,0,0.321449198639
CC_A037E2C52B4E,1,0.0867275992366
CC_A03AEB0E1760,0,0.189131658877
CC_A03D937198A8,0,0.22584733116
CC_A03E701846E7,1,0.675371512263
CC_A03F4C0B07CA,1,0.207721056277
CC_A042BA16FECF,1,0.413573944818
CC_A044D66612F2,1,0.593052097778
CC_A045B09F6EAA,1,0.691718396563
CC_A046192B46C8,0,0.218992868916
CC_A046A1544573,0,0.192134793446
CC_A047E070541B,0,0.173237037379
CC_A04ABAF40EFD,1,0.595726115472
CC_A05CD939476D,1,0.549774164785
CC_A05D2654B3A3,0,0.122292124749
CC_A05D74464FFB,0,0.104562233134
CC_A060285FF96A,0,0.0917842643444
CC_A06376D82D25,0,0.268104481024
CC_A0645F5AF58D,1,0.186102718117
CC_A0677817137C,1,0.175410674794
CC_A06991663AD1,0,0.105749734885
CC_A069D3E9EB07,0,0.0937828724017
CC_A06A11670A08,0,0.203259725183
CC_A06B43580DD0,1,0.82247105432
CC_A06F59A6EF94,0,0.108621416382
CC_A0749115874E,0,0.111925162364
CC_A0778B69E422,1,0.660776135778
CC_A07899031196,0,0.0707434274144
CC_A079B634D2BD,0,0.205201017332
CC_A07C4787AE77,0,0.196985948067
CC_A07C7C7E104A,0,0.112456766052
CC_A081F3FBBABD,0,0.0669422041168
CC_A08484508A9E,0,0.195988185778
CC_A087FDDD2F02,1,0.125674133402
CC_A08B1658C8CF,0,0.0375772964904
CC_A08C8D57CE21,1,0.17796494725
CC_A08F3E4EE5D4,0,0.0980921391039
CC_A090F6EAE928,0,0.130199468784
CC_A091A3E5F3C4,0,0.0892126407536
CC_A0942871BCBA,0,0.132996266982
CC_A095F357AD89,1,0.703928715207
CC_A09C72E3091D,0,0.0778009198043
CC_A09D644502A3,0,0.0990468472395
CC_A09DB9EE19DF,0,0.237633430601
CC_A09F36AB8E5F,0,0.289739038165
CC_A0A45350E7D3,0,0.296759342586
CC_A0A4FD2A6757,0,0.131350431237
CC_A0A6F0D40A79,1,0.0923943334149
CC_A0A765093619,0,0.141236340927
CC_A0B00F49D937,0,0.0659659840921
CC_A0B7587E037C,0,0.199610280613
CC_A0B7B74B932C,0,0.139473981889
CC_A0BCACCEBA14,0,0.204112759839
CC_A0C2D81DB02A,0,0.101128309538
CC_A0C4251A2863,0,0.420346915844
CC_A0CACB03A807,0,0.0731100081403
CC_A0CBDBFF6FDD,0,0.230855219986
CC_A0CF29508DD2,1,0.238655671988
CC_A0D81A970FD4,0,0.868501943097
CC_A0D88F5E92BD,1,0.127362851953
CC_A0D8A53D2251,0,0.187069088371
CC_A0D9F79F77D2,0,0.117759157577
CC_A0DAA7F13CFA,0,0.153417083048
CC_A0DBFD3321A0,1,0.15931188021
CC_A0E1E2546193,0,0.107349502621
CC_A0E2DDA8FE0B,0,0.0937693562322
CC_A0E41A9830C3,0,0.27427311883
CC_A0E41F756DD0,0,0.0926735709262
CC_A0EB975F6CA0,0,0.512381637472
CC_A0EFEED31289,0,0.0980151779506
CC_A0F0550DA758,1,0.686098910069
CC_A0F1B74A788A,0,0.164412767966
CC_A0FB218D53EB,0,0.175760930385
CC_A0FEF1BEF881,0,0.301160298337
CC_A0FF9B16D418,0,0.0876775725677
CC_A100CA7FDD05,1,0.521562082247
CC_A10255779041,0,0.262816173577
CC_A105612F584A,0,0.123892357941
CC_A1069B332F27,0,0.596367321083
CC_A10C249E1EEA,0,0.603564871681
CC_A10E009249F3,1,0.259750625099
CC_A110193A9E3B,0,0.100651887014
CC_A113569105EC,1,0.838219031651
CC_A114B0CC080B,0,0.199752550898
CC_A1168D8354DD,0,0.188714742998
CC_A122422BBE90,1,0.836033490005
CC_A122C4547EB7,1,0.74113326685
CC_A12985A180C5,0,0.441908957526
CC_A12E76F00A2E,1,0.270376158328
CC_A132DD0CAEAC,0,0.0759493829479
CC_A13B0FC4D057,0,0.141833479396
CC_A14482A0BD26,0,0.111640492772
CC_A14585B91240,0,0.0898453087645
CC_A147988BC57A,0,0.0853982044564
CC_A149797BDE4E,0,0.269161421127
CC_A14B2D6E025D,0,0.203084441408
CC_A14E2B7C9D82,0,0.0888180962523
CC_A15004C32604,0,0.104434601876
CC_A1510E5D97BC,0,0.115652504813
CC_A155FFA98586,0,0.201407966196
CC_A15611440745,0,0.0842951302174
CC_A158425258C5,1,0.259069051716
CC_A15EC85906AC,0,0.203881282593
CC_A1609AE0B98E,0,0.188665993144
CC_A16310BD88CF,0,0.176146565614
CC_A16469AD1F28,0,0.123617538943
CC_A1651ED58BBB,0,0.110672943809
CC_A170726ED59A,0,0.19872766823
CC_A1717F6E8656,0,0.063182677767
CC_A1745EB5F303,0,0.0851867037932
CC_A174D581C0D2,0,0.176110587968
CC_A175BA25B185,1,0.465626103572
CC_A17D411D1697,1,0.212486675062
CC_A17ED5AF377F,0,0.152953623925
CC_A18043F74A11,0,0.103442855601
CC_A1847FC33103,1,0.411269443075
CC_A184A6FDC7D3,0,0.190814186605
CC_A18561B8FFB9,0,0.429251491768
CC_A186491DC7EE,0,0.123301321821
CC_A1892973664C,0,0.159830498384
CC_A1904F21FBFB,1,0.108786922877
CC_A192DDD5CC0A,0,0.297127499381
CC_A19559E9B538,0,0.105055875349
CC_A1957D6E4BD0,0,0.153580585868
CC_A19740A717FB,1,0.224185503669
CC_A1994DFFCFF0,0,0.116175994806
CC_A1999C93F3B0,0,0.151031073801
CC_A19E883431B8,0,0.182416218186
CC_A1A462BD6A07,0,0.0748592520188
CC_A1A741CD60F7,0,0.0859091335043
CC_A1A81354A717,0,0.260064106184
CC_A1A987EB646E,0,0.0836385480978
CC_A1A9FE990355,0,0.0910687433656
CC_A1AA6995BA64,1,0.563491146197
CC_A1ABAF8CD4A9,0,0.159636426375
CC_A1AF5C01DD98,1,0.752954044755
CC_A1B0416C90D3,0,0.186497491762
CC_A1B17C8DCE08,1,0.158418927628
CC_A1B2B1D093FA,0,0.120128986893
CC_A1B5474FD89D,0,0.622534327252
CC_A1B671E70E27,0,0.0953846038685
CC_A1B79FC45F24,0,0.573949957547
CC_A1BAAA69BE69,0,0.142458331931
CC_A1BBDB6B7CA5,0,0.107599892054
CC_A1BD42A1E57B,0,0.319370354801
CC_A1C32FF49003,0,0.358258929998
CC_A1C4EEFC5833,0,0.30829676074
CC_A1CB39F393D7,0,0.0946477075875
CC_A1CC033D3287,0,0.136788170033
CC_A1D10B8F3C6F,1,0.0904638285911
CC_A1D2306A459F,0,0.435333547228
CC_A1D40F8336FE,0,0.0390151580191
CC_A1D755D7B142,0,0.187351342621
CC_A1E0659D5A18,0,0.167120181719
CC_A1E491E4AF1E,1,0.795708575041
CC_A1E6E37758B4,0,0.0806914695982
CC_A1F54C36E6F1,0,0.488033026627
CC_A1FF8AF6AB4D,1,0.774569183853
CC_A202FEFA44EB,0,0.0897467653549
CC_A20D773F873D,0,0.107871163941
CC_A2111AB6EB5C,1,0.552217773195
CC_A21AD79ADBA1,0,0.744711488441
CC_A21C5FF7FEC4,0,0.165700038378
CC_A21E9F7D4D4D,0,0.117657805099
CC_A226BE00AE16,0,0.0898274532848
CC_A22B9D2A215E,0,0.226772223759
CC_A22E31315E8F,0,0.092230170811
CC_A22FDD13D5AB,1,0.122371549285
CC_A2310E71CE2B,0,0.167091080271
CC_A23375D49BF0,1,0.226976824968
CC_A2354EBD0C42,0,0.398439024328
CC_A2358286714E,0,0.133407314195
CC_A237BB3C768A,0,0.110802141446
CC_A2383231A5D6,0,0.0860054508004
CC_A23863E8D43F,1,0.772876964686
CC_A239602E41D3,1,0.217074373104
CC_A23A66A57A1B,0,0.255661231536
CC_A23B9FF9824E,0,0.531612749484
CC_A23D023AF269,0,0.160913076302
CC_A23EC3FD43DD,1,0.783387878582
CC_A23F1B555942,0,0.0908164129414
CC_A240301CD523,0,0.14635414295
CC_A2476B31E7C3,1,0.286374739508
CC_A249AA2649A4,0,0.102025628743
CC_A249C4D53ACC,0,0.0880529144057
CC_A24DBE3D0F57,0,0.104078776919
CC_A25132EE5111,0,0.154151968826
CC_A2518D6C2ABD,0,0.805826640592
CC_A25190C7B059,0,0.183139014487
CC_A257D5867524,0,0.124699035858
CC_A25852493328,0,0.384843725366
CC_A2594DB3B9F9,0,0.120290465903
CC_A264061E78D6,0,0.128264201916
CC_A2641AE7D8AA,1,0.753620560217
CC_A26496D4D568,0,0.103869183626
CC_A267E7A68736,0,0.118221281582
CC_A268CBE0AB4C,1,0.572849649402
CC_A26A283CD173,0,0.103243332401
CC_A26ACF533A41,0,0.0899625155913
CC_A26BC4826B78,0,0.0973916877955
CC_A272B871D28B,0,0.089100999311
CC_A2776A33D076,0,0.0930214666283
CC_A277EA972FFB,0,0.105875262453
CC_A278C700132D,1,0.73529468035
CC_A27EC3D72ED2,1,0.545239060514
CC_A2845772B9F7,0,0.524503358333
CC_A286868A5AE8,0,0.0933420486257
CC_A286AC7B3762,1,0.23024268237
CC_A28CC618E6AA,1,0.680908894611
CC_A2913B5BA715,0,0.077969561885
CC_A29250B498C1,1,0.154815503405
CC_A297A4764F7E,0,0.148201073002
CC_A29B11D20370,1,0.580345361535
CC_A29E4FCD4E3C,1,0.15622680388
CC_A29EBC439250,0,0.762115244835
CC_A29FE8A262E6,0,0.167646544586
CC_A2A0DEBD3017,1,0.524007056366
CC_A2A407581E94,0,0.0810655387034
CC_A2A87A9190BD,0,0.138053515346
CC_A2A9503F36DE,0,0.100768155231
CC_A2AB8AF2B24F,0,0.135373611195
CC_A2ACDD16378F,0,0.0933188317882
CC_A2ACF2FDAB55,1,0.145204545489
CC_A2AD966B7F80,0,0.0705018058949
CC_A2AE841571F2,1,0.251743794837
CC_A2B9603A6636,0,0.303830953178
CC_A2B9D639C0DD,0,0.160156938077
CC_A2BA5E7284E0,0,0.0690002798198
CC_A2BA5F659B70,0,0.111381326144
CC_A2BBA0698B7F,0,0.114583185861
CC_A2C0DED2DC3B,1,0.0922144177971
CC_A2C1CD59F752,1,0.0776053563745
CC_A2C1E36A8A2F,0,0.109344139482
CC_A2C577469B62,0,0.294128100044
CC_A2C927B26917,0,0.147363566121
CC_A2C9B277557F,0,0.102141366267
CC_A2CC027F2D68,0,0.54589371149
CC_A2CCDCF1BFC1,0,0.119230919592
CC_A2CD720E516C,0,0.0319011798066
CC_A2CDE9078819,1,0.351496295525
CC_A2D2D31A97B4,1,0.139923160752
CC_A2D34322871F,0,0.166415624793
CC_A2D5468BFA50,1,0.786994728805
CC_A2D69E1A10F3,1,0.476811091564
CC_A2D6A90249F4,0,0.414310508127
CC_A2D6D0504DC2,0,0.0763354030595
CC_A2DA90809F07,0,0.193866808067
CC_A2DBB2CE2E8B,1,0.0687357485609
CC_A2DDCFEE582C,0,0.0870988643647
CC_A2E54D59B0C9,0,0.104141837265
CC_A2EB35AA3D98,0,0.0921999740329
CC_A2EF4A67A32E,1,0.446718146747
CC_A2F1440FE670,1,0.457268724123
CC_A2F616069E5D,0,0.0680586639101
CC_A2FC08088C89,1,0.400318176486
CC_A2FE1DAA6221,1,0.482656116831
CC_A30789C14932,0,0.0751520617999
CC_A3089685BBF9,0,0.628940315305
CC_A30ECB8A648D,0,0.128188305931
CC_A30F5A41F244,0,0.203481986828
CC_A31102179CBE,1,0.196708098832
CC_A31137913F93,0,0.063779019998
CC_A3129F2EF63D,0,0.230828512075
CC_A3150CAEF642,0,0.0973700234344
CC_A31C94B91C46,1,0.277840506362
CC_A32B9FD60B79,0,0.106702062179
CC_A32C1DB731DF,1,0.585519553403
CC_A32DE4EFEECE,1,0.0489121923829
CC_A32E203FFFE4,0,0.086956656714
CC_A33108E01C4C,0,0.110364195944
CC_A334D0731C1E,0,0.709801811687
CC_A3399252F25B,0,0.218081542767
CC_A33997BF4366,0,0.463562564743
CC_A342F1D3FA5E,0,0.115229621338
CC_A34384A0E0C4,1,0.287158892989
CC_A34BBEE4C63C,0,0.0865929591707
CC_A34DED1110AA,0,0.174081538317
CC_A35544E09F1A,0,0.0862767389914
CC_A358BE4C2361,0,0.0642705281484
CC_A36EBBE8B36B,1,0.726278604797
CC_A37132C63392,0,0.326038784719
CC_A374CA95C4EF,0,0.244717303015
CC_A3780D125466,0,0.0781340543687
CC_A37ECB1F3F80,0,0.100758257124
CC_A37EE84825B0,1,0.066315869163
CC_A37F122D9A31,1,0.284786542746
CC_A382FE7335DE,0,0.153588353628
CC_A384179F5B92,0,0.712566677745
CC_A38AD6806D9B,0,0.117078416249
CC_A38B409D1048,0,0.124405998061
CC_A38FA9D4E637,0,0.144889708565
CC_A39320C8976B,1,0.647310969956
CC_A39327A8CCC8,0,0.557536304466
CC_A395B1C3BA16,0,0.137635833043
CC_A396423C4FB2,0,0.137588703811
CC_A39E52B5A051,0,0.0656104681712
CC_A39E908C706B,0,0.304161857324
CC_A3A54FF82ACA,1,0.752426930525
CC_A3AA95DAF674,1,0.53501775708
CC_A3AB79E3D8DA,0,0.168741243018
CC_A3AD43A5A22C,0,0.229653683634
CC_A3B0FF101831,0,0.640054580302
CC_A3B1DC986F19,0,0.137861534988
CC_A3B5C32DD2BB,1,0.531149299661
CC_A3BD3739ECE0,0,0.105515039614
CC_A3BE534ED4F8,1,0.301351396579
CC_A3BE76950825,0,0.2532667458
CC_A3C4CF63BE16,1,0.668441633856
CC_A3C6CF5416B4,0,0.200453398179
CC_A3C82B8F08FA,0,0.233101234256
CC_A3C9178A2115,0,0.844298490697
CC_A3CC62C5DBAE,0,0.0940866843777
CC_A3CEF5BCAE57,1,0.587604323762
CC_A3D07C111C11,1,0.164117932951
CC_A3D35A503687,0,0.143939124468
CC_A3D3C8DC6028,0,0.250455458048
CC_A3D3DFED384C,0,0.145320890885
CC_A3D443FCD541,0,0.229138909507
CC_A3DD7460435A,0,0.125361823817
CC_A3DEB9D8EAE0,0,0.307336389227
CC_A3E2859518D9,1,0.174722885659
CC_A3E5E7F85B42,0,0.337776194665
CC_A3E747EFFE14,0,0.0796774236974
CC_A3EE4C5F0F0A,1,0.0347985058641
CC_A3EE7106C72D,0,0.109614586141
CC_A3F4D15BEEED,0,0.068174631132
CC_A3F4FA143CB8,1,0.872010924889
CC_A3F6E7EC89B0,1,0.184872610476
CC_A3F7EA5519D8,0,0.104498714463
CC_A3FB28F476C7,0,0.619537177724
CC_A3FC9B7A0340,1,0.594272469157
CC_A3FCA6A49D8F,0,0.278360222005
CC_A3FE24570DCD,0,0.123851345218
CC_A40999CD297F,1,0.184603112358
CC_A40B832BCD22,1,0.194089163713
CC_A41754781477,0,0.147472445145
CC_A41822D3D358,0,0.70938574969
CC_A419B5CD47DE,0,0.199139076809
CC_A41AC6F8165B,0,0.682722907357
CC_A41CFF0CE54A,0,0.115876732756
CC_A42117CADE01,0,0.141142442399
CC_A4244E8980E8,0,0.149011328211
CC_A4257D3FBE29,1,0.545060932173
CC_A42915E85449,1,0.632984749266
CC_A42B7E4AE9C3,0,0.229710043933
CC_A42C4A4C504D,0,0.0719189075803
CC_A42ED42F5DD3,0,0.0897286661944
CC_A43B817DFD0E,0,0.165644086184
CC_A4424F4ACCE1,0,0.111453094126
CC_A442D4A119BE,0,0.132944362121
CC_A446346D8397,0,0.779406416659
CC_A447A101DC82,1,0.891118546867
CC_A4485E25FF28,0,0.0810203675662
CC_A44CEBD27FFE,0,0.264333306505
CC_A453E022D065,0,0.558608668322
CC_A45430CC622A,1,0.2562124017
CC_A4557E79AE4A,0,0.114540644557
CC_A4565889DAD3,0,0.0813150994215
CC_A459EB511304,0,0.18965817013
CC_A45A1B64F49C,0,0.114866734795
CC_A45CC435976E,1,0.61002794481
CC_A45E655B2096,0,0.0853657314321
CC_A46C005D263A,0,0.335939229858
CC_A46E74D7FF7B,1,0.16020304717
CC_A46E9DC2E8E7,0,0.115403049315
CC_A46EA37479B1,0,0.159392310759
CC_A479ADA44C21,0,0.09610699883
CC_A47D7A3745CD,0,0.104955422123
CC_A47EB83EDA0E,0,0.0995971917048
CC_A47F65E97628,0,0.340845387808
CC_A4855A34A78A,0,0.387774152707
CC_A4861A8E8AFD,0,0.106320286088
CC_A48BA5D90435,1,0.161799241907
CC_A48D661F7E43,0,0.111725815696
CC_A48DB5437A6A,0,0.121183602044
CC_A48E0388C515,1,0.213861696279
CC_A48F22B0E162,0,0.124791262877
CC_A48FE0B7D698,0,0.380246945722
CC_A4901F6A578F,0,0.0546806641138
CC_A490541E470A,0,0.131125354154
CC_A4905748A0D7,0,0.281005522321
CC_A495E8B8AACA,0,0.113318945733
CC_A498DF13A10B,0,0.172307479446
CC_A49904349C5A,0,0.0329056883409
CC_A49E1B03A322,0,0.150221598574
CC_A4A0D2D453B8,1,0.223158644142
CC_A4A55B94CCAE,0,0.133490315578
CC_A4A639E2ECB4,1,0.751530597199
CC_A4A6601EBFD5,0,0.0882324807934
CC_A4AED565FC1D,1,0.116295745977
CC_A4C06A7E23A8,1,0.471289924595
CC_A4C14F06C836,1,0.228742249066
CC_A4C275993EE4,0,0.106848016905
CC_A4C50DD64E6C,0,0.123539320744
CC_A4C5CDBC5F1E,0,0.0775042439517
CC_A4C61F62AFF2,0,0.203213938111
CC_A4C7A5C7E5D8,0,0.128069638186
CC_A4C811FDF5CC,0,0.147970641515
CC_A4CA27C91B3E,0,0.169004635585
CC_A4CB908087AD,1,0.0715321654046
CC_A4CC8B3C2EA9,0,0.124764600364
CC_A4D89DE28D2E,0,0.186790622702
CC_A4E0933079DD,0,0.112737852584
CC_A4E161682B12,1,0.137310262923
CC_A4E28D5AE1F0,0,0.0845036482765
CC_A4E2D00E0E76,0,0.214645216771
CC_A4E3BB187989,0,0.184170138766
CC_A4E4FADD4079,0,0.102583058035
CC_A4E54B475BD5,0,0.0772888521362
CC_A4E5877717C7,0,0.157902109219
CC_A4E9240A8C74,0,0.0930446220218
CC_A4EBB62777C5,0,0.165115427118
CC_A4EC8F04C66F,0,0.123891516203
CC_A4EDF60895E8,0,0.132764173488
CC_A4F17476C85D,0,0.0899793947043
CC_A4F19EC4DCD3,0,0.116506636759
CC_A4F24C1612EF,0,0.392092009868
CC_A4F38B9A79FF,0,0.103791108528
CC_A4F3DA949442,0,0.392502002986
CC_A4F54204DD48,0,0.0911309014273
CC_A4F8190F5FF6,0,0.126430714786
CC_A4FA2C542910,0,0.104266640542
CC_A4FB340ACCF9,1,0.259467421148
CC_A4FDA869506F,0,0.173735021942
CC_A5030A56BA1D,0,0.289159904702
CC_A5034AB8AE1A,0,0.0903957100432
CC_A504C564B48D,0,0.726053210551
CC_A506A648BAAE,0,0.0916420978518
CC_A507FC4EA17F,0,0.380570403766
CC_A50E57E93D71,0,0.0998949926502
CC_A50EE4814086,0,0.255251039174
CC_A50F37B44FDD,0,0.151460856682
CC_A50FB81F69F6,0,0.125610282959
CC_A513ACD520B8,1,0.32633820897
CC_A51608105AB0,0,0.177478031698
CC_A51BCA3EA3F7,0,0.273956957823
CC_A5220F431BF1,0,0.0348819492529
CC_A522F6BE1D5C,0,0.0307427933021
CC_A5279888D1C2,0,0.196885203439
CC_A52D5B823D9B,1,0.238121787691
CC_A52D701A81E9,0,0.353815367997
CC_A52E5257EFF7,1,0.762399790017
CC_A52FBD1C0A4B,1,0.811575005809
CC_A5378C20C4BC,0,0.19741706039
CC_A541B1B2C94B,0,0.0892966631354
CC_A54C401BAE12,0,0.0840964273195
CC_A54FC8DFE041,0,0.132224153182
CC_A550F0DF0082,0,0.283537754028
CC_A55631FA807A,0,0.109834773226
CC_A558D1827278,0,0.0842659227576
CC_A55AA8E0C630,1,0.188168619962
CC_A55B8396B7DF,0,0.0824913350651
CC_A55FF827167B,1,0.122249401856
CC_A560C9BCC058,0,0.0440125479868
CC_A560CE974769,1,0.322302529408
CC_A5628BC1A4AD,1,0.3588000134
CC_A5648894B247,0,0.156137268628
CC_A569AB4849E8,0,0.0820481795147
CC_A56AE33979FC,0,0.0701257817993
CC_A5707288B570,0,0.535052499338
CC_A5785FAD380E,0,0.164912758604
CC_A5796E57248C,0,0.186229274009
CC_A57CA8C8F7B7,0,0.0929620149217
CC_A57E34CB57ED,0,0.274310451593
CC_A57ED21324B1,0,0.161623754615
CC_A5802E264F86,0,0.192856330546
CC_A5843F826A0E,0,0.0919447820039
CC_A585C09D5569,0,0.150724212348
CC_A585C4DC3AE6,0,0.203887732839
CC_A58D9799A47B,0,0.543599275249
CC_A58E6726554B,0,0.235361042234
CC_A58F7A12F0AF,1,0.0549786089985
CC_A591D09342DD,1,0.143241073305
CC_A595A809D56F,0,0.146657435796
CC_A5960F642FF7,0,0.0997195431541
CC_A597A2D1B8CF,1,0.471328017522
CC_A599C82583CC,0,0.102810975879
CC_A59A41BE4E29,1,0.664608397715
CC_A59AB1A1DACD,1,0.775264179717
CC_A59DDC9414B9,0,0.130186257027
CC_A59F533B30C4,0,0.181748323962
CC_A5A01D309F24,0,0.0758913957245
CC_A5A03B4FD4A5,0,0.170618755912
CC_A5A309724901,0,0.866633305226
CC_A5AAF1283A71,0,0.178387158001
CC_A5ACD4AC477E,0,0.0832199249747
CC_A5B107FE1B83,0,0.642861737092
CC_A5B3ABC665BE,0,0.0930943639927
CC_A5BA731C65A3,1,0.310818080687
CC_A5BBC48BF6EC,0,0.241900668032
CC_A5C0430EDD35,0,0.105676203904
CC_A5C17D5871FD,0,0.852961425977
CC_A5C84E3F587A,0,0.229456370708
CC_A5C8B5822A1B,0,0.316786446718
CC_A5C950958DD6,0,0.155492331602
CC_A5CC2BD71EF8,0,0.789308399241
CC_A5CD4508E2B5,0,0.110368028489
CC_A5CD7AC460FB,0,0.0832556819479
CC_A5CDA04FD668,0,0.118573233083
CC_A5CED4240748,1,0.6879108861
CC_A5D6499C8943,0,0.112628620132
CC_A5DE8D5BB14E,1,0.30619118401
CC_A5E29D4E3E75,0,0.080401205697
CC_A5E31348F3CE,0,0.155062988265
CC_A5E5F97AE605,0,0.145555298757
CC_A5E770E6612A,0,0.139473876193
CC_A5EAD28818E3,1,0.589256948567
CC_A5EB1FDB36B3,0,0.0819566235322
CC_A5F0039D04FD,0,0.135008850399
CC_A5F290619CC5,0,0.116433719556
CC_A5F622D0A01F,0,0.138788751672
CC_A5F8EF145E2E,1,0.480783188849
CC_A5FA9E3CBDE5,0,0.54273772822
CC_A5FE368A8F94,0,0.0913075766637
CC_A6009912F2ED,0,0.105161556803
CC_A602BCBB474E,1,0.144032146922
CC_A6040E0BD7B9,0,0.102368673046
CC_A604986272D0,0,0.0444572881347
CC_A60608B66EA8,1,0.233051283049
CC_A6064BDE0588,0,0.179134468087
CC_A607425BA692,0,0.557661141221
CC_A60A5D401588,0,0.460723801105
CC_A60B0F6F5320,0,0.074041232764
CC_A60C50F91EA3,1,0.76529745276
CC_A617FAFCED2B,0,0.11890238238
CC_A61D370C311E,0,0.19276049278
CC_A62445894BE8,0,0.131982243492
CC_A6263A2000EF,0,0.152426749036
CC_A626842601BB,1,0.681158907201
CC_A6285FA4D086,0,0.0762361170508
CC_A62B45482405,1,0.166283586337
CC_A62C85A20FC9,1,0.554863036479
CC_A62E5599F169,0,0.139283687733
CC_A62EF276F288,0,0.151958728236
CC_A6320BC31D2A,1,0.251723422888
CC_A632CE0AC257,1,0.10357695808
CC_A634E7ECEE9C,0,0.163410051901
CC_A63A83C403C0,0,0.306091092223
CC_A63B6D9E5FF5,1,0.785067144837
CC_A649AF9D4A43,0,0.660673929339
CC_A64DD14258A9,1,0.341725270372
CC_A64E334BFC5E,0,0.132892291197
CC_A6540743DB63,0,0.186692048016
CC_A656DF8699E9,0,0.0915554426543
CC_A65C88769BA8,1,0.196759739733
CC_A65E142C3F55,0,0.114650558898
CC_A6606AE256A8,0,0.140252591055
CC_A669026A90F8,0,0.0847508867189
CC_A66F8C75DB54,0,0.0989410581617
CC_A670A80CDF21,1,0.809200215133
CC_A67279B3C134,0,0.130432763688
CC_A672DD77EEB5,0,0.104099738378
CC_A67404134014,0,0.128771684426
CC_A675588A4D1B,0,0.713859818995
CC_A678BEBF6358,0,0.163523381953
CC_A6807BBD20E6,0,0.0938155774073
CC_A680D66DCABB,1,0.0806531542844
CC_A6872AAC45C4,0,0.108029712081
CC_A68AE49F33F2,0,0.0679343981608
CC_A68EB14FDAF6,0,0.322752197899
CC_A692ED15ACD0,1,0.287331106578
CC_A695083742CF,0,0.0967768822545
CC_A69F6DE8A977,1,0.597344912866
CC_A69FC06BD5BB,0,0.157493277448
CC_A6A2457E859C,0,0.285529235309
CC_A6A2655E85B0,0,0.113928945837
CC_A6A420E5C196,1,0.267733375768
CC_A6A4A9A59653,0,0.15299779723
CC_A6A9C4EB6FDD,1,0.313710004398
CC_A6AD39AB8E50,0,0.0830309926306
CC_A6ADEA3785A1,0,0.120872384062
CC_A6B0B63EF68D,1,0.497806969772
CC_A6B240EC66D6,0,0.091360518107
CC_A6B253C7D503,0,0.273940422047
CC_A6B5A944DC76,0,0.14348110077
CC_A6B8267BF832,0,0.149089581625
CC_A6BFD7A421D4,0,0.0869574804586
CC_A6C1F9B1C8BA,1,0.150093854134
CC_A6C6A50B249F,0,0.125893475968
CC_A6C97E3745E2,0,0.262126382757
CC_A6CA1D3AF641,0,0.170387289825
CC_A6CABBD2AA89,1,0.757692005765
CC_A6CDC5618300,1,0.75178556496
CC_A6CDE4656C8D,0,0.0888377293606
CC_A6D2C17EFFC8,1,0.91100042423
CC_A6D4FBFDBCC3,0,0.253926561808
CC_A6E1F359674D,0,0.49938119459
CC_A6E230708D59,0,0.407359564412
CC_A6E24277F5F2,0,0.103669846863
CC_A6E2CD698E6A,0,0.105642971353
CC_A6E758F474B9,0,0.0901611147996
CC_A6EA941B8C2B,0,0.0753916031237
CC_A6F1778ECB76,1,0.659138165962
CC_A6F1A04771D6,0,0.182522846842
CC_A6F20032B061,0,0.0873728586583
CC_A6F213D1543A,1,0.254038777483
CC_A6F22BBFE022,0,0.15964232275
CC_A6F24CEEFA42,0,0.120865706237
CC_A6F501FD454D,0,0.0869566222532
CC_A6F8DBA0DF17,0,0.10089099088
CC_A6F8E9CE4FA9,1,0.27095644534
CC_A6F8FB403100,0,0.0725088729645
CC_A6FC48E2424B,0,0.0824936881705
CC_A700E8AB5502,0,0.0826005991316
CC_A7027F9588EB,1,0.256886077048
CC_A703FCACB6F1,0,0.133395531955
CC_A706FA70EE4D,0,0.0952510100763
CC_A709E886CAFB,1,0.142218394534
CC_A70AD3D6098C,0,0.121942994234
CC_A70C47613562,0,0.147671960198
CC_A710E93BD7A7,0,0.419093615651
CC_A712119DAB6C,0,0.125595928066
CC_A7123BD9BDD8,0,0.0973726755451
CC_A7182F7FEC33,0,0.0661053163699
CC_A7186B682A2D,0,0.0874118098161
CC_A71B94179460,1,0.508841657314
CC_A71F240B4CE5,0,0.0890390620591
CC_A7205F24E1D6,0,0.0958649089891
CC_A720CAA06FC4,0,0.251726844496
CC_A721B2ADE274,0,0.165410408769
CC_A723AFB46AE7,0,0.309118606887
CC_A723DF122C00,0,0.148992370455
CC_A726F8456098,0,0.236401363286
CC_A732BDAD92B3,0,0.125493691996
CC_A737657D9BBC,0,0.096775466329
CC_A7392C3EAF33,0,0.306263485431
CC_A7415055F05E,0,0.111717837923
CC_A746925DDC82,0,0.164410936583
CC_A74694C6F4F3,0,0.0956401558538
CC_A746DD4E9F39,0,0.112673352817
CC_A747E7229BB4,0,0.102989952426
CC_A74AAEBBCC14,0,0.092682634605
CC_A74E127DB9D6,0,0.19109512846
CC_A751D2996FC0,0,0.1268587195
CC_A75374045EEC,1,0.0580930639426
CC_A759DB6FF7DC,0,0.101291133437
CC_A75B8DA04495,0,0.169443294017
CC_A75CC04D4110,1,0.145260263449
CC_A75D4A19C2FB,0,0.183494536915
CC_A75DC4645478,0,0.0843165704312
CC_A75DDD85173A,0,0.0950880917725
CC_A75FB68173A7,0,0.0941503412607
CC_A76120A60423,0,0.117660905253
CC_A7635A1B9BD2,0,0.0740251435337
CC_A7652F262667,1,0.208080142064
CC_A76643AA78D9,0,0.395714163961
CC_A76719763D33,0,0.140599314895
CC_A76ABD0A34A1,0,0.136754824205
CC_A76B762275A9,1,0.345506084523
CC_A76DDF3BDEBE,0,0.131886798533
CC_A76FB5A7124B,0,0.209230698104
CC_A77339CF6846,0,0.0597276410347
CC_A77908BB432F,1,0.650299373537
CC_A7808DEC5D09,0,0.1189281179
CC_A785AC28500B,0,0.111781409364
CC_A7861551FFC3,1,0.691537583538
CC_A7862D3E83C9,0,0.0930153017169
CC_A7867F315C5D,0,0.188449368207
CC_A788BDD64F14,0,0.147835537834
CC_A790F00E7B06,0,0.0906701449278
CC_A79202E21D29,1,0.152506441274
CC_A792E555C7A6,0,0.0797707093564
CC_A793B73FAB0B,0,0.401374791
CC_A794FF9FCCE1,1,0.345673483809
CC_A7952322A4F8,0,0.094653771967
CC_A7989B1AD915,0,0.291763258743
CC_A79C0193A2CB,0,0.0925878998792
CC_A79D16CE71B6,0,0.129909379135
CC_A79EFC4DAFE4,0,0.108232450308
CC_A7A04F15B27B,0,0.0837385148512
CC_A7A4B4770971,1,0.676872025781
CC_A7A60D4895CD,0,0.388012257645
CC_A7A77D1EB955,1,0.767997225745
CC_A7A88DA3A51B,0,0.206012593879
CC_A7ADD926A911,0,0.145658711862
CC_A7B5CB5D21CC,0,0.259086619452
CC_A7BD3D57355F,0,0.101310104212
CC_A7BDE2F778C7,0,0.16544872191
CC_A7BF65E33282,0,0.0945084414473
CC_A7CA13805057,0,0.84207187176
CC_A7CCBD812B7B,0,0.0877304667106
CC_A7CFD7AAD818,0,0.157735236483
CC_A7D1A93B981D,0,0.349923485374
CC_A7D35A7E6B5E,0,0.0666038065044
CC_A7D3728F7CC5,1,0.467622164263
CC_A7D414CD3F37,0,0.146426067271
CC_A7D7F9A5E9F5,1,0.579655781252
CC_A7D8CC926B73,0,0.326550156823
CC_A7D98548B9CB,0,0.122546117198
CC_A7D9A2CB1394,0,0.126988994271
CC_A7DB2C2ECF9E,0,0.0891038646108
CC_A7DDAC83E0BD,0,0.0973035983098
CC_A7E27B0B57AB,0,0.0972736887161
CC_A7E5115904CD,0,0.085071607293
CC_A7EA663BCC85,1,0.261701828935
CC_A7EAB8581771,0,0.077906322416
CC_A7EF34614AE5,0,0.336995076159
CC_A7EF56B63F57,0,0.124406744678
CC_A7EFDA8A904D,0,0.100350219727
CC_A7F2DAEDA32F,0,0.0715172963879
CC_A7F823E7DA79,1,0.782022260015
CC_A7FD92D19322,0,0.132994181321
CC_A7FFD14558C9,0,0.157507505895
CC_A803650C0F32,0,0.206597155381
CC_A803B8ED04C6,1,0.522321738035
CC_A806D305CD5B,1,0.594741990132
CC_A806D7374061,0,0.101193867027
CC_A80B5A2B87DB,0,0.139931166922
CC_A80ED0D18788,1,0.663357481122
CC_A8106D4C7E92,0,0.182999303252
CC_A8141C561367,0,0.251373926337
CC_A8154259D5E9,0,0.357584588562
CC_A8169D7E5861,0,0.126451122013
CC_A819E1E7A8EF,0,0.15211758876
CC_A81C38745115,0,0.162314970478
CC_A81D9F0CF7AB,0,0.0923345998422
CC_A8260D4E81B0,0,0.205350258019
CC_A82C269668F1,0,0.0799043078864
CC_A83108A1A74F,0,0.176713505338
CC_A83137251FD6,0,0.52266584869
CC_A8329C40DB70,0,0.189788659364
CC_A8362F22DDE8,0,0.0822473962151
CC_A83B5A4930F0,0,0.0684571147122
CC_A83D338C307C,0,0.136750647078
CC_A841A789E4BE,0,0.0897651402687
CC_A84590CB0DC7,0,0.0919323939003
CC_A8491874BA23,0,0.312920023012
CC_A849F4D34464,0,0.148472332668
CC_A84EF3C58724,1,0.422887802411
CC_A8553D6D54AB,0,0.166017782283
CC_A86128341E83,0,0.334891515078
CC_A8684C4D4620,1,0.763700194016
CC_A869025CFC82,0,0.272886203641
CC_A86B21205D10,0,0.116791371667
CC_A86F8BFFEF7A,0,0.164165815661
CC_A874CE9AF024,0,0.276260752072
CC_A876D2C60CA9,1,0.69027108669
CC_A8774F02FC3F,0,0.127151862761
CC_A877E14CEAE8,0,0.0703136084139
CC_A87CE2755C5C,0,0.0915387771021
CC_A8800E45D0E2,0,0.119495059547
CC_A88349F5098E,1,0.0942472666003
CC_A8837434B760,0,0.464237823118
CC_A885A05E7E24,0,0.213937854238
CC_A887FB948E47,0,0.185501983413
CC_A88C89EEFF27,0,0.323396668143
CC_A88E47D6E12A,0,0.183302923122
CC_A88FB361B009,0,0.103250190425
CC_A8916026DEB9,1,0.233748772594
CC_A897C8E3CF00,0,0.0951694587186
CC_A89947268EDE,0,0.15017801649
CC_A89AB3CD3756,0,0.0858685019906
CC_A89BDD2940EA,0,0.171887771665
CC_A89D38E86F54,0,0.202992475055
CC_A89F43E297CE,0,0.14111343346
CC_A8A4120E45A4,0,0.20913080692
CC_A8A46C1DF4A1,0,0.335214459487
CC_A8A89D7D5D57,1,0.180510509497
CC_A8A9311B179B,0,0.197144198794
CC_A8AA9FC6E7F4,0,0.104642518281
CC_A8AC5619E98E,0,0.0810068547232
CC_A8AC99D0C8F5,1,0.36076214394
CC_A8AF1D0E5225,0,0.759345440439
CC_A8B023020146,0,0.808133573083
CC_A8B0A004CC5C,0,0.181316439085
CC_A8B5E994172D,0,0.103786918028
CC_A8B6574BB001,0,0.142950382886
CC_A8BCC5F5D308,0,0.0957990402247
CC_A8BCD80743ED,0,0.10216614757
CC_A8BD2ACE1FAE,1,0.351608127819
CC_A8BFC8D6C835,0,0.128887009521
CC_A8C009E0821C,0,0.11715137102
CC_A8C1EEF8BEA7,1,0.401326436941
CC_A8C6324841BF,0,0.108077624629
CC_A8C8F6F36ADF,0,0.255788705832
CC_A8C919EDDB7F,0,0.0886931435907
CC_A8CB85B80314,1,0.448044427285
CC_A8CBFB55F463,0,0.273949419387
CC_A8CC088B85F8,1,0.576969123788
CC_A8CC23F4B5E9,0,0.0743547465058
CC_A8CC4CDC8AD6,0,0.0698548123726
CC_A8CC7F04F472,0,0.0376113455083
CC_A8CE272F22FD,0,0.108960117901
CC_A8D049D72381,0,0.249707852051
CC_A8D4563BA09C,0,0.278273761913
CC_A8D60FB42E90,0,0.377032570912
CC_A8D7262D8718,0,0.100126904459
CC_A8DA502E7E64,0,0.103345313857
CC_A8DAC2EBCF61,0,0.0912961122015
CC_A8DAF4FAB5A2,0,0.103433799609
CC_A8DB880F4F62,0,0.249341181487
CC_A8DBBD5C1775,1,0.383372090554
CC_A8E0487B5A24,0,0.095542090274
CC_A8E06F3E5197,0,0.086625613092
CC_A8E0FFD3ADBC,0,0.444618721368
CC_A8E94A175936,1,0.806327843805
CC_A8E97B546092,0,0.335756721145
CC_A8EA90DB0F10,0,0.0820324562891
CC_A8EC23205826,0,0.362829175054
CC_A8EC258B277E,1,0.259381834182
CC_A8ED417595B0,0,0.109336176653
CC_A8EE6EC37824,0,0.241879584339
CC_A8FCD25B3C51,1,0.367764080375
CC_A8FE4C948F56,0,0.107366567512
CC_A8FF79D8C0CE,0,0.0878775886879
CC_A9009F9C62C9,0,0.108980518973
CC_A9043BAD924D,0,0.16486021567
CC_A90835441069,0,0.0894398141014
CC_A90A1A26372C,0,0.102613147392
CC_A90A929F74FF,0,0.0783453614165
CC_A90B8E0863F9,0,0.0434926138349
CC_A911B4D63845,0,0.0909873731466
CC_A91237A265E9,0,0.122277167189
CC_A912E547F3C6,0,0.0874929550492
CC_A913D95E7E8D,0,0.234101912424
CC_A9165A74F165,1,0.886853934828
CC_A91B38945645,0,0.11986941162
CC_A91B578DA80B,0,0.350570480881
CC_A91C1C2BF9C1,0,0.0804703647519
CC_A91DCEF2E5DE,0,0.102369237929
CC_A91DEC2F00E9,0,0.114783231094
CC_A927CE7B1E31,0,0.698204776806
CC_A9285061FE9E,0,0.0946672885596
CC_A929017922C0,1,0.217537567482
CC_A929135A2EF1,0,0.153028194353
CC_A92A47407376,0,0.20169367498
CC_A92CF9FA7731,1,0.424398727928
CC_A93031142999,0,0.145973749644
CC_A93330D11A5B,0,0.0985986931551
CC_A93B0CD95AA5,0,0.260697707799
CC_A93B50F353DF,0,0.076202509541
CC_A93BC0456F1B,0,0.0511476340314
CC_A9402001902D,0,0.113866809453
CC_A9402C70CEBD,0,0.109604991931
CC_A94254DA8646,0,0.140323256233
CC_A944522752E5,0,0.247332095226
CC_A94638CC29CE,0,0.08530391078
CC_A94890103B1E,1,0.134505261439
CC_A94B929FCD46,0,0.176464579212
CC_A94E8E8502FE,0,0.113536585908
CC_A951DFCF9650,0,0.0710437092256
CC_A95213749EBB,0,0.0636432936574
CC_A9536E88D9A1,0,0.636167965504
CC_A953CC8A304F,0,0.0978007720462
CC_A958084EF3FA,0,0.0764932851076
CC_A95C6ECD71CD,0,0.100790820379
CC_A95EF0C4F6F8,0,0.0359614128287
CC_A9665D3E5B32,1,0.376294027079
CC_A968212AEE17,1,0.140244087675
CC_A9693E7F39CB,0,0.0842321896196
CC_A96B52455369,1,0.765485066303
CC_A970F3B1723F,0,0.101908749359
CC_A975DFD4CDAD,1,0.161882315657
CC_A9772A06616F,0,0.132244916025
CC_A97734E51A48,0,0.133819552959
CC_A9783161C1B8,0,0.229679971554
CC_A978BC8BC3DC,0,0.159088097108
CC_A97A298607B0,1,0.455362793397
CC_A97B929FED33,0,0.17090105221
CC_A9810BA2D394,0,0.201840869237
CC_A981903184BC,0,0.122022682076
CC_A9854A6AB990,0,0.0988386828331
CC_A989EED40B37,0,0.236888338311
CC_A98A12865EB4,1,0.151943047505
CC_A98C15DB7A11,0,0.178832330956
CC_A98C93478642,0,0.387388787417
CC_A997E5CEAC6F,0,0.116510787466
CC_A99968576AF1,0,0.0941375746736
CC_A99B857BF2D5,1,0.536604290538
CC_A99C7D8B0CAB,0,0.0786984587679
CC_A99D353A0E79,0,0.116035674413
CC_A9A3F8FA586A,0,0.134909725406
CC_A9A463B74727,0,0.353306816963
CC_A9A67507CD5D,0,0.0990547415653
CC_A9A6F7850A88,1,0.573314312409
CC_A9A986456911,0,0.143406053165
CC_A9AAA6DC2007,0,0.343169887248
CC_A9AC6E31C775,1,0.729376933783
CC_A9ADD7104E81,0,0.0904746390556
CC_A9AF7703490D,1,0.600130611638
CC_A9B1DE41B856,0,0.173062521004
CC_A9B59FAA0573,0,0.10152305945
CC_A9B80EA88C75,0,0.143382205357
CC_A9B8F5AD219A,0,0.114037313152
CC_A9BD13B66099,1,0.146701077368
CC_A9BFEFA7D257,1,0.765656141453
CC_A9BFF275D7B1,0,0.174660701395
CC_A9C2D702FD90,1,0.231233198339
CC_A9C3A09AE840,1,0.603283384132
CC_A9C3CA353221,0,0.348516489886
CC_A9CA25E868BF,1,0.614913039851
CC_A9CB749DE536,0,0.0967485204333
CC_A9CC1D68538F,1,0.20083583045
CC_A9CE9B8CC465,0,0.0827330533868
CC_A9D0012DB6C5,0,0.167244853072
CC_A9D4019A26F8,0,0.261407804379
CC_A9D4D3815F3C,0,0.104794959239
CC_A9D4D650B2FD,0,0.0974858788333
CC_A9D998EF645A,0,0.303524192224
CC_A9DBAC763971,0,0.141011897308
CC_A9E001D623CF,0,0.13349810458
CC_A9E00B55AB9E,0,0.139299387185
CC_A9E1AE214E03,1,0.290101980989
CC_A9E3A463CACF,0,0.098271148654
CC_A9E6076D28ED,1,0.237767624439
CC_A9E87FDEC15E,0,0.173395733084
CC_A9EA2430905A,0,0.148319677992
CC_A9F59329154F,1,0.112586615392
CC_A9F5DD7D92CB,0,0.214677415268
CC_A9F94A7BF972,0,0.142951108979
CC_A9FA30186EAA,0,0.16383148895
CC_A9FC4E12B5B6,1,0.0826057991349
CC_AA01D3D9FB70,0,0.11431878985
CC_AA06B2CCCFDC,0,0.110949874995
CC_AA0897D3F9A7,1,0.294628709256
CC_AA0B78414EB4,1,0.142023027976
CC_AA0EB3933170,1,0.413239638493
CC_AA0FE63338C5,0,0.153772273815
CC_AA11C9E925A1,0,0.0718969420384
CC_AA132673C8B9,0,0.136552598951
CC_AA17B8E25973,0,0.036580843561
CC_AA17B8FB4DD1,0,0.127797251441
CC_AA1A2DCDB37A,0,0.0850034986803
CC_AA1B923B2953,0,0.264186009138
CC_AA23725B1EB7,0,0.339924507371
CC_AA2513603BF4,0,0.551507269295
CC_AA255B733172,0,0.268114840239
CC_AA279A170662,0,0.136231921176
CC_AA2A5D698886,1,0.459062983885
CC_AA2F7CAA1EDE,0,0.075851986725
CC_AA326BB80433,1,0.122138508271
CC_AA3C8291233B,0,0.073818173617
CC_AA3F3E8E0EDC,0,0.31764791195
CC_AA3F96BD8D05,0,0.0669777678601
CC_AA42D22C711C,1,0.514217494918
CC_AA45FA46CF4B,1,0.141422797235
CC_AA48B43E154C,0,0.123437384863
CC_AA4B49F77588,1,0.270869450389
CC_AA4C67B9248D,0,0.123499826731
CC_AA4CA943C884,0,0.081304472976
CC_AA4F1F77FC0D,0,0.0969038426641
CC_AA4FC7826D2D,1,0.51673672418
CC_AA5037049842,0,0.272674381496
CC_AA53097D88E6,1,0.0700413287514
CC_AA545037795F,1,0.343208420496
CC_AA5757906A56,0,0.125129808637
CC_AA678D85779A,0,0.0984564115991
CC_AA68A594CBE5,1,0.327434911135
CC_AA6D0DCCE773,0,0.0379863005203
CC_AA6D901E4AE6,0,0.201180879666
CC_AA6DB26C19DB,0,0.0587854846409
CC_AA761CE2F7F1,0,0.264349243004
CC_AA7C84B0D796,0,0.0767605602044
CC_AA7DD4E1FF1A,0,0.275147938935
CC_AA804C3CE9A9,0,0.147237881155
CC_AA836E71243E,0,0.182732478134
CC_AA886C8EFCBE,0,0.109752530469
CC_AA88F3EB7595,1,0.312758957719
CC_AA8A54D78FEC,0,0.470953994362
CC_AA8EE66201FD,1,0.480942857522
CC_AA92054041B2,0,0.106540165824
CC_AA9387BF1364,0,0.669108849408
CC_AA93B0BB66F1,0,0.0639176744296
CC_AA95BD3B4433,0,0.0969902755638
CC_AA98EF8D12FE,0,0.0940675514983
CC_AA994BCD7E57,0,0.112812417321
CC_AA9C92CF5D9E,0,0.0915955777023
CC_AA9D3D776B90,0,0.0961884051189
CC_AA9E0643AF70,0,0.210175029334
CC_AA9E404D9E88,0,0.115972047041
CC_AAA59CBDFB37,0,0.492365995246
CC_AAA6FB99A506,0,0.190349670091
CC_AAAB6879D8FB,0,0.130901549819
CC_AAAEC55D7B19,0,0.134472986095
CC_AAB0119FA44F,0,0.0206243684154
CC_AAB73A572F7D,0,0.118690064312
CC_AAB7D4AE4A7C,0,0.0981525401324
CC_AABD04CEF820,0,0.101463106071
CC_AABEC7351D77,0,0.1108126686
CC_AAC0042F66FA,0,0.113868190483
CC_AAC135809669,0,0.150333166945
CC_AAC178FEB284,0,0.100071819298
CC_AAC18F8D66F4,0,0.122810730489
CC_AAC1FD115E96,1,0.271115992024
CC_AAC609663E72,0,0.219180253362
CC_AAC7B727D643,0,0.0895398022222
CC_AACD0A40E59D,0,0.173650013258
CC_AACE3A4DDCC8,0,0.0625202262477
CC_AACF1C9A56CC,1,0.0712137844714
CC_AACF5F633EEA,0,0.0977170889677
CC_AACF87DD3855,0,0.0954442356531
CC_AADA4CF10327,1,0.131250333423
CC_AADAD44A45FE,0,0.231451834047
CC_AADADF1D117C,0,0.14486633175
CC_AADAE307B497,1,0.226152051306
CC_AADCF1C1F8D9,0,0.124630568646
CC_AAE000BD58B6,0,0.151614292061
CC_AAE2C2064433,0,0.053217155292
CC_AAEAE7B46478,0,0.247805456283
CC_AAF15D06D32D,1,0.547908453019
CC_AAF23FDD779D,1,0.815107650363
CC_AAF2D8226DA0,0,0.308335271435
CC_AAF34D57EED5,0,0.099545011623
CC_AAF58D87365C,1,0.0969250565955
CC_AAF7AB96E87A,1,0.0776171482173
CC_AAF9D4BE18E6,0,0.428195871006
CC_AAFC91150951,0,0.195193061844
CC_AAFE6F64A545,1,0.260597758843
CC_AAFF1EDCCB1C,0,0.1227810272
CC_AAFF2363E40C,0,0.123497372388
CC_AB01E98B3325,0,0.0650742953291
CC_AB0741D47891,0,0.722803502309
CC_AB09CDAE4F68,0,0.156944727574
CC_AB0AFD5F398D,1,0.781473653768
CC_AB125B89AE38,1,0.858597727696
CC_AB1A4FC439B7,0,0.467955331942
CC_AB1CB624D8F7,1,0.224074746699
CC_AB219F0D99FB,0,0.193324037775
CC_AB232BDF0AD4,0,0.145529789161
CC_AB24DFFBFE32,0,0.181107393011
CC_AB2555814879,0,0.208700804263
CC_AB27E4E943C9,0,0.0813436866067
CC_AB2A42F41B2E,0,0.124892624545
CC_AB2D2CA6A64E,0,0.13834898216
CC_AB2F88E2FFD6,0,0.165043822817
CC_AB33EFDC9AF1,0,0.172291151392
CC_AB34A0FF355F,0,0.147795283986
CC_AB37E7BF5FF6,1,0.300047749119
CC_AB3F90F3568B,0,0.10207831604
CC_AB41CF6C23E1,0,0.0700925997097
CC_AB43C72E5E4F,0,0.174143970254
CC_AB45C75D5087,0,0.23433418072
CC_AB482A213A7F,0,0.130793228025
CC_AB482EA4AAB9,0,0.157112298936
CC_AB4944883722,0,0.108231935981
CC_AB4C4913F1A2,0,0.178939906319
CC_AB4C740534A5,0,0.0974058981917
CC_AB54A23EE3C8,0,0.159086187734
CC_AB557B79C7BF,1,0.137313282026
CC_AB558B8AF130,1,0.110016275103
CC_AB5F491BF450,0,0.0953187362799
CC_AB61027CAA32,0,0.0650395256385
CC_AB61E8E4A5FA,1,0.308051863909
CC_AB65D49AA2DC,0,0.0853444264448
CC_AB663846B1CF,0,0.12185109721
CC_AB67D6C89A92,0,0.180150897235
CC_AB70C862BF32,1,0.255274892222
CC_AB731F19F5D6,0,0.176581926801
CC_AB786647A30E,1,0.35713967335
CC_AB789919D614,0,0.108782756581
CC_AB794D887FB7,0,0.363244717556
CC_AB7BE2563D01,0,0.14362788746
CC_AB8283EFF50B,0,0.17565658759
CC_AB83A4BF3752,0,0.11079154804
CC_AB840BD9EA72,0,0.0772255850258
CC_AB8410C1ADB5,0,0.106948910582
CC_AB884B5B0E22,0,0.390441680546
CC_AB88836B6A8A,1,0.215191229198
CC_AB8984CEBDF5,0,0.171931979012
CC_AB912C43017A,0,0.0861431266995
CC_AB96346C5169,0,0.10016022856
CC_AB98246CB9AD,0,0.18164042944
CC_AB9CB1E3AFC7,0,0.118381423127
CC_AB9D82F14A1F,0,0.72599978771
CC_AB9E482E1A69,1,0.228981409626
CC_AB9F288E1531,0,0.139789907732
CC_ABA3AB47F2A5,0,0.083760794292
CC_ABA433D59EFB,1,0.657277332266
CC_ABA4DEB62B51,0,0.145563279484
CC_ABAA3649B4CE,0,0.0858900441286
CC_ABAC1B7B23DE,0,0.479830684643
CC_ABACA4E5CAF1,0,0.0781043922512
CC_ABAE0A66F341,0,0.094131112358
CC_ABB36D5B156F,0,0.153587540254
CC_ABB9B4C77C19,0,0.101038830947
CC_ABBA16B7C413,1,0.540564365244
CC_ABBABC198B40,0,0.131692311613
CC_ABC0334A1B39,0,0.214576238928
CC_ABC0D16783A3,0,0.0824044377897
CC_ABCC2A6B5E47,1,0.892829489153
CC_ABD0442A569E,0,0.152656318451
CC_ABD16D2BCC7F,1,0.268741565642
CC_ABD1D865D6EB,0,0.207146113754
CC_ABD26E560CB9,0,0.136669582319
CC_ABD4169CF1AC,1,0.190154945121
CC_ABD4F1541032,1,0.351090623319
CC_ABDB4D5D1F58,0,0.180248747514
CC_ABDB67FCF948,0,0.106461025159
CC_ABDB7E13B6B5,0,0.338031796282
CC_ABDBDBCAFFA5,0,0.352246407471
CC_ABDC814AFF0A,0,0.0844325149708
CC_ABDDBD29C0D8,0,0.0839015745661
CC_ABDE3F7BACBD,1,0.797562434955
CC_ABE2A113E670,0,0.186432673481
CC_ABE499EE0FCE,1,0.27728346729
CC_ABE6BDB21A29,1,0.119022867338
CC_ABEB0846311A,0,0.159255466701
CC_ABEBE6752FF1,0,0.0927724573331
CC_ABF07DEE2BC3,0,0.117372978374
CC_ABF53A99160B,0,0.115107363784
CC_ABFEB80E9C9A,1,0.803697398771
CC_AC0129AC148E,1,0.300650531388
CC_AC01BE06AD0A,1,0.751851877839
CC_AC03C0BDCB94,0,0.116991286119
CC_AC0B40CB2DE5,0,0.122462174833
CC_AC0B57DCE069,0,0.583818614194
CC_AC123284478B,1,0.702453494391
CC_AC1232C32715,0,0.143067929541
CC_AC12A0E32945,0,0.359182573877
CC_AC16161E73DB,0,0.3237539353
CC_AC1A411CB8E1,0,0.142218961536
CC_AC1A5D15682E,1,0.793374333324
CC_AC1CD2A208A8,0,0.13936442541
CC_AC205B3545CB,0,0.0875184030911
CC_AC24B3E524E9,0,0.108980632872
CC_AC270C5A49F5,0,0.0976615705213
CC_AC2894C3538B,0,0.105025708802
CC_AC33F7CD4624,0,0.150264319069
CC_AC34CF4B8425,0,0.0848057625579
CC_AC37B8D835A7,0,0.104190062038
CC_AC383C0F70E1,0,0.106748659512
CC_AC3B4A1B029A,0,0.111753717313
CC_AC43C7678741,0,0.337157493053
CC_AC43E89255F7,1,0.191171342909
CC_AC452AD93A28,1,0.170561215375
CC_AC49FF407A24,1,0.725848950582
CC_AC5058EDAE5D,1,0.614983702658
CC_AC52DE725006,1,0.60257487522
CC_AC5B85BA76A5,0,0.268135353202
CC_AC5DF2442708,1,0.0646142826883
CC_AC62DA48F581,0,0.102341257556
CC_AC63B11642AB,0,0.137703991183
CC_AC66593A8B77,0,0.25108430872
CC_AC672F356FAF,0,0.104609395141
CC_AC68429E0E22,0,0.166511575771
CC_AC68D4BAD88D,0,0.106204414724
CC_AC6B555F0309,0,0.125566367665
CC_AC70905CEBB6,1,0.543180960607
CC_AC738C2A9CA1,0,0.0724589548916
CC_AC7795E61669,1,0.124839002055
CC_AC7C73FB75C9,0,0.0768502582108
CC_AC8190B37D61,0,0.687044566584
CC_AC83D5608788,0,0.121797304334
CC_AC875546AD6B,1,0.559108617117
CC_AC8C4955991E,0,0.0786137674091
CC_AC8D89569089,0,0.0908676062843
CC_AC982ABA7EB1,0,0.151101622335
CC_AC9BE414E2B4,1,0.323110618217
CC_AC9F18D5DBFD,0,0.0827076219636
CC_ACA3A4E90DFE,1,0.217186097225
CC_ACA3D042097A,1,0.708766214805
CC_ACB060E910CB,0,0.0869803397926
CC_ACB06991D9C8,1,0.166219723707
CC_ACB460129DBE,0,0.083252368071
CC_ACC5BADA6B10,0,0.205652408227
CC_ACCD326590ED,0,0.0971955079285
CC_ACCD879451B6,0,0.547851527695
CC_ACCE088F3C54,1,0.381172225693
CC_ACD05E6B4D5B,0,0.245156280997
CC_ACD348B6C027,0,0.0861819671185
CC_ACD3FE0B8BD4,0,0.309529078866
CC_ACD43DA1153E,1,0.843202659826
CC_ACD92B15C213,0,0.141389902781
CC_ACD95951AD36,0,0.0925915754854
CC_ACDA1687BF63,0,0.0672552725341
CC_ACDE6727D51D,1,0.60415741798
CC_ACE10B629C92,0,0.446047554185
CC_ACE592D22F26,0,0.193379926184
CC_ACE67F3A3385,1,0.536371345967
CC_ACE76BF745E7,0,0.0822723354683
CC_ACE828A807DE,1,0.334680289395
CC_ACEA7EA8A2E9,0,0.125586933258
CC_ACEAE4CC08D4,1,0.56430375243
CC_ACECB238CAEF,0,0.120230811084
CC_ACED2F78376C,0,0.132655429895
CC_ACF158865469,0,0.127442206668
CC_ACF1B567C2C8,1,0.601262857577
CC_ACF26F6076F0,1,0.144709565071
CC_ACF2DB19AADB,0,0.312106027332
CC_ACF33F2B9CDF,1,0.0703614181353
CC_ACF3BC896638,0,0.0678554309302
CC_ACF526F542FD,0,0.103937218494
CC_ACFA9AB2E996,0,0.0960066018375
CC_AD0082103164,0,0.108681838769
CC_AD011EFE33A5,0,0.268743107156
CC_AD01B1A77B6C,0,0.123171211067
CC_AD036967592E,0,0.103482539338
CC_AD06AAD77E0E,0,0.0922413272065
CC_AD08792FAB21,0,0.143555529441
CC_AD0B52DD444A,1,0.761822026492
CC_AD0D065BB98A,0,0.268011673112
CC_AD0E455DC560,0,0.0978409699609
CC_AD110C070D2E,0,0.137091248021
CC_AD135F45D1A1,1,0.149732081305
CC_AD137E7B57A0,0,0.124148045254
CC_AD13BC776644,0,0.147806378307
CC_AD13C13F4F7A,0,0.21005910097
CC_AD14555DF0E5,1,0.0571724717466
CC_AD15370A3B25,0,0.0467927121619
CC_AD1D7087642C,0,0.164189707993
CC_AD20437874C7,0,0.100175115325
CC_AD2216763129,0,0.220705149802
CC_AD226651BBB4,1,0.69091439263
CC_AD2D2DD5AE1C,1,0.125182391932
CC_AD32EDE2EE17,0,0.180750258979
CC_AD359D65EDF1,0,0.122507286236
CC_AD37EC092DBD,0,0.138768758567
CC_AD3AE9AAA8E9,0,0.0782821828242
CC_AD40CD445E44,1,0.277961316381
CC_AD423B7E7B99,0,0.155644923304
CC_AD457FF9DCF4,1,0.129524403081
CC_AD467027CC6C,0,0.187636871307
CC_AD47425E3550,0,0.727995176322
CC_AD4851305902,0,0.165490600535
CC_AD4C82B325AF,0,0.417627844224
CC_AD4CA98C314A,0,0.10303392028
CC_AD54EF94F53F,1,0.261039023698
CC_AD58E5447E42,1,0.878386954635
CC_AD5B2E89496F,0,0.135898051924
CC_AD6073C80EB0,0,0.218759785384
CC_AD61099F5546,1,0.114536587082
CC_AD62B6000F74,0,0.165615657741
CC_AD62F8CF1970,0,0.135696152854
CC_AD6E515F3F3F,0,0.097480325997
CC_AD703EB25FAC,0,0.759483289943
CC_AD7328230E04,1,0.40473916899
CC_AD790FFE5B3D,0,0.0288070572071
CC_AD7B0416C93C,0,0.0766267644486
CC_AD7BAA55C71E,0,0.144550263508
CC_AD7C44A4005E,0,0.259637298539
CC_AD81DB112D3C,0,0.0832016289237
CC_AD82633D5249,0,0.262542947286
CC_AD83B3101092,0,0.0712582320054
CC_AD8A3C9F0A0D,0,0.115691009708
CC_AD8BB38FE9AE,0,0.663585126604
CC_AD8CB34957B8,1,0.805150020451
CC_AD907159EE48,0,0.0721437854649
CC_AD9487257572,0,0.738131987889
CC_AD94B6240276,0,0.361853094776
CC_AD94DA8372F3,1,0.625501157145
CC_AD977BBE03B2,0,0.0848916217744
CC_AD983C87063E,1,0.639676395307
CC_AD98AE3542F6,0,0.109539846774
CC_AD99135B88D3,0,0.106883269692
CC_AD9A44EBE8DD,1,0.252362202326
CC_AD9BABE2CCAC,0,0.152615240808
CC_ADA42DD32EB3,0,0.521553715874
CC_ADABDB914EB0,0,0.187324531558
CC_ADAD6F048843,0,0.292935211889
CC_ADB26CFD8024,0,0.0971237481658
CC_ADB29E3AE3FB,0,0.148780013255
CC_ADB49C5DED93,1,0.104875655148
CC_ADB54B0A9720,0,0.0797304892678
CC_ADB74049D2B6,0,0.0995592054842
CC_ADBEE55202E0,0,0.130348237486
CC_ADBFC4C0F98D,0,0.151769914784
CC_ADC1D07ABEBB,0,0.113514619312
CC_ADC4A4AB497B,0,0.234175463414
CC_ADC61AC94CA4,0,0.077519864511
CC_ADD1B844EEAF,0,0.12307648348
CC_ADD4C1FCD44D,0,0.82207602463
CC_ADDA334AC0F7,1,0.133183332694
CC_ADDB6DDEAE9C,1,0.13781541664
CC_ADDCFEFC1D8A,0,0.0674627585302
CC_ADE22641EC72,1,0.527939711574
CC_ADE2C37CBC65,0,0.294862791953
CC_ADE2EA1ACE18,0,0.114884060618
CC_ADE782DACAA1,0,0.140269975848
CC_ADE944732100,0,0.0808314563026
CC_ADE9F652B1C4,0,0.235979540611
CC_ADEA47F650E5,0,0.124351985951
CC_ADEB224A0FC8,0,0.139143352737
CC_ADEB53CEEE0A,0,0.0377046142961
CC_ADEF376A0872,0,0.292466400423
CC_ADF039E595F5,0,0.0695040713317
CC_ADF28929E1A2,0,0.0771442859107
CC_ADF2F2954D8E,0,0.0949167255941
CC_ADF337654560,0,0.160062619335
CC_ADF481917733,0,0.638367883712
CC_ADF85F7B4063,0,0.133765582714
CC_ADFDBE770582,1,0.692113802223
CC_ADFF0A7D5E0B,0,0.106022481164
CC_AE00F0D0C033,0,0.118005642559
CC_AE02A5D0341D,0,0.242147164986
CC_AE02F560C77C,0,0.165129081135
CC_AE0A7C908D8C,1,0.0784784375853
CC_AE0AA2176861,0,0.119774527689
CC_AE0B4C9B1FA4,0,0.0533285621542
CC_AE0D45FE53DA,0,0.374703002962
CC_AE0D4ED5B39E,1,0.61824268553
CC_AE0D89C67891,0,0.075453321543
CC_AE0E3BBC1AAD,0,0.122297793645
CC_AE13EFC8813F,0,0.102778949005
CC_AE1584F51E41,0,0.184089382825
CC_AE1699E31024,0,0.0609239532532
CC_AE1720BAB719,0,0.601277729633
CC_AE19061A2378,0,0.0917573043005
CC_AE19ED337C72,0,0.342607026552
CC_AE1A5AFF96D3,0,0.0887042474211
CC_AE1AD84B19BF,1,0.131077822038
CC_AE1C1240375D,1,0.419795350608
CC_AE1CE54A1491,0,0.613235743877
CC_AE1E210EE301,0,0.0842310091598
CC_AE1EB1A0FAA5,0,0.0792143139755
CC_AE1FC05A449C,0,0.148917945686
CC_AE203BC5F2BA,0,0.360276728193
CC_AE21389FFC5C,0,0.0839866584556
CC_AE21CB920437,0,0.0379539846632
CC_AE21E2312141,1,0.0886820424931
CC_AE225CA47E72,1,0.142633748481
CC_AE27CAB44497,0,0.0857024529351
CC_AE29B8581338,1,0.0473337123747
CC_AE319AD3D195,0,0.068802014921
CC_AE39DD14C6C6,0,0.287955248355
CC_AE3AAD115356,0,0.280519918165
CC_AE3B9459BBB7,0,0.222874963534
CC_AE3C24A0FBC3,0,0.11675097084
CC_AE3D2A2E2589,0,0.146729943502
CC_AE3E51CD37E7,0,0.0806633221339
CC_AE3E9C6D2706,0,0.441851730957
CC_AE40CFD3293C,0,0.201081708432
CC_AE41EFDFB0B9,1,0.210493920726
CC_AE43A24DC47C,1,0.760570751843
CC_AE452F315759,0,0.128903462495
CC_AE4530CBB1F3,0,0.147338278769
CC_AE460D64404D,0,0.113514291925
CC_AE4985CACAB8,1,0.122478099467
CC_AE4ABB421CAE,0,0.167558420468
CC_AE4ABDD89DD6,0,0.123147818336
CC_AE509965C4F7,0,0.746600650031
CC_AE50EEAAA873,0,0.696625349209
CC_AE515CC58CA2,0,0.0785176939787
CC_AE51788D2633,0,0.676475914554
CC_AE54FFBB8C1C,0,0.095683790766
CC_AE55C2BC4F2B,0,0.0889267365211
CC_AE591B7C49BF,0,0.11662676584
CC_AE597D26DDA8,0,0.396023449325
CC_AE5CFBF4846B,0,0.266870561801
CC_AE63DB410779,0,0.0869476672841
CC_AE645CBE4466,1,0.727955133426
CC_AE67B5F2118C,0,0.11194841127
CC_AE6EAE61C376,0,0.125028891309
CC_AE6FEF76E891,0,0.169962702256
CC_AE714513719C,0,0.0600283732741
CC_AE77F85D001E,0,0.180085567973
CC_AE7E8605ACD7,0,0.498884489594
CC_AE867E4BF75E,0,0.11502817584
CC_AE8AEDD6C9EE,0,0.096312485865
CC_AE8C0BCA4712,0,0.0683386559017
CC_AE8E647A6F3F,0,0.187881378569
CC_AE91897EF74A,0,0.326921216399
CC_AE919399931D,1,0.0828742621595
CC_AE92753557A7,0,0.143239065483
CC_AE97DB44840F,0,0.0883453849893
CC_AE9BB9410CA5,0,0.174011775618
CC_AE9D92A6E9FC,0,0.122037860112
CC_AE9E7A2BFAC4,0,0.0787422695109
CC_AEA12F674F15,0,0.189042999661
CC_AEA21A91AFC7,0,0.0517408159324
CC_AEAD1D2628D8,1,0.211284456773
CC_AEAEFE4129F5,1,0.441582833353
CC_AEAF21EBDE54,0,0.110569753436
CC_AEB22B6F56AF,0,0.311296606415
CC_AEB5F5467247,0,0.128224828733
CC_AEB9210EF31A,0,0.172169307866
CC_AEB9626DA1C6,0,0.124294054591
CC_AEB9E09BC77A,1,0.182745012575
CC_AEBA8976A197,0,0.119516399766
CC_AEBC741D0634,0,0.110004107062
CC_AEC15B8F9F92,0,0.14547566688
CC_AEC701497E6B,0,0.25147791659
CC_AEC739840825,0,0.101015852214
CC_AEC89B7D44D3,0,0.139503445788
CC_AEC8A63F91D0,0,0.0779983376769
CC_AEC95170B88F,1,0.11224420497
CC_AECA0A8CB1BD,0,0.143080853375
CC_AECD349E2097,0,0.170814194147
CC_AED0357EA173,1,0.718471203249
CC_AED0A3349B00,0,0.666807343841
CC_AED70499C796,0,0.13203930109
CC_AED77EC7A78B,1,0.136005089617
CC_AEDC1510FD83,0,0.109175377784
CC_AEE010CBB017,0,0.0995863161205
CC_AEE71414E528,1,0.812646315432
CC_AEE8759D007F,0,0.115512750114
CC_AEED6EF06F29,0,0.211485650199
CC_AEEDE87CFC1A,0,0.270178857987
CC_AEEFBA5D19D1,0,0.252749442517
CC_AEF45E99AC12,1,0.674059814044
CC_AEFCDB2F88CA,1,0.341572089464
CC_AF0213915D8D,1,0.270527381994
CC_AF02F54E3C35,1,0.416770751142
CC_AF05008EC20E,0,0.101302739063
CC_AF0611715585,1,0.463399665188
CC_AF08CB6AD715,0,0.0831252634551
CC_AF0C31DC66A5,0,0.101251668014
CC_AF0E2B9943A7,0,0.829417918569
CC_AF12F41DB690,0,0.319978591376
CC_AF166E2D0E3F,1,0.746675234078
CC_AF17A2737466,0,0.167179131903
CC_AF194314ADBA,0,0.315480295927
CC_AF1F270DFD26,0,0.17714848769
CC_AF214A8A035A,0,0.276291753547
CC_AF3062B89A1F,1,0.417248116383
CC_AF36A9E020FA,0,0.175633645223
CC_AF37C8AAE8E0,0,0.109814001617
CC_AF3BA240CC3F,0,0.136766651549
CC_AF3E413F6255,1,0.478027714214
CC_AF4088FC9119,1,0.215842417032
CC_AF49054B2277,0,0.123012240333
CC_AF49C2FCFA87,1,0.506677708805
CC_AF4D406B0654,0,0.159267073866
CC_AF555DC332C7,0,0.221829447239
CC_AF582B02EDCD,0,0.100031196004
CC_AF58C98AA9EC,1,0.832671357645
CC_AF5CC0A687B5,0,0.100084949843
CC_AF5D3134B3F6,0,0.0962506369793
CC_AF5D8D27D891,0,0.192396144873
CC_AF6005E2F4CF,0,0.0724746860228
CC_AF67EE3B3FC8,0,0.202066457324
CC_AF68168C02D4,0,0.0793773228295
CC_AF6FB4C4426B,0,0.0728158255517
CC_AF70B1B36E22,1,0.395863777041
CC_AF710F915793,0,0.491552976841
CC_AF71470BC6CE,1,0.227478803331
CC_AF7282F7EAD7,0,0.0983804603918
CC_AF746E7AC0A8,1,0.92368652508
CC_AF76F9438628,0,0.137112991529
CC_AF78C28C28A0,0,0.135006443273
CC_AF78DB9BAA2B,0,0.136534404165
CC_AF7DB1E2707C,0,0.109095498369
CC_AF8621E1CF13,0,0.0462449319186
CC_AF8B23CE5A44,0,0.0843282432353
CC_AF8D7E96839A,0,0.105751903667
CC_AF8F523E3706,0,0.0704751936243
CC_AF8F9029DAC7,0,0.105301374522
CC_AF93202C3B31,0,0.0844583171041
CC_AF934635595F,0,0.0979175398051
CC_AF961AF77849,0,0.229456370708
CC_AF9970A3C3E9,0,0.144651440946
CC_AF99BB4DBAE4,0,0.133809462157
CC_AF9F176BBDFD,0,0.0446394615838
CC_AFA11AC71C34,0,0.103098645444
CC_AFA5707C8CEE,0,0.0959957394328
CC_AFA5B7C02A75,1,0.853404650038
CC_AFA5F052C5EB,1,0.200474471419
CC_AFA8A084A235,0,0.52996144456
CC_AFA91F7B1697,0,0.0739562758755
CC_AFA93F009AD0,0,0.174328977493
CC_AFAB636D9818,1,0.230684886206
CC_AFAF81B04FCF,0,0.0388063040347
CC_AFB303DBC903,0,0.0935276613016
CC_AFB6D7B5A1AE,0,0.119118709649
CC_AFC12C1FC84F,1,0.236090739814
CC_AFC2525ACC6F,0,0.197905012841
CC_AFC7F0D41CE5,1,0.596627643387
CC_AFCA74650720,0,0.250933167532
CC_AFCD3EDD869D,0,0.106821941144
CC_AFCD8535C2A1,1,0.215650767293
CC_AFD475405365,1,0.471387420934
CC_AFDE3D99E223,0,0.215323075865
CC_AFDF14A9A7B6,0,0.401770102067
CC_AFDF77AA5375,0,0.0849999090454
CC_AFE0FB4CB64F,0,0.11255457397
CC_AFE210591003,1,0.824102870151
CC_AFE283ADDC7F,0,0.112434758085
CC_AFE2B70AF410,0,0.16409289525
CC_AFE613046534,0,0.231207598751
CC_AFEDF9B652F7,0,0.314137505327
CC_AFEEDD45D73C,0,0.132905913573
CC_AFEF7A7D89C3,1,0.855893902583
CC_AFF169410409,0,0.182125877172
CC_AFF2B8B0FBAA,0,0.0950319523515
CC_AFF69BF521E2,0,0.0341353671284
CC_AFF82DC79CE7,1,0.804831414937
CC_AFFCD522C179,1,0.449040865626
CC_AFFF20616F23,0,0.0921193364143
CC_B003275E9D60,1,0.460737075886
CC_B00A18466BCE,0,0.131795246185
CC_B00AE0AB9A63,0,0.0862192572854
CC_B00C4804D523,0,0.078188002731
CC_B00CC4C318C8,0,0.091918535486
CC_B00CCA033535,0,0.207700639003
CC_B0128621D9A8,0,0.0569558636473
CC_B01309116B97,0,0.143536152286
CC_B013D539AB61,0,0.320791410289
CC_B014B10A64AB,0,0.37690358
CC_B014DD824A0C,0,0.112972593256
CC_B0177DEF668F,0,0.114893601852
CC_B0181032E907,0,0.0752671271754
CC_B01AC7F0F036,0,0.214335273908
CC_B01DBE02BB8B,0,0.132111496417
CC_B024D48B8054,0,0.0835411748242
CC_B0261C998400,1,0.676218910448
CC_B029AC4DE765,1,0.0859684598111
CC_B02D7541DDE0,0,0.122322594141
CC_B032E2A6905E,0,0.121499608945
CC_B034D8BBEDEF,0,0.140164400552
CC_B0350BE8E6FE,0,0.107725304547
CC_B03528226833,1,0.187737626245
CC_B03939873355,1,0.310901151771
CC_B03BE9FA1734,0,0.0858620652036
CC_B04334B0B0C4,1,0.580408274686
CC_B043F1CDD245,0,0.166927596357
CC_B044F29F51E8,0,0.101968314823
CC_B046431EA71E,0,0.0831429241323
CC_B04BB8FC0AD8,0,0.1133356054
CC_B04C7CB49B84,0,0.0923852723787
CC_B057BD497851,0,0.211089669932
CC_B05AE3704D5E,0,0.191908247462
CC_B05AF9368707,1,0.248500445425
CC_B05B4F05CD9D,0,0.147545825026
CC_B05E3F0ADEBC,0,0.111461754605
CC_B05EE9293D12,1,0.14402395081
CC_B062B789B5ED,0,0.115462125076
CC_B064B479B5A1,0,0.474570275992
CC_B07237A090D0,1,0.61740627514
CC_B0755DFB8742,0,0.227320604057
CC_B07918BD04C4,0,0.179534003871
CC_B07B5AC346DA,1,0.69733495221
CC_B07E0F9EA8CD,1,0.191152197938
CC_B0862FABE488,0,0.152233167962
CC_B08C3DEEEE70,1,0.126313371403
CC_B08F20780247,0,0.366252396032
CC_B08F35EE50C4,1,0.301081452816
CC_B092D97C8039,1,0.852529126943
CC_B09356D7F241,0,0.158834091904
CC_B0967C4983E7,0,0.149252724226
CC_B096A4A3750C,0,0.100852007862
CC_B0976D630613,0,0.132191157112
CC_B09DF83E8DA4,0,0.559288779875
CC_B09E493D68E2,0,0.147043324268
CC_B0A1E309C6EB,1,0.583919982003
CC_B0A302702ED9,0,0.135572914919
CC_B0A576C7643F,0,0.0839348093131
CC_B0A65753268A,0,0.330926435771
CC_B0AAF0AD6A6B,0,0.10387685932
CC_B0AFC598AB5B,0,0.713138861372
CC_B0B1DA1444BD,0,0.194658153478
CC_B0B1E52E0E29,0,0.167733141028
CC_B0B63087C4ED,1,0.55037180199
CC_B0BC441FBF4B,0,0.202584370216
CC_B0BCD5264A51,0,0.157966120455
CC_B0BDFFA551C4,1,0.520824198117
CC_B0C13AC2E1A8,0,0.68203757165
CC_B0C27E607EEF,0,0.0906115311869
CC_B0C8AB9126A5,0,0.100544217757
CC_B0CAB73EC9DA,0,0.161111295631
CC_B0CCD4ADDC2A,0,0.256636889777
CC_B0D08B02907E,0,0.0676023200133
CC_B0D283546341,0,0.11420442887
CC_B0D3CBCE976F,0,0.171892832666
CC_B0D4ECD771C4,0,0.0498442660752
CC_B0D7A429141A,0,0.178617729913
CC_B0D8009E8CB6,0,0.22547502171
CC_B0D9E4DE26F2,0,0.152167120609
CC_B0DC4AB45357,0,0.11965577615
CC_B0DFB37E817A,1,0.675715632255
CC_B0E167437161,1,0.0933181351865
CC_B0E41C0DB613,0,0.228964084029
CC_B0E5C2DA2D2A,0,0.0899865296473
CC_B0E7698D91DD,1,0.296860513362
CC_B0EB81C77ABB,0,0.121982844056
CC_B0ED801EBB23,1,0.105017609005
CC_B0EF31816C2E,0,0.189300039443
CC_B0F054258600,0,0.14030109119
CC_B0F098FD61B3,0,0.0928187935121
CC_B0F2BFC26991,0,0.1066933754
CC_B0F5578A35C6,0,0.882287188415
CC_B0F5CF869F9A,0,0.0860795852971
CC_B0F60BDC9B4C,1,0.116505013238
CC_B0F68FDEAA01,0,0.104225433727
CC_B0F836749868,0,0.11499293901
CC_B0FA04A1A16B,0,0.0950168458385
CC_B0FACB174F2B,0,0.950588192788
CC_B0FB97C4DF19,1,0.103001821149
CC_B1015B2DBF95,1,0.661737778059
CC_B10186CE70F0,0,0.131448978174
CC_B10A1AD4669A,0,0.0640902845319
CC_B10B9E060283,1,0.0853706982104
CC_B10DAF4E7083,0,0.23771675394
CC_B112B109661E,0,0.116859632013
CC_B11400385BC2,0,0.0480681545746
CC_B1170AEF8A8E,0,0.248442300686
CC_B117C62EE902,1,0.794351185017
CC_B11B78FFF0ED,0,0.149669159735
CC_B11B92C24485,0,0.0989481848544
CC_B11C0F016104,1,0.550776004775
CC_B11C5EDAD05E,0,0.0880676478813
CC_B123138A4DCE,1,0.444082055176
CC_B1260B8FD17E,1,0.839046604058
CC_B13110E5DAE0,0,0.0789748357558
CC_B131B7A7230A,0,0.166347872914
CC_B1336D33C077,0,0.120378089039
CC_B133B383F23B,1,0.660530181312
CC_B13777FC0108,0,0.0767542427599
CC_B1388245D5FA,1,0.0984552772159
CC_B139AF180B45,0,0.117819522273
CC_B13ADC5B0A0A,0,0.0854527670288
CC_B13AF3492FC2,1,0.307663279134
CC_B13F39269237,0,0.298417816213
CC_B141B874574F,0,0.164504688401
CC_B141C8EFBFB9,0,0.0712123602328
CC_B14265F5BD2B,0,0.129812272223
CC_B14AA7B89CAE,1,0.460855178452
CC_B14C47C7E0EF,0,0.153703578151
CC_B14C68F364CF,0,0.144631301628
CC_B14D958CE776,0,0.169552168713
CC_B14FE3365CD8,0,0.286483714955
CC_B156C4D52380,0,0.164738978252
CC_B157DA76E30D,0,0.116145461396
CC_B15AB367E525,0,0.0913023201452
CC_B16192C5BBFC,1,0.25879945615
CC_B1664072F206,0,0.245525869745
CC_B16BA8EB2659,0,0.170781127249
CC_B16ECA56DF74,0,0.147458733676
CC_B17296B311D3,1,0.298810175181
CC_B173918BCC8E,0,0.379022147969
CC_B17599386DCC,1,0.127247255343
CC_B17A6F488F95,1,0.191466874381
CC_B182E33ED53C,0,0.129297809585
CC_B18330714657,0,0.322215768283
CC_B184B3D0FC26,0,0.155988367225
CC_B1896AD3E346,0,0.362701227605
CC_B18A91081EC5,0,0.0557927564961
CC_B18B49957711,0,0.162768405912
CC_B18D3C585EF5,0,0.0901187724056
CC_B18F818F3891,1,0.0906635192053
CC_B1917E7DBAD2,0,0.328696619847
CC_B1978ED9A83D,0,0.0952107143686
CC_B19B2F752321,0,0.179404035375
CC_B1A0D6610EE3,0,0.0890089126203
CC_B1AB24906849,0,0.0726365363487
CC_B1AB7B2815DC,1,0.667102289082
CC_B1AC114978A5,0,0.18779468258
CC_B1B06D3AB2B1,1,0.645254518737
CC_B1B1B9A56CFE,0,0.113845865998
CC_B1B7EA857BE7,1,0.142890096418
CC_B1BB492AB129,1,0.849922050819
CC_B1C213CD27EB,1,0.336804971468
CC_B1C49A983E72,0,0.0882674947559
CC_B1C6B6C51FCE,0,0.115053338939
CC_B1C7B40104FF,0,0.105915006301
CC_B1CE7DCBCAFB,0,0.0989802561153
CC_B1CF878F06E4,0,0.119388983051
CC_B1D03AF379C3,0,0.257040748776
CC_B1D3D4BE5585,0,0.0805754303141
CC_B1D777E1BCE8,1,0.138497590399
CC_B1D8DD7D15B6,0,0.762511351735
CC_B1D8F3B4AF25,0,0.189904080027
CC_B1D924C24580,0,0.106112046192
CC_B1DA5DC49F91,0,0.137238826274
CC_B1DAD1ABDE78,0,0.0592493964516
CC_B1DE9CC9845B,0,0.151664782814
CC_B1DEDE94533A,0,0.0991839433071
CC_B1E073C84B61,0,0.101724801087
CC_B1E127D8AEC4,0,0.480443621378
CC_B1E490CE3B4A,0,0.156418152409
CC_B1E94C87DF12,0,0.0880040718846
CC_B1EC10B3AFB3,1,0.564899239836
CC_B1ECA15DF9BE,1,0.133740712174
CC_B1F0F4758305,1,0.886617411048
CC_B1F1EEA3B3F0,0,0.0571909484791
CC_B1F2138EBCC4,0,0.155149697184
CC_B1F27ABDBBAB,1,0.122801994565
CC_B1F5C1901B70,0,0.178937456446
CC_B1F8F951A8BF,0,0.118328093423
CC_B1FA8AEDA775,1,0.200765080833
CC_B1FADE3FEDCA,0,0.0872722642086
CC_B1FC1F3134EF,0,0.344087656586
CC_B1FE8DF646B3,0,0.0905242474407
CC_B1FF0D030ADC,0,0.22120187496
CC_B1FF6BA6F97E,0,0.162181794836
CC_B200BA186DD1,0,0.201209689094
CC_B2032846C98F,1,0.0875699546161
CC_B203AEC74B09,0,0.16748615992
CC_B203E5031F01,0,0.0940197200999
CC_B205EBE37539,0,0.0680820758093
CC_B2064BFE82D5,0,0.19100935316
CC_B2064EC815B6,0,0.857759289997
CC_B20A0F1121EC,0,0.160233221073
CC_B20CCF5250BD,0,0.0654251045479
CC_B20FBE5D9212,0,0.0720196308872
CC_B21222ACA307,0,0.14889199462
CC_B2154D71F930,0,0.391347251943
CC_B2160F57219A,0,0.0859735749748
CC_B2184056C830,1,0.139720641805
CC_B219891161B0,0,0.102793263444
CC_B21A9EB946D0,0,0.309691170321
CC_B21BAF90899C,0,0.0977953154973
CC_B21FA9AA6699,0,0.101291956675
CC_B21FF4F76401,1,0.558934844475
CC_B22078E0351C,0,0.0972715567918
CC_B22218BC745F,0,0.192090486213
CC_B2247F61282B,0,0.186396614933
CC_B224AB0ABDF8,0,0.240349937425
CC_B224ACAD2EF2,0,0.734763190886
CC_B224BB163671,0,0.0997407661479
CC_B22C5EA62F64,0,0.104000868862
CC_B22D80148C26,1,0.663084149431
CC_B23236086FD3,0,0.10901739064
CC_B2330EA94B7D,0,0.110995783766
CC_B238B2923086,0,0.226695307204
CC_B23BA6481B10,0,0.0762909899011
CC_B24117ADA922,0,0.216901543936
CC_B241ED2351D1,0,0.125385817122
CC_B243DCAC75A6,0,0.188660766533
CC_B247C68735F2,0,0.338903209469
CC_B2484952CF84,0,0.0661071103372
CC_B24A19BBD8EB,0,0.107879174913
CC_B24E66527591,0,0.0818053228244
CC_B24E9EC5E6F9,1,0.113281486779
CC_B250E7F2DADD,0,0.0964422098166
CC_B25298D856D0,1,0.80257494616
CC_B25330C545DC,0,0.149186689378
CC_B2548DFBF9A0,0,0.351604943101
CC_B2563033BBA7,0,0.240886021431
CC_B25A287772AD,1,0.141646532346
CC_B25ADC06612C,1,0.193228913201
CC_B25B08AD69F1,0,0.0766886286514
CC_B25CA6B6C83E,0,0.0870375409834
CC_B25D1CCD9D9D,0,0.10934175515
CC_B26329CCC83F,0,0.161705759438
CC_B264948A989B,0,0.619683440936
CC_B26CE8256566,0,0.0740394266501
CC_B26FBDAC124A,0,0.203898790132
CC_B276CC59E39A,0,0.236669538577
CC_B27BE369DD48,1,0.108275523021
CC_B286A2A27850,0,0.116429184943
CC_B288909D0C8D,1,0.674172262965
CC_B28AB79B8333,0,0.115437085144
CC_B291AEFBB699,0,0.157125449151
CC_B2974560531D,0,0.641160977993
CC_B2978E879260,1,0.658605310742
CC_B298A4CEA245,0,0.214021283736
CC_B29B14FD20A9,0,0.147924380842
CC_B29C88148C9F,0,0.10300441129
CC_B29D4492C72C,0,0.0376908019919
CC_B29E7F7C704C,0,0.102948664486
CC_B29ED1655F5D,0,0.421826837802
CC_B2A1FB08D989,0,0.551521424963
CC_B2A327070662,0,0.0905968001214
CC_B2A5AE1E5C24,0,0.117309179275
CC_B2A6043EFB0E,0,0.0997849422127
CC_B2A673C49E2D,0,0.0745307026959
CC_B2A96CDC297A,0,0.274610988423
CC_B2AA150D3571,1,0.163223063411
CC_B2AAC508265F,0,0.0795781351683
CC_B2AAE6B3A043,0,0.284411123141
CC_B2ABEA5672B9,0,0.084622733728
CC_B2AC8D334893,0,0.146363004369
CC_B2ACF9FB403D,0,0.134999137592
CC_B2B16B4EB475,0,0.133904454555
CC_B2B327BABE86,1,0.115300267045
CC_B2B373215899,1,0.0666887013306
CC_B2B867422424,0,0.0527195658076
CC_B2B9BCB9EDF8,1,0.23184982367
CC_B2BA3D68C274,1,0.44722380112
CC_B2C07BB323C2,0,0.112303227459
CC_B2C11F1DB393,0,0.395832015555
CC_B2C26E634CFF,0,0.0938237597114
CC_B2C54E77DC7B,0,0.0446013935261
CC_B2C5F6070722,1,0.296964007936
CC_B2CC87FE3962,0,0.103085833375
CC_B2CE7B449F8B,0,0.20405270818
CC_B2D24B7D9B0A,0,0.206407576371
CC_B2D4055CCAD1,0,0.135825563181
CC_B2D665A5637C,0,0.123847392022
CC_B2D77A760F52,0,0.0777181548846
CC_B2DB6A065475,0,0.19842159875
CC_B2DD660D8D17,0,0.104530720995
CC_B2DE51477975,0,0.152989486966
CC_B2E0B2398A74,1,0.412548041631
CC_B2E62898B489,0,0.604761605397
CC_B2E817674A56,0,0.104615044411
CC_B2EAFE20698D,1,0.719204634337
CC_B2EC697FFF94,0,0.0439036094286
CC_B2F326A553B8,0,0.12931604519
CC_B2F4CF78D460,0,0.146175887635
CC_B2FD8C27B4C1,0,0.100223712027
CC_B2FF738E7422,0,0.0752447063155
CC_B300E0C2E135,0,0.167080844579
CC_B301C11A9086,0,0.136429355453
CC_B305CDCEFF13,0,0.0349323996344
CC_B30DBF80C654,0,0.678455241474
CC_B30E1EBC8C40,0,0.0903467671347
CC_B30E4D88A338,1,0.340464387151
CC_B30FD6A665CA,0,0.161108351785
CC_B30FFFF406E8,0,0.141259439486
CC_B3113A74AD74,0,0.54109302123
CC_B31150DA623F,0,0.145847519805
CC_B311C7D613DB,0,0.0699672546526
CC_B3122C4AAD86,0,0.29847817209
CC_B31F1DB88077,0,0.19456472848
CC_B3220C1F7BA2,0,0.164460245162
CC_B323A7D1F561,0,0.101180724279
CC_B3241EB5094A,0,0.0876700618517
CC_B324395FA7E7,1,0.164485269906
CC_B3262D249D0B,0,0.120348279386
CC_B32727536EEC,0,0.199459200719
CC_B327B73C8EC6,1,0.185557610882
CC_B329346FF953,0,0.119274882065
CC_B330093492B5,1,0.650575676963
CC_B33176E40484,0,0.140104474916
CC_B331D52E0379,1,0.222745811752
CC_B33397E6D0B9,0,0.0806433039161
CC_B336E1CFCDE1,0,0.172871423363
CC_B33AF5133447,0,0.0821559270428
CC_B33B930000EC,0,0.213685233107
CC_B33C3D985DE8,0,0.139708168317
CC_B33D621E3493,0,0.577337490723
CC_B33E5FF38DEC,0,0.084979909607
CC_B342911CECC2,0,0.363989367224
CC_B345CE1BACDF,1,0.188431349168
CC_B34636560EC7,0,0.244732601491
CC_B346E02B5D3E,1,0.0782368550731
CC_B34BF42BF2BA,0,0.170172794659
CC_B34C0C76F071,0,0.341028433077
CC_B34D28827379,1,0.274115933222
CC_B35841EDBE12,1,0.237662066341
CC_B3604A5FBF10,0,0.136596322412
CC_B361EE0374F6,0,0.0908592380011
CC_B3640B4C3B61,0,0.238177787323
CC_B36729E4C612,0,0.0834274954271
CC_B36A8B93D909,0,0.153730239924
CC_B36D8BD90914,0,0.130726520495
CC_B36FCC81ED42,0,0.440599799266
CC_B3703C353207,1,0.167636851246
CC_B3709A7B2F19,0,0.106346354996
CC_B37117B73FD7,0,0.0728696491916
CC_B37447984236,0,0.197702207327
CC_B3760D021B18,0,0.116288079291
CC_B3796E0501B6,0,0.259323700823
CC_B38017E0F3DF,1,0.811635936095
CC_B380E45FBED9,0,0.144056872298
CC_B382A97F0509,0,0.0896586093425
CC_B3835842F0A3,0,0.0885153571018
CC_B38373E5D247,0,0.113700601594
CC_B3857BCC9D6C,0,0.310796999815
CC_B3868FC78377,0,0.0869670106936
CC_B3887E8C3407,0,0.0996693345092
CC_B38A618FF575,0,0.103747779165
CC_B38B49DCD5AA,0,0.0852428683832
CC_B38EA4C4E4FB,0,0.0647303926275
CC_B3938E788350,1,0.702581052303
CC_B3971D261D72,0,0.0938388045008
CC_B39EC8DC190D,1,0.117763853006
CC_B3A0B835BAAA,0,0.123112810946
CC_B3A280B8E509,0,0.0914265468789
CC_B3A4E7BA564A,0,0.0774175677992
CC_B3ACC02CE263,1,0.221935315079
CC_B3B05A15B15B,0,0.0842742483746
CC_B3B6ADFFC91A,1,0.388260262338
CC_B3B810976F47,0,0.0901544589137
CC_B3BB0D08BD0C,0,0.11516280422
CC_B3C0C3898AB2,0,0.161735765301
CC_B3C67A81277A,0,0.0929423142163
CC_B3CA4D58E10F,0,0.186674523883
CC_B3CDB1BD3C0A,0,0.339305430544
CC_B3CE0367D438,1,0.189523258509
CC_B3CE50B5FE07,0,0.125498589887
CC_B3D24AF817B9,0,0.0306016632184
CC_B3D3EED2A6AB,0,0.130260082196
CC_B3D576CB1734,0,0.124775696535
CC_B3D930F7B064,0,0.102384708654
CC_B3DAC91CD9DB,0,0.565512013113
CC_B3DF392D05BC,1,0.429522507956
CC_B3DF7AC36679,0,0.122912405698
CC_B3E275D838B6,0,0.327225764754
CC_B3E56BA7AEFC,0,0.112976180423
CC_B3E61637E2B7,1,0.612700245333
CC_B3E99F0A7306,0,0.080857732003
CC_B3E9A9FC7B94,1,0.788759373418
CC_B3EB21E7A274,0,0.0518673517066
CC_B3F15271D27F,1,0.887168982345
CC_B3F6AED5A965,1,0.360620868878
CC_B3FC7C4F088C,0,0.175277040737
CC_B3FE28A86508,0,0.787947811072
CC_B3FE97905CB4,0,0.44408077978
CC_B40311168936,0,0.0754137131435
CC_B403CE4D8B37,1,0.216879866846
CC_B404E192BB32,0,0.0914804055391
CC_B40500D104E6,0,0.106954645908
CC_B406DB281F17,1,0.304043372356
CC_B406EAC43E7F,0,0.218627756266
CC_B408D57C7DC9,0,0.224626847428
CC_B40DD01F1AAF,0,0.120017760875
CC_B40E45CC586C,0,0.110010256233
CC_B4113EE08BAA,0,0.0742268417651
CC_B4124650B398,1,0.172858771447
CC_B41854403F46,0,0.0953074627061
CC_B41E89B4329A,1,0.129187510632
CC_B41EEE93358C,0,0.0938296820417
CC_B422C275DF41,0,0.177744187002
CC_B427C47E16FC,0,0.117067181712
CC_B42B008047D6,0,0.766506510535
CC_B42C3AEE21C8,1,0.23256668348
CC_B42DB3AF92E0,0,0.146247338638
CC_B4315A9B9ABE,0,0.177755450908
CC_B4335FEBA780,0,0.132462000827
CC_B4367BA90A47,1,0.144353346537
CC_B4383CFEB08C,0,0.0449710746762
CC_B43957F9DDA8,0,0.196834450399
CC_B43B698A3C02,1,0.120484625754
CC_B44209581ACD,0,0.200770381951
CC_B4438E98B686,0,0.506800829955
CC_B446666BB10A,0,0.123163899537
CC_B44668E2C2F3,1,0.182035938304
CC_B446E5C3B301,1,0.712093288432
CC_B448F42CF17C,0,0.123253659624
CC_B449922DCDD6,1,0.523749755848
CC_B44B5A5A041A,0,0.0954281918641
CC_B44D02138E7A,1,0.0921264939942
CC_B44D20E352D1,0,0.629285033981
CC_B44D873F7141,0,0.448056030918
CC_B45139122C75,0,0.192646684512
CC_B455DCD7CFB1,0,0.0991315158123
CC_B457BC1EFE98,0,0.231502016365
CC_B45C8D01EAAF,0,0.107784218972
CC_B460AD294E49,1,0.759551731845
CC_B4632E721F89,0,0.108399540225
CC_B46533505217,1,0.17782439485
CC_B46985BF951B,0,0.5862678532
CC_B46B714211C8,0,0.238527470105
CC_B475F5CDE3E3,0,0.137208934372
CC_B47BE92D3056,0,0.101316733537
CC_B47CAE1F82E7,1,0.11659745075
CC_B4825FF02DCB,0,0.145852645441
CC_B483FD08B026,0,0.115579217714
CC_B487EF77CB9F,0,0.0926189226582
CC_B48BF6232602,0,0.152109814177
CC_B48DB3F334D9,0,0.104164856606
CC_B4904F5B35C3,0,0.119050438301
CC_B4947FAD54A7,1,0.113999694916
CC_B499982B2034,0,0.060105285981
CC_B49C2A33D7CA,0,0.344614193278
CC_B49C7155F07A,0,0.0550843819558
CC_B4A1B03F501C,0,0.125691228434
CC_B4A54CED6475,0,0.101314740668
CC_B4A56BE017B4,0,0.566238798925
CC_B4A8F785F529,0,0.136574476013
CC_B4B17D508C29,0,0.10828196626
CC_B4B63F000011,0,0.121360220335
CC_B4B7327847BF,0,0.143451022481
CC_B4B93EEAB01B,0,0.0586623153341
CC_B4B9A540BE1F,0,0.253702866347
CC_B4BB6938BCE1,1,0.279669423499
CC_B4BBA1437147,0,0.124472903698
CC_B4BF7392343D,0,0.0638257892187
CC_B4C21F5A85DF,1,0.902445429422
CC_B4C55B94E9A9,0,0.262511608646
CC_B4C7BDEC7257,0,0.0804398625706
CC_B4C7E22E81E3,0,0.13610198497
CC_B4CA54D3CFD5,0,0.191121049029
CC_B4D1829BA2B6,0,0.0413446655539
CC_B4D42F0031AA,1,0.174482723803
CC_B4D578E1C386,0,0.134402168435
CC_B4D896E47482,0,0.226335720045
CC_B4D91EB8CC93,0,0.759465446906
CC_B4DB93A7703B,0,0.154435949053
CC_B4DC098F6530,0,0.168097397405
CC_B4DCA5DE0E20,0,0.207355959017
CC_B4DE4BA6CC2A,0,0.0789664335926
CC_B4E30D3E9872,0,0.08689986163
CC_B4E78092D84E,0,0.166259199105
CC_B4EAFA14A536,0,0.301945108584
CC_B4EB2EFC791F,0,0.684131730832
CC_B4EDF1F4D225,0,0.0863626247034
CC_B4F0E141D297,0,0.17670265447
CC_B4F4ABDF2A3D,1,0.144924063296
CC_B4F50C3BF5F0,0,0.845914810982
CC_B4F63D3155B7,0,0.0880300423409
CC_B4F75B2EB49A,1,0.128156489572
CC_B4F9D1799B07,0,0.0898476310881
CC_B4F9F103FAED,0,0.132893381585
CC_B4FB7E58FAE5,1,0.178463532378
CC_B4FC52325727,1,0.527879805337
CC_B4FDF8CA84FB,0,0.587353585219
CC_B5009FDE282F,1,0.17376648431
CC_B5010358763B,0,0.108965576645
CC_B501F230801E,1,0.113700775652
CC_B503153916E6,0,0.293206981696
CC_B5061E51789C,0,0.158194241106
CC_B506B7BAB8AA,0,0.0538211693587
CC_B5099580A9F0,0,0.174142806011
CC_B50C513DB095,0,0.0773969517344
CC_B5109C957767,0,0.475140304646
CC_B512C8363B16,1,0.148304872697
CC_B514EE72A7B4,1,0.107356330182
CC_B51923D0BFAF,0,0.112695509843
CC_B51A668598F2,0,0.212654899654
CC_B520C7B8C864,0,0.0851249864382
CC_B521EC1A0303,1,0.496578156341
CC_B523C1402A36,1,0.552160544888
CC_B523CD365299,1,0.183933427677
CC_B5245FFD1EC6,1,0.728102439781
CC_B5247725EFFE,0,0.227386753808
CC_B52B2214457E,0,0.0902558993037
CC_B52B39B1DA6A,1,0.0977399703361
CC_B53168EBD73A,0,0.0800937746937
CC_B5330EFCE16C,0,0.272100773867
CC_B53491202C20,0,0.198760758648
CC_B5371DF409F9,0,0.14723592554
CC_B53BEBA0926B,1,0.775362851171
CC_B53C267FF41F,0,0.159507716378
CC_B53EB7D34A26,0,0.098906888352
CC_B5470B5EB8DB,1,0.127080851891
CC_B54875F8A9AF,1,0.164424064418
CC_B549DADDD983,0,0.0374584886569
CC_B559BF8078CB,0,0.230331029874
CC_B55A0C4D1374,0,0.253857078283
CC_B55B1BFE9FB9,0,0.0798734491595
CC_B55C30B377C3,0,0.0577147899408
CC_B55D68594685,1,0.100892719376
CC_B56A0458A86A,0,0.175695552907
CC_B56C4BFBF981,0,0.902227487178
CC_B572AD95F312,0,0.218592407143
CC_B5743EA772EE,0,0.11735806282
CC_B57667053B8A,0,0.134553144359
CC_B5787D27A670,0,0.106924699827
CC_B5815BC5BAC2,1,0.154012995383
CC_B5850A5F09E2,0,0.0798377153626
CC_B585414CBF1E,0,0.150068391474
CC_B58B40FA5A3F,0,0.513362527081
CC_B59492B2D6B8,0,0.0670258210471
CC_B594FE1C2E6D,0,0.0737334590926
CC_B59B5F0DA9D0,1,0.352791423511
CC_B59D562B8F3B,1,0.271323428875
CC_B59DF8C1F1C5,0,0.0312332316501
CC_B5A1AB21DE1F,0,0.073943024311
CC_B5A206AEDCD0,0,0.140176817188
CC_B5A3900D5A9C,1,0.0911319317237
CC_B5A46454D25A,0,0.170819971953
CC_B5A4B25364DF,0,0.188440920733
CC_B5A510A71B9F,1,0.152282663846
CC_B5A5D46AE97F,1,0.170139152064
CC_B5A82E89C5B5,0,0.143872536979
CC_B5A9055816DE,0,0.09969621043
CC_B5A91B066026,0,0.0793081694243
CC_B5AA68E4D058,1,0.327746461204
CC_B5B5B3523912,0,0.0760380107137
CC_B5B6A77D9E65,0,0.687944785764
CC_B5B95CFE6AF8,0,0.114196950502
CC_B5B97A1BD47C,1,0.361905129837
CC_B5BB0D7AF9D1,0,0.181313993606
CC_B5BD2C8C30C7,0,0.353680289475
CC_B5BD917E9D06,0,0.0759306754572
CC_B5CA1039F9D8,0,0.135209791294
CC_B5CB61907F4C,1,0.14926450041
CC_B5CC6410F5B4,0,0.0971102227436
CC_B5CCD4D3F03E,0,0.30743179645
CC_B5D25CA5AC2B,0,0.067316701508
CC_B5D26B7E7411,1,0.138746936026
CC_B5D34C883D04,0,0.101257538087
CC_B5D49389856A,0,0.0638763474359
CC_B5D8DC57BF26,0,0.105915288572
CC_B5DB1F7F7C58,1,0.220856697212
CC_B5DF8BBB4C36,0,0.135111172416
CC_B5E29467CAB3,1,0.72650343803
CC_B5EB0D198E0C,1,0.122704873049
CC_B5F0D3681BC3,1,0.210078050743
CC_B5F56271ABA4,0,0.0829280593972
CC_B602058D8690,0,0.115991771415
CC_B602332D7DF3,0,0.0711782442404
CC_B604C5041BF5,0,0.174579606677
CC_B6056A96D6CA,0,0.155464432572
CC_B606DE5356E0,1,0.140252703484
CC_B60B306F44FF,1,0.196602670942
CC_B60CE2B9AB08,1,0.336992411048
CC_B60D3AB1813E,0,0.105447102392
CC_B60DF22B14FD,0,0.157022118892
CC_B612095DA925,0,0.131161418175
CC_B613F6BE703D,1,0.624521031164
CC_B6181019950C,0,0.0905816765171
CC_B61ADC6ED574,1,0.144387119341
CC_B61E61948380,0,0.103155276207
CC_B61E6D2F6509,1,0.212002364973
CC_B61F825D98BC,1,0.157999357669
CC_B6211B9138BA,0,0.134699992444
CC_B623208509F8,0,0.0962179227434
CC_B6275B864557,1,0.24947376289
CC_B6284D8E8C01,0,0.0889753614466
CC_B62897AB5D51,0,0.111709744693
CC_B62B0A206D47,0,0.131215715411
CC_B62CBBFFF421,0,0.152970991516
CC_B63633183F2B,0,0.222745497669
CC_B636A07DE435,0,0.0928516636807
CC_B6383F0AA8A8,1,0.121474417778
CC_B63F326A5E67,1,0.169616094338
CC_B63FB93B6C77,0,0.144185096186
CC_B6479B6526C0,0,0.107533080058
CC_B64B193EADC8,1,0.204133691401
CC_B64D70F612EB,0,0.218725871399
CC_B64E264FCB95,1,0.13690368798
CC_B64E43D34DE0,1,0.103857143433
CC_B652315F1E6A,0,0.110584569715
CC_B6551B91C7FC,0,0.115932217663
CC_B655A073D354,1,0.166930006115
CC_B655FFC61FE8,0,0.102617116026
CC_B6568A10237D,0,0.100952279546
CC_B658FA6AADC5,0,0.113911896791
CC_B65C5A0A850B,0,0.173117643866
CC_B65FD4D75FA8,0,0.0824281873912
CC_B65FD8E5CE03,0,0.279054262958
CC_B660AE6A8C52,0,0.0544445899136
CC_B667E2E6360F,0,0.107466906061
CC_B66BDBC98A28,1,0.582660555645
CC_B66C4F4F589E,0,0.046958040801
CC_B66C645DA996,0,0.0953887431214
CC_B66F72D514BA,1,0.666104163283
CC_B670ACBEBA9E,0,0.0752008482115
CC_B67149DDD112,1,0.128643361131
CC_B6727788A303,1,0.136314449608
CC_B6729502F155,0,0.0824641534485
CC_B67510A2914B,0,0.317608202377
CC_B675D7E716AB,1,0.0918826760643
CC_B675FC083D14,0,0.230758937185
CC_B676B6612893,0,0.133095185164
CC_B6852E10449C,0,0.0920039482503
CC_B68614D33821,1,0.656342560823
CC_B6866B96233E,0,0.121350249841
CC_B68696069CA9,1,0.498305297505
CC_B68AD1786AEE,0,0.0710167793464
CC_B68E37EB48A6,0,0.12040842543
CC_B68FBC06D477,0,0.10571100293
CC_B692271B331E,0,0.110046857631
CC_B692FBE376CC,1,0.463847124142
CC_B699EA8B9CBD,0,0.100387398949
CC_B69D607347D7,0,0.0679057141042
CC_B6A42687A99F,0,0.0765361201826
CC_B6A55DE30C9A,0,0.110709307072
CC_B6A6CC0654C5,0,0.183171402423
CC_B6A827AF5A7A,1,0.66951368825
CC_B6AC429C548A,0,0.120116754112
CC_B6ACDE44E566,0,0.713195530184
CC_B6AFC6B5271A,0,0.110105151739
CC_B6B23E11CA10,0,0.353530797143
CC_B6B643CAF971,1,0.75722635359
CC_B6B8ED17CDEB,0,0.155170973995
CC_B6BB6760B6EC,0,0.110246454352
CC_B6BC805B2F0C,0,0.0805780990261
CC_B6BDF671FA69,0,0.108848605917
CC_B6BF9FB8EE35,0,0.122678787667
CC_B6BFC3A9B140,0,0.0989552077858
CC_B6C207561A37,0,0.0877360155313
CC_B6C263D15E6B,0,0.0908638034115
CC_B6C4A2A0752E,0,0.196597890681
CC_B6C6E3E82340,1,0.266099677879
CC_B6C9DD736B18,0,0.0692645764894
CC_B6CD9EA2FC76,0,0.0895465191633
CC_B6CDEB17F676,0,0.0997553304064
CC_B6D43B815E5D,0,0.0948222047918
CC_B6D932FF112C,0,0.141465426923
CC_B6DC08A19DE0,0,0.0581192672048
CC_B6DDCF9A2C6A,0,0.133444393104
CC_B6E2791AB004,0,0.344752874416
CC_B6E298F02D30,0,0.0733565257951
CC_B6E30C00FF74,0,0.152747519819
CC_B6E35FAB5C77,0,0.11335792287
CC_B6E36B646521,0,0.107722029381
CC_B6E37855E39C,0,0.0689804104723
CC_B6E6383557EA,0,0.123166605498
CC_B6E8B19907E4,0,0.4285609433
CC_B6EB3B8A05C8,1,0.1172436815
CC_B6F930E2B261,1,0.843117181613
CC_B6FBED5F3972,0,0.40326069192
CC_B6FC7FBD9320,1,0.201047277359
CC_B6FEAEC3125B,0,0.127741474089
CC_B70173E27378,0,0.0790808876888
CC_B7057CB1217D,0,0.115653540901
CC_B7064073D046,1,0.125643519145
CC_B7081AD5B8C7,0,0.163224751001
CC_B709CA64A212,0,0.0977614271163
CC_B70BC6885DF1,0,0.131382621955
CC_B710C799648B,0,0.0801101631153
CC_B711D2F3AEE9,1,0.0825122533757
CC_B713A5905CC2,0,0.0738955263643
CC_B717326EDA68,0,0.0781461649563
CC_B71832CD5995,0,0.14156751771
CC_B718A374B57B,0,0.17941184123
CC_B71A810141C8,0,0.109347026627
CC_B723AD831BC3,0,0.208601255819
CC_B72C2A88239E,0,0.673352115651
CC_B73083C6BF7E,1,0.155154408725
CC_B734B5FA07FE,0,0.0811069357518
CC_B738832D9D51,1,0.332960617596
CC_B73DC1A386E7,0,0.236673475612
CC_B743E78463F4,0,0.0791364163378
CC_B74788274022,0,0.0836895022613
CC_B748D7F02E7C,0,0.143782061945
CC_B74964307C23,0,0.392254637175
CC_B74B0F8E4356,1,0.356532722547
CC_B74E0D7B09D7,1,0.167371382883
CC_B752E27906BD,0,0.171005493412
CC_B754037D7002,0,0.084127707085
CC_B7561EE51FA8,0,0.081507433957
CC_B7587CAC7661,0,0.368191801869
CC_B75F2D7732FA,0,0.143600239788
CC_B75F537AFAF9,0,0.10343769204
CC_B75F5C4A485B,1,0.783608571379
CC_B7619AB98E6F,0,0.397000602277
CC_B766D76000F3,0,0.230415756245
CC_B76AD67243B5,0,0.107572121552
CC_B76D242706C0,0,0.186095545721
CC_B76D30A6B56F,0,0.202485618148
CC_B76F020F05EB,1,0.142615015046
CC_B7703BDCF533,0,0.264181455265
CC_B7719A26EA3A,0,0.125551614258
CC_B773E534421A,0,0.0610001077545
CC_B775CF1A2270,1,0.186877923385
CC_B775F75FD283,0,0.0941343950798
CC_B7763C899A66,0,0.154833000519
CC_B77718A7E5FC,1,0.253145427263
CC_B77B3C336E8A,0,0.141259297947
CC_B7810B42A814,0,0.371712807568
CC_B7842D68E697,0,0.0894414726889
CC_B784F8862096,0,0.143789397999
CC_B7866F36A78F,0,0.456514013002
CC_B786E49318C9,0,0.0714617925165
CC_B78838D23124,0,0.0681593678587
CC_B78951F57A26,1,0.276885500492
CC_B78A5B1F4CCF,0,0.0935406077865
CC_B78AD445A1D7,1,0.581869342392
CC_B78D7C679AD5,0,0.148170024693
CC_B7902C58BCB1,0,0.122145108476
CC_B79915F71ADC,0,0.0737814475332
CC_B79E07AD5E66,0,0.0906880013045
CC_B7A827D762D2,0,0.117926482408
CC_B7AF5DC39798,0,0.130327138653
CC_B7B122C7AF37,0,0.340960463545
CC_B7B41EAD7196,0,0.107822609123
CC_B7BA89E342EC,0,0.201491152744
CC_B7BC12E834E3,0,0.359052737164
CC_B7BC4E2AC046,0,0.0871489950657
CC_B7CCFA1E299E,0,0.127055629846
CC_B7CED9215B96,1,0.373753751215
CC_B7D500386188,0,0.16223481611
CC_B7D588060F64,0,0.0936705809121
CC_B7D9C806EEE4,0,0.088055721608
CC_B7DA364A8132,0,0.104792108949
CC_B7DA5A96CE84,1,0.0938443495606
CC_B7DD3A464A79,1,0.255380919248
CC_B7DFA679E14F,0,0.20847493257
CC_B7E39D593099,0,0.0902536292222
CC_B7EDA93D46CE,0,0.151781646873
CC_B7F403D41D2B,0,0.100417249698
CC_B7F80959B02A,0,0.162467004773
CC_B7F9776C6174,0,0.107708203965
CC_B7FC762BC544,0,0.0819265134388
CC_B7FDCFB51D1A,0,0.101230314203
CC_B8006E6E15E7,1,0.584474721586
CC_B800F41C674B,0,0.0780386589736
CC_B804DEE2339C,0,0.125540017701
CC_B805E01064E3,0,0.207815347011
CC_B805F36C5115,0,0.156783212039
CC_B80816096C9A,0,0.157722441156
CC_B80CE7D0C61E,1,0.458960030282
CC_B8117550731E,0,0.179742305921
CC_B8121E98D3C5,0,0.077662374889
CC_B812C301D72A,1,0.204457155248
CC_B8164EBC3987,1,0.46826294032
CC_B8192D415547,1,0.14263850146
CC_B81CFC4D9CD1,0,0.142799946162
CC_B8221B1EF0DA,0,0.162799952075
CC_B82A70DC9890,0,0.557371871404
CC_B82F5E7D752A,0,0.126240280679
CC_B837E84F5AD8,0,0.0742352795358
CC_B8395FAB4261,0,0.103950698858
CC_B83991AE2A51,0,0.211013353144
CC_B83CD047488B,1,0.626182294792
CC_B83E292DF7F6,0,0.0597216278025
CC_B83F268F452C,0,0.144821590874
CC_B840FCB16E15,0,0.797309487884
CC_B8426304AF82,1,0.258628232883
CC_B84600C09775,0,0.0764990463979
CC_B8491891689B,0,0.0781613033085
CC_B84AAA6EF4BA,0,0.244622896636
CC_B84BA5A74E6C,0,0.159383032514
CC_B84DDEE17643,0,0.182884220094
CC_B851C0534E98,0,0.132439054192
CC_B854138924EC,0,0.253257343529
CC_B854DCF6A5E8,0,0.0882853953217
CC_B868875B09EA,0,0.0832300470648
CC_B869C201F061,0,0.0827988964175
CC_B8709FA7CAD5,0,0.293282264005
CC_B877FCD79BB7,1,0.0819460846811
CC_B8795AA5EF32,0,0.128883184775
CC_B87BC7042616,0,0.0484117195264
CC_B87C72FCB287,1,0.52783340844
CC_B87CFD9ABDF9,0,0.126541133458
CC_B87E0C9E3F8D,0,0.144645559756
CC_B884E4DAAE19,0,0.129559223824
CC_B888015D8DE6,0,0.127210451698
CC_B889B6C43526,0,0.124986230583
CC_B88A6B9B4323,0,0.0803410497705
CC_B89609F37207,0,0.119756326921
CC_B89A624BB504,0,0.178134739094
CC_B89CAF0D24C9,1,0.51956935325
CC_B89F9D1FCB6B,0,0.14533110988
CC_B8A696A134C6,0,0.171690184838
CC_B8AEB0E52959,0,0.0960564558248
CC_B8B2743E398A,1,0.176112405503
CC_B8B57F80FF55,0,0.19445803166
CC_B8BA457BAD0B,0,0.165276930986
CC_B8BA64A71E54,0,0.0995283296658
CC_B8BC9DF55D4B,0,0.171200526261
CC_B8BE6474CD20,0,0.0955731044185
CC_B8C3683584C3,0,0.108768337581
CC_B8C430A0CFFA,0,0.0399108835693
CC_B8C55C22A6C6,0,0.649623876899
CC_B8CBF464B07C,1,0.747529542607
CC_B8D0AA0B4A31,0,0.115508298948
CC_B8D0D5753209,0,0.0687399804674
CC_B8D5845B383B,0,0.093697353164
CC_B8D7C77343DA,0,0.161698691023
CC_B8DE0EC50C76,0,0.0915709331527
CC_B8E67152C72D,0,0.113400134702
CC_B8E76827B1DD,1,0.321538947206
CC_B8EA6790217C,0,0.125361143999
CC_B8EBEF0D7E82,0,0.148260358707
CC_B8EE3B69DD8E,0,0.0989040314701
CC_B8F3F1EB407F,1,0.759309488784
CC_B8F43C050B88,0,0.10718678219
CC_B8F484DB38CF,0,0.11152807297
CC_B8FA3C9166D1,0,0.181649392496
CC_B8FE33C7C625,0,0.170413933735
CC_B8FEDD830E05,0,0.100721867776
CC_B913016416C3,0,0.14487014224
CC_B915F5A23DB8,1,0.80019950845
CC_B917C2D3EFD1,1,0.707687117906
CC_B91C3AB72195,0,0.109861560497
CC_B91EDDC5BA16,0,0.375877678096
CC_B920037F52BD,0,0.0886686340417
CC_B9246C5F4832,0,0.0806555748616
CC_B927501AC1C7,0,0.198729952437
CC_B927E3CB153E,0,0.0882810688568
CC_B9316F27A27C,0,0.0650072290114
CC_B9348EBC988D,0,0.10379643288
CC_B9391A4EAA9E,0,0.0863805540136
CC_B93EE12053D8,0,0.0909564752109
CC_B93F69DA04B4,0,0.233282368321
CC_B946AE150AE4,1,0.0800593881698
CC_B9480C3F5F36,0,0.160795563984
CC_B94B47C89C8F,0,0.0875430159627
CC_B94E04140F39,0,0.254655448734
CC_B951DEA5AABD,0,0.279998409551
CC_B95289A416EA,0,0.0841427140207
CC_B956B0DAAAF6,0,0.130950419033
CC_B957E585DE31,0,0.113917268455
CC_B95A6F07AA2F,1,0.10329731883
CC_B95C9AD7657B,0,0.112633302971
CC_B95D0250E9C2,0,0.119160513145
CC_B95DFD21EB1A,0,0.130408413652
CC_B95EC04487F6,0,0.105577700946
CC_B95F5D9D2645,0,0.237050772429
CC_B96386996571,0,0.13639763927
CC_B963EA8A158D,0,0.351890648037
CC_B963F4FC6476,0,0.162040186437
CC_B9661FF17D5D,1,0.0690911497419
CC_B967EAF9F8EA,0,0.0779979677095
CC_B96A38B30D88,0,0.0586190256927
CC_B96C7DEC2278,0,0.129799213421
CC_B96CDC01C1CE,0,0.126367450217
CC_B96EAE8D038E,0,0.0611454763706
CC_B96EC215A833,0,0.816246973869
CC_B9747370E53B,0,0.207134836794
CC_B976E7B4B966,0,0.49610022698
CC_B97824DC2647,1,0.694171686881
CC_B98CEA01EDF4,0,0.0840842681125
CC_B990FEF1C11B,0,0.11258674569
CC_B991E024270A,0,0.0967973082795
CC_B9935426DBAB,0,0.152222952713
CC_B99454E87827,0,0.196378512922
CC_B99925AB9FAF,0,0.072873560753
CC_B9A3009F011F,0,0.104242433722
CC_B9A4CFF23334,0,0.0943149170983
CC_B9A550E74780,0,0.166114158846
CC_B9AD6D49AB25,1,0.120133242473
CC_B9B395CEBB12,0,0.105048508423
CC_B9BD2FB32B1C,0,0.112633192923
CC_B9BF24DB150B,0,0.207078461623
CC_B9C149788EDF,0,0.0928776441047
CC_B9CB5E0BC11C,0,0.354271455715
CC_B9CE32C830F9,0,0.0946854593401
CC_B9D271813C5E,1,0.61676806582
CC_B9D903E86F15,0,0.179549284435
CC_B9DB9F818468,0,0.072297994649
CC_B9DCD3BDA6AC,0,0.106544084305
CC_B9DEABE9D691,0,0.253758145475
CC_B9E01D35BC99,0,0.187076269297
CC_B9E3026F7F96,0,0.0824438762435
CC_B9E3B506660E,0,0.145447196639
CC_B9E5B1F7BA2E,0,0.367176485044
CC_B9E8760C420F,0,0.223249220954
CC_B9EE0F061F88,0,0.136981292259
CC_B9F2D43BA7B8,1,0.186686670092
CC_B9F7AED6D5E3,0,0.330170250117
CC_B9F8F93B4420,0,0.354286812995
CC_B9FBF34DACD5,0,0.035734715798
CC_B9FDF77FF0C1,1,0.525991708465
CC_B9FE7058DF24,0,0.293178216427
CC_BA01840A6970,1,0.738797927655
CC_BA04EE73CBBC,0,0.151543357373
CC_BA059BC51512,0,0.18836401442
CC_BA0CFB2DA288,1,0.369198526601
CC_BA0D3E008099,1,0.212455519141
CC_BA0FF8A63BED,1,0.080486642785
CC_BA14D27E343F,0,0.131126228971
CC_BA156BCB082F,0,0.11184344282
CC_BA1943703415,0,0.0715497184443
CC_BA1A0EAB0D01,0,0.168267841229
CC_BA1D48B0CFDD,0,0.700586492535
CC_BA1EE115B539,0,0.0862073755017
CC_BA1FBB8518EB,0,0.0916902563948
CC_BA1FCE74694E,0,0.225204941383
CC_BA2609410C97,1,0.181029211865
CC_BA26597183DA,0,0.588499679233
CC_BA28E143C1B7,0,0.0767621368671
CC_BA300C6CB807,0,0.119203654286
CC_BA35F5F2C61B,0,0.388519089132
CC_BA38D120B15E,1,0.450896799634
CC_BA3D169CC1C8,0,0.0829704810212
CC_BA4206733671,0,0.0969764670377
CC_BA42FF225B0E,0,0.0777131559078
CC_BA46E437D56D,0,0.213043674244
CC_BA4826D93C4A,0,0.154604725059
CC_BA4BBFEA26E7,0,0.295051012039
CC_BA4C0D8FE313,0,0.558335972534
CC_BA4CE33C0783,0,0.174182045231
CC_BA4CF952573C,0,0.397990880135
CC_BA547F9AD130,1,0.644010693361
CC_BA5482ED9516,0,0.0946169385633
CC_BA56D8ABD04F,0,0.0956906555281
CC_BA5DA1DC356A,0,0.126553295174
CC_BA69E38C148C,0,0.655847918119
CC_BA6E747CDB3E,0,0.122063549808
CC_BA6E78C86CB4,0,0.123910572947
CC_BA6ED3E44C70,0,0.252829771578
CC_BA701A2294DC,0,0.0908850366649
CC_BA769FC600FC,0,0.107556026473
CC_BA76AB37FB68,0,0.201509930009
CC_BA775E7EC870,0,0.21460368875
CC_BA77941F1084,0,0.111760278896
CC_BA77B2963E35,0,0.216102264785
CC_BA7B9D318069,0,0.356407734789
CC_BA7EDE8B01A0,0,0.279063611342
CC_BA80E588921F,0,0.888134678058
CC_BA829D7948AB,0,0.035593851913
CC_BA87360E9395,0,0.180066049692
CC_BA90B448D6C1,0,0.137494961655
CC_BA918760D51B,1,0.159972591347
CC_BA9332587B10,1,0.397517322686
CC_BA95CE13735D,1,0.290217129294
CC_BA9784C2D5AA,0,0.109935788633
CC_BA97EE46B901,0,0.0792012298903
CC_BA999CC06B83,0,0.103359188519
CC_BA9A620BF0C9,0,0.0868918519338
CC_BA9E881F5632,0,0.194433141285
CC_BAA16A817175,0,0.0984826490796
CC_BAA5EFD592C2,0,0.102538516059
CC_BAA8F690C404,0,0.129227466069
CC_BAAA4B5D61A3,0,0.0830066804282
CC_BAAEA967D2A1,1,0.491602996338
CC_BAAF89F0BF1C,0,0.368741842314
CC_BAB19E991D0D,0,0.130630086711
CC_BAB3838C4055,1,0.797606646347
CC_BAB6AAAF2962,0,0.547083767997
CC_BAB7349A08BE,0,0.148288629544
CC_BAB86C55AAF8,1,0.10385494303
CC_BAB8B771FDB1,0,0.12805585713
CC_BAB97E1BC43D,0,0.140389762595
CC_BABBC8A5E52C,0,0.370891093135
CC_BABE10D7209C,1,0.610302291849
CC_BABF3FF8148A,0,0.242555413126
CC_BAC290251387,0,0.180419958407
CC_BAC63F2EA43B,1,0.170775793235
CC_BAC9965CA60B,0,0.100963701466
CC_BAC9C42A021C,0,0.0846713291747
CC_BACAFA756CBB,1,0.183379624736
CC_BACB06EB9144,1,0.647256383462
CC_BACD43C2FB50,0,0.152890932185
CC_BACD604FBC6F,1,0.481876555629
CC_BACDDF7ED9DD,0,0.0751191950781
CC_BAD31AFE0B2C,0,0.332472240857
CC_BAD478D1EC07,0,0.173136080269
CC_BAD6FCD13878,0,0.184885042563
CC_BAD823FF56A7,0,0.0799637450888
CC_BAD8D2A8A2AD,0,0.145550977459
CC_BADF32AAD9D7,0,0.0750800475288
CC_BAE0AAC1ED85,0,0.0950706712502
CC_BAE0DF91F928,0,0.474496287844
CC_BAE2556AF81D,1,0.231091912633
CC_BAE26F326049,0,0.118970022308
CC_BAE2B2F0E986,0,0.227279353392
CC_BAE8176AD2CA,0,0.188912546052
CC_BAEC0C15FA76,0,0.241394028896
CC_BAECAAE428AB,1,0.144129454087
CC_BAEEC3C3362B,0,0.0820839564659
CC_BAF02B0A23AB,0,0.153628730277
CC_BAF27FBE9A35,1,0.138683899913
CC_BAF38D727BBC,0,0.0936053628725
CC_BAF4C1A5248D,0,0.0842370222869
CC_BAF6D5BA3BE2,1,0.26785109884
CC_BAFAB6A8E944,0,0.732766659694
CC_BAFBC5E1F36C,0,0.155352142558
CC_BAFC90070ED8,1,0.841505612048
CC_BAFD69237D68,0,0.0882857222911
CC_BAFF69BC2276,0,0.068996746725
CC_BB05DD6F2E15,0,0.172330517361
CC_BB06C9EB753E,0,0.130198891303
CC_BB088789C4F4,1,0.630937892701
CC_BB121B0F6863,0,0.138287388021
CC_BB1426998D24,0,0.0639928794055
CC_BB14EEF7F8E5,0,0.133584442323
CC_BB173E05E7F9,0,0.0395733295451
CC_BB1B57BA9AF3,1,0.503171477218
CC_BB1DF97D606B,0,0.0694516791936
CC_BB1E19369616,0,0.184581723099
CC_BB2196F80A33,0,0.172720478864
CC_BB2274029356,0,0.200020392695
CC_BB2D11B954C7,1,0.131059410539
CC_BB3218FB86FB,1,0.856421941163
CC_BB328F9AEA98,0,0.160379676172
CC_BB35947319B1,0,0.0529331940204
CC_BB3E16C94E58,1,0.264702598681
CC_BB405D6243A0,0,0.0557919350513
CC_BB423D5B1A1F,0,0.0763056594764
CC_BB46DF1C5027,1,0.434077356688
CC_BB4E77C4A7B1,0,0.108902231768
CC_BB524358E889,0,0.110395076053
CC_BB540803373B,0,0.231853955976
CC_BB55883EA1B8,0,0.13257577986
CC_BB6026E6B31A,0,0.0626254120486
CC_BB619BB4C101,0,0.134008205121
CC_BB63D838A779,0,0.294565375096
CC_BB63ECC25967,0,0.0636657209653
CC_BB654874B74B,0,0.667476831521
CC_BB6BAC9AFDBB,0,0.128737679389
CC_BB6CEC8E6961,0,0.0787994312322
CC_BB756C0FF059,0,0.360688899682
CC_BB774EA3BD34,0,0.0931664611644
CC_BB7D8AD23F0E,0,0.108627440603
CC_BB84F27246FD,1,0.32923787855
CC_BB86F6244A6B,0,0.217670087767
CC_BB89D94D2D4C,0,0.132944555753
CC_BB89DBADDCED,0,0.13121178217
CC_BB89F6187715,0,0.14357944332
CC_BB8A887D3CFF,0,0.0219071127469
CC_BB8AD20DEA80,0,0.311656470623
CC_BB9377CC58D4,1,0.703267065333
CC_BB96838E21DF,0,0.0882687823208
CC_BB997300CE6F,0,0.064294488444
CC_BB9B4EEC426E,0,0.168999330054
CC_BBA195C4363F,0,0.249465986447
CC_BBAB41F5BA98,0,0.0819171178856
CC_BBB6893DA25D,0,0.08943832673
CC_BBBAD073990B,0,0.133201254804
CC_BBC15739290F,0,0.0692786223198
CC_BBC38F34F2B2,0,0.260839817811
CC_BBC52DC84805,0,0.0964315968627
CC_BBC91D376A17,0,0.176593152464
CC_BBCC601F11AE,0,0.12070960515
CC_BBCD713600B8,0,0.243445502447
CC_BBCF4F9CB116,1,0.245262736266
CC_BBD2AC0F2384,0,0.0539153408866
CC_BBD4E31DD084,0,0.0871254083062
CC_BBD966ACFB6B,0,0.0886876243448
CC_BBDA153A874C,0,0.26932885376
CC_BBDAB6336602,1,0.143485553053
CC_BBDCACED60F6,0,0.0987552237229
CC_BBDE245CAFBE,1,0.196350745348
CC_BBE453F1BDE2,0,0.142054268645
CC_BBE86F5A0873,1,0.200741567212
CC_BBEB1DD2FBAC,1,0.210036170727
CC_BBED3481AFA1,1,0.216622896916
CC_BBEE4BA164A9,0,0.201147622655
CC_BBF14FA3A6A3,0,0.106902671781
CC_BBF1BFF058C8,0,0.10516860786
CC_BBF68B5CA540,0,0.167062931637
CC_BBFAED4A0BDD,1,0.669106029568
CC_BBFB9C397022,0,0.0893006101413
CC_BC0101BB6AF7,0,0.107722640452
CC_BC029C551070,0,0.212222821645
CC_BC02A4B1D272,0,0.114948727353
CC_BC05153C1451,0,0.0792019805865
CC_BC0974CE7402,0,0.0526675548258
CC_BC10C7C80E33,0,0.0603359017726
CC_BC12ED775140,1,0.0978685221001
CC_BC18C7CC5AF2,0,0.225167418069
CC_BC1D490DFEFE,0,0.0972767517159
CC_BC1F032A86EA,0,0.0972236535314
CC_BC271C7CA402,0,0.108030660604
CC_BC2A50D0C5DE,0,0.191195036436
CC_BC3542A23688,1,0.846088572929
CC_BC39A7179A70,0,0.128711843619
CC_BC3B084D8D8F,0,0.0833871293241
CC_BC3B4FA6BF7E,0,0.214453590706
CC_BC3B5942F469,0,0.266276479828
CC_BC3B5C4C51C3,0,0.0753911065178
CC_BC3FF59ECE3F,1,0.614362022284
CC_BC40C37997D4,0,0.0790510413829
CC_BC41FAE37EC4,0,0.205425181642
CC_BC42F4A393A9,0,0.0852749106675
CC_BC43B46543F8,0,0.837884552211
CC_BC4612E12874,0,0.197645407422
CC_BC47DFFAD108,0,0.100849936465
CC_BC4895ECDD00,0,0.130633756884
CC_BC4B02B369A1,0,0.149318154449
CC_BC4B10DE233C,0,0.276014070377
CC_BC4CDEFAA3EB,1,0.412199134026
CC_BC4D11D1BE52,1,0.167460737344
CC_BC536ADDA90E,0,0.0946731015707
CC_BC542160D742,0,0.0832934303836
CC_BC56226B7E21,1,0.132469862294
CC_BC573532483E,1,0.88619932523
CC_BC58D84F8418,0,0.156528421273
CC_BC5ACEC3CD09,0,0.107910125713
CC_BC5CD8A60D94,0,0.079083130534
CC_BC6254FC06E9,1,0.225878788277
CC_BC63C0F50F92,0,0.231847557485
CC_BC681C7FADF8,0,0.152582905102
CC_BC6983FECE98,0,0.0744564938235
CC_BC6D44DCD246,0,0.110254741554
CC_BC7503120AB9,0,0.0733501343978
CC_BC7674589F7F,0,0.350032274181
CC_BC7A210DD9ED,0,0.111924188977
CC_BC7AF6A51A25,0,0.199565609165
CC_BC7B0096CC3C,0,0.10572064965
CC_BC7E1CD7C93D,0,0.105399521378
CC_BC7F01DBEA08,0,0.19068992072
CC_BC7F0C37C138,1,0.674127229219
CC_BC83D73CBAC5,0,0.120858696393
CC_BC84F4CBFC24,0,0.232221063304
CC_BC85BEEBB222,0,0.247034116309
CC_BC8EFDA365EB,0,0.114059351203
CC_BC93F5FAAFAD,0,0.0796121375103
CC_BC9642E096CA,1,0.251785239818
CC_BC991CD61986,0,0.15192606947
CC_BC99412871D5,1,0.132026529768
CC_BC9A7C6F5FFB,1,0.448991143864
CC_BC9B42FE79E4,0,0.13730835917
CC_BCA26214CE43,1,0.182127253738
CC_BCA2C22EB92F,0,0.183178821919
CC_BCA6768C1099,0,0.218222239451
CC_BCA7555FDE9E,0,0.107549895139
CC_BCA7B9C5EB28,0,0.333986001005
CC_BCB541A92D97,0,0.0981271583357
CC_BCB8135350E6,0,0.142898627792
CC_BCBAE2C70CA2,1,0.405929626893
CC_BCBB66E0EE23,0,0.0963395867626
CC_BCBC70CA1C91,1,0.637844016974
CC_BCBC7EBFFD44,0,0.241925018248
CC_BCBE754DC19E,0,0.286594064716
CC_BCC1C938EF43,1,0.806366870094
CC_BCC25E9AFF9C,1,0.130479751136
CC_BCC563A80D58,1,0.728230841587
CC_BCC6F98AD070,0,0.0302198651968
CC_BCC80B2D187F,1,0.465027978895
CC_BCCDADC0DCF1,0,0.0804062172344
CC_BCCDEC061FEB,1,0.562391173315
CC_BCD1B3DDCCD6,1,0.291582167826
CC_BCD27BE3840A,0,0.170159438071
CC_BCD30EA6A423,0,0.100610125558
CC_BCD5B4126A6F,0,0.0742306681579
CC_BCDE09655D88,0,0.142710156854
CC_BCE17E948B25,0,0.516926965794
CC_BCE1EE3F3016,0,0.0800702428237
CC_BCE59B28A215,0,0.0762560635213
CC_BCEF62357A7C,0,0.0901287564901
CC_BCEF9F56D64F,0,0.107856358858
CC_BCF1C9D7D998,0,0.191120698225
CC_BCF51CAB66F9,0,0.13577461624
CC_BCF81FD121D5,1,0.736187312413
CC_BCFE52646BB8,0,0.146357646192
CC_BD0336948C24,0,0.102995814837
CC_BD06529D4452,0,0.102502986426
CC_BD086DF47953,0,0.0761799134507
CC_BD0A53DEFD1B,0,0.100558800325
CC_BD0BDFA93646,0,0.168475210715
CC_BD0E4D33C986,0,0.1715962938
CC_BD19C31C7EA3,1,0.832665596199
CC_BD19C570D0E0,0,0.124728372409
CC_BD1D9DE55646,0,0.140646446292
CC_BD1F1F1B73B6,0,0.170423712329
CC_BD1F4D35A03C,1,0.649929985148
CC_BD23B6A28036,0,0.613976991001
CC_BD266B899631,0,0.31480251709
CC_BD26A3AC455D,0,0.756826668442
CC_BD285D1A096E,1,0.186824701064
CC_BD32447EE033,1,0.635623642144
CC_BD3499A16F7F,0,0.0864564614369
CC_BD35DB44FE23,1,0.322734615003
CC_BD38DC2B2FB2,1,0.399825264563
CC_BD3A5C992F43,0,0.359442801978
CC_BD3B6C3727AC,0,0.272173704865
CC_BD3BD90851ED,1,0.0974146128246
CC_BD3CC943F41E,0,0.0990377083373
CC_BD456E35F1F5,0,0.0640228436895
CC_BD48205EFA23,0,0.384676011976
CC_BD4F5F4A7516,0,0.0913382442981
CC_BD511740D6A0,0,0.0915634682014
CC_BD51176398D5,0,0.108581496551
CC_BD552D0F2556,0,0.140633691654
CC_BD57B75DA3B1,0,0.160408788557
CC_BD58FC27C1B1,1,0.110534647613
CC_BD60E5430C7C,0,0.195792822454
CC_BD6541FF7711,0,0.144985063033
CC_BD6560327E9F,0,0.702904157813
CC_BD66F7C8FF0D,0,0.184369424313
CC_BD69AF022EFB,0,0.225483577573
CC_BD6CDC124ADF,1,0.114520067172
CC_BD7707B55B44,0,0.173103520667
CC_BD78D981EF27,0,0.611981188977
CC_BD7977A098F4,0,0.0998663111501
CC_BD7C10CB16D9,1,0.254578037656
CC_BD82447DCDF6,0,0.158310651653
CC_BD8336E5262F,0,0.0745413656852
CC_BD8C60F2260E,1,0.522605837586
CC_BD8EB9AE8145,0,0.722031491379
CC_BD8F14B9304D,0,0.0794688831683
CC_BD8F5E4A3936,0,0.143652281525
CC_BD9019AA6D66,0,0.117045558063
CC_BD90BDD4CDA8,0,0.128597186944
CC_BD93155FD0AF,1,0.140681073282
CC_BD978B05F38C,0,0.145524770355
CC_BD9DCCC7E90F,0,0.079305755864
CC_BD9E05D7E2C0,0,0.14793507179
CC_BDA47566461C,0,0.0984357270024
CC_BDA4D66C3321,1,0.0840918071433
CC_BDA4E73DE697,0,0.766539759232
CC_BDA60D9C7AB9,0,0.137740054276
CC_BDA65F4D4A0B,1,0.0869502614182
CC_BDA9BBB64270,1,0.178351381471
CC_BDAF083738AE,0,0.525374011188
CC_BDB09EA23F39,1,0.841518919724
CC_BDB26AAD6F67,0,0.131158818497
CC_BDB2AA5F7669,1,0.674873178289
CC_BDB6C38806A8,1,0.242935072395
CC_BDB9DF454941,1,0.702863830428
CC_BDBCCC7A2575,0,0.209536726975
CC_BDBCE9D23A12,0,0.27838076976
CC_BDBF01AA581F,0,0.114943843033
CC_BDBFDEEB5CCC,0,0.190739009838
CC_BDC182108EC3,0,0.69633177782
CC_BDC20F73FF6F,0,0.0784036615013
CC_BDC33CED7478,0,0.0702617012318
CC_BDC77A78AD57,0,0.175703172334
CC_BDC80731A977,0,0.177752373672
CC_BDCA046D564D,0,0.0984248359316
CC_BDCF26A66033,0,0.103747733985
CC_BDDA289F6D51,0,0.127811626882
CC_BDDAB3006359,0,0.256077488487
CC_BDDABBDD0458,0,0.0914172193873
CC_BDDC4AF5CBE5,0,0.0687951953808
CC_BDE2870582B5,0,0.0785227116829
CC_BDE5FFC71AF3,0,0.10577204751
CC_BDE6CBE5CC1B,0,0.108133074514
CC_BDE8FFF74444,0,0.118896538224
CC_BDF3AA48F1A4,0,0.135939115785
CC_BDF3B3FCC1AF,0,0.390823306314
CC_BDF3D01450F8,0,0.14062279228
CC_BDF5EF546766,0,0.0651893185901
CC_BDF62D2D03CA,0,0.093846813897
CC_BDF83A622C69,0,0.204014458125
CC_BDF874F4F176,0,0.175483010529
CC_BDFE64EB49C2,1,0.699718578226
CC_BDFF13640FC9,0,0.0645890067425
CC_BDFFE229DE81,0,0.4865241001
CC_BDFFF350E6E3,0,0.174346059561
CC_BE01D7D1222D,0,0.102488780166
CC_BE02F2CB8342,0,0.129669859215
CC_BE063036703D,0,0.156334621733
CC_BE070D5F6799,0,0.0860755272108
CC_BE07FDF7DED5,0,0.21891891775
CC_BE0806DB1E53,0,0.522368876327
CC_BE0F3FF4A94B,0,0.0846750663461
CC_BE0FCC39FB8A,0,0.112636066375
CC_BE123267405C,0,0.0742181132975
CC_BE14201AAB14,0,0.123794794351
CC_BE15DA4AC214,0,0.206312910031
CC_BE1821744192,1,0.576204631398
CC_BE18B51CCF6B,0,0.100841607455
CC_BE18EEFA22E4,0,0.126911731217
CC_BE1B75940EE1,0,0.0786750859698
CC_BE1CC153300F,0,0.0655389456256
CC_BE1DDDCB783F,0,0.0748835311559
CC_BE2472C231F4,0,0.0834350082041
CC_BE267B658614,0,0.152071546778
CC_BE28AB726036,1,0.206311018105
CC_BE2E20752EB8,1,0.30643731752
CC_BE34D213F4C9,1,0.314816749644
CC_BE37F86511BA,0,0.332935533686
CC_BE3AC19B3C19,0,0.116712103758
CC_BE3F245DD60E,0,0.106032782896
CC_BE4A49DA09F7,1,0.352479602647
CC_BE515ED484D4,1,0.89294787166
CC_BE56BD525A7D,1,0.717430010971
CC_BE5AD2DCBDF7,1,0.074756177394
CC_BE5B863B7BEE,0,0.0818783126682
CC_BE6367622401,0,0.0810017151544
CC_BE69AD16CAFD,0,0.0613106660452
CC_BE6C71D42A80,1,0.230727528281
CC_BE6D78CC10E8,0,0.117457711174
CC_BE6E69AF86BB,0,0.0320484749697
CC_BE7459452640,0,0.0584915879314
CC_BE75054A1F4D,1,0.599353439084
CC_BE7571C9D31E,0,0.214573356173
CC_BE78D27B7405,0,0.073117175838
CC_BE7C85E10F00,0,0.0734480687188
CC_BE80B8C8544B,0,0.122669995849
CC_BE81826F7153,0,0.119839336125
CC_BE857C26C26C,1,0.116971907341
CC_BE8719B35404,1,0.212736098705
CC_BE888CB4F712,0,0.254929401064
CC_BE88E11902BF,1,0.498937730655
CC_BE88EC4D4583,1,0.574282963195
CC_BE89244D7EDE,1,0.651665021569
CC_BE89AC116D64,0,0.075991947574
CC_BE8A87F531BC,0,0.120075058345
CC_BE8E0820AA97,0,0.330660898156
CC_BE8E56E1D44B,0,0.196826081638
CC_BE9193C4EF59,0,0.170669667831
CC_BE927556F473,0,0.109074756893
CC_BE9D47978E7D,0,0.152923916021
CC_BE9ECB992312,0,0.212417191005
CC_BEA50C5C8FAE,1,0.29085193772
CC_BEAFB1F32298,0,0.240002919407
CC_BEB3B2035C19,0,0.439950195538
CC_BEB7D2B5314A,0,0.136682209072
CC_BEC23A5A5D6C,0,0.161109052503
CC_BEC29EEC29E3,0,0.0792783447347
CC_BEC2B39AF467,0,0.086674515095
CC_BEC2D038331F,0,0.0860421486076
CC_BECAE8D4A073,1,0.750817494796
CC_BECE8F0F3153,0,0.128563739126
CC_BED258735035,0,0.25660999511
CC_BEDD4D4472AB,0,0.101322961419
CC_BEDDB751ECA1,0,0.196472257808
CC_BEDE17F8166B,0,0.127304386315
CC_BEE7476B376F,0,0.119998506779
CC_BEEBF3428767,0,0.0930363412635
CC_BEEC5DCEB3C8,0,0.542502305745
CC_BEED3CC43EC7,0,0.144232844473
CC_BEEEB3246955,0,0.194881344479
CC_BEF0546E7427,0,0.134325142407
CC_BEF1F91F6B08,0,0.0489761885138
CC_BEFCF497E5EA,0,0.150277562853
CC_BEFDCF300C0E,1,0.300691244879
CC_BF078391AEC8,0,0.205228304174
CC_BF0A59018A9A,0,0.114276234147
CC_BF0B6A319340,0,0.262083690796
CC_BF0C362C8230,0,0.0935236197158
CC_BF0DC817972E,0,0.186807710729
CC_BF1317DFF40E,0,0.234216283714
CC_BF13FDC87E64,0,0.111548602322
CC_BF13FEF49CA8,0,0.111263808268
CC_BF14D2EC5A26,0,0.110822380466
CC_BF16C6EEB269,0,0.105533571813
CC_BF1878BCB1BE,0,0.0976374334079
CC_BF18FD9A1D30,0,0.0922912166333
CC_BF19B468C9AC,0,0.168848911235
CC_BF1C49153596,1,0.186480974018
CC_BF216FB128FC,0,0.141988209733
CC_BF21F60E5764,1,0.185603277863
CC_BF22F7A39BB9,0,0.0851051347055
CC_BF2419727705,0,0.118714222224
CC_BF26A4737694,0,0.163034799937
CC_BF2897943A1A,1,0.217167693568
CC_BF297F0E969A,0,0.162443463566
CC_BF2A00EE19EB,0,0.161615710689
CC_BF2CA4B3E55F,0,0.0779352194776
CC_BF2DC32EAA49,0,0.307199076689
CC_BF31729E58B9,0,0.104803337261
CC_BF3254F092B2,1,0.222631739895
CC_BF35C3DB5E0F,1,0.760592710105
CC_BF362E2C0E06,1,0.780555967957
CC_BF37EA24C6A2,0,0.121627861903
CC_BF3874673772,0,0.13355366012
CC_BF38E80291C4,1,0.126251312538
CC_BF42925C6EC1,0,0.136609726057
CC_BF46405DFE3B,0,0.23804642643
CC_BF46508E2DF0,0,0.411152902453
CC_BF4886D66D16,1,0.676077597548
CC_BF4A6376FCB0,1,0.227118788865
CC_BF4BB32EC48B,0,0.13307342777
CC_BF50524BE45C,0,0.0960336627198
CC_BF53470C2439,1,0.802727519942
CC_BF54DA50185E,0,0.190681266207
CC_BF59186D3740,0,0.104837346735
CC_BF59D5EE8B00,0,0.154914847475
CC_BF5A6326A95C,0,0.106915512386
CC_BF5ACF154E5E,0,0.101538188192
CC_BF5B1AF453DC,0,0.321575924598
CC_BF5BFACE436F,1,0.695217341666
CC_BF5CBF9A736B,0,0.113450323494
CC_BF6322308758,0,0.125011169662
CC_BF6D84EC14C1,0,0.182257845546
CC_BF6EC2BA5DE5,0,0.146639858164
CC_BF71051E2E0A,1,0.300786544246
CC_BF74C3ADEDF8,0,0.149320837626
CC_BF7A7C2E7949,0,0.428691386511
CC_BF7AD7D6F781,0,0.151389735896
CC_BF7BE24F53C7,0,0.146962140711
CC_BF7E3F8486F7,1,0.761915978948
CC_BF7EBF484E4F,0,0.158650657592
CC_BF8508009429,0,0.182553865673
CC_BF888EE5A5D8,0,0.195566354641
CC_BF88D1D54B2E,0,0.111752450105
CC_BF89BB9006BE,0,0.456874080911
CC_BF8AC14761A2,0,0.0785499524316
CC_BF8E2DA5A620,0,0.0733341873009
CC_BF9517042226,1,0.539533693718
CC_BF9B27F9A321,0,0.159924965112
CC_BF9BFA5869AF,0,0.586030358908
CC_BF9F2E285D28,0,0.233317143638
CC_BFA062E7A95F,0,0.125438533346
CC_BFA2AC793C1B,0,0.100472807282
CC_BFA47880C026,0,0.600601849512
CC_BFA53C4E690A,1,0.654475547997
CC_BFAA298650F7,0,0.0914324807944
CC_BFAEBE3FB033,0,0.668844719482
CC_BFB1441ADB67,0,0.206384315174
CC_BFB15E7032FE,1,0.448760858905
CC_BFB80D110143,0,0.0911632793934
CC_BFC0E1EC231E,1,0.896083717424
CC_BFC0E58BAB2B,0,0.100022311687
CC_BFCAA4C0C895,0,0.221154991408
CC_BFCB4CACC449,0,0.0848807773892
CC_BFCE1D745828,0,0.0943325762249
CC_BFD09FA092F9,0,0.0890867230961
CC_BFD126BEE5ED,0,0.0693591357416
CC_BFD4BE8C47E0,1,0.265559176628
CC_BFD7D7488B4A,1,0.864905378669
CC_BFD872DB2029,1,0.556404218891
CC_BFDC179D808B,0,0.070402153169
CC_BFDCC2201BF8,0,0.108109027239
CC_BFDD4A99BAB4,1,0.218317833109
CC_BFE1D34E9ED9,0,0.205313367995
CC_BFE2CB34E877,0,0.119921830124
CC_BFE465459AE0,0,0.0942287092176
CC_BFEC4078C9D7,0,0.139423604376
CC_BFEC562412EB,0,0.112635361611
CC_BFEE361A4A1F,0,0.0824013687821
CC_BFEEA94F99A7,0,0.0726254563137
CC_BFF1D0A210C4,0,0.103260836736
CC_BFF4AA466828,1,0.123989584609
CC_BFF4B1384F19,0,0.177511251116
CC_BFF51EB82E74,0,0.116831258686
CC_BFF6219BBCCC,0,0.0817748410436
CC_BFFB308386E1,0,0.342654613268
CC_BFFE0F8E78F8,1,0.158017602101
CC_BFFF75E806FA,0,0.111349346488
CC_BFFFDEEE0EE8,0,0.137630319344
CC_C004BE1D3F01,0,0.0736039818391
CC_C008A6CA99CD,0,0.0748463539191
CC_C0198648BEFC,0,0.688295982627
CC_C01C5A130DA2,0,0.208807137682
CC_C01E23195254,0,0.152186560572
CC_C020FEB74DE1,0,0.168281334384
CC_C0212FDE1137,0,0.0974417515388
CC_C0231FA0CE8C,0,0.0688937306919
CC_C02529C1018B,0,0.299880176173
CC_C02675DF4BB0,1,0.0815794292695
CC_C0294B9897FF,0,0.172267789619
CC_C0332D2FE3B1,0,0.216482197999
CC_C038672A80AA,1,0.0994810019658
CC_C03ACE024315,0,0.121935705938
CC_C03EEBFEF249,0,0.327006256449
CC_C03F9AD5B170,0,0.131520353687
CC_C03FA29690E5,0,0.292639818866
CC_C04066006B83,1,0.492453008377
CC_C0438DD54F6F,0,0.116556707566
CC_C0441FC2DB34,0,0.428797537427
CC_C04BB6DADE92,0,0.11196606181
CC_C04F6A96C8D9,0,0.265694440695
CC_C052AE7DE9BE,0,0.180383423675
CC_C054C1659EA4,1,0.156443310956
CC_C055874A7CDF,0,0.385570219778
CC_C05929F7A06F,0,0.10301683965
CC_C05BC266AA29,0,0.0862783987134
CC_C05CF991CC27,0,0.154909008055
CC_C05D0A305130,0,0.294586336903
CC_C05FCD8DD031,0,0.0676590874996
CC_C05FEF044FA4,0,0.46265899014
CC_C0646007E2A0,1,0.135825975459
CC_C064BF3FD516,0,0.100265566972
CC_C064C2D4CEED,0,0.13260114622
CC_C06971090D66,0,0.21975652702
CC_C0704DCCF0F3,0,0.107684195841
CC_C07439F954C0,0,0.196380280602
CC_C076C4DDDE1F,0,0.129405158484
CC_C076CA7CD883,0,0.176521118105
CC_C07D36F55D5E,0,0.0848852379717
CC_C089283CA867,1,0.136460113287
CC_C08B1BF8CF64,0,0.806754133456
CC_C08C72119A40,0,0.198101209615
CC_C08CEAFD726D,0,0.740471325365
CC_C08E46891910,0,0.210935081512
CC_C0905367C5E2,0,0.117180894906
CC_C0931FB5CE85,1,0.462262470974
CC_C096FBD4FB6C,1,0.13106882576
CC_C09730D7B335,0,0.160047974223
CC_C0999B383124,0,0.0779508199064
CC_C09D3F8BCAFD,0,0.252368351702
CC_C09DBAF2F8CC,0,0.0941724673054
CC_C09E03C9DBE8,0,0.278249885259
CC_C0A3B0E54F93,1,0.473873140595
CC_C0A55B28ACA4,1,0.136294286469
CC_C0A63720F54A,1,0.272753876954
CC_C0A7CD1711B8,0,0.47025672804
CC_C0A81F65A85B,0,0.106658946787
CC_C0ADF02A2A1D,0,0.145987071895
CC_C0B38A9E043D,0,0.0775016361867
CC_C0B9547691BE,0,0.138784344726
CC_C0BDFA62867C,0,0.148358963509
CC_C0C1DEBCE3AD,0,0.273901820169
CC_C0C54A5C5A86,0,0.225543657169
CC_C0CF0AA95EE5,1,0.199882186245
CC_C0CF17F2D54E,1,0.517297158979
CC_C0D0258EC2DB,0,0.339602909862
CC_C0DB92F51C7A,0,0.168174949229
CC_C0DD282AF94B,0,0.115905558321
CC_C0DD2D93B42C,0,0.112652131709
CC_C0DE12B95A3B,0,0.106644933112
CC_C0E028C56C7B,0,0.112839845509
CC_C0E07FD24764,1,0.553804086826
CC_C0E29C7BA0F6,0,0.0715062708704
CC_C0E45F89A906,0,0.16122102287
CC_C0EBC10D1F03,0,0.112344881725
CC_C0F12A39C0DD,0,0.165056428642
CC_C0F4B8227ADD,0,0.428302501834
CC_C0F68194D0D3,0,0.0825666616189
CC_C0FD2051A87F,0,0.194529812545
CC_C0FEA958291F,0,0.383118359776
CC_C0FFAAF4AE31,0,0.244396051245
CC_C1021FB87194,0,0.167521840667
CC_C104C96E4CF4,0,0.146627128877
CC_C108070162D8,0,0.149355335595
CC_C10F484501C8,1,0.638219964779
CC_C10F6D8A0469,0,0.092959809335
CC_C1126D55B19B,1,0.163631557646
CC_C112AFF27CEB,1,0.221241532793
CC_C1201B577662,0,0.0993195380911
CC_C1241BB9B49D,0,0.0637474004718
CC_C124D4BDB111,0,0.158556962365
CC_C12A8BA82E8B,0,0.0698990262083
CC_C12CC7D14C7C,1,0.110901285711
CC_C12D98835DDC,0,0.230790563536
CC_C12F66419183,0,0.377040306507
CC_C13309A99222,1,0.602686882865
CC_C13A960A5357,1,0.853883792189
CC_C13CD61A91AC,0,0.106284617284
CC_C143D1739527,0,0.126405358012
CC_C1460658E089,0,0.0594061702889
CC_C1473D76A1CE,0,0.350908452693
CC_C1495D5BDF7B,1,0.0951177379329
CC_C14B808FC988,0,0.058203100937
CC_C14C97CB8FC1,0,0.209416463181
CC_C14DC0042E56,0,0.089037516548
CC_C1541AAB52E1,0,0.341219812939
CC_C1549208D52D,0,0.142312021686
CC_C155CB8B4101,0,0.165460995885
CC_C156B5E03A3A,1,0.363288730446
CC_C158120B216C,0,0.457813828217
CC_C15C9448BDB1,0,0.110109988285
CC_C1679DF2A290,0,0.109915148506
CC_C167D5A148FF,1,0.179097536396
CC_C169E7D7A891,0,0.539367707701
CC_C16A5D4B2824,0,0.0835860046355
CC_C16E44C1F908,0,0.311842955261
CC_C1730340D90C,0,0.133896196177
CC_C1737A35185D,0,0.450744363149
CC_C173966B68B9,0,0.693888316131
CC_C1740E00A5F7,1,0.132276576588
CC_C175A01713EF,0,0.21256153632
CC_C1777DBA4C75,0,0.133303753873
CC_C17803436E08,1,0.157912120283
CC_C178CAD842C4,1,0.21028782095
CC_C17BF59F4778,0,0.143175325438
CC_C17C2CCB0454,1,0.600513680731
CC_C1807880B439,0,0.0992583563533
CC_C184CEAFA2D5,1,0.710238544579
CC_C1868E14B50F,0,0.119828561856
CC_C186D9CAD140,1,0.365989384813
CC_C188CD3C5669,0,0.133037752058
CC_C18A3444DBFB,0,0.441920272007
CC_C18A7E54A942,0,0.0982136456279
CC_C18EF75663E2,0,0.163208236488
CC_C18F755142FC,0,0.294881209433
CC_C192E5E4DB5D,1,0.149033257611
CC_C197BBECEA91,0,0.07378018089
CC_C1992AF9CF12,0,0.0832749339646
CC_C199581E278C,0,0.0576998357344
CC_C19DD7FF548B,0,0.0993052166068
CC_C19F62DAC79D,1,0.14241801666
CC_C1A086F2F882,0,0.0986375964345
CC_C1A58354A9B6,0,0.122208939596
CC_C1A98C3FFAC3,1,0.334974693415
CC_C1AE98B975FC,0,0.0814152513252
CC_C1B0FE21ECBE,1,0.265805993169
CC_C1B13A145393,0,0.305248454615
CC_C1B3098220B8,0,0.123663388335
CC_C1B4E929EFFA,0,0.348572824104
CC_C1B544470FB3,0,0.100966594747
CC_C1B5C3C43D01,0,0.155123965479
CC_C1B8419FE45D,1,0.137076673939
CC_C1B87032A460,0,0.0991271740049
CC_C1BBCD9BF5F4,0,0.743539366231
CC_C1BCD386113C,0,0.11107668972
CC_C1C0089A2EFF,0,0.376733968494
CC_C1C31B226741,0,0.854166894931
CC_C1C4641735BF,0,0.123132065331
CC_C1C7FBAC2CD2,1,0.428870926121
CC_C1CAB9F47851,0,0.0658325300368
CC_C1CB338F6AB1,1,0.129171035035
CC_C1CDD476FC0B,0,0.0857581196384
CC_C1D1BB02F5CF,1,0.873690601535
CC_C1D21E136B42,0,0.688086874419
CC_C1D4F690847F,0,0.0865432924265
CC_C1D606A22411,1,0.130169584507
CC_C1D886866D92,0,0.137586361011
CC_C1D8BF2F3B31,0,0.0258689474129
CC_C1D93F511F94,0,0.118264293345
CC_C1D9CBB212EF,0,0.0552173041028
CC_C1D9D7AAB864,1,0.109716903188
CC_C1DB7350EA8F,0,0.104990877597
CC_C1E13C7AE93D,1,0.328945677005
CC_C1E18E258011,1,0.666311764092
CC_C1E2F7C98D72,0,0.197979689598
CC_C1E4991B3658,0,0.200459368719
CC_C1E7D9192C09,0,0.0742180757685
CC_C1EB0837B745,0,0.088658074514
CC_C1EB9B34B315,0,0.157129486448
CC_C1EC90090DDF,0,0.0945565296495
CC_C1ED01ECE1DA,1,0.148728384615
CC_C1F664015650,1,0.660066197442
CC_C1F6B0605B59,1,0.247697379913
CC_C1F913DB56D9,0,0.5890506701
CC_C1FA1FBC61B1,0,0.105015234936
CC_C1FADBCAFE54,0,0.179158968775
CC_C1FADE86F52D,0,0.08614843718
CC_C1FAE99CD855,0,0.0712504215545
CC_C1FCCFE7AD1C,1,0.110919205188
CC_C1FDFD6C9596,0,0.126123675287
CC_C1FED2330E62,0,0.100333546821
CC_C1FFDFFF5182,0,0.0723377845894
CC_C20266E2BF0E,1,0.133423055668
CC_C204386B4814,0,0.461761265304
CC_C2051D85669E,1,0.237804148234
CC_C207E71ED2FA,1,0.154649166938
CC_C20A2179D5E4,0,0.109117978001
CC_C20D6D9A2707,0,0.150426086774
CC_C20E61CF3316,1,0.0921901319872
CC_C20F4EB39649,0,0.424955888293
CC_C2103EFBE501,0,0.0945591690922
CC_C211AB96651F,0,0.0907247937885
CC_C213B61F5D51,0,0.155147680241
CC_C2162E213505,0,0.455720338587
CC_C2179826C453,0,0.110353197711
CC_C217B0876AA7,1,0.100301264377
CC_C21875E57501,0,0.0961761913175
CC_C21BA61F8DD3,1,0.745206057059
CC_C2214AB601DE,0,0.248507670377
CC_C22299B71FD2,0,0.0506686489332
CC_C223DA9C2A59,1,0.69930355052
CC_C2253D9547EE,0,0.0833394898559
CC_C227990DC950,0,0.0949155010847
CC_C228F5C89C3B,1,0.473906414902
CC_C2292B68A289,0,0.101210511786
CC_C229CC5887E0,0,0.290948041094
CC_C22BD0FC303B,1,0.322903781999
CC_C22D0234423F,0,0.13651943182
CC_C22F6E87B804,0,0.0896628319551
CC_C233AC3D5134,0,0.171419580855
CC_C233AF75D0E4,0,0.264808115096
CC_C23543C5D782,1,0.399810384111
CC_C238404E6B93,0,0.228271964497
CC_C2392452A704,1,0.32624445022
CC_C23931D2061A,0,0.0630548430744
CC_C23C4D705966,0,0.238644067788
CC_C23DF292CF68,0,0.15083067358
CC_C240AC0ACEEA,1,0.280641775376
CC_C246E1A11740,0,0.3077724665
CC_C249EA4E6A79,0,0.0824001461832
CC_C24A17B28F90,0,0.174955090493
CC_C24AC48E78BE,0,0.211952803338
CC_C24DA80E9154,0,0.0886400015066
CC_C25285DB01B6,0,0.377213775726
CC_C252DBBDBE8B,1,0.323225824805
CC_C253546AA7F6,1,0.644457180523
CC_C256DC954291,0,0.157065075391
CC_C25A6EF86C12,0,0.0949887225957
CC_C2601BA482F6,0,0.106766728323
CC_C264ABDB1106,0,0.0748791076528
CC_C264ADF571F0,1,0.742301135081
CC_C266F3FBB160,0,0.116625047569
CC_C2670C3EE03D,0,0.23287689184
CC_C268C7A04869,0,0.0874301988612
CC_C269B1F7F39D,0,0.0952113000418
CC_C26AEBA47884,0,0.179268878378
CC_C26E643932E1,0,0.0681863454669
CC_C26E82E8400E,0,0.0925047736352
CC_C2700FE9A671,1,0.691336128751
CC_C271675A23A0,1,0.247660609829
CC_C275A21A9556,0,0.13238140191
CC_C275F056E1EA,0,0.205663470924
CC_C2768B1ACB39,0,0.071050868944
CC_C27D58EA0C78,0,0.0764366904625
CC_C285B6CA478E,1,0.0791996255973
CC_C28BFC7C4CE1,0,0.103726470894
CC_C28C41F3D3C6,0,0.27171424923
CC_C28E4545A115,0,0.315445060993
CC_C28F533E4A75,0,0.0674646847493
CC_C28FE49ADC67,0,0.235697017226
CC_C2919FE158EC,0,0.315941427133
CC_C29379F1001A,0,0.0967998650902
CC_C2967D11C984,1,0.334308925658
CC_C29854E4C74E,0,0.284127898432
CC_C29D7256DA3F,1,0.651477690095
CC_C29E5A156457,0,0.0997510199589
CC_C2A37F68F740,0,0.0697636906077
CC_C2A67BC77DAE,1,0.704771628384
CC_C2AA37A61267,1,0.427499346886
CC_C2AAACCFA98C,0,0.0839140955235
CC_C2AAC8C34FF8,1,0.108716175496
CC_C2AC53428642,0,0.150190617592
CC_C2ADE24F7F55,0,0.126759992081
CC_C2B1D20DEE27,1,0.712476878782
CC_C2B333603B33,1,0.254920955431
CC_C2B5EAB3A810,0,0.088936925735
CC_C2B7AAC61ED9,0,0.0705971859199
CC_C2BCBCF152BC,0,0.136815345679
CC_C2BDCA0DB96E,1,0.460894824699
CC_C2BE2540F5BA,0,0.19077671104
CC_C2BED74EE071,0,0.114324570064
CC_C2C5112A54A7,0,0.102044076686
CC_C2C56EC58170,0,0.252736282168
CC_C2C66FC827D6,0,0.0865000103189
CC_C2CA7F1B6520,0,0.0855702551891
CC_C2CB6FC07BF0,1,0.670768649154
CC_C2D0045A9AE8,0,0.280963107743
CC_C2D00D6FC9C4,0,0.127844358196
CC_C2D40CC383A5,0,0.150001685233
CC_C2D5F4F69C36,0,0.353218079519
CC_C2D70F2C3C5D,0,0.112278374766
CC_C2D7CDB8CA96,1,0.502055368291
CC_C2DC216D62F1,1,0.335335214415
CC_C2DE2B272B45,0,0.109614359735
CC_C2DE56AF9E95,0,0.0925324883518
CC_C2DF40636A4E,0,0.138579484423
CC_C2DF45A5FC6F,0,0.102451732122
CC_C2E005BF1B2D,0,0.109006560639
CC_C2E0406E2EA5,0,0.148030628518
CC_C2E10DF9FA03,0,0.116240577997
CC_C2E2BD5488DC,1,0.750152730682
CC_C2E7CCD4FC4F,0,0.197085001777
CC_C2E7D22DB632,1,0.0940722583681
CC_C2ECB3C9C20B,0,0.103534012335
CC_C2F20BCB63B2,0,0.611656720534
CC_C2F2F0A720BF,1,0.181025119916
CC_C2F4CBC92E3A,1,0.801070053944
CC_C2F543F57832,0,0.179002564323
CC_C2F7977BCDA1,1,0.0565214261707
CC_C2F8362C73BF,0,0.0936529086378
CC_C2FB676586B8,0,0.353578337297
CC_C301EE5C6BDA,0,0.226683053208
CC_C30438554735,0,0.14920263034
CC_C3084D3D2BC3,1,0.632096939917
CC_C308A6894D5E,0,0.0755321445181
CC_C30BD551317C,0,0.134524786822
CC_C311C0740084,1,0.669479710404
CC_C3134C914336,1,0.241107079321
CC_C31516FFBC7A,0,0.099629420184
CC_C318D9132831,1,0.427295507596
CC_C31A0D5751C5,1,0.11176202979
CC_C31AD3A432DA,0,0.74967553337
CC_C3221218ADE2,0,0.0867539675318
CC_C3268C7FF8B7,0,0.134740554001
CC_C327C11E0F9D,0,0.142883396441
CC_C32D5761DFEF,0,0.131407148072
CC_C32D74DA30B3,1,0.41589744133
CC_C332C0B96A08,0,0.608450478329
CC_C33312FED95D,0,0.0933609104116
CC_C338EE170069,0,0.109224277309
CC_C33959BEDDC4,0,0.216484584721
CC_C33AB30A5A82,0,0.105968790169
CC_C33F0FE8EEAB,1,0.105163465964
CC_C3405FBBDD72,0,0.0609906207907
CC_C342F0C68E55,0,0.0719142740856
CC_C34341BE6D4A,0,0.164131571623
CC_C34364658006,1,0.200864835617
CC_C3448A38468D,0,0.116345598478
CC_C347CD1B3E58,0,0.165149357933
CC_C34891ADA29F,0,0.0813056738979
CC_C34A4ADFFC50,0,0.294189097078
CC_C34CFE39D0FD,0,0.722640560258
CC_C34D826737D9,0,0.132223267997
CC_C3507A30F9DF,1,0.122884375187
CC_C35307C389EC,1,0.308686273965
CC_C354291EB85F,0,0.50324503329
CC_C35990E8C550,0,0.0897891941729
CC_C35A6B6F30DA,0,0.12974463714
CC_C35F82199FC0,0,0.114146956285
CC_C366842194BE,0,0.0929963633836
CC_C36B688C6642,1,0.604978162205
CC_C36BFF104ABA,0,0.122411621756
CC_C36F82D3624B,0,0.0960918290538
CC_C37273BB9F28,0,0.132944435525
CC_C380A3B83A37,0,0.131847450697
CC_C38173C3EAA5,0,0.127860722445
CC_C383F61FAF5D,0,0.0689683758474
CC_C385977A1246,0,0.092983712374
CC_C38D557597B7,0,0.0664868561447
CC_C38E19651303,1,0.12269347055
CC_C3951F060A1C,1,0.55787975367
CC_C3963F4C01B3,0,0.103231045943
CC_C39649F7241C,0,0.0658572732987
CC_C39AA2D757B5,0,0.180417225928
CC_C39AB0943562,0,0.142107518148
CC_C39B9D44BE0B,0,0.552758035092
CC_C39BB366DE5F,0,0.0920001806142
CC_C39D821A079E,0,0.112359322318
CC_C3A037C9DFE1,0,0.259518689073
CC_C3A723EF6260,0,0.330987115349
CC_C3AA47006594,0,0.088400643342
CC_C3AA6EC260B1,1,0.145503831372
CC_C3ABD9639909,0,0.0781763586767
CC_C3AC38852BFD,0,0.118322919997
CC_C3AEABA676B7,1,0.62311525093
CC_C3B4344A9536,1,0.264256696225
CC_C3B4B79AA2AD,1,0.216635919385
CC_C3B7684F616F,1,0.133254161538
CC_C3B799E11169,0,0.198751303769
CC_C3B898E0DFA5,1,0.274442852964
CC_C3BF8F8460A1,0,0.22445693051
CC_C3C0B68E7DB9,0,0.0937828213763
CC_C3C35C52D4DC,0,0.127699442328
CC_C3C56C598325,1,0.0907432120044
CC_C3C6D443ABF1,0,0.107260536064
CC_C3C982A4ED02,0,0.059968359421
CC_C3CB52971C2A,0,0.312216203475
CC_C3CDBCBBE517,0,0.218565845596
CC_C3D27F154B53,0,0.0602736681065
CC_C3D416ED819F,0,0.114274024009
CC_C3D5EF89B288,1,0.0985922485191
CC_C3D681B2470A,0,0.180846183403
CC_C3D70D6398FE,0,0.850614062262
CC_C3D75C851DE3,0,0.0642073455459
CC_C3E44D0BA283,0,0.147593965125
CC_C3E51627777A,1,0.110859253851
CC_C3E534B4DC25,0,0.0953877605992
CC_C3E8CF6AB15A,0,0.311567702884
CC_C3EB1C768C86,0,0.102581742361
CC_C3EB30D04567,0,0.0968244891106
CC_C3EB3B97C76E,1,0.740893130045
CC_C3ECB6E0D6F1,1,0.444112076123
CC_C3ED86B8B19B,0,0.146937194699
CC_C3F2C8D1D56E,0,0.0992349592422
CC_C3F3DF32759B,0,0.134888906197
CC_C3F9685F0454,0,0.246148736413
CC_C3FFA83F9577,0,0.165439337811
CC_C400E31E1439,0,0.119026872348
CC_C4015CBF8705,0,0.332076789477
CC_C402068449EC,0,0.0960357305691
CC_C402A2B81862,0,0.211987740433
CC_C4033943A69D,0,0.109639032229
CC_C409F618E80B,1,0.196882254817
CC_C40A7F5420DC,0,0.0822101808841
CC_C40B54C8C4CD,1,0.596664349214
CC_C40BAB640A14,1,0.780066933034
CC_C40CCA012C0F,1,0.704431329312
CC_C40D75F43C08,0,0.0590314963949
CC_C4114D10688B,0,0.139370380056
CC_C414009E1F68,0,0.151753381388
CC_C4160C52C568,0,0.0623557489086
CC_C418D9972ABA,1,0.260301506266
CC_C41B305D1D2D,0,0.321372025168
CC_C41BA13FF259,0,0.766969601469
CC_C41E32AC7377,0,0.132346215752
CC_C41FD15FB839,0,0.265695824326
CC_C42CAE37600D,0,0.157285369719
CC_C42DD2A73F11,1,0.43352237981
CC_C439EB69966F,0,0.085760399132
CC_C43B6ABBFB80,1,0.622928682991
CC_C43CAB0AFBFC,0,0.0831106602753
CC_C43CACB5F53D,0,0.0966892085266
CC_C43D68E7ADF7,0,0.212265815397
CC_C43F3168335E,0,0.0691053956111
CC_C43F7B2E5F97,0,0.0694077990419
CC_C44A0A22299C,0,0.155513731898
CC_C450D879E0DC,0,0.0618081297009
CC_C45790F208BC,0,0.242865701377
CC_C459F0A4A10E,1,0.649101829376
CC_C45D975AAD8E,0,0.0782725400406
CC_C4611B932530,0,0.111802734968
CC_C462FBF7DE4B,1,0.110286961698
CC_C463FA683C96,0,0.112774285128
CC_C46694D3AF47,1,0.910248966508
CC_C4687D3519EA,0,0.0998110492369
CC_C470C4403CE1,0,0.122161720762
CC_C47349B66FAA,0,0.164618178757
CC_C4744495C1CB,0,0.247325267504
CC_C4748D1D81D4,0,0.0966131266887
CC_C47BA3B32640,0,0.158721845151
CC_C480A1112A98,0,0.151495469209
CC_C4822D4E2528,0,0.26766165187
CC_C482B814EFAC,1,0.201811094176
CC_C4852FCD9506,0,0.0847649995003
CC_C485DC638AA6,0,0.164242742687
CC_C48E6B8D04E9,0,0.145312967275
CC_C49432C09E25,0,0.244575239328
CC_C4979DE268F1,0,0.0660127356107
CC_C4988C9445A3,1,0.652565480181
CC_C49B0E97E6F0,1,0.861250898032
CC_C4A1EBEA0909,1,0.167277711297
CC_C4A8519F75EF,1,0.236441661937
CC_C4A9E45AF414,0,0.490392212058
CC_C4ABB0F3777D,0,0.135361825585
CC_C4AC5DEA0AEB,1,0.820376337276
CC_C4AC9BBD4EA0,0,0.542907803127
CC_C4AF741F1870,0,0.0901750774738
CC_C4AF7CF08596,0,0.0650558185013
CC_C4B3E7E7BA29,0,0.29336444229
CC_C4B8C40F31BD,0,0.069286986442
CC_C4BD24E3A1F5,0,0.322827618475
CC_C4BE5E44C0E0,0,0.0882809378598
CC_C4C12AA3576E,1,0.711507918303
CC_C4C1A6682FCA,1,0.133266455187
CC_C4C1DF3B3CD1,0,0.163727190803
CC_C4C28357FABD,1,0.148856775518
CC_C4C366E8FFDC,1,0.0777695978959
CC_C4C3A12873CC,1,0.107718960381
CC_C4C614749468,0,0.900296807493
CC_C4C7EA16BD8E,1,0.282632813105
CC_C4DBFC8380AA,0,0.116148470342
CC_C4DC8695BC4C,1,0.166926406944
CC_C4E1C179C440,0,0.126194547416
CC_C4E5B1244620,0,0.126256759598
CC_C4E7DA72B10F,1,0.522016604417
CC_C4E90B071FFF,0,0.149787504079
CC_C4EA8396D399,0,0.0944553247503
CC_C4EB768E9414,0,0.0532513071211
CC_C4EC6AFED0C9,0,0.29928641493
CC_C4EDD08FC460,0,0.0439193646122
CC_C4F122D9EDB9,0,0.133868966003
CC_C4F341D0F330,0,0.209628521451
CC_C4F366AEBFBD,0,0.0947087558306
CC_C4F587F146C4,0,0.0527815238282
CC_C4F5E0825568,0,0.107232378764
CC_C4FBB4B62AE3,1,0.111688841876
CC_C503EE065AA4,1,0.149243197834
CC_C50476FCB5D4,0,0.138251348591
CC_C5049360AA5F,0,0.128689760919
CC_C50547C69113,0,0.084187252875
CC_C50736CD1BF4,0,0.119911909211
CC_C50B22085CD9,0,0.0968257830778
CC_C50B7EB09A79,0,0.851736527464
CC_C50CD2481DF0,0,0.311049671115
CC_C51365518835,0,0.154275414598
CC_C5138F3B1BF5,0,0.10083142991
CC_C5162D8F0188,0,0.100358651407
CC_C51A09F3A7BB,1,0.305425740154
CC_C51DF992E25F,0,0.0698545539152
CC_C51F9D4363FC,0,0.161242365935
CC_C5214A55E9EA,1,0.0868873067505
CC_C52555FA7DFC,0,0.0772627526205
CC_C5294142A329,0,0.11578721354
CC_C529E2E09B89,1,0.129499514536
CC_C52A0643074F,1,0.109125221624
CC_C52A56210C8E,0,0.116897896444
CC_C52DDE444A1B,0,0.125652924922
CC_C52FF99F70A4,0,0.0737953281674
CC_C531643BF690,0,0.0775056176443
CC_C53E4614EE45,0,0.130478166898
CC_C541EA49CF6E,0,0.0712249853946
CC_C543CDDF7996,0,0.130969317662
CC_C54629B9B738,0,0.0731941986715
CC_C547E2DF3A75,0,0.303454710847
CC_C548FFEB86FE,1,0.154146358692
CC_C54F5F634D2C,1,0.687122653404
CC_C557DFD05084,0,0.0693468463783
CC_C5589C2EE21A,0,0.0848770605273
CC_C55AD9BDFE2B,0,0.0586676995444
CC_C55C3FD2E35D,0,0.128608476982
CC_C55D61C9CB5E,0,0.120184683019
CC_C55EC408C72D,1,0.93395151668
CC_C560BAA43A7D,0,0.282808050693
CC_C56284990A7F,0,0.0809654414179
CC_C564C660ADAC,1,0.415029444301
CC_C5652B4ACE1E,0,0.124038428702
CC_C56823816C75,0,0.151108737116
CC_C56EE3273715,0,0.108535263839
CC_C570F368FB87,0,0.0933422965067
CC_C572CC50C59B,1,0.76234527736
CC_C5771981BED5,0,0.124061764802
CC_C57C1E60C152,0,0.44975571097
CC_C57C614F341A,0,0.0755608899245
CC_C57D427C357E,1,0.47361169661
CC_C57FDEF09071,0,0.0951854919148
CC_C5841F4BD260,0,0.129907046614
CC_C5873E69BB14,1,0.736792913065
CC_C58B86E735F1,0,0.0957944733821
CC_C58F10AEB380,0,0.106181024284
CC_C58F403ED452,0,0.0850313979557
CC_C58F57A93446,1,0.159929237979
CC_C58F6EE6DFE2,0,0.137547603133
CC_C5945DED7CD9,0,0.0814023809563
CC_C594EC7331C9,0,0.0961938599591
CC_C59844D4FAD8,0,0.167211664826
CC_C59CA9AC02EE,0,0.104087068625
CC_C5A0FEA46686,1,0.197543192267
CC_C5AA3F2EAEE2,0,0.0782318319585
CC_C5ABD4234E85,1,0.123632674158
CC_C5AC918711F2,0,0.174369241797
CC_C5B3E4C1006C,0,0.110202356664
CC_C5B679E1F641,0,0.0987165799789
CC_C5BCCE759CF4,1,0.763119107983
CC_C5BF1C772E29,0,0.201906769247
CC_C5BF9A0578AF,0,0.113361384271
CC_C5C965CE9E54,0,0.413257499524
CC_C5CCD4113C3D,0,0.110399833328
CC_C5CD2608F7E6,1,0.136442739444
CC_C5CD5449840E,0,0.103804963362
CC_C5D3EAC0086E,1,0.642263135002
CC_C5D54ED9C674,0,0.784867767621
CC_C5D5C9DC1C77,1,0.143743964767
CC_C5D7B8952007,0,0.0933134095036
CC_C5E2D180F088,1,0.0580496977542
CC_C5E4EC302570,0,0.105339953638
CC_C5E56D70C42C,0,0.104842203636
CC_C5E628EBB180,0,0.130986625541
CC_C5E811243A31,0,0.329913082178
CC_C5E85A8290A6,0,0.280298774811
CC_C5F2A6EA8EC1,0,0.0769593720755
CC_C5F2BC1E1F7D,0,0.115512067405
CC_C5F41B252D83,0,0.369192335921
CC_C5FB9FD3F080,1,0.850669774599
CC_C5FE2B7CF553,1,0.235983082413
CC_C600B83C2EFE,1,0.0211485957557
CC_C601F8E608F3,0,0.07374119282
CC_C6046FA11864,0,0.177870767337
CC_C605E8F1D55F,0,0.165537871027
CC_C61090B8A8C8,0,0.129885975436
CC_C615F1801A89,0,0.219956172624
CC_C617AF7F0CA8,0,0.0968717169239
CC_C61B46EDB41D,0,0.147910812573
CC_C61BDAAA22A7,0,0.167624909731
CC_C61E9EDB1149,0,0.109237465875
CC_C620E0613CC6,1,0.322887553637
CC_C622B2DEBC17,0,0.107913890547
CC_C627876BF828,0,0.318441015959
CC_C629D87BEF48,0,0.0674681715095
CC_C62BEEAD8BBB,0,0.170094542225
CC_C62C40278298,0,0.111001807627
CC_C630F95E2816,0,0.356004368076
CC_C634676CBF2B,1,0.587331625383
CC_C63953F107E7,1,0.0594936592188
CC_C63A1284BC6A,0,0.07544352337
CC_C63D604C0D48,0,0.152450724144
CC_C6419BDDAC88,0,0.198769257373
CC_C642A8B1EF93,0,0.114526176673
CC_C64301D8110D,0,0.100649158185
CC_C6434BFDE1C9,0,0.0499380238808
CC_C647F30A407D,0,0.11224114753
CC_C6497DD63416,1,0.116556808592
CC_C64DCE4BF5B6,1,0.104612386978
CC_C64F61764781,0,0.152546988141
CC_C6501429EDF1,0,0.0759523505293
CC_C65123C8F105,0,0.249736248234
CC_C654C8437E33,0,0.167446493502
CC_C654D57E1AA3,0,0.082268271186
CC_C66418BB529D,0,0.264178861761
CC_C66AFB5A9E0F,0,0.0918063615293
CC_C66C57777B6D,0,0.115791732981
CC_C66DA3F9E518,0,0.218486998948
CC_C66F2E0C7C03,0,0.0977677008263
CC_C67A2DFA8BF5,0,0.571426919088
CC_C67A33AAAC77,0,0.103831925378
CC_C67F2EEA0CAC,0,0.382830308986
CC_C682F56096AA,1,0.125455570067
CC_C687B1B2F95B,0,0.127593446106
CC_C688600E5A17,0,0.209233529374
CC_C689925BDF72,0,0.154441506997
CC_C68C040436E8,0,0.124124138384
CC_C68EDDC5A8DA,0,0.162496125092
CC_C69430FF62C4,0,0.219755033474
CC_C6960A8BADD4,0,0.0721096401529
CC_C697D7EA3C7E,0,0.0809411845022
CC_C69DED224BFC,0,0.0846915078005
CC_C6A31D431B1C,0,0.131974041056
CC_C6A8412D798B,0,0.102370897138
CC_C6A93258D8F2,0,0.127053608885
CC_C6ABA4F2B131,0,0.230762614429
CC_C6AC9DED0A27,0,0.258120336645
CC_C6ACED8E22AA,1,0.127918188356
CC_C6B128EA964C,0,0.117165987525
CC_C6B64CDCC451,0,0.152861250068
CC_C6B9A8F1589D,0,0.0777724018209
CC_C6BAF2108342,0,0.158261844221
CC_C6BC154576D0,0,0.0792552579104
CC_C6BC25D84653,0,0.110235793184
CC_C6BD2F6DFFB0,1,0.658674463921
CC_C6C10AF6A8DD,0,0.128254803802
CC_C6C1FF2B5956,0,0.19839423016
CC_C6C25F3CAF45,0,0.0902119434806
CC_C6C3AE29EC99,0,0.0945769115751
CC_C6C45EE07AD8,1,0.103867120221
CC_C6C849075081,1,0.769863396127
CC_C6D01DCCCF3B,0,0.344996942286
CC_C6D3A5398C6C,0,0.138286531517
CC_C6D3DBF84988,0,0.134514270644
CC_C6D6D72D5E98,0,0.163252578379
CC_C6DEF9616C2B,0,0.0890589336445
CC_C6E2A9B0D4B4,0,0.130015171317
CC_C6E30229A446,1,0.900159769536
CC_C6E5E3AEDF3A,0,0.857305867181
CC_C6F137F97E08,0,0.141227607944
CC_C6F5C27D3D9E,0,0.135500449898
CC_C6F8B50119CD,0,0.214384888552
CC_C6F94C3CAAF1,0,0.0795985389711
CC_C6F9F75ABA90,1,0.449770720255
CC_C7010319A561,1,0.225065427687
CC_C701CE3B1CCF,0,0.0721614076191
CC_C706C553C25F,0,0.249056220844
CC_C709B3EAAE3D,0,0.099174289846
CC_C70F8F00183D,1,0.527769659634
CC_C7152397ADC0,0,0.233016855642
CC_C716CDC40B74,0,0.107642203704
CC_C719A6E021B3,0,0.173505539783
CC_C71C0D4F723F,0,0.124407966609
CC_C72314E8BE9D,0,0.779720425038
CC_C724ABCC806D,0,0.102715629338
CC_C7251F485884,0,0.118620895215
CC_C7275AD42EF6,0,0.151237990809
CC_C727EE3E1913,0,0.123735266076
CC_C72A44041A8E,0,0.751819424183
CC_C72A9C2CD4DC,1,0.773416312725
CC_C72C268C5103,0,0.0665714315809
CC_C72D8904E9AC,0,0.216111138856
CC_C7300A89C53E,0,0.844888624214
CC_C7325E35F855,0,0.794270080703
CC_C733C198445E,0,0.0904566973417
CC_C7394AE78284,1,0.595790560777
CC_C73E4CDC73FD,0,0.13077770498
CC_C741BC2B01BE,0,0.108798810268
CC_C744083ED319,0,0.178944663231
CC_C7456BA8BAB1,0,0.151887645475
CC_C749032FFAA7,0,0.631819167502
CC_C749B8F86021,0,0.0678924549501
CC_C74A09A07E71,0,0.0888822632469
CC_C74CF8A6DC47,0,0.135228699987
CC_C74F689DFD0C,0,0.179807095352
CC_C751B163B237,0,0.0904584213032
CC_C7555E318BB2,0,0.0990622227913
CC_C7555E508C77,1,0.102936939953
CC_C759455A9611,0,0.134353658547
CC_C75B219E83A8,1,0.264781284142
CC_C75BD778864C,0,0.0941101888231
CC_C75DC0654E6F,1,0.0879532075289
CC_C75F2B4F053E,1,0.13015906005
CC_C76475151991,1,0.678768194645
CC_C765BD377D92,1,0.750088475919
CC_C76C059CD366,0,0.23060133583
CC_C76DE2C6F3CB,0,0.109373295986
CC_C76F55318A93,0,0.0840740060846
CC_C773CFB676C4,0,0.084032087818
CC_C775F911CA46,0,0.330091628042
CC_C7760466BA78,0,0.0763641058544
CC_C77994DE6A2B,1,0.0516411162352
CC_C77C0A12F6C8,0,0.194723830206
CC_C77D303071C5,0,0.0758375404847
CC_C780963C6C6E,0,0.110971336242
CC_C78232D19D1D,0,0.128937261472
CC_C78283BCC788,0,0.0389559798492
CC_C7853345C480,0,0.585587139095
CC_C785F6CD4201,0,0.0833539199502
CC_C787B2209854,0,0.142420588705
CC_C787CDB0E116,0,0.252565384279
CC_C787F96951BE,1,0.43384316978
CC_C7928E931BD5,0,0.251486346908
CC_C79442EA56A9,0,0.0772046686578
CC_C7964F88356D,0,0.123019354041
CC_C79A2904A2E3,0,0.139324713516
CC_C7A1A40AFAA2,1,0.0701646101587
CC_C7A2010B5835,0,0.0647362680188
CC_C7A2D400E8FD,0,0.0579232434935
CC_C7A55149832F,0,0.0365675109652
CC_C7A5CA0EB3A0,1,0.838385220618
CC_C7A6481EEE0B,0,0.103681412912
CC_C7A6C2C80066,0,0.105510679265
CC_C7A86DDF4B3B,1,0.422495933968
CC_C7AC72ECAD3C,0,0.110046646062
CC_C7AEBCD68F81,0,0.0734011182491
CC_C7AFE39D299D,1,0.128532932918
CC_C7B1B22E24F4,0,0.118669038485
CC_C7B7909B209E,0,0.154996033044
CC_C7B8A8D76CDC,0,0.129759254202
CC_C7BA86FDCE4F,0,0.129636663275
CC_C7C201574121,1,0.123556013556
CC_C7C43201AC36,0,0.173342440789
CC_C7C7552715B1,1,0.493742109551
CC_C7CA41306CC2,0,0.165526648272
CC_C7CAEFAB24E6,0,0.0430954739775
CC_C7CBD5C23E71,0,0.320991367017
CC_C7CDF47AA4F4,0,0.086085095518
CC_C7D091C512E9,0,0.104502137084
CC_C7D0CFACBEC4,0,0.552252405868
CC_C7D4054B186C,0,0.104252682509
CC_C7D813C5A6AE,0,0.193768507705
CC_C7D841CD3A92,0,0.234794036036
CC_C7DCC4194BBF,0,0.113796881685
CC_C7E3237B0721,0,0.0703529422042
CC_C7E365D021C2,0,0.158498262709
CC_C7E637928783,0,0.0982362796769
CC_C7F44BDE483D,0,0.050376361288
CC_C7F52F9865B0,0,0.0992374913468
CC_C7F5474B713D,0,0.0901510597791
CC_C7F6567AD1D7,1,0.656933957292
CC_C7FC57C695AB,0,0.181163247376
CC_C7FEAAF6617D,0,0.0850101430791
CC_C805F792A877,0,0.698439723843
CC_C809EFCF1026,0,0.380790386644
CC_C80ADBD24835,0,0.0811869336507
CC_C81454E55BCE,0,0.164713708462
CC_C816BE3170B8,0,0.0907005056969
CC_C8171A854C54,0,0.181985356694
CC_C8182F4F9B34,0,0.0856444372177
CC_C81D56509657,0,0.136229507092
CC_C82296987913,1,0.151480982829
CC_C8247B6191A9,0,0.121743163642
CC_C8288B08BACE,0,0.695682153401
CC_C82F457BC010,0,0.204663453739
CC_C837D03193A9,0,0.105611186172
CC_C838B1A59AE8,0,0.121291887478
CC_C83998B840BF,0,0.36305384948
CC_C83E92A89B11,0,0.161480363821
CC_C83FCA32361B,0,0.273114587809
CC_C83FCB35347F,0,0.158906664585
CC_C8405E4534FF,0,0.189043992791
CC_C84442515604,0,0.160744016663
CC_C8468266C953,0,0.117877565206
CC_C84D36A131AE,0,0.105210464223
CC_C8524F52CE16,1,0.818086601676
CC_C857D3C45610,0,0.700073959526
CC_C8601D1DF95A,1,0.148602048071
CC_C8605CE54AB8,0,0.193586610764
CC_C860E1599172,0,0.129603948282
CC_C862DE4318EB,0,0.151248515319
CC_C8641A6F05A4,0,0.118049969531
CC_C86831D62785,0,0.0554359966529
CC_C868C3BCC388,0,0.101345200265
CC_C869947883BD,0,0.669969376063
CC_C86B9055B9FD,0,0.100231205849
CC_C86D53909F65,0,0.0883626003189
CC_C871AD7AEA70,1,0.913276291062
CC_C87372B6C468,0,0.169613864688
CC_C8739A70C7FD,0,0.116155471136
CC_C8744EDBC78D,0,0.187237601039
CC_C874C1FAB2AE,0,0.0604417875703
CC_C87551989839,0,0.172316137759
CC_C88124CFDC8B,0,0.181799370433
CC_C881BB1A2085,0,0.089793185019
CC_C882FE58543F,0,0.154202338208
CC_C8852211226A,0,0.086264111396
CC_C88565327E11,1,0.412054123543
CC_C88632F5C47C,0,0.127119434747
CC_C887AE4CCEEA,0,0.0738069104402
CC_C888B74F972B,1,0.664518069468
CC_C88BA0073839,0,0.148243282578
CC_C88D40CD9FD0,0,0.0693643737285
CC_C88EA6752AF8,1,0.748363593678
CC_C8903A9F6CEE,0,0.0451913663673
CC_C89097BA8BBE,0,0.104162362829
CC_C890E63AAB39,0,0.0788879317902
CC_C891ECC0BDCA,0,0.0796836177816
CC_C895203364CB,1,0.592367861899
CC_C89687934609,0,0.119560326091
CC_C896A13C497D,0,0.313919039671
CC_C897ADAE2036,0,0.0986172020952
CC_C8981624D0E2,0,0.159077813062
CC_C89A4232FC73,1,0.0976730455571
CC_C89C07EF8EB5,0,0.123262760652
CC_C8A5057564D0,0,0.337613737986
CC_C8A69E04E2F5,0,0.15364941274
CC_C8A7D0F28325,1,0.358123116826
CC_C8AA9ECFD9D2,0,0.0793571142793
CC_C8B23B5E0745,0,0.134039226352
CC_C8B268B998AC,0,0.188670283135
CC_C8B942D630FC,1,0.0926359691058
CC_C8BD6E8C33D4,0,0.160253037123
CC_C8BD9944198A,0,0.163590761859
CC_C8BE20EE38D7,1,0.129404245544
CC_C8BF9AFC1E87,1,0.161226930231
CC_C8C1E54B9F56,0,0.115131239945
CC_C8C4B6786C77,0,0.108907370155
CC_C8C6D6E9BB7A,1,0.55402129702
CC_C8C8A04213BB,0,0.234908140673
CC_C8CA842C53A2,1,0.0873578832698
CC_C8CAA487E819,0,0.12596324713
CC_C8D16FED8C27,0,0.131077455075
CC_C8D5CBAC5E4C,0,0.0821346773645
CC_C8D65E0DA703,0,0.106626496319
CC_C8D7145DFDBE,0,0.0992816194913
CC_C8D742AE2450,0,0.293209969816
CC_C8D9EE3F7FC1,0,0.100544827313
CC_C8DB8903B4BC,0,0.310468567249
CC_C8DC7A496C50,0,0.563496675687
CC_C8DF621E331E,0,0.150590713507
CC_C8E31E94AC2C,0,0.20916804063
CC_C8E8ED6CE4F2,0,0.0990687231457
CC_C8E9B8021F37,1,0.113971788626
CC_C8F5EABEE44D,0,0.0541267458106
CC_C900D141C57C,1,0.179204433847
CC_C9033236B7EE,1,0.675874774958
CC_C9043EDBB231,0,0.160356126006
CC_C904D6B5A2FD,1,0.549152682677
CC_C905A7D2E6E9,0,0.304194088814
CC_C905CE1FE90F,0,0.101867001587
CC_C907BD8161CD,1,0.80386333678
CC_C909FC8E1615,1,0.162700343411
CC_C90F7E693B71,1,0.0915496744399
CC_C91063EF7DDE,0,0.842909743297
CC_C912D1E79920,1,0.5578891862
CC_C9137B67FC52,1,0.482616150698
CC_C915FD1F0791,0,0.248690259703
CC_C91702789CFC,0,0.110126789016
CC_C919F88B180C,1,0.285596253782
CC_C91B74E08BEB,0,0.101763842428
CC_C91D155EFF8C,0,0.367290084999
CC_C91D7ECE34DE,0,0.132006251689
CC_C91F86D3342B,0,0.120701384487
CC_C91FE7F1F0D8,0,0.191486026932
CC_C9208453E0E8,0,0.180606978635
CC_C9255ABCA9E8,1,0.327417000857
CC_C9280BD3BA8E,0,0.175542720317
CC_C92BEBE82383,1,0.686472598855
CC_C92FC80DD829,0,0.0945203048237
CC_C9317B42E4DC,0,0.191632119735
CC_C935356EA1EE,0,0.0991900100602
CC_C936F20E596F,0,0.566265108709
CC_C937BCC44936,0,0.13782320043
CC_C9380948938E,1,0.328845058405
CC_C9400CD86083,0,0.117915344576
CC_C941B4DEA9E6,0,0.0779727632443
CC_C9430858F2F5,0,0.420771412633
CC_C943B5BC0F93,0,0.603394830218
CC_C944FEF95DFC,0,0.248884827089
CC_C94A8CF51750,0,0.133818754159
CC_C957BF0B65F8,0,0.127566173882
CC_C95CAE4068CD,0,0.080860857105
CC_C9641ECB87B0,1,0.137360783679
CC_C964EBFFCA07,1,0.169351859429
CC_C966DB0BF2AA,0,0.446881980616
CC_C9691234DEF4,1,0.11084834071
CC_C9697ACB78E8,0,0.129221988867
CC_C96BB22A1D4F,0,0.137183064345
CC_C96FF1B424D1,0,0.186458802424
CC_C972B23A9DD0,0,0.353867509368
CC_C974F0915755,0,0.156073975817
CC_C9762F4C6B4F,0,0.172601752187
CC_C977D8962020,0,0.145508070874
CC_C978C2A053AC,0,0.102075356031
CC_C979272BF197,0,0.173180889983
CC_C97F42624CE2,0,0.0861520991391
CC_C9804F57EDA2,1,0.112043450416
CC_C9831B920EC7,0,0.201534571401
CC_C9834872142A,1,0.72568614007
CC_C984AF5DDE80,1,0.228257330111
CC_C98506A9AF43,0,0.0867418300421
CC_C98999925DFB,0,0.168533363532
CC_C98C806E777B,0,0.127879709975
CC_C98FE19D228A,0,0.0711845224517
CC_C99544E0B5B1,0,0.328430064674
CC_C99D968EDD1E,0,0.0847769380046
CC_C99F50AA946D,1,0.102574423407
CC_C9A8C178EF0A,0,0.149028054988
CC_C9A9F2CEA77C,0,0.073857954067
CC_C9AAAC5E2DEC,1,0.829875203542
CC_C9ADE21A9CF4,1,0.142999764678
CC_C9B08DC7459A,1,0.758153009974
CC_C9B5CBA1D0C1,0,0.123276677031
CC_C9BAB81E5207,0,0.114796175259
CC_C9BE6C6A14D9,0,0.172742072164
CC_C9C062746AB0,1,0.736824893199
CC_C9C27FE45DEA,0,0.126892739859
CC_C9C6BE196913,0,0.161112979305
CC_C9C7EF23E6E0,0,0.0904685372263
CC_C9C995E5CEB8,0,0.142884377295
CC_C9CDED3B72F4,0,0.607443386449
CC_C9D04AA29954,1,0.825589179593
CC_C9D0D02806DF,0,0.0368258148598
CC_C9D36546BF2E,0,0.103052234545
CC_C9D5952DB717,0,0.077660263323
CC_C9DD473789EF,0,0.316960905156
CC_C9DDBAE7F34D,0,0.124280156991
CC_C9DFB99BCFE8,0,0.23320244392
CC_C9E16AF708A3,1,0.231518190552
CC_C9E33613FDB0,0,0.216297693616
CC_C9EB398A0504,0,0.145836962406
CC_C9EBCA9088ED,0,0.136537125187
CC_C9EC2E9153F8,1,0.211374475278
CC_C9F0CB8623AD,0,0.207490439686
CC_C9F5E09FDEFD,0,0.0963449537187
CC_C9F9351F65B1,0,0.0665966728982
CC_C9FBC87F4A94,0,0.0819802404304
CC_C9FBCF584FC6,1,0.0988291202159
CC_C9FFEC2A78BC,0,0.214093481725
CC_CA03722716FC,0,0.0807599638265
CC_CA06C2235B8A,0,0.128365136144
CC_CA0D4E74B044,0,0.103636062779
CC_CA13E2862A33,0,0.217845984974
CC_CA150634B585,0,0.0689690950579
CC_CA15FA4FAE7F,0,0.121114649042
CC_CA177B1FEC56,0,0.0955938596548
CC_CA17BFB4092A,0,0.0972633092561
CC_CA1BA399C918,0,0.114641371788
CC_CA21C0F30251,0,0.15717157407
CC_CA262DDC214D,0,0.12772335036
CC_CA2744AF5050,0,0.11928813946
CC_CA2786DB1355,1,0.651339844589
CC_CA2BD0C96FD2,1,0.0852407506957
CC_CA33D05CC9BB,0,0.0795196574459
CC_CA3711A95CBC,0,0.202304965893
CC_CA4352E71F6B,0,0.0784306412329
CC_CA44BEC1548F,0,0.134205483944
CC_CA465282A76F,0,0.140494297901
CC_CA4817D9D817,1,0.705178300585
CC_CA4989F1924C,0,0.129203122164
CC_CA4E509D03CC,0,0.122925649686
CC_CA5A9CD9D974,0,0.849144739619
CC_CA5CBBF27FC6,1,0.717215551943
CC_CA5DC7719F54,0,0.0979770330051
CC_CA5E3DD0CB89,0,0.103301050908
CC_CA5E88569CC1,0,0.154369656561
CC_CA5EB27B6FEA,0,0.145979665725
CC_CA61F2DC606F,0,0.129904618299
CC_CA626DE5A5DE,0,0.138435511739
CC_CA6529E97C3F,1,0.289248669469
CC_CA6641DF0FD5,0,0.139713303107
CC_CA67290CCF8A,0,0.0666762359848
CC_CA6A08FF575D,0,0.102697575137
CC_CA6DFE466B37,0,0.11728851564
CC_CA73F18EF78E,0,0.134163491823
CC_CA7900F4EDA4,0,0.62020614752
CC_CA7B9F724A04,0,0.184309290846
CC_CA7E66FDFFDA,1,0.744298563404
CC_CA8688470E4E,0,0.125147248908
CC_CA86A9301946,1,0.176184039075
CC_CA887F83B4A7,0,0.195896432049
CC_CA8C71AE1DDA,0,0.186338532606
CC_CA8E86D716A7,0,0.0967705406588
CC_CA92579D282F,0,0.11008073276
CC_CA97FA9E55BB,0,0.426545794554
CC_CA98ECED6A94,0,0.124055844495
CC_CA9AE8F42550,0,0.146368314074
CC_CAA098E267EE,1,0.296338968368
CC_CAA16A8CCD7E,0,0.184871431693
CC_CAA64FCF32B2,1,0.225927076497
CC_CAA7DCA33D3D,0,0.180337582327
CC_CAAD0BEDF103,0,0.0686914196513
CC_CAAF8987DDE0,1,0.154120216964
CC_CAB1A5D2F8B7,0,0.0673150427894
CC_CAB366670069,1,0.54962837961
CC_CAB4E8D6144A,0,0.633722479415
CC_CAB7A5C4F512,0,0.258990761362
CC_CAB80AED6419,0,0.0911048214654
CC_CAB8A3688A23,0,0.145234641825
CC_CABA26DBCD5B,1,0.170612948018
CC_CABC1BC43641,0,0.277650783954
CC_CAC1118EEB57,0,0.733437105444
CC_CAC186316291,0,0.155173469497
CC_CAC25F35620D,0,0.235215130379
CC_CAC392AA1A12,0,0.289201418228
CC_CAC57BE205C0,0,0.120158974145
CC_CAD3A96B9991,0,0.0975527399786
CC_CADD8356DD06,0,0.607264831812
CC_CADDA919BA80,0,0.137070572969
CC_CADDB83F8044,0,0.0662643467532
CC_CADF09213D34,0,0.253251936345
CC_CAE01AE56C41,0,0.194109224257
CC_CAE79898A101,0,0.12629756086
CC_CAE82BB097F9,1,0.230436401278
CC_CAE99DD82474,0,0.384102405959
CC_CAEB53EA79E8,1,0.129532330252
CC_CAEE66E255F9,0,0.105147674179
CC_CAF6BE41E01B,1,0.248246957435
CC_CAFC8DBA6B89,0,0.082893238748
CC_CAFFDF46952D,0,0.259160426213
CC_CB0144C9A52F,0,0.158559742762
CC_CB01E80A56F0,1,0.28433644884
CC_CB04E892A85B,0,0.299733829135
CC_CB0582EBA7D0,0,0.08879002593
CC_CB07C0AF435A,0,0.147926815315
CC_CB0C7126E336,0,0.0925164859731
CC_CB0EBE4F4A46,0,0.349811771829
CC_CB0FA6621EB1,0,0.118300587243
CC_CB0FFAF7B22D,0,0.164908180731
CC_CB1285151690,1,0.513365652438
CC_CB1A4E8692A5,0,0.0778320538695
CC_CB1AD6FB8ABA,0,0.108721004593
CC_CB1CB77A6733,0,0.0495328853079
CC_CB21AD4E272B,0,0.156221696926
CC_CB2238CF6445,0,0.551506059652
CC_CB2419A37A4E,0,0.110444523566
CC_CB28650CDF7C,1,0.675137845856
CC_CB2B8B608539,0,0.0889113158079
CC_CB2C234B67C1,0,0.167745279156
CC_CB32AC35E1FD,0,0.166378057569
CC_CB34EC76FB21,1,0.847541855394
CC_CB3620170747,0,0.0915746188131
CC_CB36B6BBD1B1,1,0.387201328979
CC_CB386BF83036,0,0.116092559759
CC_CB389682A258,0,0.0565727599658
CC_CB38A949EE17,0,0.329243666769
CC_CB3AB4E7A03A,0,0.102346567442
CC_CB3CFFB2638C,1,0.586883378927
CC_CB41549D6CD2,0,0.0936888234119
CC_CB471DE5968B,1,0.164487707313
CC_CB47D32B5B22,0,0.620330580251
CC_CB4BF4D8C73E,0,0.123589896491
CC_CB51990E6A7D,1,0.138827778946
CC_CB559309B998,0,0.132655470371
CC_CB568CEC1826,0,0.0750395247875
CC_CB5B1476943B,0,0.150737592397
CC_CB5E60525643,0,0.0609743684613
CC_CB63B6882A78,0,0.13426820114
CC_CB680F671C46,0,0.0930429098073
CC_CB685B625B15,0,0.249390441336
CC_CB6CB00D9CE0,1,0.333780967274
CC_CB7040CEE232,1,0.188672250255
CC_CB715F47A1A7,0,0.17832005962
CC_CB72B584D22B,1,0.517765827411
CC_CB72D5FF9813,0,0.0872517875749
CC_CB735F49DF92,1,0.45641175358
CC_CB748A086A6B,0,0.106952335021
CC_CB775C59AF82,0,0.134893810553
CC_CB7932759942,0,0.0709714170899
CC_CB7B74274876,0,0.252004750199
CC_CB7BEE073BBE,0,0.0988336367013
CC_CB7D50B39905,0,0.119831531841
CC_CB7E75B5E417,1,0.194689274648
CC_CB819CBEB3A3,0,0.164371996588
CC_CB83E7815195,0,0.0996980711527
CC_CB84564702A0,0,0.117529042066
CC_CB847AE61423,0,0.220470123216
CC_CB875B71D034,0,0.117194756371
CC_CB8BE55D4A82,0,0.125175470767
CC_CB8DB4A409C7,0,0.140668553654
CC_CB8F5A065319,1,0.60302736639
CC_CB9022D2D371,0,0.696592098516
CC_CB9081352865,0,0.219354291578
CC_CB91A3703686,0,0.136795698785
CC_CB9432376672,1,0.100479395721
CC_CB9C1C7A42DB,0,0.141552005347
CC_CB9C9DEB3DCA,1,0.11704357406
CC_CB9DF0E28C84,0,0.104471467828
CC_CBA1128FC93F,1,0.0914689183547
CC_CBA2A1D03DC1,1,0.296935502049
CC_CBA41E42FAFA,1,0.0367337994269
CC_CBA7168C407D,1,0.185616410929
CC_CBA757A0308C,1,0.303038243173
CC_CBA7ED13504E,0,0.099732730229
CC_CBA930306D08,0,0.367050638987
CC_CBAAF3E0288B,1,0.533277665211
CC_CBAC98F162CD,0,0.0888979187451
CC_CBB11A05DB72,0,0.138351520469
CC_CBB145FD833C,0,0.0390125230426
CC_CBB2CA39F7A0,0,0.146544356455
CC_CBB3556F13E3,0,0.0824686892836
CC_CBB66D0FB69E,0,0.170838049817
CC_CBBA35547F67,0,0.127791801973
CC_CBC0BD52E7EA,0,0.221178496925
CC_CBC1D55EBE04,0,0.147007086694
CC_CBC220D6E5B0,0,0.229278515488
CC_CBC288F713B1,1,0.521076756011
CC_CBC45F7D5688,0,0.153075481687
CC_CBC9934AD9A3,1,0.576758875599
CC_CBD24EFB2E0A,0,0.183024682127
CC_CBD4433AF9F1,0,0.106005292277
CC_CBDBD546C8F5,1,0.540736663488
CC_CBDDD31791B9,1,0.124298600823
CC_CBDE1A0C9ABC,0,0.1295597342
CC_CBE0F451157D,0,0.0603542304633
CC_CBE104D92013,0,0.132466086563
CC_CBE24C2F91BA,0,0.170262787688
CC_CBE45A31DF70,1,0.575009564943
CC_CBEA3C6B7CFD,0,0.0787204069652
CC_CBEAD50C5918,0,0.455276546902
CC_CBEE5222FF56,0,0.126182793861
CC_CBF603B2AD22,0,0.178127305107
CC_CC05EE4D74EF,0,0.17460104277
CC_CC0C6F55B470,0,0.125621610636
CC_CC10C3D883B7,0,0.181684848679
CC_CC13C7A53935,0,0.091097649337
CC_CC1496C2007F,1,0.755130967388
CC_CC14F013A76F,0,0.0883444683626
CC_CC18BF39668B,0,0.182416342811
CC_CC19C6FEEF56,1,0.312499393147
CC_CC1AD95C8286,0,0.168098422969
CC_CC210C9E489E,0,0.10005855854
CC_CC232491BC18,1,0.384781866786
CC_CC2383C355D8,1,0.0757014459051
CC_CC29446A2B1A,1,0.720841828545
CC_CC29C0EF675B,0,0.108937831223
CC_CC2D3E33FA20,1,0.67955761649
CC_CC2DF55B07C3,1,0.365626380799
CC_CC3A67A99602,0,0.149987789867
CC_CC3AFC539FBB,0,0.0250607723081
CC_CC3BEA7406A6,0,0.522685423839
CC_CC3DD4F4CDD2,0,0.0305789610603
CC_CC412E2C4293,0,0.0915321656399
CC_CC479EDB70F1,1,0.0941309768123
CC_CC4E0F6FF0BB,0,0.118725341086
CC_CC4F3CFE3912,0,0.118181587673
CC_CC51100D34C3,0,0.0893337791549
CC_CC53B6A3B921,1,0.363187156296
CC_CC562D9CF241,0,0.102732194249
CC_CC564338C65A,1,0.259273775498
CC_CC5B20CCCD4F,1,0.242231809027
CC_CC5B51DF0B8E,0,0.150730209633
CC_CC5D78E54484,0,0.25526752206
CC_CC627B317CF2,0,0.860573707118
CC_CC647A6C2C19,0,0.129446492968
CC_CC6746F4E1BA,0,0.0986038217074
CC_CC6809387789,0,0.087753096097
CC_CC69B601D6B9,1,0.0563709432408
CC_CC6CF0916012,0,0.196930252817
CC_CC717A4DEB6A,0,0.125625022977
CC_CC7499FBA229,0,0.134245319102
CC_CC769DA17ED1,0,0.0808222897822
CC_CC78148D92BD,0,0.212883792513
CC_CC7C05FBC368,0,0.276827487666
CC_CC7C6E822C2C,0,0.087752706769
CC_CC8171F4F8E4,0,0.148738741545
CC_CC82089F7601,0,0.0839737103595
CC_CC868CF2A4BE,0,0.0900072350217
CC_CC87965EE9CF,0,0.115795252996
CC_CC88F893937F,1,0.396503978056
CC_CC894AAE61C2,0,0.659094832391
CC_CC89A5F809CC,1,0.175612836155
CC_CC8A3E1DFF06,0,0.1271475933
CC_CC91B3CEC31A,0,0.0648776529126
CC_CC965379300A,0,0.571602715319
CC_CC96B061AD4B,0,0.264740414338
CC_CC96B88B3060,0,0.15169684575
CC_CC98F99AB259,0,0.0848319515707
CC_CC9CDFDF33AF,0,0.162729830834
CC_CC9FAA3D3389,0,0.237474593669
CC_CCA3E72FA8E6,0,0.204897868632
CC_CCAAB0190D28,0,0.0919550731218
CC_CCAC2DE37C23,0,0.116766682691
CC_CCACC31D3BD1,0,0.197992636331
CC_CCAEB2B0D557,0,0.0678186742757
CC_CCB2023A51F1,0,0.0845051765391
CC_CCB2687D05E8,0,0.326794133268
CC_CCB4AF5B3988,0,0.0557869279
CC_CCB4BA607C8B,1,0.125470292574
CC_CCB5A2A0F5A4,0,0.0848381170843
CC_CCBDAF745265,0,0.198500760532
CC_CCBF4942D1A1,0,0.146665864069
CC_CCBF5FBFCF83,0,0.15554933334
CC_CCC15681956F,0,0.0588015180295
CC_CCC59E089058,0,0.230428293389
CC_CCC62F3822D2,1,0.195722518442
CC_CCCB6FE86C24,0,0.310320244437
CC_CCD0A2F9B976,0,0.242805023844
CC_CCD124365C33,1,0.235499469571
CC_CCD210E33CB5,0,0.145359121072
CC_CCD3596AA9D8,0,0.0937967413289
CC_CCD638E372F9,0,0.113333520761
CC_CCD8ACF4407F,0,0.0940520705401
CC_CCE19C403D3B,0,0.118439792669
CC_CCE3EA0E360B,0,0.358832167914
CC_CCE4DA605E0D,1,0.145606648082
CC_CCE751F2A8B3,0,0.147923930814
CC_CCEDEA24E68C,0,0.162248597441
CC_CCF11F401A80,0,0.219716713334
CC_CCF19563ED3D,0,0.154386384984
CC_CCF4C872C617,0,0.0425211400422
CC_CCF6C5723581,0,0.101341598967
CC_CCF9CD340595,1,0.147587175639
CC_CCFB1D30D24C,0,0.0602260815101
CC_CCFC0A51113E,0,0.116553727374
CC_CCFE7BE30757,1,0.135829438695
CC_CD0520BA4B68,1,0.238752831209
CC_CD07605C1FC4,0,0.0727417343294
CC_CD0C5166F30D,0,0.148645872247
CC_CD0C5A992C6B,0,0.115156410404
CC_CD0FD4ECDB5E,0,0.21283526926
CC_CD11832FE4BB,0,0.0892830549486
CC_CD19A062161E,1,0.198452850025
CC_CD19EF3BC41E,0,0.107769076363
CC_CD1E8E5060A2,0,0.449535965042
CC_CD1F637A0DDB,0,0.157233822349
CC_CD2059E849D9,0,0.127274001732
CC_CD27CF37BA86,1,0.143714552778
CC_CD2EB2984AA1,1,0.0673716213535
CC_CD2EE3D89714,0,0.173435062649
CC_CD2FCC99F99A,0,0.226303805863
CC_CD315C06D010,1,0.130504914355
CC_CD340704F0A5,1,0.569379670992
CC_CD3624297DA9,0,0.110756035767
CC_CD3F9D67B0E3,0,0.189115901823
CC_CD41E5F69968,0,0.0847397927449
CC_CD42C0175654,1,0.137300758213
CC_CD46C0200AB3,0,0.0994074155924
CC_CD48B0A61CCA,0,0.214446314027
CC_CD4CE1A48C45,1,0.127604152872
CC_CD4D310F0C20,0,0.0900954450705
CC_CD5597EB38CC,0,0.136885493973
CC_CD55BA38C7BB,0,0.206365933025
CC_CD5FE6711E88,0,0.105842218728
CC_CD609865264C,0,0.767486522564
CC_CD62466EF288,0,0.116746056161
CC_CD635FC53124,0,0.237246578157
CC_CD6487907D92,1,0.108221738691
CC_CD668CFA696C,1,0.262799640557
CC_CD694F358863,0,0.0953890650226
CC_CD6F3473A5D6,1,0.169046794147
CC_CD7A72AE2128,0,0.147342907852
CC_CD7C2DCDF5D9,0,0.319272813081
CC_CD7CC3578431,0,0.0772502391044
CC_CD7F00F6212D,0,0.212711490883
CC_CD805C832FF6,1,0.305623722076
CC_CD82F347D6EF,0,0.126939559758
CC_CD84320D7069,1,0.0899562513854
CC_CD85B41F4F6E,1,0.810200410083
CC_CD87A2BE2461,1,0.454857607196
CC_CD8D98CE1832,0,0.449070510074
CC_CD9068BAC08A,0,0.116613470199
CC_CD90F5FCB1C7,1,0.122342040177
CC_CD91D3F48931,0,0.247480559034
CC_CD93CEAD21E7,0,0.0301986735419
CC_CD9428253184,1,0.316810620853
CC_CD96617B1882,0,0.16680907401
CC_CD96E2770ACC,0,0.0452545205382
CC_CD9CC04F0DF8,0,0.102500327954
CC_CDA0CC30868F,1,0.156756224155
CC_CDAB4BBF0BCD,0,0.141036438231
CC_CDB603689517,0,0.096298824621
CC_CDB70B498E05,1,0.70773818374
CC_CDB7A37B5791,0,0.119695343842
CC_CDBD745E1090,0,0.158621088018
CC_CDC10A881E49,0,0.410735933154
CC_CDC2A8052BE7,0,0.101716772008
CC_CDC4FD37691F,1,0.231990579241
CC_CDC68B8CA730,0,0.103747073677
CC_CDC6BA37FDAD,0,0.208246756273
CC_CDC7656399FE,0,0.146970756881
CC_CDC9DB42F71D,0,0.132723620945
CC_CDCF6A31F4F4,0,0.147865682454
CC_CDD17C2884EC,0,0.216866510287
CC_CDD17CCC85CB,0,0.611775043243
CC_CDD28EEDB117,0,0.154040226264
CC_CDD410741E77,1,0.196970910034
CC_CDD6B3AA2ADC,0,0.300526393797
CC_CDD8570C57AC,0,0.421408134471
CC_CDDA751BBBE6,1,0.87687373168
CC_CDDB2C757599,1,0.141361116208
CC_CDDF924C38AC,0,0.102563215942
CC_CDEB8A279A15,0,0.102539452081
CC_CDEE2671B798,0,0.19374572578
CC_CDF0FF22CDD2,0,0.340682796564
CC_CDF451A9E411,0,0.23510320296
CC_CDF75481B0A7,0,0.345043756491
CC_CDF8869408ED,0,0.343113620606
CC_CDFB36360DE5,0,0.496982821815
CC_CDFBFE0036D7,0,0.0739573979477
CC_CDFCB8C4ABC7,1,0.547640105489
CC_CE03DD4703AC,0,0.13910293467
CC_CE0412DCD62A,1,0.134132935196
CC_CE049FA1154E,1,0.277059937621
CC_CE067BE113C0,1,0.696422877709
CC_CE0E9331ED51,1,0.80364852519
CC_CE147A53851B,1,0.158473831412
CC_CE181DE7E3F8,0,0.105417345006
CC_CE19B53F579F,1,0.367210355746
CC_CE1B40BE0113,1,0.536228401714
CC_CE1B4D9621B1,0,0.635657713718
CC_CE1C5B5C0675,0,0.0826497474263
CC_CE1F3EB9B4F5,0,0.149454920323
CC_CE1F426D2345,0,0.0990048462179
CC_CE20503BFD55,1,0.516543437904
CC_CE245BC3956C,1,0.454708406672
CC_CE27DE3C66E7,0,0.1068014445
CC_CE317BFFE599,0,0.0855095579636
CC_CE3753196FE5,0,0.103010428767
CC_CE3998A937FD,0,0.297241387503
CC_CE418F9DF0D9,0,0.167401949609
CC_CE425DA77784,0,0.0594744530822
CC_CE4425995049,0,0.255944749919
CC_CE470FD8A3C3,0,0.227194524594
CC_CE51729C3ABA,0,0.149491491627
CC_CE547B980864,0,0.192079458871
CC_CE54FA0A1537,0,0.144555614471
CC_CE5B5EA40B36,1,0.0999539206035
CC_CE5E916074C8,0,0.0951354263761
CC_CE5F8568ED79,0,0.121910099939
CC_CE604CB6BA07,0,0.225656234161
CC_CE651090FFE7,0,0.124687007588
CC_CE6844D81392,0,0.155510935821
CC_CE6F6B3732F5,0,0.0831725185966
CC_CE712558D8AF,0,0.567073795368
CC_CE7257FE6539,0,0.474126275262
CC_CE7626E67D99,1,0.30317074672
CC_CE77AE742AC4,1,0.859007895314
CC_CE7A1BC9CD98,0,0.124470638431
CC_CE7FA91BB43C,0,0.505862066866
CC_CE866C0C5B6E,0,0.132694127902
CC_CE86B8F0BBD1,0,0.195072653308
CC_CE8C5CFC05EC,1,0.0995214015287
CC_CE8CD20A2C45,0,0.132662267238
CC_CE8DC62A613C,1,0.319608571503
CC_CE930CF75F1C,0,0.118021783816
CC_CE99C7E8FD44,0,0.837189999438
CC_CE9A1A5BDD51,0,0.487656956809
CC_CEA4EBBFEFCF,0,0.138158271322
CC_CEABF4532E14,0,0.062702311739
CC_CEACE65C9752,0,0.149448189411
CC_CEACFE7EDEA6,0,0.088810716873
CC_CEAFCA6405FE,1,0.262813801157
CC_CEB0990A3F4A,0,0.255045384466
CC_CEB0994981CE,0,0.120218387834
CC_CEB3D5B5172C,0,0.0687957776931
CC_CEB97A7C92B0,1,0.0497385138212
CC_CEBAFD98678C,0,0.0918919333706
CC_CEC30CD9E429,0,0.106077580033
CC_CEC8EC5490F6,0,0.0891357953616
CC_CECAA6645EA6,0,0.14521713191
CC_CECC2BE42CEA,0,0.0797361254142
CC_CED294DB7A45,1,0.0758072532207
CC_CED43447F756,0,0.166672488236
CC_CED5042A9A47,0,0.106646788485
CC_CED5A70C9A51,1,0.544164487121
CC_CED64B9AD109,0,0.147921125432
CC_CEDE79C4BD03,1,0.149144696989
CC_CEDF1142FEBE,0,0.0995238862731
CC_CEE5A07A87EA,0,0.0937235596658
CC_CEE9F9382609,0,0.128279326171
CC_CEEB3E83FAAF,0,0.172314473474
CC_CEECDDD36368,0,0.150604671655
CC_CEF427149551,0,0.426973799926
CC_CEF6A74D6C4D,0,0.120921566773
CC_CEFC59B67B92,0,0.355561106421
CC_CEFEF9E415F2,0,0.128077561179
CC_CF009DAC8E64,0,0.0771873148376
CC_CF05CDED4CAD,0,0.0818987084153
CC_CF0682C8DC63,0,0.113765025936
CC_CF0AD663CDD5,0,0.274291027462
CC_CF142EC1D17A,0,0.0441353385399
CC_CF1D27BB19EF,0,0.162978333539
CC_CF2110BEC9D0,0,0.120791303943
CC_CF23AE889426,0,0.127621300755
CC_CF259C0D7753,0,0.0741454417162
CC_CF2A41DA98A9,0,0.275174844258
CC_CF32BBCE2F0B,0,0.146168289685
CC_CF3488B42273,0,0.258762467026
CC_CF34DA195752,0,0.354467775817
CC_CF36103555E7,0,0.121420544231
CC_CF36403A45C8,0,0.11553936297
CC_CF39BC33863E,1,0.854508478203
CC_CF3F059B66A2,0,0.170229073338
CC_CF405017459E,0,0.321285079102
CC_CF4141DFAB98,1,0.782254347482
CC_CF474F880316,0,0.170449513601
CC_CF52F22A2656,0,0.660439343948
CC_CF5481F063C1,1,0.0980634229687
CC_CF5999723BC8,0,0.107794389171
CC_CF5B67D5FBFF,0,0.100164650413
CC_CF5DAF79181B,1,0.101262253215
CC_CF67B1EB47C8,0,0.537731062648
CC_CF711FDEBE6D,0,0.18107436301
CC_CF724E0761C0,0,0.20977567046
CC_CF786C6D564D,0,0.0669710394456
CC_CF7B7E158244,0,0.0994033647231
CC_CF8083BC282A,0,0.151722536398
CC_CF84CF3EC0EC,0,0.115047889669
CC_CF85F73B53BD,0,0.157386347878
CC_CF8A438618B0,0,0.0625944508831
CC_CF8CAA9F2DF3,0,0.119132948216
CC_CF8D37E26502,0,0.106191685105
CC_CF8E24366F5B,1,0.550109089786
CC_CF97060B68E6,0,0.0806040637269
CC_CF978B6D4E45,0,0.182731363388
CC_CF99582282E5,0,0.208903469083
CC_CF9CC5E12D09,1,0.784715276676
CC_CF9D851AAA80,0,0.127446124665
CC_CF9DB2F89DC2,0,0.125353530512
CC_CF9DFD2CA132,0,0.183150486723
CC_CFA23A967FF4,0,0.0929965480225
CC_CFA3FB1CDF0F,0,0.106720631621
CC_CFAA20584DD6,0,0.352590923063
CC_CFACF48E2FDE,0,0.295244148822
CC_CFAD5E7FD77F,0,0.100249059986
CC_CFB70E34E6B0,1,0.797600294199
CC_CFBBBF5EB282,0,0.280380429249
CC_CFBD88E9D0E9,0,0.146924213656
CC_CFBF4293669B,0,0.0878669719434
CC_CFC010959608,0,0.106862950374
CC_CFC12ADA99B1,1,0.124788825662
CC_CFC257ED71DC,0,0.122530004955
CC_CFC35A3AA942,0,0.0734720427472
CC_CFC581549A1E,1,0.722209285519
CC_CFCA0E4C59C4,0,0.100257939844
CC_CFCB7433BAF8,0,0.248304706339
CC_CFCBBE5E397A,1,0.185848230535
CC_CFCE718B4584,0,0.125858536203
CC_CFD2A6E0C6AD,0,0.08421522796
CC_CFD3D259BE77,0,0.148870215906
CC_CFD7F4954B0F,0,0.10365343246
CC_CFDE4B06509A,1,0.158762813084
CC_CFDEFABAC332,1,0.411170196588
CC_CFE022151E43,0,0.0988173425929
CC_CFE302E59120,1,0.699670570428
CC_CFE343CD94EE,0,0.173288153947
CC_CFE3E56D034A,1,0.480795716454
CC_CFE9BA58A35C,1,0.73216583068
CC_CFEC78A0C00C,1,0.113364971497
CC_CFF0B3CB5293,0,0.545663909762
CC_CFF9E7A46FBF,0,0.114037288935
CC_CFFA03B71F79,1,0.224831126441
CC_CFFA1202DB3D,0,0.269310269829
CC_CFFAB6961C09,0,0.0758442509996
CC_CFFDEAD4C87E,0,0.208868500181
CC_D0008EBFB8FB,1,0.421894328217
CC_D007FE1DF18C,1,0.467411277184
CC_D009B605E470,0,0.0947624485117
CC_D0105531852B,0,0.109756301493
CC_D0110CBC10AE,1,0.745732118024
CC_D0136CB2E7A4,0,0.079805719537
CC_D01769281FDA,0,0.155043674138
CC_D019A4951C31,1,0.575618491925
CC_D01A77C80F84,1,0.227561875851
CC_D01BC4935FC0,0,0.159303165841
CC_D021720FFB07,1,0.225165402156
CC_D02B3BBBCE57,1,0.359975802659
CC_D02C2B0A9B48,0,0.350391592201
CC_D02DE4312B7C,1,0.229712337204
CC_D02F4D3A590A,0,0.316148573788
CC_D03164E7EE63,0,0.194926407516
CC_D0331286AD8F,0,0.240372711947
CC_D0331836BCAF,0,0.343421015086
CC_D0367EF146BF,1,0.857377750101
CC_D04054FF9C7C,0,0.297662136948
CC_D041F0DEA64F,0,0.0515663923977
CC_D045D02AD88D,0,0.106400754462
CC_D0461C30DFAA,0,0.182267854086
CC_D046AE57FFE2,0,0.166849558276
CC_D04B0E7F2C9F,0,0.110938533915
CC_D04FCED830D2,0,0.196953869776
CC_D052684AAA5A,0,0.109590489942
CC_D0550D6CB744,0,0.115977520208
CC_D05646333CE0,1,0.256214227925
CC_D056D77ADFC0,0,0.242602942701
CC_D05BCDC1B9DF,0,0.123857049464
CC_D05F492609D6,0,0.185843343374
CC_D0626E48ADB0,0,0.10432424118
CC_D06464485898,1,0.0441275503307
CC_D067A36C1E51,0,0.107894847846
CC_D06828D5C645,0,0.257468796964
CC_D069094135C9,0,0.146620973165
CC_D07102B9D96C,0,0.267563547599
CC_D073B3BA57E1,0,0.16131200855
CC_D079FE778858,1,0.873877983544
CC_D07BADF951EF,1,0.631734958861
CC_D07D1C064D11,0,0.0960934788492
CC_D07D4F0C0791,0,0.077348530905
CC_D0819118C1FD,0,0.300755146111
CC_D082D9C12729,0,0.125864557116
CC_D086C787E28B,1,0.111069650084
CC_D08708D29694,0,0.125185852863
CC_D087E763481C,0,0.0469953221874
CC_D0882397DE50,0,0.0992449817103
CC_D090F476345B,0,0.197226524963
CC_D0958D95AAAF,0,0.299585780421
CC_D0968FD5D434,0,0.140892631
CC_D09C5CB7071D,0,0.136431104602
CC_D09D2025F4E3,0,0.115941997944
CC_D09D884D201E,0,0.111910013771
CC_D09FD701D415,0,0.0918657726265
CC_D0A289D8595F,0,0.118167673865
CC_D0AA89439858,0,0.214179164469
CC_D0AE4748F321,0,0.087270208592
CC_D0AED3590B9D,1,0.306402226085
CC_D0C4B5B3D7EA,0,0.0452696492674
CC_D0CF9DC33290,0,0.184408681192
CC_D0CFE197344C,0,0.206616770162
CC_D0D47B6683B3,0,0.073615846222
CC_D0D78D9695C9,0,0.0845262546421
CC_D0DA1AEFBB2B,0,0.126093695854
CC_D0DD8D2E76A9,0,0.307504187603
CC_D0E7C88F6768,1,0.175819545566
CC_D0EBA7792316,0,0.183782212625
CC_D0EE60B79B5B,0,0.150540338915
CC_D0F679FB7CCB,0,0.101791084577
CC_D0FC0A74A47D,0,0.185652314844
CC_D0FC69802CB5,0,0.149179832364
CC_D10092325095,0,0.0746787373277
CC_D1012509F3E9,0,0.295158975933
CC_D102AB7C4360,0,0.0971305414238
CC_D104ACBBAD56,1,0.670153851162
CC_D105B1734E83,0,0.383574045315
CC_D105FAE17246,0,0.135553125277
CC_D10B3641735E,1,0.191002024093
CC_D114959B2A7E,0,0.0957339340359
CC_D11617CD97D5,0,0.155885782157
CC_D11DAB4B88D9,0,0.121979294291
CC_D11E7780E2B9,0,0.124856942966
CC_D126400948F2,0,0.20318199685
CC_D1264962E93E,1,0.117160919428
CC_D1297ECF79C3,0,0.092456336078
CC_D12DD972BA1A,0,0.118445445967
CC_D13008A67FF9,0,0.207004853222
CC_D1302170046D,0,0.153082996931
CC_D131FE4E2195,0,0.0787379588743
CC_D132B42FBFD5,0,0.165049073101
CC_D133C6BFCA80,0,0.0666829202943
CC_D133D280ECE3,0,0.142622417882
CC_D13E12ABC70C,0,0.106665287159
CC_D1408DB0172E,0,0.113877159794
CC_D140F8236B19,0,0.135139822801
CC_D141A70687D5,0,0.10720382798
CC_D141C5241C8C,1,0.111876363849
CC_D14A61E81C09,1,0.170798047283
CC_D14CE392C84C,0,0.107083695536
CC_D14DE1D9835D,1,0.650217660287
CC_D14F1D15E651,1,0.380132920072
CC_D152F6CA72C1,0,0.358317605609
CC_D1546778D8E9,1,0.178192627443
CC_D15AD64E2808,0,0.120943483646
CC_D15B6AE7EFA5,0,0.235302813575
CC_D15CC7A30B8A,0,0.0296046393136
CC_D15FC81FF15E,1,0.582787391777
CC_D15FFD3CE564,0,0.106130842244
CC_D163357A61D9,0,0.105831115024
CC_D163A4FD6C65,0,0.0879427883112
CC_D165F7DC6B2B,0,0.104449680829
CC_D16B00A050A8,1,0.469773409643
CC_D16F4F8FEEAA,0,0.0915201665636
CC_D170915B1FB5,0,0.276457590799
CC_D173A4D62F91,0,0.0873700012922
CC_D17415042E3A,0,0.502501359858
CC_D178185D8984,1,0.734410318462
CC_D178C8484E55,0,0.664213040439
CC_D179DF4431F5,0,0.0824220568872
CC_D179E8B6AA77,0,0.22116157026
CC_D1822B5E5073,0,0.13140552138
CC_D1879D798435,0,0.13205797248
CC_D188508A53D3,1,0.279117507989
CC_D189C876078F,0,0.119548608376
CC_D18F866D83C5,0,0.0731342235567
CC_D18FFC354239,0,0.0776698653835
CC_D191FE071112,0,0.271318333601
CC_D193DD5E737D,1,0.0929043706363
CC_D1945FE7A0E5,0,0.111555194536
CC_D1961F82F1BA,1,0.376386007658
CC_D19A8F690460,0,0.150200939454
CC_D19F0F071992,1,0.129709161307
CC_D1A32F128E07,0,0.226332861734
CC_D1A3664B4E80,0,0.0856529874458
CC_D1A3F09E73FB,0,0.138983106351
CC_D1A90C6FDF13,0,0.256722673854
CC_D1A981B0B6DA,0,0.0964905749886
CC_D1AB0F78FDBC,0,0.616657812441
CC_D1AC6A47A169,0,0.758758949741
CC_D1ACA5CA4446,0,0.0743716391143
CC_D1AD99E473C6,0,0.634948891261
CC_D1B22566A74D,0,0.233248356544
CC_D1B6E274FD67,0,0.0935785766001
CC_D1B7729EE94A,0,0.0764652422789
CC_D1B9FF47D595,0,0.0879892662065
CC_D1BB13ABF21B,0,0.047374299111
CC_D1BCD967C0AF,1,0.0840021146327
CC_D1BE5CBF3DD8,1,0.157221254873
CC_D1BEF2EDDC92,1,0.142468147214
CC_D1C132FA8DB8,0,0.0890669524531
CC_D1C559E97E0D,0,0.736002921353
CC_D1C81FA1DAEB,1,0.886637017593
CC_D1C9D215017D,1,0.789437716086
CC_D1CBCB6AB6EA,0,0.277165571475
CC_D1CCF0BA34FF,0,0.0749927576742
CC_D1CE829274A9,1,0.189580472264
CC_D1CEE9BD220D,0,0.0807855709522
CC_D1CF010CE88D,0,0.0831811936651
CC_D1D1A37B55FF,0,0.102140445125
CC_D1D6419D1AC5,0,0.208346708585
CC_D1DB03BBA961,1,0.0712506248932
CC_D1DBEB2521AB,0,0.257533568285
CC_D1DCC960FE8A,0,0.244447787873
CC_D1DEEE008DB7,0,0.123508203961
CC_D1DFFBEB0D49,0,0.178146263672
CC_D1E03F3A6E69,0,0.113376465726
CC_D1E4776CB77B,0,0.315767866592
CC_D1E9940689FE,0,0.169553440562
CC_D1F08540BE4B,0,0.081678246095
CC_D1F19CB4E1EA,0,0.117355153641
CC_D1F2386471A1,0,0.291971439879
CC_D1F24AD519FC,0,0.100561088611
CC_D1F296790CD7,0,0.0829322742557
CC_D1F7D49BB3DE,0,0.122636207317
CC_D1F9CF8B6D7B,0,0.202524241775
CC_D1FB13EC0812,0,0.3193982107
CC_D2019C5948FE,1,0.849274730945
CC_D2040C7FFE9A,0,0.0867567362771
CC_D207FD9D8578,1,0.210316589986
CC_D20A05A00AD8,1,0.116101064332
CC_D20BC003ACBC,0,0.130562570002
CC_D20C5840549E,0,0.417138113835
CC_D20E2832F913,1,0.869863879907
CC_D20F94A9C4B6,1,0.25821070439
CC_D2117FF71FF0,0,0.112758557379
CC_D211E9AE94B3,0,0.11061702203
CC_D212CDFEF986,0,0.110634006668
CC_D2165642FD6D,0,0.0691105077045
CC_D216C0419900,0,0.119125430511
CC_D217092B9BBA,0,0.0903607680071
CC_D21989FDB44D,0,0.0973895545159
CC_D21A4ABA9070,0,0.0783475609874
CC_D21A74F9E93F,0,0.182638268658
CC_D21CB0395CD9,0,0.242110328855
CC_D21DC5D3265C,0,0.204832008613
CC_D21DD6755FE2,1,0.156506108137
CC_D221354D8B09,0,0.117096327998
CC_D2254B292EDF,0,0.203689170145
CC_D2273560C5F0,0,0.816099625755
CC_D22BEF80758F,0,0.10387552677
CC_D22D6C7CBEF2,0,0.135480611241
CC_D2379C730044,1,0.530430175895
CC_D23841DE7ACD,0,0.238458377067
CC_D238DDD7ABE7,1,0.457211531458
CC_D23E86F674C3,0,0.165863844034
CC_D23FCE500A40,0,0.110249447078
CC_D241A3C08817,0,0.158882180307
CC_D2425B113E8D,0,0.161079647164
CC_D24410CB0F55,1,0.310305091382
CC_D2450F09579E,0,0.153937653329
CC_D24615CAACFC,1,0.422038396078
CC_D24841C611FE,0,0.143180499629
CC_D24A92824E36,0,0.119729272391
CC_D24B9BF999B6,1,0.153824678083
CC_D24D4B1467BF,1,0.23020924103
CC_D24F23CD8480,1,0.766211681118
CC_D24FCE310CEE,0,0.39401146212
CC_D24FEA8563A1,0,0.0605179560156
CC_D2541BF5A6D9,0,0.0934213936529
CC_D255679A7067,0,0.0435375254293
CC_D25D6AA21EEE,1,0.642093435107
CC_D25E936DF38A,0,0.0612006294313
CC_D26123F4966B,1,0.156914251971
CC_D261C22A377F,0,0.113370359146
CC_D26286415E11,0,0.141192661431
CC_D262ED491565,1,0.0935914973694
CC_D2657ED752A0,1,0.392194426062
CC_D2668DA59C8F,0,0.296646288793
CC_D2669F81D2A4,0,0.20698927361
CC_D26EB2E60B56,0,0.402845443897
CC_D26FB31E3AB9,0,0.0852300353851
CC_D271E028158F,0,0.522755288053
CC_D2720CC4A83A,1,0.804284509567
CC_D274499A57E0,1,0.789254416232
CC_D27A3A9D2F6C,0,0.0985156021371
CC_D27C8F3501F8,1,0.785754259277
CC_D27D21CBB3D7,1,0.216638061868
CC_D27D3985DEFD,0,0.147472798617
CC_D280B89DDE05,0,0.177278117352
CC_D282B68A6D71,1,0.262013649748
CC_D286219989C3,0,0.194450800394
CC_D28ACD8901C6,0,0.319423567361
CC_D28D5AA3D4A1,0,0.0930371802969
CC_D297120DAB56,0,0.131356550918
CC_D29A8F33C839,0,0.0502798834642
CC_D29BCB76CAFC,0,0.0837134721101
CC_D2A192239CAF,0,0.258175612492
CC_D2A46C988D4A,0,0.108280191834
CC_D2A657EF14EE,0,0.112194156173
CC_D2B5FC7C38DF,0,0.0858652568541
CC_D2B61DE45855,0,0.0717610432674
CC_D2BE14587D36,0,0.129154609258
CC_D2BE8B463529,1,0.644867894047
CC_D2C0FF3AF6EC,0,0.1085088161
CC_D2C3A3CF8C43,0,0.136212525169
CC_D2C663FD2B34,1,0.206980378564
CC_D2C8F386C890,0,0.11381233686
CC_D2CD6F111899,0,0.387822980932
CC_D2CE804BD304,0,0.0706808030019
CC_D2CE9F62425D,0,0.264197750369
CC_D2D039B8BFC7,0,0.129016729366
CC_D2D5DEFED456,1,0.377314155055
CC_D2D6E402CC5E,0,0.110103249425
CC_D2D792A9A4CC,1,0.114007013694
CC_D2D9134BCE69,0,0.756798101437
CC_D2DE1E3664B2,0,0.112637127943
CC_D2DED6A9E044,0,0.142728732864
CC_D2DEEA125614,0,0.192198898804
CC_D2DF820CD197,0,0.0855878882385
CC_D2DFDDB1E8F9,0,0.115399733099
CC_D2DFE9A1967D,0,0.120129106988
CC_D2E269AEF461,0,0.196624288761
CC_D2E694711D50,1,0.56046379146
CC_D2E885A14B34,0,0.122239698092
CC_D2ECED58EEB0,0,0.110226712172
CC_D2EE9A0520F0,0,0.201205534701
CC_D2F111C79D63,0,0.064129292643
CC_D2F16DDB2F86,1,0.162491675175
CC_D2F1D6805985,1,0.750170203857
CC_D2F437B47AF0,0,0.286634800666
CC_D2FA5D087CBC,0,0.0812196203534
CC_D2FB67928254,0,0.0879848272442
CC_D2FB807EE276,1,0.0869495457953
CC_D2FD7B0D8B34,0,0.172965219034
CC_D30259D4AE64,0,0.299564033781
CC_D3038ACDF752,1,0.836089682503
CC_D3038C299801,0,0.145038378697
CC_D307F79C971A,0,0.133813321304
CC_D30BBC7AD658,0,0.0789155082983
CC_D31051013E58,0,0.0991370236005
CC_D311F59BFECA,0,0.107380733686
CC_D312F8274754,0,0.118342727098
CC_D31513E751D3,0,0.173269195041
CC_D31BAFB2E16A,0,0.101545316439
CC_D321AB865DC7,0,0.327769994502
CC_D3241471BDCB,0,0.0862063735046
CC_D326CB82A372,1,0.547729229572
CC_D328B9E67E65,0,0.068162144354
CC_D32B6AE58AED,1,0.513095445432
CC_D32FC5DDE730,0,0.291438695902
CC_D333F59A0877,0,0.138671753119
CC_D33AB9982EED,0,0.178068016281
CC_D33C6EA896A6,0,0.107791175619
CC_D3454F3F4C2F,0,0.151558309488
CC_D345983E82DE,0,0.0977544903281
CC_D3476644188A,0,0.0702719924339
CC_D34AFCBB4312,0,0.225943499445
CC_D34C0C572354,0,0.124540921434
CC_D34EE8EF4A0F,0,0.111859053865
CC_D34F08703FA6,0,0.12423601128
CC_D34FB9B21386,1,0.788411568162
CC_D3542F5E6244,0,0.0854683020478
CC_D354EEB02D80,0,0.100052534154
CC_D3566095CE43,0,0.179990081736
CC_D35D3BBB5C65,1,0.560968301158
CC_D35D3D201CBD,0,0.139715604775
CC_D35EC5D38FEB,1,0.596191601268
CC_D362B82DF21E,0,0.209254489973
CC_D36462358A57,0,0.139187938926
CC_D364E6AE7D90,1,0.104739797019
CC_D3693EAA812A,0,0.119805220363
CC_D36B6847D67E,1,0.0725682165374
CC_D36B7BA76307,0,0.145511832736
CC_D36BB11E0FA7,0,0.149083034267
CC_D36D6C1A33A3,0,0.144555132422
CC_D37184A9254B,0,0.0665116764629
CC_D37758B14921,0,0.146408466605
CC_D3778E20CFC2,0,0.128817315904
CC_D378C1F7091D,1,0.245178491539
CC_D379299E0F99,0,0.0847913920829
CC_D3796039EE79,1,0.59335743839
CC_D3867188DFC2,0,0.122924948845
CC_D3908B8051B8,0,0.0993020164213
CC_D39307AB7E8A,0,0.139712844981
CC_D3966F181FE3,0,0.0791810311766
CC_D39682A0DFC8,0,0.0922261188659
CC_D39752AFEA75,0,0.70981895803
CC_D397D9DD9272,1,0.923974736732
CC_D39A6914D1CC,0,0.144141349795
CC_D39BA5427404,1,0.245001370187
CC_D39D435485BB,0,0.0667513046253
CC_D39DB7F6050E,0,0.10029180492
CC_D39E809D8FA6,1,0.253780613279
CC_D39F9382AB3F,0,0.188102438382
CC_D3A41831C0C2,0,0.131670332312
CC_D3AA942E84C7,1,0.207236012508
CC_D3AB84DCD29D,0,0.10138779665
CC_D3ACC16BFB7B,1,0.137987004799
CC_D3B5CBDFDCBD,0,0.129477158417
CC_D3B941DB7A79,1,0.595068366845
CC_D3BC63E2F339,1,0.848584632965
CC_D3C08D8E747F,0,0.116646187999
CC_D3C14DDAA15B,0,0.146578742233
CC_D3C39C93F423,0,0.117392155351
CC_D3C45878B875,0,0.156144141529
CC_D3C65BEDBE29,0,0.132356781916
CC_D3C963739232,1,0.668110272139
CC_D3CD6179558D,0,0.274465586871
CC_D3CE59984E11,0,0.104355715512
CC_D3CF771B872D,0,0.0936022213473
CC_D3CFB84F655B,1,0.206736276452
CC_D3D086C4F645,0,0.130770770216
CC_D3D095D6121D,1,0.10062198736
CC_D3D4903DA282,0,0.165103628515
CC_D3D68BDCD8A9,0,0.146732331658
CC_D3DB217BF289,0,0.122588959037
CC_D3DD7BF44AEE,0,0.108017667155
CC_D3DDAC9F1216,1,0.593073152324
CC_D3DED803C042,1,0.53663248296
CC_D3DF80A94AEA,0,0.111343696188
CC_D3E23627B45E,0,0.147897541476
CC_D3E2E9727887,0,0.0791114974622
CC_D3E3FC61AA16,0,0.0911939050792
CC_D3E6428FAD86,0,0.0877381374986
CC_D3E89CF79C1D,0,0.107592491095
CC_D3EEC5574F6E,1,0.771746199639
CC_D3EFE102C1D4,0,0.139482076836
CC_D3F6B908DA1D,0,0.13807191227
CC_D3F6E968C913,0,0.139711272161
CC_D3F7481F33E4,0,0.0955025603186
CC_D3F7C98C6392,0,0.104160433769
CC_D3FAA1172A83,0,0.314105847317
CC_D401FF247864,1,0.0947537979498
CC_D402AA6A0EDA,1,0.102540324702
CC_D40366FF4DFE,1,0.870726165961
CC_D404797FE4C8,0,0.0947433945468
CC_D406BE13BD9A,0,0.132366889176
CC_D406C5FE3ABC,0,0.166015504452
CC_D40E1461BA58,1,0.316250509561
CC_D415D9B6C366,0,0.119047143096
CC_D41B1351AEAF,0,0.148148332533
CC_D41B3719D7BB,0,0.575795935489
CC_D4237565AA66,0,0.146357437625
CC_D423987544DA,0,0.22476954193
CC_D4275FDCF3AF,0,0.0827420006344
CC_D429C424DEDA,0,0.081982571533
CC_D42C0B72CA29,0,0.200255261019
CC_D42D1C42C2E6,0,0.128595054045
CC_D42EC9A5D1FB,0,0.484944436278
CC_D42FFA8F3169,1,0.793254655415
CC_D430AD797054,0,0.101721341979
CC_D434963D1147,0,0.0634572383188
CC_D434E30C3619,0,0.102026532059
CC_D4378A238AC8,0,0.125548413772
CC_D43AA71F891F,0,0.216376655078
CC_D44135D745E2,0,0.0792613486235
CC_D445807B5C61,0,0.187108095676
CC_D447F85C2DA9,0,0.226016666631
CC_D449C9463913,1,0.800684427865
CC_D44DB6A794B9,0,0.200639901701
CC_D44E2EE70A16,1,0.128806826004
CC_D450F59B7FDA,1,0.916026638776
CC_D451AA90DA94,1,0.682420387261
CC_D45366071D78,0,0.0904228497961
CC_D4549F4D112A,0,0.109198567113
CC_D454A91ED4BE,0,0.10019497594
CC_D4560BD446D4,0,0.203875928171
CC_D4585F3BA979,0,0.221763844261
CC_D45C72ADBA41,0,0.109334414636
CC_D45E9E364846,1,0.189974562486
CC_D463F4B81D2E,0,0.0917821401462
CC_D46F15239114,0,0.201195617806
CC_D4758B2ED70D,1,0.222358574423
CC_D476D2A870F2,0,0.129241099388
CC_D47737A3F8D6,0,0.128642934632
CC_D477FD58EC18,0,0.115961738055
CC_D47BE18B5B11,0,0.0705718603721
CC_D47D5407FBA7,0,0.0765157124878
CC_D4800E51EA8F,0,0.598716670333
CC_D482D79EDC54,1,0.818631680571
CC_D483D735A0FF,0,0.157044987281
CC_D484D97F139A,1,0.335052957811
CC_D48A5222D7E8,0,0.778254634748
CC_D48ABFDB1118,1,0.184542408755
CC_D48BADA0D657,0,0.15633507828
CC_D48C2D07FFC3,0,0.161933584881
CC_D491A7F1C9EE,1,0.276215973693
CC_D492CE57105F,0,0.0958498016662
CC_D495145DAD2F,0,0.114707453582
CC_D497EAC15351,0,0.105260606098
CC_D49A23D8A5CA,1,0.640598840964
CC_D49C6111B381,1,0.116168073089
CC_D49CA4139769,0,0.14032440324
CC_D4A1AD0C9DF7,0,0.227907036544
CC_D4A2C3AD56EB,0,0.167852683002
CC_D4A57BDF8148,0,0.10710637559
CC_D4A744C3AFE7,0,0.0795418535147
CC_D4A922C06B8D,0,0.108308375622
CC_D4ACDA4FD85C,0,0.087405185619
CC_D4B177D13DC8,0,0.0850989001336
CC_D4B2657C05F6,0,0.127374237996
CC_D4B41319640F,0,0.0968049667486
CC_D4B9866EFF62,0,0.0597168216673
CC_D4B9D3D0C209,0,0.0897610689879
CC_D4BA0989254A,1,0.0736013191986
CC_D4BA33FD0125,0,0.213045446673
CC_D4BB3EB8D4D9,0,0.104118291546
CC_D4C029F67176,0,0.321132916663
CC_D4C8EBDD846C,0,0.310953577
CC_D4CE0555C2DD,0,0.214338769349
CC_D4D009E2F58D,0,0.129419335742
CC_D4D14E7F3295,0,0.165993734573
CC_D4D4D53CEAE2,0,0.108766880304
CC_D4D633EDAAB5,0,0.0997808659341
CC_D4DDF151EBB1,0,0.145250857879
CC_D4E01FC49F1A,0,0.143521457185
CC_D4E2C6924B4E,0,0.852657103712
CC_D4E8CEB23FA6,0,0.129801023531
CC_D4E9D50AF4C9,0,0.132016739961
CC_D4EA2BF9B258,0,0.112706177048
CC_D4EB3A79F2C3,1,0.711925649147
CC_D4F1868FB6A2,0,0.116056601816
CC_D4F1FED7AC0E,0,0.096238505195
CC_D4F351A53A94,0,0.11196601949
CC_D4F8A339FF16,0,0.122969041139
CC_D4F92B3A2375,0,0.330809405942
CC_D4FAA038D994,0,0.087286793056
CC_D4FCC1633979,0,0.0760066330677
CC_D4FD0FA4BDD8,0,0.135352905093
CC_D4FF6E78764B,0,0.116379341263
CC_D50037B1FCC9,1,0.106078581998
CC_D502283AAA08,0,0.109106483638
CC_D506E134BDFC,0,0.0899414009317
CC_D5125E84765B,0,0.134833133306
CC_D515509A602A,0,0.122959651451
CC_D515BD5845EA,0,0.0860776138533
CC_D5160A512B7F,0,0.137909497226
CC_D516E35A78B5,0,0.207263327268
CC_D519406BC995,0,0.0871203224718
CC_D51C84976ED6,1,0.124704565984
CC_D51E05C25275,1,0.792701402194
CC_D51E9F3EC439,1,0.763035869364
CC_D51F77AC5BBB,0,0.236562916712
CC_D520C6A31ED6,1,0.12023294786
CC_D5240CE735A2,0,0.146974251626
CC_D52A0987F80F,0,0.0998448717082
CC_D52BE54FF386,1,0.194843364323
CC_D52F264961F6,0,0.684868869075
CC_D530D5BAAF38,1,0.656534136418
CC_D531B5EF2B50,1,0.0952853782144
CC_D53330AE5DBD,0,0.258232351142
CC_D53514D412DB,0,0.126753070217
CC_D535D3A5474E,1,0.532540960992
CC_D536704B6764,1,0.204180414092
CC_D5398708F838,0,0.125179558512
CC_D53A623898DC,1,0.471689764594
CC_D53D1602C69F,0,0.137999597283
CC_D5459D97C01C,0,0.172181288581
CC_D54851664574,0,0.156149008476
CC_D548B13848C6,1,0.103561126242
CC_D54CA7477ADF,1,0.378840015577
CC_D54D5281D251,0,0.351397874663
CC_D54DF0838CAF,0,0.211715868406
CC_D552A9B5B960,0,0.12774009656
CC_D555A7B67B3B,0,0.0389095726175
CC_D556FDC5966D,0,0.149820174369
CC_D558E04454C0,0,0.0505506892017
CC_D55A98E39501,0,0.0410687854889
CC_D55D672116FB,0,0.147596023577
CC_D55F551D3210,0,0.192194079466
CC_D55F55DC196E,0,0.0973618397132
CC_D56282147102,1,0.780094666291
CC_D562CEEE6A2F,1,0.142645050175
CC_D563064A1548,0,0.115356829236
CC_D564D2AA15DC,0,0.111468596692
CC_D56A450323C9,0,0.136356064943
CC_D56D100C07F0,1,0.86098046779
CC_D56F2152C73A,0,0.217122094262
CC_D571187B1C70,0,0.100299081047
CC_D571AE0ACF88,0,0.101917008477
CC_D5725D4E3CF2,0,0.0774950413914
CC_D575368B6FF2,0,0.0913764834822
CC_D5790BFC8988,0,0.117835720466
CC_D579487A4A94,0,0.25567160163
CC_D579BAEE8B34,0,0.0786101357841
CC_D579E137FB97,0,0.133264143878
CC_D5868C04EC3E,0,0.174477591661
CC_D58727BEE89B,0,0.152489840665
CC_D58D0F46193D,1,0.0762364001557
CC_D58F3CAAE820,1,0.0989259345431
CC_D590B277F862,0,0.112974143155
CC_D595E3C32990,0,0.0847801543533
CC_D596637152BB,1,0.123560710497
CC_D599363DA090,0,0.096239018208
CC_D599E95C96D2,0,0.13197973071
CC_D5A1F66E28AF,1,0.0919547637528
CC_D5A7829DDDA8,0,0.241099495572
CC_D5ACFCB0FAC0,1,0.527854790439
CC_D5B1468B1D65,0,0.0864096105188
CC_D5BD6FAD166B,1,0.555128387632
CC_D5BEC047CB8F,0,0.108466447213
CC_D5C13E9667EA,1,0.258667792203
CC_D5C65AB848BC,0,0.176115526089
CC_D5C9503563CB,0,0.0975098068094
CC_D5CA3445543F,1,0.107062041861
CC_D5CD19E5DC55,0,0.176399207963
CC_D5CDC8E71E4F,0,0.0786872764335
CC_D5D4482D6AB6,0,0.590793978898
CC_D5D4DC36B22D,0,0.39330977888
CC_D5D501A7A4BA,0,0.108462029078
CC_D5DD1BA297C1,0,0.197522431344
CC_D5E1DB12F6A3,0,0.0600888761214
CC_D5E34124820B,1,0.0959516095363
CC_D5E4B0516E78,1,0.108574966281
CC_D5E667665E0C,1,0.214032422854
CC_D5E7B18A98BB,0,0.140522018595
CC_D5E808DDA012,0,0.0933651708449
CC_D5E80ED7BA91,0,0.0879821492256
CC_D5E9ADA8827D,0,0.103467295877
CC_D5EB4BC1791D,0,0.0928174885161
CC_D5ED88759533,0,0.116803180624
CC_D5ED8FB753E8,0,0.17575102149
CC_D5EF0A01C613,0,0.0901615533249
CC_D5F108DB60D8,0,0.0931352055194
CC_D5F3BC12B278,0,0.0444925693853
CC_D5F92C73B8F4,1,0.804769996108
CC_D5FBEB929658,0,0.175697779032
CC_D5FFA79413FD,0,0.0833275978127
CC_D5FFAA421FEB,0,0.100237292109
CC_D6055E1252B6,0,0.0951973056678
CC_D606659BD359,0,0.0986593015529
CC_D606DC703264,0,0.135018565173
CC_D6089B5CE984,0,0.237239140958
CC_D612967B387A,0,0.118647036337
CC_D61505C6C0F4,0,0.115984350383
CC_D6170164D4BF,1,0.138791318868
CC_D6193328683E,0,0.110377593874
CC_D61D2B1D4B78,0,0.25318747702
CC_D61E7FCC91E6,1,0.533220133375
CC_D62049402E86,0,0.103206280272
CC_D624EA7C29B6,0,0.120757464084
CC_D6264BBCFF2F,0,0.0764576464788
CC_D6333E73482B,0,0.184708213753
CC_D6340AF9CD64,0,0.111086966969
CC_D6366AFA48C6,0,0.202014482157
CC_D63834E2237C,1,0.142123138842
CC_D63882D26B64,1,0.350810843553
CC_D63A9390D33A,0,0.0903716212386
CC_D63B6EC93F0B,0,0.140093038048
CC_D63C622774C2,0,0.103763493437
CC_D63DB1F30AA1,0,0.167773629943
CC_D63ED494CD5C,1,0.302409566136
CC_D63F07D11783,0,0.341212096877
CC_D640653E2B30,0,0.352362062777
CC_D641DAB36A81,0,0.112904279077
CC_D641EB8FAAD1,0,0.0905890947572
CC_D6421E8A0EC7,0,0.0979240926481
CC_D645773ACCBD,0,0.206808411866
CC_D6465C0D0BA7,0,0.129919110585
CC_D64786ADE3E7,0,0.130970579126
CC_D64ED727CFFF,0,0.200237144035
CC_D650C38490DB,0,0.088291026173
CC_D65141E001DE,1,0.0655815717751
CC_D651B35BBEF1,0,0.0980058594486
CC_D653C7E9B209,0,0.0418054462686
CC_D657BEAE4B20,0,0.123179391425
CC_D6591E377B60,0,0.166869786241
CC_D65BC3BD8FE2,0,0.161240014844
CC_D65D47CD4278,0,0.218059411421
CC_D65F05F4104A,0,0.326310632915
CC_D65F33ED6F35,0,0.0775495353914
CC_D664F3E2FEEC,0,0.184836508335
CC_D66E20927674,1,0.226482929453
CC_D66E21C86AC7,0,0.0514465514606
CC_D67137D854DA,1,0.817357492905
CC_D6727C42CDCA,0,0.087093923165
CC_D67529F00FC5,0,0.0740550799192
CC_D675A9841C09,0,0.150579506112
CC_D676883F33BA,0,0.327912355216
CC_D6783DDF0C4E,0,0.387655021835
CC_D68061DD74A6,0,0.0959601137673
CC_D6820311B0A0,0,0.222515558793
CC_D683A5E9EFA8,0,0.287861644777
CC_D6872761F067,0,0.0895552976555
CC_D6905883A8A7,0,0.0730732069925
CC_D690869322AA,0,0.195478236992
CC_D6921F08F519,0,0.130258700301
CC_D693529C2D39,0,0.119477046583
CC_D69E2AC4754E,0,0.0829827625678
CC_D69F07FB5DFA,0,0.113017201384
CC_D6A0181F18E7,0,0.0840039059759
CC_D6A250160643,1,0.0483833866551
CC_D6A55CDE54AF,1,0.686373559745
CC_D6A5A7377DD4,0,0.120977599646
CC_D6A6B1030B09,0,0.111703628093
CC_D6B0FF5E6118,1,0.450581840582
CC_D6C030C952C4,1,0.627484806722
CC_D6C48B5540BC,0,0.168655418756
CC_D6C963BCAA91,0,0.0562308999031
CC_D6CC8D247E7A,0,0.107547105884
CC_D6CD93E594E2,1,0.0390169383933
CC_D6CE1A5DF0BA,0,0.0862029745268
CC_D6D1D466A98B,0,0.101484310548
CC_D6D2F88BBC97,0,0.114918654322
CC_D6D329E72DC6,0,0.793588365367
CC_D6DC10F3C8C7,1,0.140717454615
CC_D6DDD7A1AD4C,0,0.104220077023
CC_D6E0189402EE,1,0.256359132518
CC_D6E3F168572D,0,0.117503227597
CC_D6E7DC170BEF,0,0.178528052105
CC_D6E87506F009,0,0.162009277087
CC_D6E9B159673A,0,0.158838659047
CC_D6EA3ED7E326,1,0.631936264866
CC_D6EAED72D334,0,0.207148467225
CC_D6EB912BEAB5,0,0.07876646744
CC_D6EC154F536A,1,0.33804628599
CC_D6ED615280E0,0,0.112740336671
CC_D6EDC24EED1F,0,0.212201870735
CC_D6EE82C2E883,0,0.273435119872
CC_D6F2E45399DB,0,0.735378128551
CC_D6F4804C79B8,0,0.133518971667
CC_D6F8BBAA2239,0,0.152272827544
CC_D6F9B49F7F27,0,0.254107238351
CC_D6FA2F7DB3E2,0,0.150774551119
CC_D6FA643DA378,1,0.843335100812
CC_D6FC0215FE8E,0,0.119223688989
CC_D7038C89DFAF,0,0.148338683597
CC_D703A0A1E9A1,1,0.145219380666
CC_D704840B68D3,0,0.098402687182
CC_D705E98D2CE6,0,0.110384281959
CC_D706D8B4B811,1,0.0482961261707
CC_D7086EE0407B,0,0.136890350301
CC_D71011D31E6F,0,0.809732285559
CC_D7124C326C9D,0,0.201497216048
CC_D71949348E58,0,0.0819589519068
CC_D72424AA9FE2,0,0.109360212282
CC_D7289930B5D8,0,0.0835452943632
CC_D729E17924BE,0,0.0966650228885
CC_D72B29D5557D,0,0.0954901276929
CC_D73215111768,1,0.132765828626
CC_D732F7DE061A,0,0.182594378394
CC_D73627BC0C42,0,0.0849085545765
CC_D741BE3FD260,0,0.164930966741
CC_D741C8AFFFE9,0,0.178588653205
CC_D746F0614398,1,0.173073579082
CC_D749CFACCEFA,0,0.0913134383369
CC_D74BED2343C5,1,0.620299898482
CC_D74D437133A8,0,0.0809653560554
CC_D74E3CAABAC6,1,0.425948814082
CC_D750EDBFA407,0,0.203667947897
CC_D7525D1F70F2,0,0.0815666944458
CC_D75A6A9A0738,0,0.189873682143
CC_D75A9389D75F,0,0.154474206791
CC_D75B211749AF,0,0.117358228068
CC_D761EAAB48EC,0,0.200153973701
CC_D76CCABAD7A5,0,0.146802236379
CC_D76E833AF36C,1,0.644637582556
CC_D77323EA0CFE,0,0.317845530497
CC_D77AF3FD7C8A,0,0.296923109672
CC_D77B0F488E08,0,0.275524727771
CC_D77B3E03DD3F,0,0.330752640163
CC_D77CE50A5F5D,1,0.111008507268
CC_D77E24D9A860,1,0.255251039174
CC_D78180DE6BF3,0,0.145738200993
CC_D789A6E9BBBB,0,0.147667453766
CC_D78A7315B53B,0,0.57297740669
CC_D78B3851FFD5,0,0.121996515617
CC_D78FD0B061DC,0,0.1084229031
CC_D7943FD353CF,1,0.848441339745
CC_D7946FC8CC1F,0,0.146596952058
CC_D7965682307A,0,0.241014324109
CC_D797C0BE9AD5,1,0.693671054727
CC_D79DA07C35CA,0,0.129313728753
CC_D7A0C3CAA4D8,0,0.0739777143837
CC_D7A2944FB72C,0,0.31526573251
CC_D7A3033CDEF8,0,0.178381906752
CC_D7AB20450937,0,0.0788712699295
CC_D7AC664F5E53,0,0.296107555166
CC_D7AE1DF635F1,1,0.160854892169
CC_D7AFEB65CB77,0,0.0393688273186
CC_D7B1A11903C3,0,0.163854625075
CC_D7B6240818EE,0,0.0827704871206
CC_D7BA515150F2,0,0.187603653393
CC_D7BCC11E90D1,0,0.102922314806
CC_D7C455F303EF,0,0.125851864889
CC_D7C464EA9258,0,0.149772806178
CC_D7CBF4964B7F,0,0.292944140753
CC_D7CD7415AAEC,0,0.0910088012293
CC_D7D03DA9CF41,0,0.100802880172
CC_D7D159A9A5CF,0,0.342602476528
CC_D7D1CA714C68,0,0.0973424066679
CC_D7D1E0504B83,0,0.0650134037207
CC_D7D39147F659,0,0.138098366701
CC_D7D59F1707B3,0,0.101685108731
CC_D7D94704F84F,0,0.11855168747
CC_D7E047CE185E,1,0.124065924912
CC_D7E57BF8B92A,0,0.131863355688
CC_D7E5ED8BAB71,0,0.0898185345236
CC_D7EB40D9C407,0,0.109119038939
CC_D7EB4CB5AC83,0,0.119094642122
CC_D7EEFF88E2C7,1,0.789550558661
CC_D7F6A56D2CE6,0,0.109630389006
CC_D7F6C6E09979,0,0.308500988548
CC_D7F83106DB2F,0,0.0870100665105
CC_D7F85AB2E2D8,0,0.127314715172
CC_D7F9FF003F99,1,0.113220602781
CC_D7FB99824C59,0,0.061512289304
CC_D800C6566DC9,0,0.090469550695
CC_D801888CC024,0,0.0802813817432
CC_D801D55F0141,0,0.0837260742418
CC_D802E81D86B0,0,0.247158628311
CC_D807F321FC52,0,0.0943110417065
CC_D80CB0F888C5,0,0.432154774341
CC_D80FF39DB7AD,0,0.115623424369
CC_D81349090F58,0,0.089645558131
CC_D8154DAB5DB7,0,0.0701514165762
CC_D815BD1731C7,0,0.230079994162
CC_D81A9D67E98D,0,0.0992448821645
CC_D820037F6F2B,0,0.648662969476
CC_D821A1CD6D8E,1,0.0879276123105
CC_D821A446A48F,1,0.0840213781053
CC_D82901C966D0,1,0.756545249416
CC_D82A3794DD85,0,0.324932344726
CC_D82F774F0FA0,0,0.178446780272
CC_D831AFB64AA3,0,0.10612913442
CC_D831BF8DF693,0,0.229145278357
CC_D83594E2EF70,0,0.0890070000106
CC_D835DF64E886,0,0.642208706057
CC_D83ADD41A543,1,0.673816392776
CC_D83C2633BCA1,1,0.277534456945
CC_D83E0A8A6CED,0,0.0763337767986
CC_D843C11B9EEE,0,0.124036740944
CC_D844597C2695,0,0.116537625244
CC_D8529AFAA00B,0,0.150323663577
CC_D859B3C45B82,0,0.0606373805686
CC_D85BF9D11E1C,0,0.1389747009
CC_D85CE7C86842,1,0.714877150302
CC_D8645E47C05A,0,0.153979808362
CC_D865273FF242,0,0.291413304275
CC_D86A4D053552,0,0.30278429246
CC_D86C0A727E85,1,0.265526267355
CC_D86E0FA2DC35,0,0.0767145278255
CC_D8759AE5C68E,0,0.0879930922762
CC_D87770823699,0,0.39800452486
CC_D87806249E02,0,0.0813070252295
CC_D878BBF51F57,0,0.201103874952
CC_D878DCEB60DB,0,0.213727036723
CC_D879027D6F91,0,0.22628339415
CC_D87F4135D638,0,0.135802466341
CC_D881DACFF890,1,0.502533965583
CC_D8857D3B3558,0,0.0694627370183
CC_D886BEB0EF53,0,0.0866513063265
CC_D8870FCBDCD2,0,0.162776694951
CC_D8874E50A33E,0,0.116287584265
CC_D8882D8F31A5,0,0.314692821415
CC_D88F5A21FEA6,0,0.117307305155
CC_D8914B4D4DC2,1,0.199088632857
CC_D891F45EC7CE,0,0.201291542649
CC_D892DCCE8211,0,0.288864268989
CC_D89846448FB2,0,0.0773441045298
CC_D898DBDD230B,0,0.070097003743
CC_D89B7BB829EE,1,0.304113822764
CC_D8A874E53DB2,0,0.0971123456822
CC_D8A90DBD390B,0,0.176176192695
CC_D8B286D870E9,0,0.134960003074
CC_D8B4E4A0C29B,0,0.0832011212792
CC_D8B669B0E2C2,0,0.11876803988
CC_D8B9D70CD2C7,0,0.103225361421
CC_D8BC07EBA480,0,0.228051498954
CC_D8BCE6B90BD6,0,0.0729052237462
CC_D8BDCE599EAD,1,0.5277083422
CC_D8BF873D7D17,0,0.199329385522
CC_D8C7D58D2DEA,0,0.15466276004
CC_D8CD317B8622,1,0.312208468821
CC_D8CE880ED1D4,0,0.0828856200742
CC_D8D49B1B7017,0,0.0835926981714
CC_D8D679103945,0,0.171756546898
CC_D8D6C2E566BA,0,0.225547471553
CC_D8DD8400CFA6,0,0.111834813109
CC_D8DDC480C029,0,0.347303136612
CC_D8DE0194910A,0,0.179833313218
CC_D8DF6FFF159D,0,0.404049064554
CC_D8E0B16756C2,1,0.0916686563304
CC_D8E2FE13E8BF,0,0.158850396838
CC_D8E3D41E003B,1,0.652262112796
CC_D8E767D04107,0,0.0926826948965
CC_D8EB09BAAA00,0,0.21067500669
CC_D8ECA5CFEC66,0,0.284590764129
CC_D8EE946FD3FA,0,0.240428141334
CC_D8EF40B722E1,0,0.312702845157
CC_D8F59EF058D8,0,0.25689279871
CC_D8F8B5430C28,1,0.536167520242
CC_D8F9CB40401C,1,0.631549307424
CC_D8FAEF9DBD35,0,0.0702320680511
CC_D8FE805FECA8,0,0.162716003074
CC_D8FEF8FAC3FA,1,0.321526665488
CC_D90468FD7B0D,0,0.247872091997
CC_D90A90B1C9B3,0,0.370462959636
CC_D90C35653B1B,1,0.525096894586
CC_D90DAE603829,0,0.129153728764
CC_D90E4DE653DA,0,0.177429958157
CC_D90F0EEFC950,0,0.162423885898
CC_D9119A09374B,0,0.0758298791399
CC_D913D64B2092,0,0.180704737919
CC_D914C13BD0D5,0,0.140577669673
CC_D91B67879DBA,1,0.125457674219
CC_D91CA3DBB8C9,0,0.108782839841
CC_D91D6DE450A2,0,0.145939871733
CC_D91FD2EA0D34,0,0.0559324571377
CC_D92582A6F2AE,0,0.0744713189851
CC_D9283D9CD1CD,0,0.111196736559
CC_D92E4228FB8B,1,0.909822121185
CC_D931C4B20B11,0,0.154679915173
CC_D9322F47555B,1,0.238735883608
CC_D93248EC62F8,0,0.189564772411
CC_D933874DF721,0,0.055361111148
CC_D9361DB8EA11,0,0.185443137451
CC_D937FDD3BFA7,0,0.763853672231
CC_D93A4CE7460F,0,0.121584483528
CC_D93A8365A559,1,0.472514933604
CC_D93CF5192B98,0,0.11252935506
CC_D93ECB8EECED,0,0.167798044843
CC_D942B32ABA3A,0,0.644448957714
CC_D9454132539C,0,0.0604096268094
CC_D945D9AC7F13,0,0.859108985445
CC_D9488AEEC569,1,0.15851940017
CC_D94B21F92B14,0,0.0948623166432
CC_D94C46327CB2,1,0.206493536514
CC_D9526C70D29B,0,0.259681853222
CC_D95D8A2DF621,0,0.463315821346
CC_D95E60D5806E,0,0.0836606789956
CC_D961FB1794AA,0,0.129632331274
CC_D962F5D3E256,0,0.195858199689
CC_D9661ECDC459,0,0.0876765515089
CC_D96ACE835D02,0,0.156700594181
CC_D96AE7CEA168,1,0.193336701842
CC_D96AEDED5E02,0,0.0940961750295
CC_D96EA783601B,0,0.133296425208
CC_D9718D1A5314,1,0.0900819853016
CC_D9753BD4DA44,0,0.0738514392464
CC_D975C2463C67,0,0.0737655247209
CC_D97E9E7F414E,0,0.0927897674269
CC_D982BA24D58E,1,0.207108337999
CC_D982E8496D2C,0,0.244551636383
CC_D984A06988D6,0,0.0716358065049
CC_D984B7B19057,0,0.116372651035
CC_D98699C2307A,1,0.862945829532
CC_D987307A6F2C,0,0.130695043164
CC_D98B015BBE8C,1,0.694433335463
CC_D9927EC41BAE,0,0.166517818629
CC_D992FC5AC396,1,0.857462868033
CC_D9934BD55F53,0,0.634496335577
CC_D9945C099880,0,0.124610581051
CC_D998D9D21571,0,0.0715000015534
CC_D9990E69C9F5,1,0.114573330297
CC_D99C1255CE42,0,0.3267562631
CC_D99D0606FF27,0,0.0682712947578
CC_D99D675D2BBC,0,0.142101891619
CC_D99DFDCA0CE3,0,0.806399156576
CC_D99F456F74E4,1,0.180765425206
CC_D9A03C1EBB79,0,0.175786905058
CC_D9A050EBDFDF,0,0.135123687164
CC_D9A1129AF2AE,0,0.216400202898
CC_D9A1E3A167F1,0,0.157983449144
CC_D9A39632264A,0,0.328214954675
CC_D9A4A559869A,1,0.167670949232
CC_D9A6FE8D7CAD,0,0.121618905947
CC_D9AE1DA4131E,0,0.138032217775
CC_D9AFCDA45975,0,0.280351124476
CC_D9B06754C03D,1,0.536568759603
CC_D9B7279BB5F5,0,0.100168884064
CC_D9B75DBAA66C,0,0.112720705434
CC_D9B7BE52255C,0,0.102388401464
CC_D9BE09C06464,0,0.0760491546043
CC_D9C1E75FC3F9,0,0.271301847666
CC_D9C655121E24,0,0.0971197377177
CC_D9CBE08DD2D4,0,0.738578032992
CC_D9CFF63BA03B,0,0.261264378337
CC_D9D3E96EBB73,0,0.140488279559
CC_D9D54968151C,0,0.300247628808
CC_D9D56017EE01,0,0.130315960617
CC_D9D87FFBC7D6,0,0.13245562959
CC_D9D8D8846C65,0,0.177155751549
CC_D9DB8321BF1F,0,0.108539531065
CC_D9DE99B7EDB0,0,0.224494544058
CC_D9DEA86EBE5C,0,0.327470568648
CC_D9E238CA9EF8,0,0.0953556239978
CC_D9E327E8F83E,0,0.356670086085
CC_D9E779F3E12A,0,0.142607910566
CC_D9EA36E0B62F,0,0.156348800097
CC_D9EE2BD4C09F,0,0.0869062011546
CC_D9EEBE161760,0,0.14452976145
CC_D9F20AE4FA11,1,0.136059118845
CC_D9F27347B1CB,0,0.0944291798944
CC_D9FC3352988F,0,0.0847753854378
CC_DA036B31D42E,0,0.236340447633
CC_DA03F3C05DF8,0,0.0647938419957
CC_DA04A01DFED3,0,0.0951996043512
CC_DA0750A99F59,1,0.216100026573
CC_DA0895402C42,0,0.103786058712
CC_DA0AF5C09B73,0,0.461923799711
CC_DA0BB6DC6253,0,0.123066213265
CC_DA0CA3A4A504,0,0.0934543808572
CC_DA0CCD0835D9,0,0.253390419613
CC_DA0D9D499B89,0,0.102340005103
CC_DA0E3C3E2DF2,0,0.0361266590328
CC_DA15418D8D33,1,0.676602370158
CC_DA1B6B406CEE,0,0.160518415242
CC_DA1E7E21E61E,0,0.0490330096339
CC_DA230FBB96ED,1,0.114321813269
CC_DA24FA2FAD45,1,0.101436064516
CC_DA25C468A7E9,1,0.759509366573
CC_DA308AAFC9FA,1,0.160241116047
CC_DA336354A61C,0,0.0887174545876
CC_DA38919613DD,1,0.119731409738
CC_DA397567DCCD,0,0.192032419007
CC_DA3E4103ACAA,0,0.100116836914
CC_DA3F07A15666,0,0.0761346279254
CC_DA40BF7C8A45,0,0.341889366909
CC_DA427E24F55C,0,0.104385436426
CC_DA469A21AD02,1,0.662830969362
CC_DA48090EEE65,1,0.782941844977
CC_DA4F49757BFE,0,0.271895584067
CC_DA4FB713841D,1,0.628009368336
CC_DA572DEC9EEB,0,0.0753689738338
CC_DA5D5C14D361,0,0.140889510068
CC_DA5E8EA4CF0C,0,0.166054674788
CC_DA60F7F5BADE,0,0.208841282464
CC_DA61D140E487,0,0.127147744214
CC_DA62856B7BBE,0,0.209617201704
CC_DA62B2294102,1,0.423456234568
CC_DA6664AB0344,0,0.227995491979
CC_DA666B011859,0,0.0998766001126
CC_DA66A3A3751E,0,0.0713549730257
CC_DA66E0CAB79B,1,0.0925294412424
CC_DA6FE3209CFE,0,0.0969695708253
CC_DA751E9E0651,1,0.48124678786
CC_DA76C8CDEACF,0,0.131694442378
CC_DA7ABF62F809,0,0.628124152398
CC_DA7C2A3067EB,0,0.109525323513
CC_DA7E95C1D00F,0,0.252865365945
CC_DA82C1D82588,0,0.151949390004
CC_DA8309F38659,0,0.0741620950062
CC_DA836364059F,0,0.444722228893
CC_DA8E14F3F845,1,0.27632280227
CC_DA91B198FA8D,0,0.0943254737158
CC_DA931D89B29D,0,0.390409825575
CC_DA949950469F,1,0.149775775885
CC_DA9884A3EDB5,0,0.107677192131
CC_DA9A9ECC25C6,0,0.0863930706139
CC_DA9AC8C518A8,0,0.0835018331352
CC_DA9C31D23666,0,0.141657011071
CC_DAA50D64AB37,0,0.120997347156
CC_DAA922E1B0EC,1,0.10139240924
CC_DAA9ED474393,0,0.0595776101316
CC_DAC3D6FDC20C,0,0.0880996957161
CC_DAC3E996DD81,1,0.215059208949
CC_DAC75D9971A9,0,0.0616763128629
CC_DACB5AE91072,0,0.377587703879
CC_DACEA802ACAE,1,0.160308447254
CC_DACF0C999923,0,0.124143350932
CC_DACFABB212DC,0,0.140950799012
CC_DAD202AEAA4C,0,0.338265886813
CC_DAD728D9879C,0,0.136731566136
CC_DAD760E77E78,0,0.0820603912404
CC_DAD7CF01227E,0,0.0990262075718
CC_DAD909BAD907,0,0.127709056348
CC_DADB5F68FC6F,1,0.100688834281
CC_DADBABD48123,0,0.605158439141
CC_DADC181D6EBA,0,0.222306001488
CC_DADDBA49D338,0,0.0819271482658
CC_DADEC4296C7F,1,0.707845426036
CC_DAE919F9CD5E,1,0.369285308078
CC_DAE96420D560,0,0.103040502324
CC_DAEDB284DF68,0,0.134866399685
CC_DAF6491721B5,0,0.0547438827172
CC_DAF709C74574,0,0.119325739694
CC_DAF8EEB8FE30,0,0.548182499779
CC_DAF926BA3010,0,0.155646301097
CC_DAF9BEBE74FA,0,0.132238898111
CC_DAFAF8D7CE0B,0,0.0619023463816
CC_DAFCEB37A993,0,0.152920620982
CC_DB0174751689,0,0.283497832966
CC_DB02D2A13B2F,0,0.330491477254
CC_DB0885F62F84,0,0.0891525786462
CC_DB171312A42C,1,0.101605540222
CC_DB194266EDED,0,0.3409909694
CC_DB19C8E300F0,0,0.0988503535285
CC_DB1E59275D2D,1,0.611384380699
CC_DB280065CA4F,0,0.133748673217
CC_DB2AF8229B51,0,0.0796953129299
CC_DB2FAA0B00F9,0,0.123960270314
CC_DB31F29705F0,1,0.631122430113
CC_DB321A664E36,0,0.244381062345
CC_DB3546E75AE6,1,0.116745297604
CC_DB356447A811,0,0.163511769031
CC_DB36E4CFBC41,0,0.1007700112
CC_DB37967A953E,0,0.337866678905
CC_DB3C797F3558,0,0.102449860257
CC_DB3E7ECE0C9D,0,0.165683491188
CC_DB40F0DDE097,0,0.308352571729
CC_DB47534272B8,0,0.225733948342
CC_DB4B9B95EEB4,0,0.220664755754
CC_DB4E052B97AC,0,0.150466351621
CC_DB4E27F735D9,0,0.082271703876
CC_DB508282E901,1,0.662180918618
CC_DB528BE48BB1,0,0.129125280833
CC_DB54001E999C,0,0.0743883025417
CC_DB55186D6C8E,0,0.104784541976
CC_DB5913C59DC2,0,0.120204014866
CC_DB5D09435FCE,0,0.0638634538619
CC_DB5D9EEDE96A,0,0.673443289246
CC_DB5E137EC491,0,0.0953326049248
CC_DB5EA4472CAC,0,0.122343849016
CC_DB66EB0D5EEB,0,0.110523819498
CC_DB69052801D4,1,0.109629337444
CC_DB6C65AC58A4,0,0.0583019945589
CC_DB7022D4F20B,0,0.183695032605
CC_DB70AF79D293,0,0.107111123576
CC_DB732975484D,0,0.141553536571
CC_DB7389D89F97,0,0.160621432873
CC_DB741F6C450E,1,0.704392429237
CC_DB748FB51F13,0,0.0803597462943
CC_DB75EC24C095,0,0.329717105367
CC_DB781A357DE0,0,0.089075455606
CC_DB7E1813373A,0,0.306281184979
CC_DB7E5D89D825,0,0.170686742777
CC_DB811EDAAC28,0,0.245391804602
CC_DB81A194546A,1,0.802237773651
CC_DB83EC01413A,1,0.224761548478
CC_DB86699EC029,0,0.0880048963426
CC_DB88A88F61F2,0,0.230649752645
CC_DB8E3AB69DB4,0,0.0612286479844
CC_DB96F3CBBC18,0,0.071873344756
CC_DB9853346E7C,0,0.0507420485156
CC_DB99BED223E2,0,0.101362241109
CC_DB9BE9F4B01B,0,0.756067886057
CC_DB9C49D4C527,0,0.290806278004
CC_DBA013FA1E67,1,0.761575135062
CC_DBA33794B76E,1,0.67369682925
CC_DBA67A160F54,0,0.556762848829
CC_DBA84A23F29B,0,0.276868503146
CC_DBA9F8D7FBD0,0,0.12395119127
CC_DBAF55AECC9C,0,0.194382744514
CC_DBAF62856E6E,0,0.0845439289179
CC_DBB029EEC4D3,0,0.0904883209091
CC_DBB02E040D7C,0,0.390818976976
CC_DBB122A0E825,0,0.0854528939494
CC_DBB2081577C7,0,0.153474472745
CC_DBB2403B6AF5,0,0.085189798415
CC_DBB8797AD01F,0,0.117974463346
CC_DBBA158A31C4,0,0.125200056447
CC_DBBC73098365,1,0.675903242839
CC_DBBD523F9F73,0,0.0968774178766
CC_DBC084BD54A5,0,0.100189254071
CC_DBC491F049E1,0,0.145515116779
CC_DBCA076FFA42,0,0.111420242894
CC_DBCDF66A0C4F,0,0.0824886878413
CC_DBD178A66E5B,1,0.267811508837
CC_DBD1FFC21A48,1,0.524866187149
CC_DBD351B13341,0,0.675798254674
CC_DBD36983740B,0,0.127395294235
CC_DBD70E1CC761,0,0.26467187832
CC_DBD710FAAAC1,0,0.169577310707
CC_DBD817234E9F,1,0.601468992278
CC_DBD90B2F202A,0,0.0850717601995
CC_DBE4042D8E18,0,0.0369139362967
CC_DBE84B60FCC1,0,0.230069777773
CC_DBEAABE7BAF0,1,0.281580536278
CC_DBEB39543505,0,0.099820190866
CC_DBF10C5E2AA8,0,0.174668943603
CC_DBF70F7AB9F3,0,0.151439971347
CC_DBFF83A9795E,0,0.1442944583
CC_DC027E8B3E68,0,0.65480164402
CC_DC05375FD185,1,0.462376030099
CC_DC0A1C9E108C,0,0.136601692926
CC_DC0F03F74BCC,0,0.0593717711458
CC_DC14F8B9D225,0,0.180019903986
CC_DC1610F0E38E,0,0.691719114878
CC_DC228CB3EECB,0,0.125699336037
CC_DC277C84F66A,0,0.149769407846
CC_DC295542395D,0,0.155613459446
CC_DC2C5D514BB8,1,0.105831619985
CC_DC32A00641F0,0,0.096912839028
CC_DC3423897E8B,0,0.108733683123
CC_DC350DAA5603,0,0.102514829087
CC_DC381FAED937,1,0.133698328294
CC_DC3AE13943A0,0,0.653609322177
CC_DC3D9BF33B67,0,0.116158944482
CC_DC3E2AD15C37,0,0.0759546383324
CC_DC3F4106A8FE,0,0.135910312571
CC_DC41EDB0ADBD,1,0.215106523342
CC_DC425FFF857C,0,0.115370211223
CC_DC42D605616E,0,0.0795710665108
CC_DC43FBCCC69A,0,0.100860035278
CC_DC46DFCFBDAD,0,0.792227545896
CC_DC4946E9DE04,1,0.836911373706
CC_DC4A786D3465,1,0.476788505844
CC_DC4D52AE0B8E,1,0.360873398585
CC_DC5ABD5B3A4F,0,0.604431901327
CC_DC5FA60DA469,0,0.167813656965
CC_DC6069F06090,0,0.083633990431
CC_DC60FEA018E6,0,0.123491091419
CC_DC6122013CEB,0,0.130367642174
CC_DC639EB455E1,1,0.375989215551
CC_DC646364090D,0,0.335499615376
CC_DC65E45B8384,0,0.143351029624
CC_DC66D13BDEDF,1,0.930261071559
CC_DC6B511FB23B,0,0.0830011188771
CC_DC6BB249D201,0,0.0913251615854
CC_DC6C482633B9,0,0.150132991878
CC_DC6E58F21381,1,0.565247761914
CC_DC7A25BD1F47,0,0.104041058143
CC_DC7A33783DD3,0,0.113726453133
CC_DC7D93FEFDD1,0,0.106025320898
CC_DC85569D2145,0,0.190889342379
CC_DC87C2BD05BB,0,0.126084247766
CC_DC888B4BE014,0,0.108421412963
CC_DC8B9B3C9C54,1,0.357206369626
CC_DC8C3E2B80DE,0,0.0878721146319
CC_DC8E2CD505B3,1,0.0914883555093
CC_DC8EF53206BD,0,0.0809272485902
CC_DC92D7EA50F0,0,0.116810467415
CC_DC93C55F6BC0,0,0.174788232825
CC_DC98CA1A4B96,0,0.252725861913
CC_DC99538F16CB,1,0.0548261671188
CC_DC9D6028EAD6,0,0.110740989203
CC_DC9D84366AD7,1,0.700192996746
CC_DCA0D62B989F,1,0.179200462973
CC_DCA607649830,0,0.0966423988383
CC_DCA7ADA16CC2,0,0.263587565276
CC_DCA8343A158D,0,0.094289339507
CC_DCA8FFAE6CDE,0,0.291281799619
CC_DCAEC4DEE0FF,0,0.0512841208794
CC_DCAF2FEBA684,0,0.162197929446
CC_DCB0507CA510,1,0.226254646933
CC_DCB24419E157,1,0.2120729394
CC_DCBEA6B1A50B,0,0.0811225437365
CC_DCBFDABE8696,1,0.0692723133708
CC_DCC00591B5C0,0,0.124023087127
CC_DCC678B2DFB2,0,0.102611250994
CC_DCC76DD2645E,0,0.142137867322
CC_DCC7F60C5B5F,0,0.0890604911472
CC_DCCAA25A8475,0,0.168540156996
CC_DCCB0D2605FE,1,0.557904699045
CC_DCD225A46B83,0,0.126790522935
CC_DCD2BB868BFD,0,0.171909561109
CC_DCD6E9A41D1D,0,0.0709121400808
CC_DCD8A65038D5,0,0.20378753043
CC_DCE260ECF456,0,0.102846926731
CC_DCE86D38263C,0,0.0853626194556
CC_DCE9572B02E6,0,0.237317980895
CC_DCEBD70B9469,1,0.427211653843
CC_DCEDFE5CFD9A,0,0.147037289481
CC_DCEEA6D94B6D,0,0.17234690898
CC_DCF8258D01D4,0,0.530446833579
CC_DD0473B1DDAD,0,0.117075717713
CC_DD0796D73A28,1,0.13133221848
CC_DD09B7D190B5,0,0.0868451886483
CC_DD0B370AA195,0,0.114430718596
CC_DD0BE6C0B0B8,0,0.0885785151455
CC_DD170CB70F7C,0,0.188428730747
CC_DD1D396CBC81,0,0.106410096488
CC_DD2010A0DFD4,0,0.0961428035795
CC_DD214D0D8F73,0,0.171500925004
CC_DD2226E11DEC,0,0.0896792337496
CC_DD264BA70FD6,0,0.0664165410112
CC_DD26AE101046,0,0.138048396848
CC_DD2747CFCA1F,0,0.138236187167
CC_DD27AA231F94,0,0.102496504783
CC_DD30091281E5,0,0.081671203265
CC_DD30667C5EB5,0,0.495459414507
CC_DD344A519B52,0,0.11292027505
CC_DD378D9ABB1E,0,0.170682473057
CC_DD401FF9D632,0,0.153996474017
CC_DD4705C23936,1,0.327640262184
CC_DD470E62939D,1,0.363615773863
CC_DD4A9F0F7664,1,0.354262782055
CC_DD4C20E3C024,0,0.0757939649485
CC_DD50CF72BF65,1,0.614573564345
CC_DD50E190D34F,0,0.082184082601
CC_DD532C622568,1,0.191713657604
CC_DD549CFB1855,1,0.659536061226
CC_DD57688DF0C3,0,0.0703243043647
CC_DD5A028D5099,0,0.0612010478137
CC_DD5A0DD291AB,0,0.101779023004
CC_DD5A24B4F5C6,0,0.123623977312
CC_DD5CA9EC574F,0,0.461658067948
CC_DD5DFBC2338B,1,0.63648991256
CC_DD5E578831F5,0,0.0692160221868
CC_DD6264A01733,0,0.124216096488
CC_DD655358B37C,0,0.0952942429804
CC_DD68C4E7F50F,0,0.0723989909575
CC_DD6A6A8F0C38,0,0.859950933896
CC_DD6D2F87FEE9,0,0.369075897188
CC_DD6E2151ABDE,0,0.0491595001187
CC_DD71023F3208,0,0.695984516703
CC_DD72ABBA8454,0,0.034953343639
CC_DD7C6057FAC3,0,0.0786452332762
CC_DD7C74420340,0,0.195791319836
CC_DD7CB3085E01,0,0.0654716741998
CC_DD7E6E7406E9,0,0.124445831815
CC_DD7F23AF9FCE,0,0.12559613522
CC_DD8592353C9B,0,0.55971629943
CC_DD86C40C567E,0,0.0846582865253
CC_DD877659E2EA,0,0.119541340458
CC_DD878356DD8C,0,0.159431564388
CC_DD8936EFFF6F,0,0.847868820028
CC_DD8A105EBD00,0,0.162682674826
CC_DD8FFE50D15A,0,0.695861731668
CC_DD90D7070424,1,0.17475153824
CC_DD936452095F,1,0.764583651384
CC_DD958AB25545,0,0.350106307616
CC_DD95ECE66D81,0,0.294767322179
CC_DD98E612EDE7,0,0.115846418901
CC_DD9A6DA9E33E,0,0.162810858305
CC_DD9AA52D676A,0,0.107363261366
CC_DD9BEB03EC0C,0,0.10274484233
CC_DD9D74BD2E07,0,0.0874518491009
CC_DD9EC719B677,0,0.165125680651
CC_DDA2B36E5162,0,0.0983922439317
CC_DDA34EC134E5,0,0.135556003313
CC_DDA3C8719F11,0,0.103354406969
CC_DDA86B178B93,0,0.245243179232
CC_DDAB629C4494,0,0.156789677625
CC_DDAC65170D72,0,0.118905514527
CC_DDAFEAC05706,0,0.0655169279212
CC_DDB0996657E0,0,0.221694531287
CC_DDB0E3799A25,0,0.10533476944
CC_DDB15585951B,0,0.0976058317728
CC_DDB438F6A4E0,0,0.0960572833199
CC_DDB4E2800DC3,0,0.0907103191796
CC_DDB7A56F2956,0,0.140231134451
CC_DDB7F2F4453D,1,0.710570153608
CC_DDBA915748C0,0,0.279053174297
CC_DDBC63A115B9,0,0.134316352661
CC_DDC48C1205CE,0,0.217632921979
CC_DDC657F294FA,0,0.0820015858582
CC_DDD0F59501CC,0,0.154997655056
CC_DDD1A6AD1230,0,0.129081482816
CC_DDD41934730E,1,0.895555633448
CC_DDD5B1A62190,0,0.329015641169
CC_DDD61B172FFF,0,0.162007500828
CC_DDD62BB41A28,0,0.144783562686
CC_DDD66C64EB82,1,0.232752956948
CC_DDD9A64F74C2,0,0.220568215024
CC_DDDBBCFF3D06,0,0.0993098940861
CC_DDE5211A7FE3,0,0.0799200256302
CC_DDE8AE0F9BA7,0,0.0772356153026
CC_DDE8DEACAC1E,0,0.113054249779
CC_DDEA0C915DC7,0,0.149602294655
CC_DDEA97C11085,0,0.102891650522
CC_DDED3962D79C,0,0.14212079175
CC_DDF2FD124B4B,0,0.0798944730355
CC_DDF373A9025D,1,0.423860551037
CC_DDF53F58D4AE,0,0.253949705398
CC_DDF677B937DB,0,0.160255725623
CC_DDF7ADE283CB,0,0.146083494078
CC_DDFC09E969B9,1,0.160757088685
CC_DDFECE91C0E1,0,0.0589489236518
CC_DE0116B4B77A,0,0.168708961718
CC_DE01465CF2A5,0,0.11659452571
CC_DE021F992913,0,0.116044390301
CC_DE0C5AE6C4C2,1,0.160700488431
CC_DE0FA1D681F7,0,0.172743904531
CC_DE155CE81B7D,1,0.444057487604
CC_DE15FC5C3C39,0,0.127271994002
CC_DE178814A91C,0,0.163586669764
CC_DE178E9DFDEE,0,0.211984886172
CC_DE18C03C57BF,0,0.0876440843668
CC_DE1A7D54AE9D,0,0.120820190302
CC_DE1AC08B1B21,0,0.171540026539
CC_DE1ECC3E3FA6,0,0.100501997441
CC_DE1FF5C4DD4D,0,0.0936958640662
CC_DE230F93BE79,0,0.269650310543
CC_DE270F3A836F,0,0.301029938932
CC_DE29A7B3DE44,1,0.146028270022
CC_DE2AC7DE1840,0,0.0758312271405
CC_DE2E8A168C64,1,0.115887517494
CC_DE30E1CEA4F4,1,0.214493994425
CC_DE30E73B67B9,0,0.104700360691
CC_DE31BA4C60FA,0,0.460716387443
CC_DE38B43177E0,1,0.817252834565
CC_DE38C1FD8931,0,0.174503655399
CC_DE39B6C45807,1,0.140564916772
CC_DE3DB57C3690,0,0.113552960476
CC_DE3E3EE56158,1,0.128341639683
CC_DE4150A3931D,0,0.111123639324
CC_DE4350DEE95B,0,0.0570591507138
CC_DE4485E3824F,0,0.0917450892444
CC_DE48A30D1A71,0,0.0363687285388
CC_DE4981A2E229,0,0.329594007726
CC_DE4A852DDDE2,0,0.594473672758
CC_DE4B771F128F,0,0.189561961022
CC_DE4DC4E32636,0,0.0819448040664
CC_DE50ADA853F1,0,0.102784159294
CC_DE5175ACCF8D,1,0.822867653255
CC_DE51C5652ABF,1,0.840318985939
CC_DE53B93A9831,0,0.0957861767636
CC_DE53C32AE57B,0,0.157570439371
CC_DE54E672C371,0,0.107516394173
CC_DE568E56B0F0,0,0.0652733276718
CC_DE59C0EA0A92,0,0.167505821056
CC_DE5AAD402639,0,0.0945095002086
CC_DE5DCE778244,1,0.74833479337
CC_DE608FF86370,0,0.245110404421
CC_DE60B79B7778,0,0.232549638159
CC_DE65D3E13013,1,0.408618838351
CC_DE71361EFA0F,1,0.742399231656
CC_DE73B4D7A3BF,1,0.548898356414
CC_DE73E885D320,0,0.0670219107188
CC_DE747E315B86,0,0.103522407302
CC_DE74FE492F5C,1,0.811809025964
CC_DE75D9C16CA9,0,0.0716249152533
CC_DE7A43988757,0,0.186742224968
CC_DE7B02356DD3,0,0.200765080833
CC_DE8266E59DE7,0,0.161973903125
CC_DE86385D4847,0,0.209227903842
CC_DE86A36BEC43,0,0.0977700857155
CC_DE8C3A08F8F0,0,0.0958870636263
CC_DE9289CDF2C8,0,0.233150281818
CC_DE9C23977973,0,0.100512662364
CC_DE9D2C8683FA,0,0.142891289195
CC_DE9D3EA56548,0,0.101138263491
CC_DE9F3689ED58,0,0.673324234791
CC_DEA1566C3DAD,0,0.0783138057603
CC_DEA314653B33,0,0.813362984117
CC_DEA4EADF4791,0,0.0442253806867
CC_DEA683EE5447,0,0.18358605671
CC_DEAB62BCA6C0,1,0.0700131580514
CC_DEB29FDA5FA1,0,0.1701127926
CC_DEB4E3A5E705,0,0.101104766644
CC_DEB6FA392310,1,0.368135113603
CC_DEB7AEE91E40,0,0.0917005338997
CC_DEBE53587422,0,0.112945313454
CC_DEBEA5DE32DF,1,0.803622604671
CC_DEC5AD790E54,0,0.135126542
CC_DEC5E2F68D6A,1,0.161186684147
CC_DEC66F139CF3,0,0.118523969667
CC_DEC8ABE16F7E,0,0.216048176288
CC_DECB23187471,0,0.0474135835443
CC_DECD169609E8,0,0.657863572994
CC_DECEC71C727B,1,0.730492772947
CC_DECF12601A14,0,0.0716367212257
CC_DED2750FC4F4,1,0.440826262032
CC_DED50EBCAB9D,0,0.179302727131
CC_DED8103EE2B1,1,0.249030676561
CC_DED9D6364C01,0,0.188016591656
CC_DEDAFDB152A9,0,0.104124176813
CC_DEE2D726EC80,0,0.0898191591324
CC_DEE6DAA06603,0,0.102636251546
CC_DEE8F5BBAD1A,0,0.0763361709178
CC_DEF2AB202ADB,0,0.735303512958
CC_DEF6ED18E300,0,0.252564977992
CC_DEF7E37A28C8,0,0.155157610341
CC_DEF8624E80FF,0,0.0982143088511
CC_DEF8A128000A,0,0.154475615249
CC_DEFC14B9D747,0,0.117933469204
CC_DEFDED306916,0,0.141388751884
CC_DEFF4B3F6502,0,0.330847468423
CC_DF020004B881,1,0.335737285439
CC_DF0A0E8705F2,0,0.322700969603
CC_DF0D2AB34461,0,0.209750518244
CC_DF0D92BF4383,0,0.0925769690968
CC_DF0F3BD504AB,0,0.169169974096
CC_DF18E2866296,0,0.491294142366
CC_DF1A2D632711,0,0.0768347913473
CC_DF1AFC31E0A9,1,0.217632566701
CC_DF1B0F0AECDD,0,0.222969043073
CC_DF1B52E05171,0,0.13360405026
CC_DF1C8F2534CE,0,0.13814186891
CC_DF1CDD8E94FF,0,0.168515031859
CC_DF1F0C3A1A28,0,0.0553073631339
CC_DF1F2A0C6749,0,0.292209005743
CC_DF22018BE819,0,0.0700510454666
CC_DF226168E19A,1,0.0927340335278
CC_DF23FBF35FFB,0,0.110080271639
CC_DF27B1151475,0,0.604993631687
CC_DF2FC8D911E5,0,0.643266790657
CC_DF3177285D36,0,0.164906891982
CC_DF3644ABB48B,0,0.58383108319
CC_DF3EBB56E7A7,0,0.10160273261
CC_DF42CA6769A7,0,0.111109655984
CC_DF450916B7A5,0,0.0981199110729
CC_DF4B6D90D841,0,0.075537247796
CC_DF5866596DF3,0,0.0909043736405
CC_DF5FD024CC9E,0,0.318606172715
CC_DF60032550B9,0,0.209503579924
CC_DF61AB5D1DD8,0,0.269109138214
CC_DF643E3ECE2D,1,0.794219006196
CC_DF64638289A2,1,0.0598649103482
CC_DF6B30A1CA19,1,0.574548044563
CC_DF6D2CFA7111,0,0.588777758859
CC_DF6F8B7F2A77,0,0.137786023326
CC_DF72F93B3981,0,0.0455317795844
CC_DF7598215627,0,0.0811850869719
CC_DF79BECE2801,0,0.0950071362872
CC_DF7F74BF30D2,0,0.0955910674956
CC_DF80B75F6AB1,0,0.123627103608
CC_DF840845D217,0,0.0858034559029
CC_DF8BC385B15C,0,0.179235445277
CC_DF8BF8EB664C,0,0.165458301818
CC_DF9141FDF38B,0,0.0899219616385
CC_DF9895952AB5,0,0.142100473311
CC_DF99662BAD44,1,0.840526417558
CC_DFA421C51A61,0,0.264034303228
CC_DFA575B71665,0,0.216934791275
CC_DFA62A37397F,0,0.144391242029
CC_DFA63E92D478,0,0.10064896621
CC_DFAD15C6A8C8,0,0.249959919891
CC_DFAE2F290D00,0,0.154683927266
CC_DFAFC7F8A535,1,0.801272366468
CC_DFB30BA03A2A,0,0.106787615989
CC_DFB6A351102C,0,0.172022347571
CC_DFC27ECF8E81,1,0.297373801964
CC_DFC7FEEAAC57,0,0.186473661051
CC_DFC8B8BF7B28,0,0.259142527916
CC_DFC97C4A698B,0,0.151619938865
CC_DFCE24623E91,1,0.267011565505
CC_DFCF17899643,0,0.195311027457
CC_DFCF2FBC9DD1,0,0.0782157929639
CC_DFD1FD5775DA,0,0.48524006215
CC_DFD35F46F8DD,0,0.0842272383917
CC_DFD4CC58B15B,0,0.301458535097
CC_DFDA1AAD92B7,0,0.176201646107
CC_DFDCBBEE2CE4,0,0.174541346491
CC_DFE216BC75E3,0,0.231537202636
CC_DFE4DD5ABF2F,1,0.177911553193
CC_DFE612433F6B,0,0.113730393322
CC_DFE698E9FD81,0,0.195756991973
CC_DFEB23F3A318,0,0.114869854032
CC_DFEECBFC923F,0,0.0726061960899
CC_DFF26DB00B1F,1,0.158563078348
CC_DFF2859DD407,0,0.258505994075
CC_DFF9E2090E96,0,0.129525897415
CC_DFFAE087D62E,0,0.0634007385208
CC_DFFEAB670BD8,0,0.132967268296
CC_E0014667464B,0,0.0632446188226
CC_E008B14F52A4,0,0.0734548374294
CC_E00986CD7C4A,0,0.0953596301138
CC_E009DCACFCD3,0,0.0695872624164
CC_E00B8B30BD5A,1,0.343747159519
CC_E00F2A20B692,0,0.131966006856
CC_E012544971F9,0,0.0861993598054
CC_E014A349C264,1,0.109852194793
CC_E014C86052D2,0,0.5507236866
CC_E01FF409E55F,0,0.0535167202455
CC_E0211863F5A1,0,0.133337752448
CC_E0226CFA9A84,0,0.0782802111216
CC_E0240639BDDF,0,0.251671513724
CC_E025CCC69AFF,0,0.171669284505
CC_E02B3D7881CA,1,0.21362686975
CC_E02C2CEF5997,0,0.0646480617261
CC_E02C662033F5,0,0.824855935743
CC_E02E382211BC,0,0.0967855580686
CC_E02F29C76C9F,0,0.126848627677
CC_E0305B030C03,1,0.213953986784
CC_E034CAEAD3B8,0,0.127104043288
CC_E03545F31E37,0,0.0703302796477
CC_E03791395710,1,0.619134590849
CC_E038CF038494,1,0.707928318054
CC_E03BF06D8F94,0,0.201030641484
CC_E0416A530F09,0,0.0826203627678
CC_E0464446E2D7,0,0.10514533756
CC_E048508E6B83,0,0.246085441084
CC_E049E4D867C8,0,0.0972526932798
CC_E049F4C94A8B,0,0.152621520381
CC_E04BDB95681D,1,0.186007311819
CC_E04C217338BE,0,0.100873196202
CC_E04D96317FA7,0,0.126585506202
CC_E04E382B856E,1,0.665457995153
CC_E054BCE1468B,0,0.122601130483
CC_E05639FC5803,0,0.123972618948
CC_E05AAEAE5680,1,0.615526375399
CC_E05AE59F52FE,0,0.190238605314
CC_E05DB6E3F41B,0,0.577604420911
CC_E05EFDC41DD5,0,0.175493645679
CC_E060BF94DE5B,0,0.190772299778
CC_E0670050785F,0,0.074064184689
CC_E068F5CF14C0,0,0.114038413958
CC_E06BC299F614,0,0.261812226946
CC_E06D5E0BACFE,0,0.258720000803
CC_E0713EA26101,0,0.109191088512
CC_E07237A34828,0,0.51579418524
CC_E0730A97CECC,0,0.116025141514
CC_E073E8909575,0,0.12630401524
CC_E0753942411E,0,0.069744116026
CC_E079E28F06A1,0,0.156246893543
CC_E07A42AB5D9E,0,0.0851085518564
CC_E07A52E2554F,0,0.207073193774
CC_E07B6FB6AFF1,0,0.145489648079
CC_E07BBDFF9E09,1,0.139287928041
CC_E07F52A9F8E0,0,0.0954887214559
CC_E0807F7E8008,0,0.133754773886
CC_E0842F0A7FD6,1,0.0887124351152
CC_E085EE56B805,0,0.0919404887306
CC_E0884676DD40,0,0.128228947057
CC_E08AC7D8506D,1,0.318048746424
CC_E08B30029BC6,0,0.147676545422
CC_E08D7A5B8830,1,0.573558033262
CC_E08E1275DC8E,0,0.151537043679
CC_E08E25A58155,1,0.677190623874
CC_E0934104B880,1,0.705806627778
CC_E09613F29FD0,0,0.155537490842
CC_E097E82F433F,0,0.0898113287517
CC_E09A0A80E542,1,0.219988431177
CC_E09B31DE56BB,1,0.763692554358
CC_E09EB9A20F77,0,0.200625468186
CC_E09FD9089459,1,0.649506116267
CC_E0A4511CF406,0,0.0798344812414
CC_E0A58A6367B4,0,0.287359611097
CC_E0A907B7FCAA,0,0.0809889649102
CC_E0AC6E0C5FD8,0,0.105854997885
CC_E0B14A42C8E1,1,0.227146116792
CC_E0B24419A872,0,0.681349961514
CC_E0B39757CBDF,0,0.334078103889
CC_E0B50F6BC3BC,0,0.134563769175
CC_E0B5EF598248,0,0.140958266195
CC_E0B6FD2B34DB,0,0.151095815887
CC_E0B778FC4B49,0,0.447488409699
CC_E0B96E1705CD,0,0.180095388485
CC_E0B9F7EBE958,0,0.207116621021
CC_E0BA62F9FD6F,0,0.0964176876607
CC_E0BA6E36FE5A,1,0.0844484346913
CC_E0BB6AD7D546,0,0.136351861151
CC_E0BCAC8C6E71,0,0.129058561512
CC_E0BE0A9CBBD3,0,0.0626242410944
CC_E0BFAB2CD756,0,0.111689161124
CC_E0BFE715F38A,0,0.137579716795
CC_E0C05789E7D8,1,0.598318273588
CC_E0CA7757249B,0,0.159599709972
CC_E0D04BA3EE94,0,0.146763483057
CC_E0D09DD42E08,0,0.189454926814
CC_E0D0C32A97D2,0,0.114173856382
CC_E0DFE84211DA,0,0.144766878382
CC_E0E20855CCC2,0,0.0841219115536
CC_E0E408E4A108,0,0.146622827714
CC_E0E5C75D2EE9,0,0.0836903133682
CC_E0EA5A0D7380,0,0.157297309871
CC_E0EE1E9794B7,0,0.0880804890752
CC_E0EF649D6E7B,0,0.128954324587
CC_E0F22FFC0A0B,1,0.784998762347
CC_E0F3ED7061D2,1,0.846753744233
CC_E0F4168EFD1B,0,0.455623783293
CC_E0F7921AD0B3,0,0.107779300718
CC_E0FABC220981,0,0.0997102768968
CC_E0FC530F5819,1,0.617791090943
CC_E0FE795DCBAB,0,0.0803312414626
CC_E0FE9B064DB0,1,0.161994800964
CC_E0FF808AD412,1,0.56828409956
CC_E1038741DF84,0,0.175334827241
CC_E10397A85874,0,0.0942971850591
CC_E10617C99F30,0,0.253772948909
CC_E109EE6A33B5,0,0.0857771200656
CC_E10EF1DA6840,0,0.0739530034573
CC_E11575CBC9B6,0,0.0913518884348
CC_E11B3460C7EA,1,0.531589912892
CC_E11CCE11D7B9,0,0.334312408335
CC_E11E90E8D932,0,0.0914887905409
CC_E12096B5A4E8,0,0.270639381963
CC_E124F88913D4,0,0.193326377883
CC_E1269A014F86,0,0.121069534031
CC_E12B30D5FFD2,0,0.635506797804
CC_E12C6D9828FD,1,0.167228701129
CC_E12CD127A155,0,0.137915835443
CC_E12DE05F2AEC,0,0.148335228363
CC_E12F90C2AFAB,0,0.220644503017
CC_E133CCC2AFE2,0,0.133530291977
CC_E134FD05C1D1,0,0.449047218225
CC_E13A9ECC47B9,0,0.0990530444983
CC_E13D76A272A3,0,0.219747826478
CC_E13E943AEBDA,0,0.153806298455
CC_E1426771C207,0,0.157385148413
CC_E145A187E849,0,0.370284303552
CC_E1480352EEF2,0,0.0440701393479
CC_E1488DF1824D,0,0.252016792527
CC_E14BBBFA9055,0,0.151731718135
CC_E14CECBD2810,0,0.161074584542
CC_E14FB50FA19E,0,0.117036198915
CC_E150935A453F,0,0.119086229334
CC_E1562A2BA784,0,0.149426822923
CC_E158E15D7125,0,0.124651514834
CC_E159311CB9E3,0,0.278597139961
CC_E15B0973182B,0,0.338350298228
CC_E15B760716F4,0,0.112206598478
CC_E15C18C42308,0,0.227297748896
CC_E15FE2E73C9F,1,0.0926306704
CC_E16CA51FBC53,0,0.25242828523
CC_E16D44C8BDD5,0,0.265864686742
CC_E170591FAAA4,0,0.0557108887118
CC_E1720795D57F,0,0.142809655464
CC_E175121718FE,1,0.637990349093
CC_E1761202E394,0,0.076971290335
CC_E17E9FDB30FA,0,0.112818107647
CC_E180BC6E262B,0,0.222678745805
CC_E1816BEDFACD,1,0.587245708811
CC_E182647B1053,0,0.114733426243
CC_E186CD8C2D4B,1,0.500550895019
CC_E18AC3600E06,1,0.305865440187
CC_E1904731953B,0,0.172695174819
CC_E190BF966024,0,0.34125074578
CC_E191CED7F0FB,0,0.160198700168
CC_E199F57F6406,0,0.0851859397879
CC_E1A909AF924E,1,0.181774357781
CC_E1ABD1490378,0,0.107722099868
CC_E1ACDE23527D,0,0.201503474075
CC_E1AE2F27C9A3,1,0.76486722064
CC_E1B1F8EEC0C8,0,0.0693524694331
CC_E1B5179676DE,0,0.17129546709
CC_E1B9E8934453,0,0.143749346467
CC_E1BBB7DF75E3,0,0.129893525809
CC_E1BE0D583C62,0,0.112638289512
CC_E1C17F96F4DB,0,0.273906724296
CC_E1C32B0EF917,1,0.115835765665
CC_E1C32DEDB9D2,1,0.245026146248
CC_E1C3A7378069,0,0.0865780533097
CC_E1C67A5D7019,0,0.0929516951497
CC_E1C8F841DA22,0,0.14138623298
CC_E1C972A64D63,0,0.186073552839
CC_E1CAB2D98D0F,1,0.700351044486
CC_E1CB079746AA,0,0.161213270871
CC_E1CDB29AEE5F,1,0.269913725999
CC_E1CF3EBD220A,0,0.149755134286
CC_E1CFCA39D594,1,0.788956203306
CC_E1D4360A629C,0,0.0797805479083
CC_E1D57F784810,1,0.128516802263
CC_E1D8CF491435,0,0.191454104387
CC_E1DD1A408C4F,0,0.549747660843
CC_E1DD96114993,0,0.335726134432
CC_E1E2EC897F44,0,0.190079339716
CC_E1E3869F1C11,0,0.11418141755
CC_E1E5024D2EE3,0,0.188376318411
CC_E1E56B3BD0E9,1,0.459825073446
CC_E1E5A9D1F306,0,0.113080405874
CC_E1E72217A429,0,0.177202282008
CC_E1E767B5BB50,0,0.162671342523
CC_E1EDC60F3B8E,0,0.0788889250828
CC_E1EDE017F568,0,0.147155753226
CC_E1F1D70522CC,0,0.149607987528
CC_E1F4375CB415,0,0.0663013107495
CC_E1F971707291,0,0.119346973729
CC_E1FE2B0A3FB0,0,0.0782422409837
CC_E1FECB29F559,0,0.391413851939
CC_E1FF46B4D7A4,0,0.133531558443
CC_E2008A9ABECD,0,0.0915935310462
CC_E202A1652A3A,1,0.813181737721
CC_E203EE196FE6,0,0.176580185618
CC_E204D7083794,0,0.292424277113
CC_E206E1FAC10B,0,0.337692602436
CC_E2084A230B88,0,0.309379983224
CC_E20BD1CDE7ED,1,0.559614234922
CC_E20EDDA9A6A4,0,0.0969584708959
CC_E210086CD940,0,0.247753149029
CC_E2126171969F,0,0.408602146275
CC_E21401CDF1D5,0,0.225210558248
CC_E21E69F7123F,0,0.107691581266
CC_E220B5B5FAE7,0,0.176634055722
CC_E223AF828F1C,0,0.0438629948929
CC_E223FC003892,0,0.103374123424
CC_E228573DB4AB,0,0.135994342236
CC_E2305AF128B1,0,0.0970404616584
CC_E23186620BF1,0,0.133765429303
CC_E2325CA5103D,0,0.213557820462
CC_E2326DE99EC4,1,0.750185503425
CC_E236F644BE19,1,0.146592155866
CC_E23784CE96BD,0,0.173359227307
CC_E2384EEDE4C2,1,0.103710104206
CC_E238E50B0622,0,0.153945523039
CC_E239B7B71C0D,1,0.809915445381
CC_E23DF4C634A6,0,0.595715508142
CC_E23E406EB0FD,0,0.196783550727
CC_E23EC6ADC6AC,0,0.0701682943338
CC_E23F6C58E76F,0,0.120911413674
CC_E2484CA4E5F0,0,0.118303034352
CC_E2493EBF2DF2,0,0.189365141975
CC_E24FC1F7A8C6,0,0.0885503892053
CC_E25207C0B055,1,0.754718383589
CC_E2523F13FDFC,1,0.176367098182
CC_E254A229528C,1,0.131787278443
CC_E257E099AF1E,0,0.233513547928
CC_E2593409EA04,0,0.403743480024
CC_E25EE5180AFB,1,0.0512189196494
CC_E261F3EBDFB7,0,0.163337837489
CC_E2633F084581,0,0.081353889413
CC_E264F8BB8E72,0,0.110849488058
CC_E269F114203B,0,0.129862635591
CC_E26A679FA03B,0,0.765446637888
CC_E26DBE4CA133,0,0.380451397202
CC_E26EA4404C72,1,0.850861254549
CC_E26FBDF5BFBF,0,0.118286641488
CC_E27440C0E6A8,0,0.111877315162
CC_E27447633409,0,0.121944066292
CC_E27A90AF08A6,0,0.113010456884
CC_E27BEE8CCBF2,1,0.52815014782
CC_E27C5845031C,0,0.272985457324
CC_E27E298F1478,0,0.598555397062
CC_E280593EA297,0,0.415061812325
CC_E282B8BE9902,0,0.0971724633203
CC_E284E681BC68,0,0.0862129907044
CC_E286528923A1,0,0.112491051729
CC_E286EE4AF086,1,0.157439770434
CC_E28CCF1A102F,0,0.204358330454
CC_E28E8AF792C6,0,0.332976538561
CC_E290F8369D1D,1,0.755495304081
CC_E2934918E22E,0,0.0761899005886
CC_E2957ED0D53C,0,0.234943308296
CC_E2964A30652B,0,0.125746032368
CC_E298DCC0448C,0,0.195072407
CC_E29A601CE4BC,0,0.13157429553
CC_E29E02E0B058,0,0.08258361995
CC_E2A2F39983BE,0,0.25930548486
CC_E2A8851810B0,0,0.100061865032
CC_E2A9A918B783,1,0.722532934518
CC_E2AA32DCE49E,0,0.387162004436
CC_E2AD2AF05EC2,0,0.0804356966069
CC_E2B1D19C96D4,0,0.118374068514
CC_E2B83893D6C7,0,0.0959130459354
CC_E2B88447F84D,0,0.171940079844
CC_E2BA938E0108,0,0.0336752274599
CC_E2C5CC1CB6E3,0,0.100702693229
CC_E2C83D649394,0,0.109269368711
CC_E2C859523D8D,0,0.308599178408
CC_E2C8D9D323C7,1,0.555347534302
CC_E2CA1556E4F1,0,0.108957579872
CC_E2CA42EBEBA9,1,0.61912739433
CC_E2CB0C18E8FB,0,0.0960990410356
CC_E2CC5AF0528B,0,0.110787431172
CC_E2CEB6116245,0,0.303675478995
CC_E2CEF6E7A70D,1,0.127163317822
CC_E2D4BA776D05,0,0.482600142186
CC_E2D5B9F55DCA,0,0.16211265155
CC_E2D69C4F3E7F,0,0.0897659422523
CC_E2D6BC2B1BFD,1,0.10663862232
CC_E2DA0B239920,1,0.41470384076
CC_E2DD7242472C,1,0.554392583354
CC_E2DDD815B031,0,0.103618870986
CC_E2DF5177A0E5,0,0.655975064479
CC_E2E8B6E6DCC1,0,0.128063385407
CC_E2ED8CB68D13,0,0.186694629056
CC_E2F9103BB6E0,0,0.0639415686985
CC_E30249EBD2C8,0,0.144049047359
CC_E3068761F8E4,0,0.363825759754
CC_E30734169FB3,0,0.127940139109
CC_E30832DAF05A,0,0.272283898346
CC_E30D2157F495,1,0.725580689011
CC_E30E4C77A3E9,0,0.1925057378
CC_E31028EC2792,0,0.0821016507868
CC_E315692BE08D,0,0.317057110342
CC_E3186CD9857C,0,0.724070801154
CC_E31D60E8DB11,1,0.186574724445
CC_E3238DA22FE2,0,0.0697780218759
CC_E329957940BD,0,0.152426699013
CC_E32D9F5EA3A0,0,0.186441502329
CC_E32E2887C610,0,0.142979782866
CC_E32E67B9D820,0,0.0826512578927
CC_E339CD2AFD04,0,0.113010969549
CC_E33BF06FBAC0,0,0.0650053333547
CC_E3451F83DC89,1,0.93157033574
CC_E34BA2A08E1C,1,0.329824207685
CC_E34BDCD50D0C,0,0.201056173844
CC_E34CD180654B,0,0.213002334567
CC_E3518E1ED3D7,1,0.740488734964
CC_E35223B9B39D,0,0.134815565428
CC_E355ACD70489,1,0.125604296596
CC_E355CDE49B4F,1,0.634250573675
CC_E3581B0344C9,0,0.0915860607044
CC_E35994DB17F6,0,0.147735186216
CC_E3626398F431,0,0.104117784072
CC_E3638AC5AA62,0,0.418845212898
CC_E365DC687434,1,0.836924537563
CC_E3731ADE9CFE,0,0.111863253135
CC_E3733F8A6A20,0,0.278979878537
CC_E3748C4E4E35,0,0.237951278653
CC_E37738A9B59A,0,0.327941313099
CC_E37774387656,0,0.151456715551
CC_E37A73808FD1,0,0.124306006224
CC_E37BA37C2473,0,0.158505833073
CC_E38068898C84,1,0.13168824727
CC_E38092E7D68F,1,0.181582750525
CC_E38512C880E9,0,0.112707204351
CC_E3886E8800EA,0,0.184346920798
CC_E389BCE2ABED,0,0.214292578309
CC_E38B9531CD89,0,0.209851994661
CC_E38C2861F557,0,0.0796990209718
CC_E38DEAFC0B96,0,0.0692464593692
CC_E3900E2633EC,1,0.126292059519
CC_E3915B9EF937,0,0.137381228832
CC_E3916F1B1620,0,0.0803626487076
CC_E3931BAFE8D4,0,0.103783625074
CC_E39341C3632C,0,0.629967630832
CC_E393B0450882,0,0.126302465685
CC_E3950B375AA7,1,0.5490540981
CC_E3982040232F,0,0.170707057295
CC_E398D7602F35,1,0.777920432287
CC_E39AD1EF1232,0,0.128704565517
CC_E39D2889F88A,1,0.216590006953
CC_E3A13AD2AB11,1,0.343198709999
CC_E3A22A6794F6,0,0.0992461610793
CC_E3A3C37D0121,1,0.587864588192
CC_E3A7CE0A89F7,1,0.23596614925
CC_E3A8125ACD26,0,0.0843151406472
CC_E3A83C61ED6F,0,0.210375176471
CC_E3A98A117270,0,0.10166772053
CC_E3ABD9C7C7EF,0,0.460091260133
CC_E3AC1C06DC21,1,0.155588826845
CC_E3AE51FEFB4F,0,0.184950838981
CC_E3AF609E6870,0,0.712102403439
CC_E3B43931EC27,0,0.130385507083
CC_E3B54914410B,0,0.113898375405
CC_E3B5EAD5DF2C,1,0.453734214358
CC_E3B653A99722,0,0.120038766092
CC_E3B95AF06F16,0,0.112758699218
CC_E3BE2369130B,0,0.712807111123
CC_E3C0455949F2,0,0.0873446190829
CC_E3C26C52B0D0,1,0.154873704268
CC_E3C96E2F9D8E,0,0.23169871201
CC_E3CA93972E23,1,0.138538499132
CC_E3CBC5F634D4,0,0.120085874274
CC_E3D032D6644D,0,0.0948903153702
CC_E3D554925593,1,0.613895160499
CC_E3DB3D043F0D,0,0.0582748452461
CC_E3E05288FE44,0,0.0789024063591
CC_E3E0E89CC175,0,0.652392797125
CC_E3E3964646DD,1,0.142103405037
CC_E3E5B162D648,0,0.0412131588364
CC_E3E9AD07A5DF,0,0.234592755827
CC_E3EB1A9E5527,0,0.104178373611
CC_E3EB55B89CA9,0,0.123469096662
CC_E3EC5A3A9F75,1,0.142367777427
CC_E3F0CB331C1B,0,0.0395531000541
CC_E3F18E5F019D,0,0.0894644835102
CC_E3F2809C0CDB,0,0.11250979261
CC_E3F39D3D28A6,1,0.934334532148
CC_E3FF72B6D1A9,0,0.197742126382
CC_E400717D9AF7,0,0.117907532139
CC_E400F6B304F1,1,0.136866235138
CC_E401556360B4,0,0.22010169659
CC_E403AABE6A3A,0,0.201499999558
CC_E40552CB0047,0,0.525457378521
CC_E407BFDD5B48,0,0.172534126045
CC_E408DC6865E6,0,0.0843087853773
CC_E40A8EF9B8B8,0,0.10328344496
CC_E40E08D7295F,0,0.089950852784
CC_E41D305E552C,0,0.210543941788
CC_E4206D02DDC1,1,0.287388000925
CC_E4214D176F67,0,0.449153182329
CC_E4266E9B176C,0,0.352231298788
CC_E42A82720EB7,0,0.424133516637
CC_E42A9723A2FE,1,0.869265300712
CC_E42BF2743F50,0,0.0985957069278
CC_E42F7667F3C8,1,0.921396562895
CC_E433B89AB8C6,1,0.391994898135
CC_E4352E84EE6C,0,0.107282887395
CC_E4390AA74FF0,0,0.133621518618
CC_E43C13F00CC9,0,0.0912219693562
CC_E43CED1ADF2A,0,0.107451341747
CC_E43E3F01A8EE,0,0.150437755509
CC_E43FDF1DE1AF,1,0.682213296474
CC_E44049754483,0,0.747361527463
CC_E4471F9CACBF,0,0.071427717003
CC_E44AF434C827,1,0.806355928162
CC_E453823F0DBD,0,0.256408733266
CC_E453C8F9D686,0,0.202084711441
CC_E4550B5E95A3,1,0.804022589355
CC_E456DDF80B76,0,0.322066463937
CC_E45A59DF525C,1,0.0814107702488
CC_E45AF3AB21FE,1,0.617799036869
CC_E45D55263552,0,0.0845438703613
CC_E4606011CF77,0,0.203107532177
CC_E460B0437938,0,0.14472650192
CC_E469F9E5328C,1,0.185734128948
CC_E46D2A5F3DD9,0,0.0885154724671
CC_E473F025CDCB,0,0.14628239916
CC_E475120CD736,1,0.218426192857
CC_E475976AF01B,0,0.186335167206
CC_E476D2A6A01F,0,0.0853173870725
CC_E478A2E54F35,0,0.0842979193036
CC_E47AC52C1D97,1,0.294354382519
CC_E47BA9F5AC9D,0,0.0997097949824
CC_E47C0EEC065E,0,0.0953054423355
CC_E47C31871930,0,0.0727083033293
CC_E4823CDA8267,0,0.149592756367
CC_E4828212C213,0,0.0774949015908
CC_E483CBD0A0E3,0,0.130176899147
CC_E4898C87B72D,0,0.709623943696
CC_E48CDC41C4FA,0,0.810828545848
CC_E492DA3C8EA2,1,0.302507286311
CC_E49633AB89C2,0,0.158721885842
CC_E496D1F36489,0,0.333588985573
CC_E49934925445,0,0.108353485869
CC_E49A2DFD1800,0,0.641723274249
CC_E49B16DA2AB6,0,0.0963128400907
CC_E4A3FA875443,0,0.126966262812
CC_E4A53391C1CF,1,0.152332814185
CC_E4ADE70F017F,0,0.146252957199
CC_E4B0F4C14F74,0,0.122950566747
CC_E4B146FE98E3,0,0.156215661562
CC_E4B696EE8F20,1,0.223086479737
CC_E4B854D38796,0,0.177644328315
CC_E4BB5C8534C6,0,0.0926256138883
CC_E4BDA30E9FD0,1,0.817208553672
CC_E4BEA78980CB,0,0.126021095321
CC_E4C040DEDE49,0,0.0723614722967
CC_E4C1588C313A,0,0.0990661394085
CC_E4C60C982093,0,0.201309187479
CC_E4C64AA93465,0,0.0999457793721
CC_E4C6CEAECD29,0,0.0658526890292
CC_E4CE365C6403,1,0.683972009639
CC_E4D7E66D9E89,1,0.387729402455
CC_E4D8578BDC10,1,0.115842374761
CC_E4DF804E3776,0,0.111848841256
CC_E4E279EAA480,0,0.151393373497
CC_E4E84A4BBDFF,0,0.123103179028
CC_E4EBB46F37D7,0,0.194501040532
CC_E4EE9502E6AC,0,0.0748800166514
CC_E4F384E6E5F4,0,0.101643522349
CC_E4F3DD712869,1,0.573382055016
CC_E4F7B790DC3B,1,0.86123557306
CC_E4FDB23EB20F,0,0.117748083655
CC_E50092A966D2,0,0.156058249093
CC_E502E0D98642,0,0.0933809423084
CC_E5098AE61EB1,0,0.0814617463498
CC_E509D3153768,0,0.120520965726
CC_E50A5EDCCDC3,0,0.123276378964
CC_E50C1CF8A619,0,0.654513696632
CC_E5176F94F9BC,1,0.198359836395
CC_E517B174D143,0,0.116302253347
CC_E51902481C2C,0,0.106365804747
CC_E519B4C672E6,0,0.081615785835
CC_E52098BD9950,0,0.231659479844
CC_E52496E6762B,0,0.0734255648214
CC_E5258E3B410E,1,0.216971105223
CC_E52663EAF0C5,0,0.0882919877542
CC_E52E68DF862D,0,0.245025586043
CC_E53852322CD8,0,0.132862141956
CC_E5390D02ABE1,1,0.486725472956
CC_E539EC1DCF7A,0,0.575299920642
CC_E542E234D01D,0,0.0588494588239
CC_E5439A3F42EA,0,0.0776718883862
CC_E54472F8D9E9,0,0.0763201706994
CC_E54545C8C9D3,0,0.18355626859
CC_E547CDE900DE,1,0.367330958111
CC_E5492A15F2FB,0,0.0879210410114
CC_E54B44522F72,0,0.186252567542
CC_E54BDF038AE4,0,0.197437206599
CC_E54D2DEDA848,0,0.087793860406
CC_E54E155C6936,0,0.0896891326509
CC_E54F67500C63,0,0.182404188501
CC_E54F9564F46C,0,0.0904067437613
CC_E5500A4EB3A9,0,0.355499064307
CC_E555BF610D50,0,0.616772528264
CC_E55DCC89228C,0,0.237525509945
CC_E56168B3673A,0,0.135821518002
CC_E563953C3CE4,1,0.146830487455
CC_E5658170669F,0,0.109185071412
CC_E56C1156E56E,1,0.107316449466
CC_E56C33F3D25C,0,0.0830091234864
CC_E56DD8238058,0,0.161816552558
CC_E56E10020158,0,0.0999405624232
CC_E570D1044648,0,0.233077661278
CC_E571078B7998,0,0.431891521122
CC_E573B3ECBF5B,0,0.363825737196
CC_E5746533B675,0,0.312025487738
CC_E5751279B52E,0,0.16434261825
CC_E57686543950,0,0.122725888055
CC_E57C2183BC74,0,0.150927996863
CC_E57D3D6C76E8,0,0.114818288811
CC_E58023625304,0,0.426881243784
CC_E5834E24EA33,0,0.161103062508
CC_E585F75AA335,0,0.212200357508
CC_E587875B2CF5,0,0.18743529696
CC_E588DB08A06D,0,0.0889728305608
CC_E589471382BB,1,0.177763801433
CC_E58B2A34C238,0,0.156456289298
CC_E58C38C6A4D5,0,0.142750943365
CC_E59025F117E9,0,0.135381100075
CC_E590A71EB003,0,0.169972739193
CC_E5923E11108C,1,0.211948191406
CC_E59524B7EF85,0,0.0775645002176
CC_E59BF1C4708F,1,0.325328948047
CC_E59C86AF6608,0,0.0920053177728
CC_E59E33733B2A,1,0.63889320818
CC_E59E54CF316A,0,0.11725376354
CC_E59EBA31F7F5,0,0.133034662535
CC_E5A038445333,0,0.771002290782
CC_E5A0F1608224,0,0.158693733359
CC_E5A11E71BA8F,1,0.300130899143
CC_E5A57CEB6625,0,0.0788664130916
CC_E5A629872101,0,0.156200911604
CC_E5A991A887BE,1,0.909063785072
CC_E5AA49FDE681,0,0.185252149519
CC_E5AB6B7ECEF4,0,0.125442149715
CC_E5AB72BF162D,0,0.125391086759
CC_E5ABCD0FE328,0,0.153908177465
CC_E5AC34F0A1C9,0,0.131238752613
CC_E5AC8248E057,0,0.168856255811
CC_E5AD829BCB39,0,0.0977218627469
CC_E5B16D4F0F9C,0,0.0980860718186
CC_E5B3C2040958,1,0.760124589001
CC_E5B4F0563DC9,0,0.0429556943895
CC_E5B59C393061,0,0.119522321547
CC_E5BAF7CAB6DF,0,0.0706429420273
CC_E5BCC2F0A03B,0,0.0744491665371
CC_E5C565CE9D86,1,0.138984731329
CC_E5C9017E7B46,0,0.104743047986
CC_E5CADE06FE7B,0,0.103678833607
CC_E5CF62FBE157,0,0.085339334428
CC_E5D146A589F6,0,0.0657938267937
CC_E5D22444BA42,0,0.0961062799609
CC_E5E06B4B87A0,0,0.0945337874657
CC_E5E3C2C58C61,1,0.137297598599
CC_E5E3E75B64B0,0,0.116713606768
CC_E5E4AA87650B,0,0.0810113568572
CC_E5E779B4A1FB,0,0.0709021288835
CC_E5EA3A63EC37,0,0.0859110367217
CC_E5EE8407D4E7,0,0.159118405477
CC_E5EF77D1DA79,1,0.465229977701
CC_E5F11B6D7F01,0,0.0896798405118
CC_E5F34DBA3ED9,0,0.294129650923
CC_E5F46DA46972,1,0.588502858934
CC_E5F7A898C5FD,0,0.263319875489
CC_E5F927E50E5E,0,0.108130219576
CC_E5FD649BDFC3,0,0.112583920804
CC_E601E8052E99,0,0.769241474161
CC_E602B7CD4021,1,0.224446438137
CC_E606CBCC8E51,1,0.078330461926
CC_E6087D494C6C,0,0.106541360465
CC_E60886215B21,0,0.108930166745
CC_E608FB8E9327,0,0.0773125547073
CC_E60B2D530847,0,0.0934893762312
CC_E60B674D73F2,0,0.4074590775
CC_E60DF0D32F44,1,0.226105096849
CC_E61384DB1522,0,0.192252328814
CC_E614034AC465,0,0.206498602388
CC_E619E9D46CCD,0,0.143526349021
CC_E61B32EBEA5B,0,0.199958430642
CC_E61BF6DDE412,0,0.276406768727
CC_E625717A3010,0,0.216353901113
CC_E62A4CFB6A5A,0,0.168701241983
CC_E62DD1001F83,0,0.134981003494
CC_E6313E360FD4,1,0.476886064848
CC_E6354F14838B,1,0.263221544467
CC_E63B9E117292,0,0.764687481163
CC_E63D6F022C61,0,0.140804411983
CC_E63F39DBAFBF,1,0.526880422071
CC_E63F8B4900C8,0,0.12885624892
CC_E64360D4B42A,0,0.0978827131129
CC_E6452975FFC2,1,0.690956171707
CC_E645686CF93D,0,0.169008294762
CC_E646CB4238EC,1,0.448183672805
CC_E648516C219E,0,0.408030230035
CC_E648BB3857CD,0,0.143832311607
CC_E64BF22E4067,1,0.40353924431
CC_E64C190D03BF,0,0.204370481983
CC_E64D7261A9A7,0,0.224456880989
CC_E64F1A036D78,0,0.693074974401
CC_E65423ACD3BE,0,0.241150544189
CC_E656FF867B6D,0,0.795458153185
CC_E65A0D1E20A4,1,0.127594598892
CC_E65B59C65515,1,0.244300504051
CC_E665B0F0E562,0,0.100980222284
CC_E665CAC70A2A,1,0.446165597043
CC_E6671D5962B2,1,0.325849447405
CC_E669DABE2DDB,1,0.283393732009
CC_E6701623C493,0,0.876460847228
CC_E670B30CC528,0,0.0809552547975
CC_E672F94277EF,0,0.0764408921931
CC_E6789779D830,1,0.901086412626
CC_E682627BB7D6,0,0.15697186913
CC_E6852EF7C1AD,0,0.0866952744571
CC_E691EA882C81,0,0.530170760371
CC_E6980B7C5C2C,0,0.0860527488532
CC_E69AA5D43556,0,0.180992409231
CC_E69C19CCE926,0,0.0867190179415
CC_E69FC24628EF,0,0.10514219999
CC_E6A223D9581E,0,0.187768131593
CC_E6A30A0D1787,0,0.252887350306
CC_E6A477B00619,0,0.0978272453483
CC_E6A923EF3C4A,0,0.0971783501942
CC_E6A931F4E9CF,0,0.0741100297781
CC_E6AA56E47E0D,1,0.43971020178
CC_E6ACE9944656,0,0.157808096939
CC_E6ACF598C901,1,0.918044876401
CC_E6AD1DD3D6CE,0,0.301056898919
CC_E6AD466887E1,0,0.579094536603
CC_E6AF1C1AF0BA,0,0.25401333044
CC_E6B634926970,0,0.102432006448
CC_E6B8A7293A83,1,0.792271939882
CC_E6BF2E6F901A,0,0.138733430642
CC_E6C3CAE52949,0,0.102444136695
CC_E6CAFC31089C,0,0.298172076987
CC_E6CC8278D79E,0,0.111385391287
CC_E6CDD1287F27,0,0.237059871634
CC_E6CFCD63F1A1,1,0.194954041513
CC_E6D1CA22184F,0,0.0959092058471
CC_E6D36BF17966,0,0.0992346367122
CC_E6D9BF1DB697,1,0.594258530004
CC_E6DBC3737D2B,0,0.21800207838
CC_E6E4B191D76D,0,0.1531872145
CC_E6EADCE8FA84,0,0.129908703509
CC_E6ECC4B4CE39,0,0.151094816013
CC_E6EFAE48159E,0,0.133909190212
CC_E6F70B347212,0,0.205678973119
CC_E6F81AAC15AF,0,0.0830242672977
CC_E6FA81CE5664,0,0.325305940022
CC_E70016A541B9,0,0.0705764465279
CC_E700F89EABE5,1,0.158696468348
CC_E702A67F5CEC,0,0.115632611824
CC_E7043053BE9D,0,0.132210649201
CC_E70CB5C9CD57,0,0.0839840654215
CC_E70E3D44EC68,1,0.0656921576532
CC_E71086EE2EBA,0,0.0882194267398
CC_E711C26EE640,0,0.0976001620851
CC_E7126DD369D7,0,0.128580638124
CC_E7138721CDD3,0,0.074839772491
CC_E71530E6BC3E,0,0.097719627202
CC_E719EA58E545,0,0.218339528494
CC_E71AE603C605,0,0.155274719694
CC_E71D5EE78836,0,0.108784664995
CC_E71F21581898,1,0.146487669584
CC_E720ECFFF380,0,0.147576774763
CC_E72CA51C1DC1,1,0.155849199212
CC_E72D7F8AEBAC,0,0.165815703562
CC_E736D756B2E9,0,0.251633607466
CC_E736EB6CE07F,0,0.0874051815746
CC_E737D533E48C,0,0.0920286480243
CC_E7388E4F981E,0,0.255317307875
CC_E739113D986A,0,0.0662604884408
CC_E74764A4E074,0,0.13482644537
CC_E74AB8C7A576,1,0.635415718832
CC_E74D4087A6F1,1,0.625998743767
CC_E74EF4E479F8,0,0.0763422142885
CC_E74F0895DDE2,1,0.330031578898
CC_E7526B00355C,0,0.136734820262
CC_E754A2E09EDD,0,0.078204845181
CC_E75A1F34FA35,1,0.20154505956
CC_E75A82A39EEA,1,0.608520281355
CC_E7610FED53A1,0,0.143516354344
CC_E766079103FE,1,0.804909027818
CC_E76788031090,1,0.779675951615
CC_E76C40512F52,1,0.0720960648279
CC_E76C9E1B7999,0,0.120017825866
CC_E76EBD35E386,0,0.244802773244
CC_E775F39F509D,0,0.402982032691
CC_E77738DEC1EB,1,0.187822260542
CC_E7922E732958,0,0.165383276618
CC_E795BAEB3343,0,0.253418596172
CC_E797E3B49C08,0,0.116215909528
CC_E7985D42AAEE,1,0.207158662903
CC_E7988F0F3D46,0,0.127907832748
CC_E79BB4CEEB46,1,0.156583682759
CC_E79E60E87EF1,0,0.141181526204
CC_E79EE36CD75C,1,0.184988134803
CC_E7A2F0560D90,0,0.186372778081
CC_E7A4BD015CFA,0,0.157062946877
CC_E7AA96E56E34,0,0.17976311971
CC_E7AD9E5EDAA7,0,0.0322847298373
CC_E7ADE1D83C0E,1,0.220057163491
CC_E7AEB1E0311F,1,0.689463551971
CC_E7AF19625E34,0,0.849522831156
CC_E7AF8C11600C,0,0.140365660795
CC_E7B6CA4141DE,0,0.298825650533
CC_E7BB3647979B,0,0.0917548724937
CC_E7BB8ED6CCAB,1,0.713637862622
CC_E7BD86430DEF,0,0.114336460316
CC_E7BEE72BEBD3,0,0.134924771132
CC_E7BF1F00B1E3,0,0.0881958553356
CC_E7C1520A2978,0,0.0752598149738
CC_E7C1E7E528A3,1,0.647502112627
CC_E7D07DB95330,1,0.388309955301
CC_E7D41DAE1957,0,0.123401680659
CC_E7D62EAA2B6D,1,0.557607471031
CC_E7D790C7AC29,0,0.105514319649
CC_E7D9068DE770,0,0.101463058919
CC_E7DD51E18DC2,0,0.150709767399
CC_E7E7C3C7C004,0,0.100177133335
CC_E7E9C5F7E633,0,0.107209418703
CC_E7EC87151971,0,0.0956785852731
CC_E7EE02FCB3F2,0,0.342560808667
CC_E7F9F6D69EEF,0,0.196133206565
CC_E7FD00A2C312,1,0.128302157639
CC_E7FDC014DF53,0,0.203409206126
CC_E8008B4C78F1,0,0.101352745042
CC_E80155EC5BE5,0,0.113126735809
CC_E801EDDE6371,0,0.168534713474
CC_E805872C69A6,0,0.190779987148
CC_E806C2F286F0,0,0.124564845246
CC_E808536859C8,0,0.115002469358
CC_E809899A7216,0,0.125197976243
CC_E80BF89E912C,1,0.738090861962
CC_E80CED444572,1,0.116141546237
CC_E80DF00B488A,0,0.102938533904
CC_E813CBF7FD3D,0,0.651046589413
CC_E8184C4A69D2,0,0.0879668576166
CC_E81D95787BE1,0,0.134218731724
CC_E81E8461373B,0,0.0587235311014
CC_E81EC53846D4,0,0.0821186356647
CC_E81ECDB07CC9,0,0.164690550466
CC_E81ED08631D1,0,0.22141304691
CC_E829EA4F6FE9,1,0.202290891852
CC_E82B7B528E5E,0,0.213629675583
CC_E82CEF50DED3,0,0.0969659813281
CC_E82E02D0AB70,0,0.143646141969
CC_E8309C84A73A,0,0.0665469344453
CC_E832EA5DC991,0,0.137332292133
CC_E834C76B0938,0,0.172037114408
CC_E834EC0C0D90,0,0.430082818348
CC_E838F7242977,0,0.108713099708
CC_E83A5CEE40C1,0,0.0950804896446
CC_E8497D28F348,0,0.167837416059
CC_E84A0F03AEA2,0,0.0915232952462
CC_E8559E621286,0,0.114232806582
CC_E8599562BC4D,0,0.287926364696
CC_E85CAE4CBC2B,1,0.60466292389
CC_E85E4D5D79BE,1,0.189525869237
CC_E85F2FB53AD5,0,0.200163964594
CC_E8686DD6AF19,0,0.507892215385
CC_E86B2EC02830,0,0.109742543201
CC_E86B3598E615,1,0.110509641199
CC_E870AB9BDA63,1,0.240083827112
CC_E870C8B4BC7A,0,0.701435093493
CC_E870E10FC84B,0,0.111444638111
CC_E8749AF4712B,0,0.146502985489
CC_E875232835BD,0,0.0784889611411
CC_E87790BB1DBA,0,0.0784439388222
CC_E878FAC1E8A8,1,0.809768342331
CC_E87A6C15E797,0,0.352688760635
CC_E87E0AB7675C,1,0.654838645943
CC_E8806410D330,0,0.0423901614431
CC_E882169B92AC,1,0.787430250793
CC_E882EDC03BC1,0,0.138529732258
CC_E883C0F7E1EA,1,0.0964376859963
CC_E889344440DE,0,0.161142534969
CC_E88B523B3BB2,0,0.611876241971
CC_E88D1DED124D,0,0.104525539232
CC_E890F389827A,0,0.0931447884824
CC_E8911D7595AA,0,0.687475411454
CC_E89502C8091F,0,0.144368713324
CC_E895F54BE602,0,0.471337340645
CC_E897CDF73DF6,0,0.0816392371722
CC_E8992885B912,0,0.110103963165
CC_E89CF07FB342,0,0.0842432274724
CC_E89D321194E4,0,0.0788217925868
CC_E89E5E0B590B,0,0.176676310757
CC_E89F382A180E,0,0.504474345797
CC_E8A06F4B3CE9,0,0.112145893108
CC_E8A293544A46,0,0.0882236304325
CC_E8A30AFDD2DA,1,0.172912403661
CC_E8A357D114B6,0,0.143547584311
CC_E8A472F97EAE,0,0.102995398354
CC_E8ABD6298721,0,0.159799518598
CC_E8AE43360A31,0,0.0787836715806
CC_E8AF505C8293,0,0.0953907597194
CC_E8AFDF802E05,0,0.0856185182491
CC_E8B2620D6693,1,0.641277233029
CC_E8B36F0725AC,0,0.124904236576
CC_E8B539E04C81,0,0.212864638663
CC_E8B5F040DD9B,0,0.0770399514725
CC_E8B7811166EC,0,0.217283208392
CC_E8B9A4AB3A5E,0,0.691334994017
CC_E8BED367B82F,0,0.0968718233255
CC_E8C315689990,0,0.119889606555
CC_E8C51975DC0A,0,0.35583337175
CC_E8C81B6D48C1,0,0.133803363827
CC_E8C85B8BDA52,0,0.363749371379
CC_E8CAEADFCF88,0,0.230381530489
CC_E8CF19C1C43F,0,0.184343091987
CC_E8CF7D4DC686,0,0.0878810525063
CC_E8D0235046BF,0,0.22484830009
CC_E8D125C2CA8E,1,0.462359734749
CC_E8D8AD88276F,0,0.0735239230638
CC_E8D9E5FD2022,0,0.166283162925
CC_E8D9E86B4438,0,0.30694171325
CC_E8DA4D4D1752,0,0.182346998993
CC_E8DE03A586F5,0,0.0749428122751
CC_E8EA6E6CDC90,0,0.113267401363
CC_E8EDA7E25155,0,0.12744377202
CC_E8EF9DCDC2D0,0,0.111973579748
CC_E8EFC5F1DC3C,0,0.227384923536
CC_E8F173F0EDD3,0,0.146817750395
CC_E8F1FF53B877,1,0.763038950962
CC_E8FBCD25E80C,0,0.127987483506
CC_E8FE4ADE9BA5,0,0.19098909401
CC_E9026D11FAFE,0,0.105456251506
CC_E9045B7DA288,1,0.730356643624
CC_E904D74B956D,1,0.162612075403
CC_E90B74D0B7B0,0,0.0824187287045
CC_E9121DF4CD76,0,0.10080235654
CC_E9145D7BBB2E,0,0.359912096057
CC_E9161F25EE9B,0,0.0992265421022
CC_E9167F41551D,0,0.122828278426
CC_E9186835C14B,0,0.151223361657
CC_E91A7B817630,0,0.0851588254101
CC_E91BE6B096A4,0,0.103763267131
CC_E91E39E971FD,0,0.334455321015
CC_E9222F10C0BF,1,0.489442166427
CC_E923357D8F22,0,0.117493096976
CC_E928E2480E7D,0,0.082353960868
CC_E929F2EB364D,1,0.715107823449
CC_E92E6F3E7A55,0,0.20847564274
CC_E92EBBECEC6C,0,0.090850288166
CC_E9338D167285,1,0.766204427738
CC_E935FB0AF4C4,0,0.0752804950712
CC_E93626953BBB,1,0.119693495161
CC_E9371266DCED,0,0.202963040516
CC_E938B94428F3,0,0.173061783348
CC_E9399EFF2520,0,0.0965008852729
CC_E93B657707F6,1,0.717322288221
CC_E93B940D6F8D,0,0.126547423394
CC_E9443CCB0DBA,0,0.0774629400364
CC_E945BA064EC3,0,0.0879858474208
CC_E94693C81D99,0,0.0820509558125
CC_E9487119C5A2,0,0.0858646459303
CC_E94931337477,0,0.108193054581
CC_E94A1F3ADD6F,0,0.0988686047584
CC_E9503D532411,1,0.310378153108
CC_E951909734B9,0,0.0561750417769
CC_E957BEC20BE2,0,0.420404796425
CC_E95CCA2D2AA8,1,0.263896672354
CC_E95E3351CFEB,1,0.754945767935
CC_E96018A76436,0,0.0918462982799
CC_E96696A2083F,1,0.300908220775
CC_E96741915556,0,0.0950800074965
CC_E96AA99C6964,0,0.104328685123
CC_E96B0A49AF02,0,0.111399884618
CC_E96F586675E1,1,0.743358981635
CC_E972CE81024F,0,0.102041558514
CC_E9794A4051DB,0,0.122552591537
CC_E97A7394E1DC,0,0.139520251863
CC_E982938F4254,1,0.675580807505
CC_E986F50D542F,0,0.300767735515
CC_E988ADCA9CA8,0,0.166835289006
CC_E98B0E1F0229,0,0.113079017532
CC_E98BBE98DCAF,1,0.246604569325
CC_E98BC1809327,0,0.294138311093
CC_E98DA7C0A566,0,0.0936958676535
CC_E98F67253D44,0,0.375418191037
CC_E98FA77D0944,0,0.154112691784
CC_E990B045F17D,1,0.324909344579
CC_E991525F04F7,0,0.0892954845909
CC_E992EE6A14F7,0,0.147673641032
CC_E994AEFC2051,1,0.258494979597
CC_E9963079E7A0,0,0.093233155216
CC_E99BCEAD6849,0,0.108713897777
CC_E99CEE0E042C,0,0.0727017308115
CC_E9A2AF5F8E21,0,0.171030320667
CC_E9A423E46E5C,0,0.0958152994207
CC_E9A4F6393E3C,0,0.148873794532
CC_E9A7A7FF54FF,0,0.161758424788
CC_E9AF9516B345,0,0.108069819582
CC_E9B11AF9F3A6,0,0.136941626578
CC_E9B8480FE25F,1,0.0924884633969
CC_E9B84C4A0B42,0,0.147076022844
CC_E9BE22174848,0,0.136165080418
CC_E9BEDBA9D634,0,0.133742678285
CC_E9C2929F29A7,0,0.0832701893427
CC_E9C53F80E8F8,0,0.116783137505
CC_E9CCBC3D6BAD,0,0.127721979734
CC_E9CF7A47AA69,0,0.306800323628
CC_E9D154767E12,0,0.123551274318
CC_E9D1FFD9C024,1,0.588872872908
CC_E9D3771F58DB,1,0.545160084864
CC_E9D3BF8495EA,1,0.396892438841
CC_E9D724344E0F,1,0.781124782848
CC_E9D97BFCF700,0,0.142805662039
CC_E9DAC2AC0694,0,0.0567355736931
CC_E9DCB9374F91,0,0.144060173638
CC_E9E30F204CDF,0,0.144770915995
CC_E9E48814E35E,0,0.20285467594
CC_E9EB68851F38,0,0.126245090088
CC_E9EBEACB80AD,0,0.0786440450737
CC_E9F255EB361C,0,0.240835848754
CC_E9F2B2678E63,1,0.399088067825
CC_E9F4EBFF771E,1,0.709914753393
CC_E9FAB73E8178,0,0.141936506017
CC_E9FD1C81954D,0,0.184928426764
CC_EA01174B971D,0,0.0657620256279
CC_EA07CA7A5302,0,0.214450102096
CC_EA0D7FA1BDBE,0,0.091551081789
CC_EA0E85246B2A,0,0.102137562998
CC_EA0FAF4A35F4,0,0.162047021407
CC_EA13E7CF90C1,0,0.0764812867986
CC_EA176CDD8BD8,0,0.215184647211
CC_EA17B4E5C763,0,0.152365243394
CC_EA1BBFBF2F81,1,0.117113249117
CC_EA1E94D6A4BA,0,0.183179717276
CC_EA20568B0A19,0,0.123113468904
CC_EA216B5A6996,0,0.0718049889261
CC_EA231668298C,0,0.374256012497
CC_EA248FAF452C,0,0.0984045419158
CC_EA26CEF8A491,1,0.626279927698
CC_EA29C9EBBB09,1,0.465113304048
CC_EA30702481A0,1,0.146232654377
CC_EA406D520043,0,0.126120060276
CC_EA42F6745A8C,0,0.558165741326
CC_EA45DCF9324F,0,0.208289859368
CC_EA4896A371C3,0,0.208995687489
CC_EA4BAF44BFA5,0,0.144478302637
CC_EA5502B341B3,1,0.542045417304
CC_EA55E483AE06,0,0.186843060133
CC_EA5AA4C385A0,0,0.264494217784
CC_EA5B18E28772,0,0.364406130239
CC_EA5B31BE5B10,0,0.243623528826
CC_EA5BB1040E58,0,0.0723227860366
CC_EA63351970E6,0,0.111532399815
CC_EA6B12BC3CD8,0,0.245912166661
CC_EA6B86240B8B,0,0.194198159235
CC_EA6C11EF512B,1,0.674201800716
CC_EA6E24483267,0,0.105857302092
CC_EA6FF23CE6CD,0,0.12278852081
CC_EA70F3DC8596,0,0.110210418949
CC_EA710F5C6E45,0,0.178079798731
CC_EA74C5C33DB2,1,0.890969248414
CC_EA78499820C8,0,0.102927652173
CC_EA795F09D340,0,0.150520955135
CC_EA7C6D4018E1,0,0.184873618722
CC_EA7D0F46B4C3,0,0.144845527362
CC_EA7EEBC86C8B,0,0.13579463579
CC_EA83B1BE7EB4,0,0.0840236041617
CC_EA8C5F13F40A,0,0.174686084124
CC_EA8CB236F453,0,0.0919978914229
CC_EA91E2C66143,0,0.268374418744
CC_EA927B42B7BF,1,0.842128509297
CC_EA978C1C1952,1,0.585543976159
CC_EA9B4814B8B6,0,0.0923532132236
CC_EAA356EF2E26,0,0.0888645253921
CC_EAA52A3A12EA,0,0.149489806314
CC_EAA612F8B407,1,0.866587577289
CC_EAA8BC350AFE,0,0.482137277087
CC_EAA9A876A27F,0,0.27099641455
CC_EAAAC2A8111A,0,0.159678085052
CC_EAB093C1E5B4,0,0.107424150153
CC_EAB19FB15301,0,0.192412994305
CC_EAB22B201C32,1,0.850800303228
CC_EABA7499A018,1,0.347399812046
CC_EAC549C8A756,0,0.170007740708
CC_EAC592B85D4E,0,0.0952867639076
CC_EACA92153F6B,0,0.117416424167
CC_EACAF6B7E353,1,0.0971027056638
CC_EACD468C77C0,0,0.100594837341
CC_EAD955ED0D3C,0,0.0972968163153
CC_EADB40DE1DCD,1,0.646132159565
CC_EADB8AD25670,0,0.211280492282
CC_EADC476DAA21,0,0.121090774351
CC_EAE074802A8D,0,0.250030975451
CC_EAE281A68259,1,0.354218930916
CC_EAE2D6922852,0,0.167368516656
CC_EAEEA57E8B43,0,0.116861201301
CC_EAEF35C6770E,0,0.255566815606
CC_EAEF4CA3601F,0,0.112454222455
CC_EAF4FD59C854,1,0.168592535469
CC_EAF51DC7D7B9,0,0.719069807688
CC_EAF757E54BD4,0,0.0674926297475
CC_EAF9FBBB9026,0,0.0948110867561
CC_EB0BF2C738DC,0,0.216891555687
CC_EB0CDC09BBBD,0,0.172273714107
CC_EB0FF1327701,0,0.0957943391031
CC_EB175477065D,1,0.0882163675645
CC_EB1AD28ACB4E,0,0.295187315221
CC_EB1B09D381F4,1,0.197782826026
CC_EB1DE3A1D1DC,0,0.674670219931
CC_EB1E3F604267,1,0.70081589382
CC_EB1F9EA888C8,0,0.113673742185
CC_EB20F76537EE,0,0.685242062188
CC_EB2192737AF2,0,0.065449338459
CC_EB2350B49336,1,0.140289688453
CC_EB2388977CB9,0,0.0647905832082
CC_EB29EAB0CF17,0,0.107419758371
CC_EB2A62A5AF7B,0,0.243796145164
CC_EB2B76A4AECF,0,0.193341487693
CC_EB2B94FA3981,0,0.146215614271
CC_EB3083DD8929,0,0.109601010481
CC_EB30F04903CA,0,0.157664187054
CC_EB34B89D8505,0,0.535430633109
CC_EB36118731A1,0,0.178513415798
CC_EB381AB6F35A,0,0.0612872118744
CC_EB3BA3DF3C18,1,0.343059964715
CC_EB3EF79EAB12,0,0.155122241225
CC_EB4052DDFCEF,0,0.199753835446
CC_EB42352B9588,0,0.126646286471
CC_EB4601E1CC89,0,0.0965791487094
CC_EB464007A114,0,0.0438695630722
CC_EB46D4036172,0,0.111973366714
CC_EB48C7C78653,0,0.190193228463
CC_EB4AA09C7534,1,0.653989527487
CC_EB4AC42D266B,0,0.0712971110496
CC_EB4E68BCEABF,0,0.120802582769
CC_EB57A734AD02,0,0.232801013091
CC_EB5B521738D3,1,0.538687924112
CC_EB6427AF9995,0,0.152919276562
CC_EB6545D6F6D2,0,0.0943760487739
CC_EB6581CDF1EA,0,0.164821340441
CC_EB6855895E7D,1,0.20093189881
CC_EB69C43339A9,0,0.153526171981
CC_EB6C54AC32F7,0,0.0927094954541
CC_EB6FCAF10761,1,0.178509074428
CC_EB7049C755A1,1,0.0939188357347
CC_EB7068001E47,0,0.0878866721949
CC_EB707520966B,0,0.0905453401632
CC_EB753AC5E853,0,0.26765626952
CC_EB754FEF91BF,0,0.108618038847
CC_EB770754E335,0,0.0491983577677
CC_EB79653B77B3,1,0.100767311719
CC_EB7B3A9BB3F7,0,0.102863204438
CC_EB83BD5C28C5,1,0.499133435442
CC_EB8CB59DE2E4,0,0.141924370474
CC_EB9173AF621D,0,0.157073391956
CC_EB96D8BA6A28,0,0.163200731669
CC_EB996D05539D,1,0.746716055961
CC_EB9D01E2D1AD,0,0.22941081398
CC_EB9D7033D900,0,0.110646706857
CC_EBA05E8FC8D2,1,0.319861692443
CC_EBA0B84CB166,1,0.211495593517
CC_EBA73BEF5B02,0,0.06460324029
CC_EBB390469208,1,0.47599646296
CC_EBB67F2C0B93,0,0.104668659867
CC_EBBF1F28BF8F,0,0.0958617705885
CC_EBC2F3252F38,0,0.109353637429
CC_EBC51B8B8448,0,0.0715879238073
CC_EBC77E840F24,0,0.250908407305
CC_EBC851D42221,0,0.139988248688
CC_EBC9503593C4,0,0.0557749741857
CC_EBCCE82CC45A,0,0.146943648827
CC_EBD50C380D5B,1,0.621459282689
CC_EBD5189292C3,0,0.150531316126
CC_EBD7E8ED8EE9,1,0.127286910343
CC_EBD8E3E32B28,0,0.211768580061
CC_EBD9FEA86C92,0,0.180956029794
CC_EBDBC75638EB,0,0.149267514885
CC_EBDC9ECE9D77,0,0.216487012383
CC_EBDD4EE88246,0,0.0806072446122
CC_EBDEC771FD96,0,0.310205359336
CC_EBE56835F074,0,0.214755039558
CC_EBE7BCEC15F3,0,0.115198882169
CC_EBE895B500C0,0,0.2020626555
CC_EBEAA4D80C7C,0,0.159158164914
CC_EBF2729A1828,1,0.630732447672
CC_EBF6C17EF48D,0,0.226713021164
CC_EBFB26EE25DE,0,0.106673003289
CC_EBFBFF0F73EC,0,0.0935115146733
CC_EBFF2BEFEF35,0,0.0905433713617
CC_EC06D788F73A,0,0.106354465868
CC_EC080F50F3D1,0,0.392978706486
CC_EC098F46A688,0,0.0835846680305
CC_EC0C72BA1101,0,0.178202917498
CC_EC0C9FD04136,1,0.777305261443
CC_EC0F13957E70,0,0.381937872016
CC_EC119AC05997,0,0.215692530876
CC_EC154CF7CB4B,0,0.121068530488
CC_EC16048BFF6F,0,0.247528661652
CC_EC19F23318B7,0,0.128623808493
CC_EC1A76BA5182,0,0.235941517446
CC_EC250D38CC6C,1,0.42765002816
CC_EC253B21ADF4,0,0.118245352237
CC_EC27234CBDFF,0,0.0957541608414
CC_EC28CFBF2690,0,0.0477898067275
CC_EC2C517F4F95,0,0.103633098068
CC_EC3328A2345D,0,0.13715474807
CC_EC3769F89C75,1,0.507139863744
CC_EC37EF984DDD,0,0.234750776286
CC_EC39E2D03D48,0,0.0965677495094
CC_EC3EF2A25A8E,0,0.13060014045
CC_EC4402AB90E6,0,0.118254975016
CC_EC464AAD9B0B,1,0.818214460618
CC_EC475254F940,0,0.0880273737283
CC_EC48D8242187,0,0.102179398691
CC_EC49B892FD1D,1,0.562004785123
CC_EC4D602BCE2C,1,0.714063321218
CC_EC4E88D4C944,0,0.054651238844
CC_EC4F262AA299,0,0.152162307052
CC_EC50D69E4D08,0,0.0936275227111
CC_EC51F1E3D71D,0,0.237158469908
CC_EC533D5070E7,0,0.247027783585
CC_EC53C9F5DB64,0,0.129321259867
CC_EC54B735E44F,0,0.11851343827
CC_EC5598FDDEA6,1,0.759159320844
CC_EC561A20B494,0,0.0617337571612
CC_EC591AE4A848,0,0.173925978735
CC_EC625DACE44B,0,0.576665735359
CC_EC64332BECDC,0,0.106244449713
CC_EC659A59C135,1,0.139975910035
CC_EC66109A1B41,0,0.128976897455
CC_EC66C8E52D77,0,0.209853002504
CC_EC67602A267C,0,0.105667918998
CC_EC6E3B5A0CEF,1,0.750971125076
CC_EC6F25231E3F,0,0.418261269515
CC_EC6FE59BE0B3,1,0.664117677717
CC_EC772D33E67F,0,0.129315799981
CC_EC7CBE47FBB0,1,0.8703032242
CC_EC7DE6D7A2B8,0,0.126497050178
CC_EC7DF46BFDBE,0,0.245954242935
CC_EC7EB73E2514,0,0.108987908407
CC_EC7F3FAF05AC,0,0.165732550952
CC_EC82C16CED63,0,0.119822103032
CC_EC8650C58539,0,0.110163204038
CC_EC8651491815,0,0.117068041147
CC_EC8879F84D28,0,0.352012638559
CC_EC90CF50F02B,0,0.0993571283935
CC_EC92402BCA32,0,0.0984553305914
CC_EC92B0E7FFF1,1,0.321619024019
CC_EC93320B05EC,0,0.0724094538333
CC_EC964AACE0A9,0,0.111564615187
CC_EC9A3E06E2D5,1,0.155319495185
CC_EC9AAFA5B21D,0,0.084893323979
CC_EC9B07F8AC81,0,0.139660593817
CC_EC9B0D9E88B5,0,0.13098901609
CC_EC9DB69794B8,0,0.139847846329
CC_ECA31FC82853,0,0.14531896426
CC_ECA9294220BC,1,0.613318031006
CC_ECAF97A82D4D,0,0.313768238222
CC_ECB21CEBBFE3,0,0.140842476842
CC_ECB37981188D,1,0.828843301155
CC_ECB5D7633883,0,0.262414438266
CC_ECB7F056A2AC,0,0.0945166585069
CC_ECB92AD9BB63,0,0.0935595228867
CC_ECBECDD68AFF,1,0.862513572969
CC_ECBF19FC42A5,0,0.245953044607
CC_ECC735ED381F,0,0.146306262906
CC_ECC835B9DCD5,0,0.113219355525
CC_ECCA800BD1BF,0,0.161779202459
CC_ECCD81789A3D,0,0.0724868955489
CC_ECD743C1E1C8,1,0.796344128475
CC_ECDCEF050026,0,0.265085455729
CC_ECDD25CEE7D9,1,0.137788775774
CC_ECE090D64DF0,0,0.664000583506
CC_ECE3714B7945,0,0.142468822154
CC_ECEEAA2F7E0D,0,0.062019614175
CC_ECF3C1A69115,0,0.168299579485
CC_ECFA6C416622,0,0.122295148969
CC_ECFC083D67F0,1,0.172092439764
CC_ECFC8B937581,0,0.090390817486
CC_ECFE98A2FBC8,0,0.295513191774
CC_ED05577CC680,0,0.0819039081463
CC_ED0692E63D34,0,0.117305161958
CC_ED08663CE966,0,0.093254376662
CC_ED0C85F40EBD,0,0.10407720897
CC_ED0DFFDFE461,0,0.142316770848
CC_ED0ECB1E8364,0,0.0885186052088
CC_ED0FB01240E3,0,0.099063867432
CC_ED11F03114EB,0,0.0653544994514
CC_ED157470C70C,0,0.110575522324
CC_ED1A2D2287E9,0,0.390431287157
CC_ED1BCB92F597,0,0.242689573831
CC_ED1F7A4CD40B,0,0.110946497557
CC_ED2166005629,0,0.299625795611
CC_ED24E4FA2A58,0,0.243673006276
CC_ED27D77A875F,0,0.0782697091969
CC_ED28CCB10D84,1,0.105901358589
CC_ED29FD94BA66,0,0.076604133915
CC_ED332FF4D1F1,0,0.111489326816
CC_ED35F2CD6162,1,0.801841326728
CC_ED36A6E8DD69,0,0.0857143357973
CC_ED383BBFDA93,0,0.183040833803
CC_ED40A464BA02,0,0.122689851275
CC_ED41695EB7AD,0,0.0573281119695
CC_ED43C454BCE3,1,0.82124497169
CC_ED4811DB1C69,0,0.0862859251594
CC_ED4D45895A05,0,0.0989581885896
CC_ED4EC738D389,0,0.16379328048
CC_ED5220DC8CED,0,0.0841269567471
CC_ED5931D973D5,0,0.0824173236313
CC_ED5A1FF8AC1A,0,0.0700988768459
CC_ED639F6E5FB9,0,0.50853606871
CC_ED647ABF1DBA,0,0.134529975079
CC_ED65EDA44E60,0,0.370799978687
CC_ED6744A74F3C,0,0.174511795622
CC_ED816A7D5555,0,0.158708946026
CC_ED820DC67B87,0,0.399573882962
CC_ED834E81704F,0,0.13358409634
CC_ED83B53E7B6F,0,0.164355232008
CC_ED8878C1AF7F,1,0.471732454374
CC_ED8A3BEBF4E9,0,0.0969248582472
CC_ED8DB528A20D,1,0.118904160913
CC_ED8E6B781B0A,0,0.209567114907
CC_ED91B665D8B4,0,0.1457159774
CC_ED92D6A9B7E5,1,0.61923033853
CC_ED9328889A4B,1,0.741441533138
CC_ED96F1E0C08C,0,0.161535951123
CC_ED9ACE1CC7BA,0,0.181430753784
CC_ED9F1261F6E1,0,0.33531653487
CC_EDA660DBEE87,1,0.673907254167
CC_EDA7B2E91C0E,0,0.0899096747096
CC_EDA7BEF5F2CC,1,0.758289619548
CC_EDA7FEF5C8E2,0,0.105694531172
CC_EDABEAC3FF84,0,0.295534794609
CC_EDACBCDC2BA7,0,0.086836387747
CC_EDACF32AA3BC,1,0.172395964001
CC_EDAF6FA9BB77,0,0.161882127411
CC_EDB622974E3E,0,0.101495733858
CC_EDC77F50BD58,0,0.153815633561
CC_EDC87EA02652,0,0.10684847759
CC_EDC8AE18C2ED,0,0.0366471271119
CC_EDC9D8D832E8,0,0.219997278753
CC_EDCAD9E69F60,0,0.192457138317
CC_EDCDD3DF071F,1,0.46976523115
CC_EDCE9C766DE8,1,0.429786743169
CC_EDD164A66203,1,0.566060311693
CC_EDD48B8A728F,0,0.110374109979
CC_EDD58E9198BB,0,0.0789105848154
CC_EDD714B26133,0,0.642935426158
CC_EDDCB6758AA6,0,0.088485291886
CC_EDDF9FA11244,0,0.112594030324
CC_EDE2749E9189,0,0.115926419341
CC_EDE3698A586B,0,0.260859220543
CC_EDE4881E4F07,0,0.168332625217
CC_EDE51E1BD669,1,0.551087146282
CC_EDECB672816C,0,0.107776128134
CC_EDF042542DFB,1,0.540722317452
CC_EDF1028681DC,1,0.237300257869
CC_EDF119116CB9,0,0.187573644149
CC_EDF2A74D974B,0,0.148728191855
CC_EDF6C5AB3D1A,0,0.239153081736
CC_EDFC31CAC741,0,0.132146411514
CC_EDFCE6736A22,0,0.140893815862
CC_EDFF7FBC6627,0,0.160483537801
CC_EE0460BE25CC,0,0.264167065627
CC_EE05E41E7E4C,0,0.107635976171
CC_EE09DA40E6DE,0,0.132584580829
CC_EE0CAD0F2BC3,0,0.0852251562222
CC_EE1578598854,1,0.150774696748
CC_EE17D1DBBDBF,0,0.0596673839053
CC_EE222E8D44A5,0,0.0819102374684
CC_EE27AA5CB335,0,0.385846354875
CC_EE2CC2961E14,0,0.150170755601
CC_EE328E63D6D8,0,0.0822848383528
CC_EE33D826A97D,1,0.170535501013
CC_EE3601FA7B16,0,0.154779808418
CC_EE371B032A9E,0,0.0807583959771
CC_EE3765BBE328,0,0.0833291615762
CC_EE3B4314470F,0,0.253344074825
CC_EE3DBA944A25,1,0.286350207278
CC_EE3E700C788C,1,0.100969329453
CC_EE43D45FE4A8,1,0.196733796032
CC_EE45B446CF48,0,0.361003692744
CC_EE48BF6C9DF4,1,0.227295284881
CC_EE49E9FFF12B,0,0.0859459132206
CC_EE4B989B7B31,0,0.0987815707139
CC_EE4F65F176D5,0,0.296677933963
CC_EE507EE68DDC,0,0.0498938118218
CC_EE52100AC56A,0,0.0990890383504
CC_EE5779B6033F,0,0.263240936365
CC_EE58E1526116,0,0.0976198618683
CC_EE5D41758D79,0,0.310510544426
CC_EE61533810DD,1,0.816781020605
CC_EE64B74DF737,0,0.102279992977
CC_EE6583A0F80E,1,0.667478793103
CC_EE6659B36E51,0,0.787822860285
CC_EE68D60EDE2C,1,0.725469377425
CC_EE68DA343C48,0,0.0815569146609
CC_EE6C69176E70,0,0.132089483686
CC_EE6D8A795FEE,0,0.0822069713506
CC_EE6FC349C56F,1,0.114372047121
CC_EE6FEF413AC1,0,0.0331308736418
CC_EE714272917E,0,0.148137997831
CC_EE76B5671F08,0,0.042816837957
CC_EE77AB339ED9,0,0.124409814577
CC_EE81183F31F2,0,0.12049740411
CC_EE84081424E4,0,0.121322194304
CC_EE88C0EEA0AF,0,0.106141722996
CC_EE89337A31B5,1,0.357503106278
CC_EE8AB880CE6C,0,0.0907714611743
CC_EE8BEB97C001,0,0.13551790468
CC_EE8E3F9C775A,0,0.0893862032669
CC_EE90A7D76732,0,0.457004671458
CC_EE9130769CC6,0,0.15663296797
CC_EE946C42EA46,0,0.158079998393
CC_EE94726D5872,1,0.436510218634
CC_EE975F05AF4C,0,0.0779713723937
CC_EE9C2EE848F1,0,0.140857515777
CC_EE9CD5180D13,1,0.11266356009
CC_EE9E96A419AB,0,0.18268533421
CC_EEA269C6EBA2,0,0.117650248339
CC_EEA296E9E5D8,0,0.2013880174
CC_EEA328E82AA1,0,0.108350101589
CC_EEA5C07397BC,1,0.207031502915
CC_EEA83F308FAB,0,0.270532079053
CC_EEAA9DC55078,0,0.21963544531
CC_EEAF84C32F09,0,0.0914014870838
CC_EEB0568FB212,1,0.627370483156
CC_EEB0C64038BE,0,0.113306392096
CC_EEB730E88848,0,0.192463704519
CC_EEBC541BEA2D,0,0.19258641094
CC_EEBECB3AC0F8,0,0.370960831211
CC_EEC48CD0FFE3,1,0.151596701079
CC_EEDA34505077,1,0.105661179449
CC_EEDDF5D6B012,0,0.0981656735809
CC_EEE123B5BA3A,0,0.0770727183463
CC_EEE244106242,0,0.0922367916314
CC_EEEA5436F575,0,0.140855600277
CC_EEEEDDF24BC8,0,0.0882829032194
CC_EEEF0FE0661E,0,0.0954721925404
CC_EEEFD4269123,0,0.210522612419
CC_EEF361FB89F9,1,0.718065888232
CC_EEF7E7EF23EA,0,0.141560239773
CC_EEFDF0A3BBA7,0,0.195932606347
CC_EEFF0A757763,0,0.212574444135
CC_EF01413E0666,1,0.724496980751
CC_EF04261B4CCF,0,0.348586612145
CC_EF09C78B0A0D,0,0.0852517571207
CC_EF129850DE9A,0,0.639497605202
CC_EF14090B9FF0,0,0.167907630446
CC_EF1744B34E03,1,0.47429842015
CC_EF193A2B952C,0,0.110970463373
CC_EF1CDAF85A45,1,0.328254330772
CC_EF1FE720320D,0,0.169025514904
CC_EF206A266539,0,0.217241458473
CC_EF2B7E79B236,0,0.203204605086
CC_EF315A79538F,0,0.101427373117
CC_EF32320415A1,1,0.698472122409
CC_EF333595BBA6,0,0.182553742495
CC_EF336D3B7A1B,0,0.127564714625
CC_EF347FF343C7,0,0.15111112122
CC_EF391F06A44F,0,0.0772196902333
CC_EF3984D5C286,0,0.449765532241
CC_EF3A9A3D1E9A,0,0.113038260267
CC_EF3BA7A4773A,1,0.833336919674
CC_EF3CC8C5F7E7,0,0.157121849039
CC_EF45126C25F5,0,0.198590830764
CC_EF45D4364301,0,0.108686475934
CC_EF4841C3201B,1,0.559265095278
CC_EF4BD33A9E96,0,0.330657858693
CC_EF4FEDDF74CB,0,0.0771876872609
CC_EF535089161C,0,0.118967456334
CC_EF54004B514A,0,0.101898360057
CC_EF5881201E77,0,0.237577299747
CC_EF5B496A7594,0,0.198532653139
CC_EF5EDAAF841C,0,0.190380231143
CC_EF60D154223C,0,0.0978481411385
CC_EF65E1938828,0,0.0616323113471
CC_EF660B5F76EC,0,0.116681925015
CC_EF6B8D0EDFD0,0,0.0933199086491
CC_EF6BF42B3266,0,0.230450789412
CC_EF6C67C300C9,0,0.104239341833
CC_EF6D4E927165,1,0.184962653438
CC_EF6E80B9F7D7,0,0.0973949343199
CC_EF6F99402FC4,0,0.051680087253
CC_EF73D5E689EC,0,0.108231536344
CC_EF7B562D12BF,0,0.146031640892
CC_EF85640DE9CE,1,0.588822879445
CC_EF8644863F62,0,0.0872177914421
CC_EF866307A998,0,0.218798939034
CC_EF88DC5345C7,1,0.142915912247
CC_EF912B3C6B12,0,0.155158545353
CC_EF91F629B22A,1,0.180643097364
CC_EF93FC3615E5,0,0.194127517053
CC_EF940D14E5F7,0,0.221341798373
CC_EF9557DCF793,1,0.850533593974
CC_EF97EB80153D,0,0.136032352738
CC_EF9D9EFA12ED,1,0.479260608608
CC_EF9E4D8577F9,0,0.151393795879
CC_EFA516B42608,0,0.146201871824
CC_EFAB4AF06AFE,0,0.413168032085
CC_EFB57D1499BB,0,0.0722801915549
CC_EFB880EDA169,1,0.774986421362
CC_EFB93AA9796D,1,0.44939473356
CC_EFBE0F8BA5E7,0,0.113858068628
CC_EFC22C7E3C02,0,0.139019079752
CC_EFC308099CDC,0,0.365255374464
CC_EFC464849CE2,0,0.0690028099381
CC_EFC48B85AC6B,1,0.892713008776
CC_EFC7FB7AC4D5,1,0.5003573406
CC_EFCC52DB6CDD,0,0.162474832798
CC_EFCE34FDAEE5,0,0.249568876508
CC_EFCE548BB532,0,0.0701685770493
CC_EFD2130B746A,0,0.149853719
CC_EFD3DE750A0A,0,0.097698364621
CC_EFD57744EC7F,0,0.123675629443
CC_EFD5C10A0F08,0,0.308878090974
CC_EFDAE1EFB7F7,1,0.106869656055
CC_EFDBC1AA5B8E,0,0.0744462651134
CC_EFDC44D002D6,0,0.119490897326
CC_EFE087A2CB70,0,0.190357010474
CC_EFE257EF20D7,0,0.215214140913
CC_EFE2E51E3797,1,0.185833895807
CC_EFE4A8E34A4C,0,0.132169696244
CC_EFEAC2F8277E,0,0.205658560283
CC_EFEFC956D905,0,0.171813549965
CC_EFF2A9FCCFCB,0,0.050956442014
CC_EFF7E405498C,1,0.0634275489537
CC_EFFC3DEC541F,0,0.201313221629
CC_EFFC53FBC4A1,0,0.101311457646
CC_EFFDBD7FB8A1,0,0.0863087499086
CC_EFFECA7C0BFD,0,0.325804681869
CC_F00121415C83,1,0.537936618036
CC_F00212B43D33,0,0.118234992342
CC_F002B98419E6,0,0.295777402366
CC_F005196CFBA4,0,0.385876314678
CC_F0068CF9801E,0,0.068565815193
CC_F008A5CA09B9,0,0.12640558611
CC_F01192CAF0E0,0,0.0476255218047
CC_F01504D76328,0,0.175114609673
CC_F01591560A02,0,0.0950625359165
CC_F01A958E3E91,0,0.111208919153
CC_F01B6EC922C7,0,0.119319001034
CC_F01B8939BCFA,0,0.0847076682254
CC_F01D7E8264D1,0,0.0961838731141
CC_F01E9004A196,0,0.0859280705362
CC_F01F627EF23E,1,0.0983576754666
CC_F0224999F146,0,0.0862470629991
CC_F0224E66C3EA,0,0.0833984568029
CC_F02475E95762,1,0.10590786481
CC_F024A411DD18,0,0.098392650447
CC_F025DD2B2145,1,0.82603436334
CC_F027115AE758,0,0.123748306605
CC_F02949DFDDB4,0,0.703785064828
CC_F02C105EC7EC,1,0.140302108556
CC_F031DF1017F4,0,0.144297632272
CC_F03229E0EB18,0,0.113144022132
CC_F032CD494CA6,0,0.106030853069
CC_F03540DA339A,0,0.142135717966
CC_F03557288154,1,0.124654852356
CC_F038466F0F7E,1,0.71547037427
CC_F038E2B33323,0,0.0861624096009
CC_F03E920DEAE2,1,0.340496045017
CC_F03FF44BF7BC,0,0.159669590192
CC_F044EDA4E2EB,0,0.0829619660266
CC_F04638DDCC44,0,0.114318713295
CC_F048EB35197C,0,0.212798541227
CC_F04D4204A9B1,0,0.171082676315
CC_F04DA3F95FB9,1,0.131065539795
CC_F053CBC1A7B7,1,0.113068942829
CC_F0580F774791,0,0.278185244134
CC_F05873B3DAC3,0,0.108660937269
CC_F0598C24DC1B,0,0.18058165659
CC_F059CE6ADD3D,1,0.744844846107
CC_F05BED120C50,0,0.200390080692
CC_F063DD982324,0,0.0969655496704
CC_F064862A8699,0,0.201255304734
CC_F064EF8099E6,1,0.271081406984
CC_F0717602DA13,1,0.0903877952119
CC_F071960D0446,0,0.225529572778
CC_F071B8BD7754,1,0.716924402141
CC_F07355B27180,0,0.126766185447
CC_F0742E912901,0,0.10225777884
CC_F07503347B5B,1,0.618540935354
CC_F07656D893AF,0,0.158606476901
CC_F077FF269F20,0,0.158086110826
CC_F07886655001,0,0.0684050707428
CC_F07BB6FA77A7,0,0.152317346282
CC_F07DD9F7684C,0,0.162527843471
CC_F07E912FCD12,0,0.161938473956
CC_F07F365A516D,0,0.160698889254
CC_F0825952AA75,1,0.156993542588
CC_F0848699A936,0,0.302454859539
CC_F0852F39E666,0,0.0998526699788
CC_F08535932C23,1,0.108707570453
CC_F086D21788A6,0,0.102629982138
CC_F087E706B69A,1,0.398165243784
CC_F08B6F00055F,0,0.134998651687
CC_F08E52D4CE57,0,0.143291333877
CC_F08ECF60FF95,1,0.234367730767
CC_F090C29D83E7,0,0.225985632248
CC_F093C4E63614,0,0.125263562719
CC_F0944BEF615C,0,0.610603957782
CC_F097285DCBB2,0,0.077957970126
CC_F098969753D1,0,0.316387634098
CC_F098E444ADFF,0,0.325634396694
CC_F09BD1A86972,0,0.0841855569699
CC_F09C18D5213A,0,0.0606738568094
CC_F09E6B006B39,0,0.160198584873
CC_F09EFF3E864E,0,0.0711494108195
CC_F0A174B66C59,0,0.24063698344
CC_F0A37249FC3D,0,0.0411506718043
CC_F0A6407599D0,0,0.11100460417
CC_F0A89DD5B693,0,0.162003747198
CC_F0A90C69BF97,1,0.80599728576
CC_F0A97D71F422,1,0.260842542283
CC_F0AA46C1AAB1,1,0.521095442282
CC_F0AF0C640143,0,0.0943364983152
CC_F0AF1F806F1E,0,0.0837731211039
CC_F0B2DCEB407B,1,0.108464577514
CC_F0B2E781B398,0,0.267633350953
CC_F0B4DDB2CB1E,1,0.583713818905
CC_F0B506A10506,0,0.119340062156
CC_F0B6DCDA050C,1,0.277807945424
CC_F0B820FEF1F8,1,0.775941975046
CC_F0BAA550C57D,0,0.162881689554
CC_F0BC9438DEE5,1,0.535794432632
CC_F0BE6E29798E,0,0.0721915594083
CC_F0BEA2B24A62,0,0.0904665300211
CC_F0BFD800091E,0,0.236845094697
CC_F0C3BA8BAA9A,1,0.595557790949
CC_F0C4EFEB70CD,0,0.142712475908
CC_F0CBF8589340,1,0.845253421448
CC_F0D1CE9C0D86,1,0.614089932672
CC_F0D242CB0665,0,0.0869080986696
CC_F0D5A167078C,1,0.237332016982
CC_F0D5B97987AC,0,0.253043132734
CC_F0DA10F4F5F0,0,0.0789327542828
CC_F0DFF5A56B81,0,0.109272925456
CC_F0E34E485A9A,0,0.219127202291
CC_F0F0067686A6,0,0.0615910187057
CC_F0F239532433,0,0.128821040398
CC_F0F9398E9E72,1,0.0957190632483
CC_F0F980496A42,1,0.566836418034
CC_F0FF4F02A7A1,1,0.367687494237
CC_F100E3F2E74F,0,0.164370033875
CC_F103C98F4F79,0,0.0971960488393
CC_F1043549D5F9,1,0.300547588132
CC_F107DFD57C55,1,0.260436611949
CC_F108BB9E8232,0,0.129930361771
CC_F10F392E2C46,0,0.0773222804385
CC_F111A9EEF85F,0,0.0859412796637
CC_F1136887B346,0,0.101073728673
CC_F11414589B94,0,0.117285723281
CC_F1148ED1D3B4,0,0.129284107318
CC_F1181DE8132B,0,0.116582725927
CC_F11AFF99461A,0,0.111487755058
CC_F123A4170C6D,1,0.203068449833
CC_F123BB19DC6D,0,0.0809598748193
CC_F125713B2232,0,0.311668485758
CC_F1289F79C8AB,0,0.146398573903
CC_F12964D84B82,1,0.107732984338
CC_F12B2AE8E25F,0,0.15479800079
CC_F12D366FB382,0,0.136841290526
CC_F130BEFBDF2F,0,0.120388137382
CC_F130E39084F9,1,0.152223115242
CC_F1329C651393,1,0.249145387109
CC_F136CCFEADAF,1,0.882642357032
CC_F137564BFCB3,0,0.0855480898616
CC_F13AFA5B577E,1,0.205182265071
CC_F13CE7C6FA72,0,0.201044090303
CC_F13DA6490C0D,0,0.15554165906
CC_F1420D7B2785,0,0.115816857831
CC_F14E928CE2A2,0,0.0816711668454
CC_F1502B631457,0,0.0854762394034
CC_F153A43730CE,1,0.114102517464
CC_F1563F545ABA,0,0.242142925893
CC_F156A55927C6,1,0.0692688133426
CC_F15C5AAF89C4,0,0.688812798598
CC_F15EE866C042,0,0.0538693835091
CC_F1602D59040A,0,0.115684131074
CC_F168940F3DF9,0,0.170275892659
CC_F1699E6FA160,0,0.61662870896
CC_F16C94351E01,1,0.110125515903
CC_F16D6DF0964F,0,0.0908100758563
CC_F16DB505CDD9,0,0.0785587553821
CC_F16FF2565D40,0,0.0658107190109
CC_F1728D9FBA32,0,0.124813206699
CC_F17356647B15,1,0.703001798198
CC_F174CD062E07,0,0.100568320441
CC_F17762E38971,0,0.619497244904
CC_F17C793DBD17,1,0.208229866913
CC_F17CB99562C3,0,0.090105892071
CC_F184FB7B3159,1,0.409829120748
CC_F18DB774E4F2,0,0.163850234256
CC_F18E1B98C133,0,0.562552877618
CC_F18E4A262409,0,0.0854311453714
CC_F18F38BB9224,0,0.0590360619337
CC_F1908FC01A80,0,0.243732265065
CC_F19257886E20,1,0.1789164017
CC_F193FAF607A4,0,0.0759897686577
CC_F195ED8AB75D,0,0.107034959943
CC_F196544CF99E,1,0.567353137663
CC_F19D51DB234D,1,0.692045242191
CC_F19D804963F7,0,0.290750048126
CC_F1A12A724B55,0,0.205382353646
CC_F1A5FD1E90A9,1,0.13566919363
CC_F1A9055F2D15,0,0.183555262179
CC_F1A9474D7191,0,0.438247708855
CC_F1AAB7E7C1B6,0,0.253354119429
CC_F1ACBC7B0225,1,0.472376757198
CC_F1AEBA6B17DD,1,0.181032206624
CC_F1B3B594360A,0,0.122403606505
CC_F1B40F8C9674,0,0.241483973144
CC_F1B47BF48C1F,0,0.442733093986
CC_F1B53661973F,0,0.388944726736
CC_F1B5ABCE840F,0,0.203675828275
CC_F1B68B98D5FD,0,0.484028637013
CC_F1B68E399DF3,0,0.115187334058
CC_F1BD3E53C52C,0,0.10459445039
CC_F1BED7C6D854,0,0.197863814499
CC_F1C567222616,0,0.0808133177264
CC_F1C6748BE3B5,0,0.257248011257
CC_F1CA2918ABC6,0,0.121192369259
CC_F1CADB3B6F77,0,0.137063666727
CC_F1CBA5DAE755,0,0.176511220645
CC_F1CCDF1385EA,0,0.124958896414
CC_F1D17EB5C2D0,0,0.147791018725
CC_F1D25F99725D,0,0.0924824046222
CC_F1D28BF651B6,1,0.117217206498
CC_F1D2A949F154,0,0.153240340152
CC_F1D49596FF97,0,0.136815089442
CC_F1D968B41468,0,0.195596144616
CC_F1DC1A019D7A,0,0.0853689779959
CC_F1E096081C2B,0,0.099400826917
CC_F1E4AC889C75,1,0.13301402159
CC_F1E7737074A3,1,0.55294399172
CC_F1E7BE57AB11,1,0.506510530129
CC_F1EB0B3A300F,1,0.773317385275
CC_F1ECBF05B902,0,0.0994433514858
CC_F1F1C2C9792C,1,0.187747919196
CC_F1F54B087468,0,0.141606956419
CC_F1F681D2AC76,0,0.217013644628
CC_F1F85F206AB5,0,0.167578808301
CC_F1F8F9D1D48D,0,0.144959840405
CC_F1FB4050851B,0,0.0677217495201
CC_F205C66E7B96,0,0.103114260945
CC_F206D95E0364,0,0.690897401553
CC_F2097FD4ABE8,1,0.421362441791
CC_F20DFCCCC743,0,0.049707290722
CC_F20E82AB322F,0,0.15407785842
CC_F20FDF9AD50C,0,0.496263077013
CC_F2133C080609,1,0.129634638897
CC_F2136E2AE569,0,0.226815378909
CC_F2155BA9A37D,0,0.14490990578
CC_F21B86862F7F,0,0.0997926794509
CC_F21C91CB7601,0,0.134198986119
CC_F21FF9A07F2F,0,0.189942296493
CC_F222B6F139A9,0,0.179726970001
CC_F22392C764CD,0,0.197393472613
CC_F2280BFD4026,0,0.66386054523
CC_F228D4293785,0,0.0962542652559
CC_F22ACC0B0994,0,0.171708266323
CC_F22CF4614943,0,0.189453643893
CC_F22D44B6050C,1,0.777602803663
CC_F23B33354AA5,0,0.610353407234
CC_F23D6D61770E,0,0.161413264239
CC_F2429920A80A,1,0.3579471484
CC_F2443F5D2F9B,1,0.251812370097
CC_F2455168E50B,0,0.175377566726
CC_F2460A021469,1,0.0914294032382
CC_F246E3533F40,0,0.0780442140268
CC_F248FE586573,0,0.238422439357
CC_F24901DAF60E,1,0.489377603007
CC_F24A993BD366,0,0.121885809402
CC_F2555B05221D,0,0.0804721208585
CC_F255720E7BBA,0,0.182342572297
CC_F257BDCC0C4C,0,0.227955334116
CC_F258BFBF5D4A,0,0.0896007540554
CC_F25A224A1304,0,0.155019503747
CC_F25D5BF6E1DC,1,0.0930577516385
CC_F25DF2DF521A,1,0.0895489025954
CC_F25F9C7AEFB7,0,0.0770898787687
CC_F2658FEB5443,0,0.0823894804636
CC_F265D45E9F86,0,0.110184889386
CC_F265E3D87C2B,1,0.18547383742
CC_F2679FF037DF,1,0.135671825483
CC_F26BC4969ED1,0,0.145775957382
CC_F26CA761F6EF,0,0.1820278687
CC_F26D1BFB46A0,1,0.1861733475
CC_F26E81CF67E0,1,0.902711595159
CC_F26F973EC52F,0,0.115489148332
CC_F27100B5A20E,0,0.0767967039622
CC_F271177F9688,1,0.537342109814
CC_F27282A36DD4,1,0.628292269749
CC_F273CEC05F25,0,0.164840924246
CC_F274F50ABCCD,0,0.122047307168
CC_F278675EC100,0,0.085697157891
CC_F27A092E7E2D,0,0.104841980555
CC_F27CECB7567A,0,0.213981385529
CC_F27F168BFF13,1,0.147821470099
CC_F28A17DFB9C3,1,0.82822331366
CC_F28ABB34057D,0,0.106111990513
CC_F28AC6446F94,1,0.676937856723
CC_F28D1AC62260,0,0.150351720367
CC_F28E4D9A28AA,0,0.215041833136
CC_F29090CF8FF2,0,0.109322651274
CC_F291FCF60DB8,0,0.769061662503
CC_F297D7BF2FAB,1,0.113440602421
CC_F29A84E4823A,0,0.109553756765
CC_F2A1D94D0996,0,0.134766336935
CC_F2A3F2A3BE54,0,0.254880120714
CC_F2A583F5AA68,0,0.132580055857
CC_F2AC86180A59,0,0.0932578215623
CC_F2B0F1CB7E83,0,0.11077879095
CC_F2B6734A4F1B,0,0.0736698797084
CC_F2BB21A879CB,0,0.210301688933
CC_F2BC7AA5ACF6,0,0.0615813517217
CC_F2BD5C04AE65,1,0.687385211975
CC_F2C1E6D623C9,0,0.164566407092
CC_F2C95C927F6E,0,0.0825863085763
CC_F2CA8EDE6A68,0,0.296419648066
CC_F2CC422CB271,0,0.212004645425
CC_F2CE3AF4CC30,0,0.243421185833
CC_F2CFF8EC8FC1,1,0.351964159386
CC_F2D1AEB816C0,0,0.139999073317
CC_F2D296D157A5,0,0.114428580895
CC_F2D2E4BAF62C,0,0.101315849487
CC_F2D33B5202E1,0,0.312033394662
CC_F2D505358E4D,0,0.262320878267
CC_F2DD0DA05CED,0,0.0722011425486
CC_F2DD8EAFA0C4,0,0.0784256707343
CC_F2DDF7E7CF7E,1,0.813337435315
CC_F2E45102E18F,0,0.0844583351216
CC_F2E6D6E5BD58,0,0.115591735979
CC_F2E8AA3DFA25,0,0.141498401569
CC_F2EB542EF2DE,0,0.200875719659
CC_F2ECC4893AB1,0,0.152936519935
CC_F2EE029A1334,0,0.597699773593
CC_F2F743F15540,0,0.0920827331225
CC_F2FCBF57D54A,0,0.166596651143
CC_F2FDB39FD5E9,0,0.181763809917
CC_F2FE454D5B6C,0,0.103227458417
CC_F2FED154EEDC,0,0.0534045879102
CC_F3002BD71AE5,0,0.0873948352165
CC_F30225F6E051,0,0.0799777832976
CC_F302E01152E8,1,0.172807587196
CC_F3043666B0CC,1,0.110684432927
CC_F306F4765C7A,0,0.0859558915379
CC_F309E3004616,0,0.0969907163739
CC_F30B52ABB80D,0,0.201091195548
CC_F30E6440B169,0,0.297913447169
CC_F31626E8FD43,1,0.144219910754
CC_F3170EB08148,0,0.126013348272
CC_F318CF68356A,1,0.762279019296
CC_F31A25F0DC30,0,0.0806489691561
CC_F31E73E9EECF,0,0.10262604363
CC_F320632851E0,0,0.371688397123
CC_F320CCF9676B,0,0.236176677655
CC_F3230DD2B006,0,0.208800487817
CC_F32B8BCC3B73,0,0.134911164444
CC_F32C05757B6B,1,0.126185183264
CC_F32DAA63F75B,0,0.215809851966
CC_F32EE5E63CE0,0,0.205180526738
CC_F32F942B2709,0,0.119737342229
CC_F333288D9FBD,0,0.198689861589
CC_F3376CD9AD32,1,0.108757044184
CC_F33A5700002E,0,0.272890763744
CC_F33E1FC06D8E,1,0.431334714186
CC_F340FF356811,0,0.332799983491
CC_F3417A14035B,0,0.122110906842
CC_F341954F9855,0,0.142730980755
CC_F341E12BA14D,0,0.0196413545472
CC_F342B8B0EA70,1,0.721525637078
CC_F346DAC39A3E,0,0.216670667014
CC_F34A0E69CCC6,0,0.149512144971
CC_F34A39AAA63D,1,0.215729292345
CC_F34A8C8E3DB6,0,0.115932757953
CC_F351F4283846,0,0.114856510257
CC_F3524E458D33,0,0.674651688945
CC_F3533C7D3715,0,0.0794703957501
CC_F3567C538578,0,0.0996294571387
CC_F361C628FDCC,1,0.157552672071
CC_F36F37D538BD,0,0.126117335391
CC_F371C87BF909,0,0.184139338315
CC_F3763253BC89,0,0.855979913356
CC_F381ECE54D5F,0,0.194462048127
CC_F383879C56FE,0,0.0973069780724
CC_F38403DDEE30,0,0.171141407324
CC_F384C49FBD2C,0,0.124118791788
CC_F39079291E4F,0,0.101305581594
CC_F39485FC53FC,0,0.0856623068143
CC_F394A2A50053,0,0.195013005303
CC_F397E199AB54,0,0.138359299775
CC_F399F02036EF,1,0.646933933713
CC_F39A263EE1BF,0,0.0836062464099
CC_F39B22FAEAAB,1,0.0857544713335
CC_F3A059EC2309,0,0.304956003563
CC_F3A25B3186CC,1,0.247923271953
CC_F3A25D7E0878,0,0.160663282541
CC_F3A67CDF27CE,0,0.328832817071
CC_F3AC394C5300,0,0.177635790675
CC_F3AF935D8C01,0,0.1585166218
CC_F3AFA8FC93AE,0,0.110239909516
CC_F3B22C31382C,0,0.0716013706758
CC_F3B47152B00F,1,0.637034006781
CC_F3BC8E519431,0,0.0854748670802
CC_F3BF8EE921DD,0,0.151396687244
CC_F3C029F1F345,0,0.0992036947531
CC_F3C45D47E372,0,0.0737810356447
CC_F3C7F2893619,0,0.0951268596745
CC_F3C8D1481862,1,0.756215361206
CC_F3CD14BA890C,0,0.0921346160612
CC_F3CE9E47C80C,0,0.114762077994
CC_F3CF4DBB008E,1,0.916701646669
CC_F3CF9A62675E,0,0.355304874361
CC_F3D2BA0EEE6B,0,0.848747998119
CC_F3D3C1EE4A30,0,0.0968099449947
CC_F3D422C870C3,0,0.663334885304
CC_F3D5FDE6F00A,0,0.169537344103
CC_F3DB0DAEE97A,0,0.0763708144843
CC_F3DC4BBBD418,0,0.249390767956
CC_F3E726DD1CA8,0,0.135299347227
CC_F3EA4118A40D,0,0.113938977585
CC_F3F023F94C82,0,0.250338939686
CC_F3F88E4949B1,0,0.314612499271
CC_F3FD29CE30B6,0,0.138975214051
CC_F3FDBBB70286,0,0.162383203662
CC_F3FDF87582D0,1,0.640436839418
CC_F40457DA1529,0,0.762168597331
CC_F404C85EED0A,0,0.115137414658
CC_F406F145871F,0,0.215821491003
CC_F40749CA5C15,1,0.175469812424
CC_F4075EEEDA2E,0,0.246304990021
CC_F40BCB3AFAC6,0,0.138212523642
CC_F41832D9C0E9,0,0.0684294435951
CC_F418C79A09E4,0,0.100380243688
CC_F41A42DC52FE,0,0.158763859818
CC_F41D12A9EF9F,0,0.19348213445
CC_F42246A9D47C,0,0.121282689254
CC_F42671222BE3,0,0.16716261023
CC_F42B0FBDCDF2,0,0.374727858526
CC_F430C7EB5678,1,0.121543431562
CC_F432336B68BB,1,0.0647361987162
CC_F433FDB0D60C,0,0.0884853028229
CC_F43664462DC9,0,0.119632199214
CC_F4375474A41E,0,0.108748730182
CC_F44356B9A2BC,1,0.190378466121
CC_F447A8D67984,0,0.136792907019
CC_F4491F242AD1,1,0.102262767747
CC_F44A19E54573,0,0.0535410555084
CC_F44BF365B78B,0,0.128357302771
CC_F44C6D96E756,0,0.274034280497
CC_F45018EAC26A,0,0.197931172118
CC_F450D5403E2D,0,0.136245686866
CC_F451F4C3EB57,0,0.854161232942
CC_F457B0F30080,0,0.266584895622
CC_F4581F86823B,0,0.717677613326
CC_F4598285F6FE,0,0.13220441916
CC_F4598BD7C459,0,0.0994808511157
CC_F45A16CB0785,0,0.0963810572292
CC_F45B0879E7AA,0,0.0633836976413
CC_F45B48BF7AAB,0,0.700615147474
CC_F45DFFBA6675,0,0.0887492485151
CC_F4631BA1FFEC,1,0.121015083752
CC_F46A355991F1,0,0.138322210918
CC_F46F99736E46,0,0.109564669322
CC_F471FF623B87,0,0.105546506804
CC_F47372B5A0E1,0,0.0864705720151
CC_F47432438411,0,0.0835983546727
CC_F4751B466436,0,0.0977992942077
CC_F479AA17E0E2,0,0.10018278034
CC_F479D213BD47,0,0.0737350475412
CC_F47A2BDA106E,1,0.215175504931
CC_F47CA2FECF36,0,0.12613359071
CC_F47F87B773D9,1,0.311249944912
CC_F480A3797F14,0,0.171875604425
CC_F48104FB6562,0,0.282281182863
CC_F48677E0DACB,0,0.106332443413
CC_F48E0985510D,0,0.124760709016
CC_F49750F79B53,0,0.0794106614228
CC_F4985439A092,0,0.140475433053
CC_F498A81CCB08,0,0.0918767647227
CC_F4A29B1F93A4,1,0.641742576661
CC_F4A6773365B1,0,0.146113195305
CC_F4A80E78D005,0,0.0883936561334
CC_F4AC2FDB16BA,1,0.13889535184
CC_F4B1B247103C,0,0.189050640602
CC_F4B5C696B4FB,1,0.193216729324
CC_F4BD2F89D667,0,0.159993313651
CC_F4BE602AC329,1,0.613680707192
CC_F4BF3F3A2CDC,0,0.0721051392541
CC_F4C03CB79174,0,0.0864496994067
CC_F4C51E07FD3B,0,0.553174204654
CC_F4C662E01454,0,0.121531141754
CC_F4C7498C67C6,0,0.077539344578
CC_F4C79661EE2C,0,0.321272361042
CC_F4CF4B82F463,0,0.104038592777
CC_F4D18D918517,0,0.138708340711
CC_F4D482119A70,0,0.0814262543119
CC_F4D49727D091,1,0.216950871673
CC_F4D7BDBD77AD,0,0.363185534394
CC_F4DB6135D118,0,0.059473389905
CC_F4DF72757CF8,0,0.230020629275
CC_F4E48F88FABC,1,0.554495306494
CC_F4E52381E3A2,0,0.145950622399
CC_F4E78743AFD9,0,0.146012255431
CC_F4EA23AE3CDE,0,0.0635881690488
CC_F4EABE9E9A75,0,0.15873318608
CC_F4F03572B457,0,0.10911662691
CC_F4F45AB04AB8,1,0.815284232922
CC_F4F689245C6A,1,0.208718037576
CC_F4FE1A798D39,0,0.653939299165
CC_F501C6A93D4D,0,0.199842437858
CC_F50284B2304E,1,0.707211758517
CC_F503D39880A8,0,0.107130637504
CC_F50CC8EDCC82,0,0.236344794017
CC_F5108F45CE03,0,0.22994960266
CC_F51278E29768,0,0.0822575897787
CC_F5131D420FCC,0,0.0817158304379
CC_F5145F9A5E41,0,0.0971556024227
CC_F51D37205C90,1,0.223324880004
CC_F523194EA1F7,1,0.51889474054
CC_F526BEB5F93B,0,0.101144537797
CC_F52BD50B632F,1,0.077077383605
CC_F531DE2CF7EE,0,0.634815269973
CC_F534C514E954,0,0.100977849243
CC_F53E189C01C9,0,0.11315227614
CC_F54211EFEDF5,0,0.154976912985
CC_F5451A0A8513,0,0.0639098993547
CC_F545F57CE1F4,1,0.567230725375
CC_F548ED4164A6,1,0.0783283333441
CC_F55172B357E8,0,0.092756200533
CC_F552A3B8FCDA,0,0.0891319987836
CC_F552FC3EACF5,1,0.0567700326735
CC_F55615FC6ABF,0,0.161596634936
CC_F558A40AC73B,0,0.782852902581
CC_F5597B02D919,1,0.232612916335
CC_F559B6C6A263,0,0.102180585252
CC_F55C154FC307,0,0.073606566203
CC_F55D9F5EA5AC,0,0.124290584672
CC_F56035C46960,0,0.41532351563
CC_F560B14EDD0B,0,0.10723212332
CC_F560B2B2BDD0,0,0.130956489286
CC_F566142B66F5,0,0.233281337081
CC_F5695C992830,0,0.194993671085
CC_F5734E41D4BF,0,0.129397251289
CC_F579EA981AA4,0,0.0366945977849
CC_F57D3110D580,0,0.152483694965
CC_F57D877B6299,1,0.411041919645
CC_F57F75A4935A,1,0.291249235102
CC_F58377ED7337,0,0.0965870044101
CC_F586585E530D,0,0.119586587459
CC_F58CEDF54E4F,0,0.128246089261
CC_F58D22BD9A8C,0,0.110652845472
CC_F58D7B909954,0,0.102316936259
CC_F58DC140871A,0,0.0950042329118
CC_F58F47730145,0,0.203098871917
CC_F59128793CE4,0,0.115324753723
CC_F59254728A99,1,0.732907536812
CC_F59398F5BF6A,0,0.330741418003
CC_F59A01FC3713,0,0.0690233360367
CC_F59D2FC5C99D,1,0.196312942441
CC_F59EAEDE1054,0,0.169985225134
CC_F59F30FDDB27,0,0.0771174321787
CC_F5A1BDEEF186,0,0.124721452883
CC_F5A33037392D,0,0.104360782394
CC_F5ACC62A98EA,1,0.16825850004
CC_F5AD570CF8CB,1,0.133997112873
CC_F5ADEBDFE67B,0,0.124770162492
CC_F5B011A8618E,0,0.2051417993
CC_F5B36EB7F2D5,1,0.228043704212
CC_F5B5FF54F84F,0,0.0963139669697
CC_F5B97B7787DC,1,0.120950231796
CC_F5BA90063BB9,0,0.157052188351
CC_F5C6EAE32824,0,0.317518875984
CC_F5C6F4EBF470,0,0.0745037737391
CC_F5CA127023A2,0,0.110909790569
CC_F5CB98057659,0,0.115851746822
CC_F5D06824A148,1,0.132123585438
CC_F5D0E91F7F82,0,0.153490744173
CC_F5D1CD23F53D,0,0.1446439432
CC_F5D2E47D3F40,0,0.113203510642
CC_F5D3CD54313E,0,0.257179102395
CC_F5D5D8278A46,0,0.342018975147
CC_F5D5E3162C52,1,0.33797227835
CC_F5D63C221897,1,0.201194492535
CC_F5D94AE91777,1,0.505226346764
CC_F5D9C3E5FCCC,0,0.0899745296849
CC_F5DB2E49F057,0,0.0761882266182
CC_F5E1E55DB43B,0,0.147990553916
CC_F5E8535DECCC,0,0.26616167392
CC_F5EA0ACB8BEC,0,0.152018264996
CC_F5EB6030BF91,0,0.0916184071598
CC_F5F2724EEE96,1,0.884683698957
CC_F5F6B3773549,0,0.0894562441073
CC_F5F9E37D4FFB,0,0.216109686258
CC_F5FCF245BEE9,0,0.198727216161
CC_F60433B2B286,0,0.175266655644
CC_F60A4914143B,1,0.230279020977
CC_F60C6C46199F,0,0.18864045965
CC_F60CC08C6E87,0,0.1146268199
CC_F6100F165F0F,1,0.520140290463
CC_F61AB5DEDCF5,1,0.267276078836
CC_F61F3DA59328,0,0.134475731056
CC_F621C4DF6B2B,0,0.250749693663
CC_F622072836CA,1,0.22071750924
CC_F6222CC1DF5D,1,0.229494408325
CC_F62298098EB1,0,0.117832229426
CC_F62448D781EA,1,0.239474035439
CC_F6270AF942F9,0,0.0985946179604
CC_F62748561A8A,0,0.542220674307
CC_F627BEED6F1A,0,0.0993235118554
CC_F628FEE82CFB,0,0.325333162732
CC_F62C55B9E4D3,0,0.128720161027
CC_F63240DF2195,1,0.302045564847
CC_F632E0DD954B,0,0.135244653138
CC_F63BA14056F7,1,0.147265877049
CC_F63C8B2BFEFE,0,0.0699642537764
CC_F63DAF570F1A,0,0.0588610077201
CC_F63DC4445192,0,0.0742245175207
CC_F63E6BE04183,1,0.190029792535
CC_F63F5BB4EC72,0,0.156804082709
CC_F6409EFF796E,0,0.290090320355
CC_F641608C703C,0,0.102002178784
CC_F6421A10C936,1,0.75323357047
CC_F6427E23F97C,0,0.16465924622
CC_F6451CECC1AF,0,0.185868739876
CC_F645C60A1B13,0,0.0824136781741
CC_F6494A25DC92,1,0.080657060622
CC_F64972182028,0,0.0696916694898
CC_F64A001812EE,0,0.144671405677
CC_F64BE498059A,0,0.369342398069
CC_F64CEC6DB1BD,0,0.499725718585
CC_F64FC11F68F5,0,0.0762353556354
CC_F65433B2DF33,0,0.0990319456031
CC_F654DF2ACA67,0,0.26331496453
CC_F65AD5DF8486,0,0.105482206671
CC_F65F5EC2648A,0,0.128842547783
CC_F6622928C861,0,0.0874116048992
CC_F6638E8BE14C,1,0.115821229776
CC_F66A7FB8294D,0,0.0895857769269
CC_F66B0D5D33B0,1,0.242475716862
CC_F66D4193F947,1,0.290820257598
CC_F67072EA036F,0,0.0713455653128
CC_F6734B2BF846,1,0.464058807754
CC_F678E0AF7480,1,0.765724580869
CC_F67B6C85594A,0,0.377773919411
CC_F67B99617E0F,0,0.308942834137
CC_F67CA099A07C,0,0.127325287323
CC_F67EAA8DB604,0,0.0864368475231
CC_F67F4BC2BC80,0,0.198393839314
CC_F682F12F08DD,0,0.338161787818
CC_F68EBAB45F84,0,0.092742108703
CC_F69ACDF0BF59,0,0.103693330436
CC_F69C57031A8B,0,0.0969930429773
CC_F6A1077E651B,0,0.157841650809
CC_F6A13446882B,0,0.128062484553
CC_F6A53C7494E9,0,0.0925801129967
CC_F6A66476DA81,1,0.688690194516
CC_F6AEE34A6286,0,0.20398345453
CC_F6B4991CB99C,0,0.168528726168
CC_F6B64FBF2D6B,0,0.138130970155
CC_F6B663401126,0,0.0414856909413
CC_F6B9CE83EB98,0,0.149993087058
CC_F6BB5D272F93,0,0.0425708710174
CC_F6BBA7AD4FB0,0,0.890544545574
CC_F6BBE5962972,0,0.251875348747
CC_F6BE8C24721F,1,0.188073549776
CC_F6C25DCD0380,0,0.10882016136
CC_F6C424087C73,0,0.107751398366
CC_F6C53D1BAAE4,0,0.170432557712
CC_F6C5AA39EE2B,0,0.104354160227
CC_F6C6D0699D3C,0,0.141838633865
CC_F6C7B020AD44,0,0.0808827675773
CC_F6C7DF32135E,1,0.192367900643
CC_F6CC9D4FE59B,0,0.111437928055
CC_F6CEF5529D2C,0,0.0565907808505
CC_F6CF1352D8F8,0,0.153903923535
CC_F6D004840630,0,0.112074036927
CC_F6D3CD509C20,1,0.175878310001
CC_F6D49BA682B6,1,0.217138220648
CC_F6D7DFA3642F,1,0.268472862144
CC_F6DA929C669D,0,0.163202824894
CC_F6E0B7F9E155,0,0.115502792256
CC_F6E2DF4BA561,0,0.0844929533909
CC_F6E589CC1A3D,1,0.635700122285
CC_F6E690C75C95,1,0.305410989751
CC_F6E8D1F4A932,1,0.307243141674
CC_F6E96837B74C,0,0.123673790599
CC_F6EC1BEAB6AD,1,0.548147930864
CC_F6ECC830ED5E,0,0.116382527497
CC_F6EF66DF455D,0,0.372344077317
CC_F6F2A479FA31,1,0.0734573755506
CC_F6F4AE1396CB,0,0.183790602029
CC_F6F876A0E0F8,0,0.0855709950298
CC_F700C46F9CAE,0,0.151869606698
CC_F703E5052D2C,1,0.672123714998
CC_F70EC2E7BEF7,0,0.124502307755
CC_F70F50C316D5,0,0.18144943624
CC_F7116434A0E0,0,0.237976485022
CC_F71328FE8228,0,0.155910680349
CC_F714D50B3EFF,1,0.15427233839
CC_F715002B1651,0,0.116529429436
CC_F715FB7FE72D,0,0.106982665127
CC_F71813653495,0,0.765696950598
CC_F726491096AC,0,0.0774677783631
CC_F7274DA1113B,0,0.161029486158
CC_F729647BDF24,0,0.184905902646
CC_F730B450DD0A,0,0.143889556908
CC_F731A0361498,1,0.319893184071
CC_F7366CA6A0F2,0,0.125603174146
CC_F736FC094982,0,0.111408846374
CC_F73777432443,0,0.0837553054887
CC_F73D0DE13A60,0,0.11410652311
CC_F73DAEAEF28C,0,0.156498628877
CC_F73F87705A2E,0,0.145709112367
CC_F74103054AD5,0,0.119372476247
CC_F74407D93115,0,0.101263408011
CC_F7448896BA63,0,0.126697831128
CC_F7468D34F4D8,0,0.192047771038
CC_F7546010F01A,0,0.14250852364
CC_F75499AF26BC,0,0.126323875418
CC_F756C13A6AE1,0,0.159041123074
CC_F757D8BD788D,0,0.0831065947373
CC_F75B13FBD9BA,0,0.0843975592766
CC_F75CA4CCFB05,0,0.290982617143
CC_F7639C52EED2,0,0.107210451965
CC_F7648C2B28F3,0,0.0913548451092
CC_F765ADB0EB29,0,0.147465481338
CC_F766E347C3A5,1,0.600740560068
CC_F767D37961E1,0,0.172460201331
CC_F76B0C9C817E,0,0.10571199392
CC_F76BB562BED4,0,0.180959678835
CC_F770222FEA18,0,0.12792299895
CC_F772F2B30736,0,0.114888390227
CC_F77319C5417A,0,0.0953937392941
CC_F7739AD04B4E,0,0.328047668914
CC_F773F1FEBF43,1,0.148530720814
CC_F77532FB553D,0,0.213018450007
CC_F77A0D18EB0D,1,0.798681951252
CC_F77F35199AC1,0,0.155012016732
CC_F78036249EA1,0,0.468290199454
CC_F780F9B5DC91,0,0.111521405555
CC_F7811743B594,0,0.187263276854
CC_F789349798CB,0,0.0895318994569
CC_F7909532FCD3,0,0.888632701093
CC_F793A59F8534,0,0.127878983527
CC_F793B38ACAE2,0,0.350204169005
CC_F794D08E2643,1,0.13955026689
CC_F796392A7562,0,0.171416975383
CC_F79850403C30,1,0.257996749652
CC_F7988358F940,0,0.066262875513
CC_F79A09B10F6B,1,0.797491171325
CC_F79CDD28CBA8,0,0.156158791093
CC_F79DD3F410A4,1,0.257497711829
CC_F79EB5F121F1,0,0.509973687221
CC_F7A0F4610902,0,0.16246776158
CC_F7A20820A63C,0,0.169694890135
CC_F7A219CDFE8D,0,0.0860394890928
CC_F7A5782FC2B3,1,0.736323838993
CC_F7AB852E9674,0,0.17815417977
CC_F7ABF02F59EC,0,0.29132128802
CC_F7B088BDE5FA,0,0.0760363051068
CC_F7B0A3CD694C,0,0.101575397183
CC_F7B40F88EE53,0,0.225484706632
CC_F7B4A4075178,0,0.151339118695
CC_F7B59DD073C6,0,0.0917018014325
CC_F7B9D8E0EB81,0,0.263448206344
CC_F7BD8F91EB59,0,0.0803533323173
CC_F7BDDA70526F,1,0.576905462062
CC_F7C134EAEAD8,0,0.211801077907
CC_F7C4EB38C238,0,0.0811995233197
CC_F7C5333856CA,0,0.0750158745826
CC_F7C629F4E8D1,0,0.116143626815
CC_F7C8A86C48C9,0,0.143394975167
CC_F7CF1BC341B4,0,0.0952742584153
CC_F7D36BDBF81A,0,0.194031257859
CC_F7D46B97D91D,1,0.885306703635
CC_F7D76F987586,1,0.610188291635
CC_F7D84A5C2D14,0,0.0775009527386
CC_F7DAFE861FD9,0,0.144765664744
CC_F7E61DF9CB59,0,0.105038807908
CC_F7E6DB41145B,0,0.224498704417
CC_F7EACD529D7D,1,0.347722663016
CC_F7F13B7D3B60,1,0.188924805108
CC_F7F3D5C8FEB9,0,0.064895908868
CC_F7F44CDB5963,1,0.775839051766
CC_F7F5C5F7C12B,0,0.0789043700528
CC_F7FD06A8501A,0,0.16537433194
CC_F8020B5287AA,0,0.142066885096
CC_F80357E1BBF1,0,0.107122512953
CC_F805D99359A8,0,0.0776091061942
CC_F80ABD2E670C,0,0.135542077075
CC_F80B0600632F,0,0.10370711219
CC_F80CDAD91DF9,1,0.220793413667
CC_F80F4A72535A,0,0.740056610298
CC_F8108E923454,1,0.163321435935
CC_F81382B808CE,1,0.870118245782
CC_F81956DC9737,0,0.134195618672
CC_F81B6634988D,1,0.261930273297
CC_F81E26974772,1,0.359179134708
CC_F81E6DE5732E,0,0.0978326857227
CC_F81F9411962B,0,0.194519407314
CC_F820606CC422,0,0.101009453518
CC_F823B852B9A5,1,0.807835846424
CC_F823C9E8D563,0,0.102292643355
CC_F8245352D2E9,0,0.141106743413
CC_F82652A9AAD0,0,0.100457690511
CC_F8268889AA39,0,0.188134535711
CC_F82691F0DEE8,0,0.127546128832
CC_F82B87B46F8C,0,0.328175681109
CC_F832971A4715,0,0.60708970964
CC_F836CBAF7ADA,0,0.105769706428
CC_F837B048CC3C,0,0.241356479902
CC_F83E7A3CEC1C,0,0.132519157933
CC_F842328B6012,0,0.090796123543
CC_F844D730FD87,0,0.219087671027
CC_F846E4C6DB8C,0,0.109798549344
CC_F84855FBC8A1,0,0.161802285397
CC_F850163DF606,1,0.847418692983
CC_F8501C1DD7A8,0,0.0545425963616
CC_F8565EB95F01,0,0.0511520520989
CC_F8585285EC22,1,0.530904221085
CC_F85885743E31,0,0.175618450951
CC_F860E3546293,1,0.221816888556
CC_F8661CC2F776,0,0.113305315074
CC_F8679B7225C9,0,0.53346733813
CC_F86F6CB40A7C,0,0.134486374222
CC_F87006FDEC31,0,0.125454976539
CC_F87148990936,0,0.0814035121375
CC_F872EDB2A023,0,0.148366544179
CC_F873C1BCC217,0,0.0622360203846
CC_F876B18BD1F2,1,0.134197913408
CC_F8792D34E4F8,0,0.0893485924935
CC_F87DCF18E3AC,1,0.213834513424
CC_F87DF3C9F121,0,0.12280460895
CC_F87E703A8D58,1,0.157325576791
CC_F880E8F65E3A,0,0.0661188505318
CC_F885E5032235,0,0.124109917988
CC_F886CC8F8D4C,0,0.126360998802
CC_F8884DC00927,0,0.12111826998
CC_F889F7B5B8C8,0,0.190173485063
CC_F88B127FDC02,0,0.148217258123
CC_F890B09FE8CA,0,0.0748433100577
CC_F8918AB16EC9,0,0.101238942735
CC_F899B5A120C9,0,0.299265916331
CC_F8A0FB88C202,0,0.129308325827
CC_F8A6A691165D,1,0.641158543569
CC_F8ACC47C7359,0,0.153957580816
CC_F8B0A8BA8297,1,0.322684918957
CC_F8B1FA6C317A,1,0.147834673506
CC_F8B3DBD45C73,1,0.0598068837277
CC_F8B560B78278,1,0.143602358411
CC_F8B7A68D10AB,0,0.100450971759
CC_F8B829C22402,0,0.118703203765
CC_F8B8F3626687,0,0.122324141067
CC_F8B98F1F0D1B,0,0.294259767889
CC_F8BB438FFCCD,0,0.0322014309524
CC_F8BB6BE899D5,1,0.923462039825
CC_F8BDAFAEA76F,0,0.168994451404
CC_F8BF4B981E80,0,0.144259111304
CC_F8C076754B94,0,0.135359091389
CC_F8C0C8B6D61D,1,0.836136453823
CC_F8C4F3798BBD,0,0.121828337544
CC_F8C86BD5D5B7,1,0.636000140997
CC_F8CB10FF8C14,0,0.0786732843086
CC_F8CDE04312A4,0,0.0513610243866
CC_F8CE9AF3B65B,0,0.145883887316
CC_F8D964558443,0,0.0817701615142
CC_F8DAD74106E4,0,0.0799412976228
CC_F8DCB0559F1E,1,0.277939908978
CC_F8DEDE53874B,0,0.196250099165
CC_F8E04577EB92,0,0.0949981462257
CC_F8E1AF9C8D6B,0,0.122909558373
CC_F8E1DC6DC229,0,0.126254367393
CC_F8E3AD927A75,1,0.264681552544
CC_F8E3CFEA87D2,1,0.136441230444
CC_F8E8CFFDBBD8,0,0.170857549378
CC_F8E9A18EB1BC,0,0.157248060207
CC_F8ECB2B11893,0,0.147324595839
CC_F8ED86055743,0,0.14612321515
CC_F8F6498DE1FF,0,0.645707820333
CC_F8F7242BE8D6,0,0.110148786169
CC_F8F77D9865BF,1,0.68175628528
CC_F8FCDE833571,1,0.139454422568
CC_F9014AAA4EB6,1,0.877783466369
CC_F9025BFCE0ED,0,0.0993444356451
CC_F902A27CE585,0,0.0846926181454
CC_F90680B62868,0,0.124017457899
CC_F90753BC3181,0,0.138509630404
CC_F90CD2C878A3,0,0.0723417512618
CC_F90DEF5C532B,0,0.0714172479182
CC_F919EB348F05,0,0.0937463982753
CC_F91CA16642BF,0,0.0821515233392
CC_F91FDDE6F783,0,0.101681064868
CC_F92471F9048D,0,0.0971729182704
CC_F9273955A985,0,0.326127804382
CC_F9282F152F2E,0,0.0566476875904
CC_F92B83B47EFC,0,0.0795818780307
CC_F931F91A0D29,0,0.151255552356
CC_F9326647E2CD,0,0.419849034391
CC_F937B09FE9FC,0,0.138257021362
CC_F93943E60DF3,0,0.0873752151648
CC_F93BADFA0ABA,0,0.341126716861
CC_F93FC133E85A,0,0.160606443508
CC_F9400A676E1F,0,0.0993586445804
CC_F946BA2A6427,0,0.474057890663
CC_F949B0A7CDC0,0,0.159004150766
CC_F94AC93A0971,1,0.283260465351
CC_F94D8DA598B1,1,0.218856764456
CC_F94DC5B10367,0,0.231700403323
CC_F953C1498507,0,0.19965702652
CC_F9590CB6B113,0,0.119905178557
CC_F9625DFF8388,0,0.119032159887
CC_F9638F39BEC2,0,0.0733755389371
CC_F9643C6C4546,0,0.0873221550792
CC_F9664535E946,0,0.123793704456
CC_F968DFD0E601,1,0.0805045687477
CC_F969BB70E7D3,0,0.0978135897192
CC_F96B9FD70EC6,0,0.0408389876867
CC_F96CB86375B6,0,0.326808884418
CC_F96E884B297F,0,0.0839333752474
CC_F970DBFA2D2E,0,0.152070114514
CC_F97109522C2A,1,0.104356764555
CC_F97434350757,0,0.0768792354167
CC_F9765A96963B,0,0.123294112545
CC_F97D466A6E6A,0,0.150729964716
CC_F98A1C8CDD45,0,0.128693457465
CC_F98A1DA65A8E,0,0.099880296317
CC_F98B955C0AA2,0,0.261624175375
CC_F98EC6895B64,0,0.211300117421
CC_F990239E7026,0,0.141408349548
CC_F99C67851956,0,0.0778296805108
CC_F9A19AF021AE,0,0.0854535983923
CC_F9A389D3325D,0,0.109512334032
CC_F9A3BA84B031,0,0.0950499790613
CC_F9A441AA5500,0,0.468430035369
CC_F9A5175B4454,0,0.172641304203
CC_F9A5C5ECD125,0,0.373440648695
CC_F9ABA65711C2,1,0.186434948652
CC_F9ADBFD631ED,0,0.0910467953374
CC_F9B0EC622F97,0,0.0287514084962
CC_F9B4CCF68853,0,0.187289865352
CC_F9B6DCB9A836,0,0.112115315173
CC_F9B897921B68,0,0.114380669887
CC_F9BE72E62B64,1,0.130437358883
CC_F9C1756D2E76,0,0.326501918471
CC_F9C3641FB171,1,0.13214090373
CC_F9C38849208F,0,0.122269353374
CC_F9C527ED2152,0,0.0867151274336
CC_F9CC85284D25,0,0.0914702387893
CC_F9CEFD1528D8,0,0.123205537224
CC_F9CF68E17EA6,0,0.101702089979
CC_F9D152FAF3B8,0,0.191099890039
CC_F9D2C23716FE,0,0.129831953491
CC_F9D35124F558,0,0.517881193486
CC_F9DD369305F0,0,0.123027203206
CC_F9E294E53378,0,0.182923586208
CC_F9E4712F0715,0,0.14833110714
CC_F9E485AE489A,0,0.0973490392302
CC_F9E78388BFB7,0,0.0506654609675
CC_F9E7D1678D19,0,0.114173494075
CC_F9E9061D67AC,0,0.0950516653047
CC_F9E97D1374B7,1,0.190103539112
CC_F9F0412A471B,0,0.265181753831
CC_F9F5094F8E23,0,0.107083354123
CC_F9F6CB78DEC5,0,0.119667495198
CC_F9F73F6ED3B0,0,0.113956280159
CC_F9F8E9BC47C4,0,0.0989809288445
CC_F9F8FF3ED3DB,0,0.0443711909546
CC_F9FF1BA04E76,0,0.0991855566601
CC_F9FFAC86788C,0,0.109131062579
CC_FA01385FDEDB,0,0.0942040783636
CC_FA05AAAC1E14,1,0.864109495858
CC_FA08000ADCFE,0,0.117532387756
CC_FA0BF0783FD0,0,0.0774358814831
CC_FA105AB567E0,1,0.133752968857
CC_FA105F7B3C33,1,0.113883363096
CC_FA12258DFF68,0,0.135449607037
CC_FA1291DCAB53,1,0.597939491162
CC_FA1340719EDE,0,0.126552916779
CC_FA14BE472FE0,0,0.159828930725
CC_FA14C07D33E7,0,0.166039089574
CC_FA15645416C8,0,0.185245739303
CC_FA19AE8F95FE,0,0.275440239593
CC_FA1C60D73060,0,0.111996039932
CC_FA22CCE617A3,0,0.082856115221
CC_FA22FAA12201,0,0.215045528374
CC_FA247FD6BE5A,0,0.109599802432
CC_FA27643430B8,0,0.217776412779
CC_FA29082510C5,0,0.0464126627671
CC_FA29D90B8B3D,0,0.184311083493
CC_FA2A4975A4B9,0,0.246425926832
CC_FA2AD2B08B5C,0,0.417835847869
CC_FA30D584BD29,0,0.307760384762
CC_FA311F31F3B5,0,0.10911234018
CC_FA37808613AF,0,0.0714588785751
CC_FA395FBB9065,0,0.0633402610197
CC_FA3A0584B438,0,0.071595698389
CC_FA3BFDACC799,1,0.216998534829
CC_FA3F97D21DA7,0,0.103919166945
CC_FA40CD4954E4,1,0.332008943773
CC_FA41178480EE,0,0.114928356509
CC_FA44A2280E33,0,0.161773086551
CC_FA49A346F364,0,0.155246075851
CC_FA4BA7C4BB06,0,0.118423607247
CC_FA4CC4CA34E6,0,0.108924926185
CC_FA4D49BED672,0,0.107058186807
CC_FA5030F692B2,0,0.155568378329
CC_FA52CC39C4CC,0,0.135879481632
CC_FA55CC52F5C3,0,0.159941201562
CC_FA5894738149,0,0.087676394659
CC_FA59C38A52BA,1,0.356609535084
CC_FA5AF22665C1,0,0.17904060473
CC_FA5BC315D9F6,0,0.201584827227
CC_FA5BE519ACAB,0,0.105555892211
CC_FA65F8926E3E,1,0.0504925999996
CC_FA6607A89B4D,0,0.238735144151
CC_FA6A02ADDD50,0,0.493881035959
CC_FA6F18EF02CC,0,0.133116102131
CC_FA759297E796,1,0.702269198351
CC_FA772628F447,0,0.137315858468
CC_FA77CBEBB775,0,0.236782784957
CC_FA7C12A11BE7,0,0.0921061473544
CC_FA7E310C633F,1,0.133732438613
CC_FA80CB6C6A6B,1,0.630629568469
CC_FA8471724C0C,0,0.586752488293
CC_FA8CE85634D0,1,0.150071530714
CC_FA8CF00C10B9,0,0.141190907817
CC_FA903F26D666,0,0.158104831791
CC_FA9064AE4DCB,0,0.092871400023
CC_FA96049284C9,0,0.0889067841054
CC_FA9A93FA76F8,0,0.108508704286
CC_FA9BF45DD54D,0,0.184277191209
CC_FA9EF0734D6B,0,0.0959126068045
CC_FA9FAB4D3C35,0,0.0986758875947
CC_FAA21E1495E4,0,0.070376619213
CC_FAA2E40FB370,0,0.0977026855008
CC_FAA5FAE80898,0,0.18237463951
CC_FAAAB9AF0E3D,0,0.153320720583
CC_FAB5B8C59F39,0,0.0960486659882
CC_FAB63CD91C52,0,0.0805906650954
CC_FAB7FA926C53,1,0.120638448782
CC_FAB879351A9A,0,0.101756331531
CC_FABBE9E7D901,0,0.64017206159
CC_FABCD3C1BB4E,0,0.165329320902
CC_FABE18B83E61,0,0.0789818465393
CC_FABFFF86A6BA,0,0.0876939827647
CC_FAC3A320FA0E,0,0.226166361567
CC_FAC61CBF9476,0,0.107533107746
CC_FAC825C895BB,0,0.102451408832
CC_FACA11A2F987,0,0.0753254504535
CC_FACB152D9044,0,0.194503238928
CC_FACB1C3886DD,1,0.0625860237192
CC_FAD23D780455,0,0.075459974016
CC_FAD5EE29252C,1,0.716458470768
CC_FAD5FCC2152F,0,0.190348124267
CC_FADD40BDDA27,0,0.148112549713
CC_FADE7956C568,0,0.126109002314
CC_FADED0DD1E11,0,0.197990014151
CC_FADF80007654,0,0.669244273517
CC_FAE187E36050,0,0.0932283253113
CC_FAE46B495FD6,1,0.297385036912
CC_FAE63095194B,0,0.188101552432
CC_FAE7244F9071,0,0.0736559207719
CC_FAE993C38F81,0,0.12444508577
CC_FAEDBC5CA858,1,0.0851760797856
CC_FAEE002BC69A,0,0.383113300831
CC_FAEFF1F47614,1,0.599107865529
CC_FAF11A709DAE,0,0.0849938938771
CC_FAF34893CC71,0,0.146427763579
CC_FAF43F88FC7B,0,0.48784278241
CC_FAF4EBAA13D7,0,0.108376353404
CC_FAF95D7B8DC5,1,0.876215918213
CC_FAFA318075FC,0,0.156554751115
CC_FAFFAB5694C1,1,0.124247451724
CC_FB00970F296E,0,0.401358307094
CC_FB030FD36766,1,0.0937603115322
CC_FB052ED26F79,0,0.0906142931034
CC_FB0AA84A4E34,1,0.26210836485
CC_FB0C5BA8C8DE,0,0.138174126319
CC_FB0D34952EE5,0,0.0736878048081
CC_FB0DB7D66A54,0,0.200667778901
CC_FB11A8EBDE95,1,0.0833942786675
CC_FB169A2F467B,0,0.0796558715219
CC_FB1B387AEBD7,0,0.105951579533
CC_FB20DF1247CA,0,0.16672842548
CC_FB22D9ED8176,0,0.176914174576
CC_FB26E4420F9B,0,0.221222799809
CC_FB3AFBA45EF9,0,0.201620955686
CC_FB3E53D03EEA,0,0.0979139108692
CC_FB3F48EA1882,0,0.111268059964
CC_FB402A2AEB8D,0,0.194336026027
CC_FB437B99FE65,0,0.0680039722106
CC_FB4EC656638C,0,0.209720955202
CC_FB51A08AA255,1,0.119941898389
CC_FB52EF3A50BD,0,0.101312915393
CC_FB56FF3F72C6,0,0.256051617702
CC_FB5BE4AE7D60,0,0.109073058577
CC_FB5EA8C16A7E,0,0.151392310717
CC_FB604F3337EF,0,0.0883894874446
CC_FB61C5B06CEF,0,0.0739819394057
CC_FB62671B80B8,0,0.349860918688
CC_FB64F4A761DA,0,0.118564421814
CC_FB674F9B4FB8,1,0.259986242579
CC_FB6FF71A9244,0,0.122112735122
CC_FB7D28709496,0,0.231178891773
CC_FB7D799D3336,0,0.230555477847
CC_FB7D8D39B1AE,0,0.108080831943
CC_FB7F8898D335,0,0.226419729499
CC_FB8467020D34,0,0.0640073819238
CC_FB875FBCA950,0,0.130478914238
CC_FB8AF7549981,0,0.102575247333
CC_FB94F25E5F2A,0,0.126003349761
CC_FB952A0CCD97,0,0.0695147660879
CC_FB973DE64208,0,0.0594724862673
CC_FB986C868D02,0,0.103922072622
CC_FB989101F9FC,0,0.22139760473
CC_FB9A171170BA,0,0.125705733987
CC_FB9C77E30CEF,0,0.176612595464
CC_FB9E3228A33C,0,0.312519690337
CC_FB9F5B2918F2,0,0.0994059305126
CC_FBA1392336AC,0,0.143591707481
CC_FBA285A7BBBE,0,0.0681442099665
CC_FBAB550F6E4E,1,0.671659477488
CC_FBABF8A2F99E,0,0.08917090144
CC_FBAC24A1F982,0,0.134515087412
CC_FBAEBBD86DE4,0,0.172746105144
CC_FBB0C13EE739,0,0.116634308879
CC_FBB2FF976D5E,0,0.0951797626613
CC_FBB34481AF88,0,0.180748717385
CC_FBB57D3DAD28,0,0.295250715207
CC_FBB6F5BA94B9,0,0.147709458363
CC_FBB8EA23B5C2,0,0.0810148813407
CC_FBBBFB93B4D7,0,0.0901206384956
CC_FBBC0931BE5C,0,0.3178998782
CC_FBBC48280EF2,0,0.113692292787
CC_FBBE7DE9B5CE,0,0.133630551794
CC_FBC38AA11D8B,0,0.131976405454
CC_FBC56DC89C4F,1,0.18021017587
CC_FBCC26C9611F,0,0.249706116519
CC_FBCCEF29A452,0,0.119037525026
CC_FBCDA82D87BF,0,0.101534221982
CC_FBCDC39731F9,0,0.129488486143
CC_FBD09F5D947A,0,0.082711862887
CC_FBDCB63B6DAB,0,0.0828095792127
CC_FBDCC4B892E9,1,0.141038449445
CC_FBE5C3BB11E0,0,0.086370026641
CC_FBE6687401A0,1,0.813283282911
CC_FBE7E183279D,0,0.0740644684867
CC_FBE8288ED1A4,1,0.616218221016
CC_FBE87C06663A,0,0.092870879039
CC_FBE90967E833,1,0.107369267901
CC_FBE9134C8BF0,0,0.0950287119132
CC_FBEA90442B69,0,0.0893143120946
CC_FBEE29902C3C,0,0.154571535646
CC_FBF2E3CD9A39,1,0.16261663668
CC_FBF2F3B49C45,0,0.0837499745964
CC_FBF5A622B58E,0,0.246760172691
CC_FBF613E10154,1,0.174371435571
CC_FBF628BD333F,0,0.331774954555
CC_FBF7857B834B,0,0.115771973618
CC_FBFFF3CB0E6D,1,0.215337019181
CC_FC00B9325CBC,0,0.124900208718
CC_FC01E5D5E638,0,0.2018546
CC_FC01E75BF978,1,0.877187394627
CC_FC0642295BA0,0,0.0974242514888
CC_FC095EA68A6A,1,0.651077651893
CC_FC0D48586619,0,0.173810576359
CC_FC0FCC48E8AF,1,0.381118135557
CC_FC163D4B75A5,1,0.244173145038
CC_FC16D13DBC24,0,0.251678315443
CC_FC1700E21FBA,0,0.153188689308
CC_FC18032DF9E6,0,0.0679599875199
CC_FC1825DB935E,0,0.188997773283
CC_FC1923A0ED80,0,0.131843524359
CC_FC19315282D6,0,0.0852488793222
CC_FC1A4DF68219,0,0.0918635964614
CC_FC1BE23EC36F,0,0.089524994562
CC_FC1DA4B4AA90,1,0.110915870391
CC_FC212C63EB9C,0,0.103466039839
CC_FC2238D156F8,0,0.169354776048
CC_FC273DC12A61,1,0.196321951219
CC_FC2EAB32DA4C,0,0.0995930156042
CC_FC339FB1C9E8,0,0.215386886024
CC_FC355903A24E,1,0.344178093533
CC_FC36EC64B0CF,0,0.13955165536
CC_FC3DD928995F,0,0.171760973046
CC_FC418623C9A0,0,0.0929919379611
CC_FC4359A10396,1,0.238066199743
CC_FC4966D84A47,0,0.0729709097711
CC_FC4BD01DC78F,0,0.107925071231
CC_FC4E9BB27B99,0,0.151191799235
CC_FC50E903A147,0,0.0270965527941
CC_FC59345896AD,1,0.140308924633
CC_FC6280D994E4,1,0.410208479024
CC_FC6376BA9862,0,0.152299393902
CC_FC6684489A93,0,0.190133871721
CC_FC668A8E7C63,0,0.14232619525
CC_FC66EE00EFA8,1,0.172954349059
CC_FC6ABDE10A14,0,0.0659705747656
CC_FC6C09B1A5FB,1,0.634220778155
CC_FC6F25D4C8F9,0,0.0787753476119
CC_FC73989A90E4,0,0.137840260144
CC_FC7433064A38,1,0.750864941125
CC_FC777BBF3C67,0,0.0592370067093
CC_FC77E5C21D41,0,0.158387254376
CC_FC7AD9973C8A,1,0.530333289391
CC_FC7C096A1B4A,0,0.0668096235963
CC_FC7DB9E15294,0,0.189111812324
CC_FC7EE61E667D,0,0.191708699052
CC_FC7FEBEFB6F0,0,0.158945069247
CC_FC820930CE65,0,0.279005576999
CC_FC89BEAC50A2,0,0.109920107508
CC_FC8C22ADC4E9,0,0.0880778074205
CC_FC9051A91FE1,0,0.602138397177
CC_FC91ED54111E,0,0.148994448975
CC_FC96C9C83529,0,0.076068111305
CC_FC9CF64D3C48,1,0.673221177375
CC_FC9D707E5E06,0,0.348819295556
CC_FC9DBED7399E,0,0.115496906028
CC_FCA15CD66FA6,0,0.23706700608
CC_FCA237218C78,0,0.0719831161617
CC_FCA563CC43EA,0,0.110491105516
CC_FCA6A25F9562,0,0.208252656894
CC_FCA8CBFD4679,0,0.243150749064
CC_FCABDF97E39B,0,0.0889366473854
CC_FCB06D4308F3,0,0.591791422274
CC_FCB20F898E30,0,0.210148956968
CC_FCB421CC36BE,0,0.0861153900769
CC_FCB48722CDDD,1,0.460943013968
CC_FCB4F6F68886,0,0.167921844169
CC_FCB5A45751AB,0,0.17755788513
CC_FCB90932E975,1,0.110277394963
CC_FCBD8F9A67B1,0,0.144698945917
CC_FCBF4B7E45BF,0,0.466351144804
CC_FCC2ADA78D96,0,0.267092309182
CC_FCC2FABE1132,0,0.477457871161
CC_FCC3581F19F7,0,0.116056525338
CC_FCC52A7A33A1,0,0.327105135972
CC_FCC66F3677BD,1,0.212952025001
CC_FCC79B12F6CB,0,0.278435881686
CC_FCCA7F428843,1,0.159849682429
CC_FCCAD468CC94,0,0.154015993295
CC_FCCD58499A84,1,0.125233647106
CC_FCCDF77A51CF,1,0.674612532466
CC_FCCF62CD329E,0,0.124729008669
CC_FCD00354AC90,0,0.204934900274
CC_FCD270A077E0,1,0.146228419302
CC_FCDB643C8412,0,0.227758209922
CC_FCE3B7E2700F,0,0.280456887153
CC_FCEB1F282329,0,0.124152034328
CC_FCECEAEBC7E6,0,0.0961131485043
CC_FCEDF8CA3F34,0,0.140542827386
CC_FCEEFA4E9107,0,0.0763557598379
CC_FCF2097ED70A,0,0.118396999704
CC_FCF475A9F4B2,0,0.116228968456
CC_FCF8C294CED6,1,0.216244287122
CC_FCFA3BAA3A5F,0,0.179115521135
CC_FCFB8F061E69,0,0.141212949935
CC_FCFCB5FCBB26,1,0.812022744069
CC_FCFFBA3DBC42,0,0.16806058288
CC_FD052271E63F,0,0.148914425001
CC_FD07037D6B43,1,0.694121258512
CC_FD0944F5D569,0,0.164348027205
CC_FD0CED6E0D90,0,0.116180113336
CC_FD10A3F4F07A,1,0.144752850536
CC_FD1351732F6A,0,0.154276837699
CC_FD15C7E1F8F5,1,0.625537389557
CC_FD1E85070E67,0,0.196481035456
CC_FD1FEDC12613,0,0.101179356217
CC_FD22E8723F8D,0,0.0886233409444
CC_FD255388A731,0,0.150560493071
CC_FD25D0E745ED,0,0.0941143060741
CC_FD26E15632A6,0,0.299550977168
CC_FD2953E0800D,0,0.676099432058
CC_FD2DF2B1C4DA,1,0.245887011731
CC_FD2EDA0D07AE,0,0.110081468634
CC_FD314480FC65,0,0.098384788084
CC_FD333898E65F,0,0.144961202434
CC_FD3433A63AA9,0,0.7389088932
CC_FD367090DCFA,0,0.118372028438
CC_FD389C6160B1,0,0.205728322447
CC_FD3C67FA6DD3,0,0.160260863562
CC_FD3E49CE80AE,0,0.21073561566
CC_FD3EB6479C98,0,0.518385837803
CC_FD3F88FD45B5,0,0.090414795837
CC_FD41899B422F,1,0.1996875276
CC_FD4221D29B6A,0,0.0806776880797
CC_FD42C93D7BD6,0,0.225927076497
CC_FD447545F7DC,0,0.120426593008
CC_FD4744AA678A,1,0.574126193929
CC_FD488D725DC7,1,0.216496748022
CC_FD4C5AE1D3C9,0,0.112977964777
CC_FD4F46863AB7,0,0.186149195456
CC_FD4FA1258EC8,0,0.51002846963
CC_FD50227B9E30,1,0.174212518944
CC_FD555226A615,1,0.634221044035
CC_FD573BB6367A,0,0.0807254279986
CC_FD578201EF2D,1,0.483657186055
CC_FD5B9032F05F,1,0.207782339636
CC_FD62CF38F293,0,0.353532678869
CC_FD664D9AE9E9,1,0.676893129042
CC_FD6A2B1F34AD,1,0.211937371882
CC_FD6ABAE503DB,0,0.156116092208
CC_FD6C81931AC7,0,0.145677939289
CC_FD6C9411DB86,1,0.91603759894
CC_FD6DF051C31F,1,0.342173182575
CC_FD700598C0BA,0,0.0834813818886
CC_FD70807BF3B1,0,0.17188675806
CC_FD73B1A026A8,0,0.0628182170224
CC_FD73B3D56C90,0,0.235248972392
CC_FD787BC61337,1,0.163882452282
CC_FD7FA5DC8FEB,0,0.170156788481
CC_FD80FDAE6FEE,0,0.113664396562
CC_FD89E90A10E0,0,0.065342710362
CC_FD8A41496761,0,0.0759051538179
CC_FD8CAF885592,1,0.120064385715
CC_FD8F3235BFB5,1,0.696481040991
CC_FD9733AE63A8,0,0.0874046305791
CC_FD9B377690CF,0,0.144820994333
CC_FD9CFB4A8AF0,0,0.187126671438
CC_FD9D8E50F4E0,1,0.445708994307
CC_FDA799AB70DF,0,0.116104120056
CC_FDABFE851341,1,0.152195871163
CC_FDACB44907DA,1,0.448638932675
CC_FDAEC308C5DC,0,0.0968180058221
CC_FDAECB26BFB2,0,0.155872397473
CC_FDB395EE6DDD,0,0.146378899002
CC_FDB6749ADE63,0,0.0778426815645
CC_FDB70BC44CEC,1,0.0698010955097
CC_FDB9F46C2221,1,0.511696255832
CC_FDBE036E098B,0,0.0928669218629
CC_FDBEC8420B89,0,0.166496038093
CC_FDC08309ABE9,0,0.0544073910237
CC_FDC148354EFE,0,0.146028390683
CC_FDCB22C70617,0,0.118583593938
CC_FDD360CDF95D,0,0.0968330560544
CC_FDD79A02E28A,0,0.0979372238325
CC_FDD9E7F09DDA,0,0.0686729753219
CC_FDDA01595ED3,0,0.295155026492
CC_FDDD647C1FE0,0,0.0892121946923
CC_FDDDDE5455F5,0,0.140162414935
CC_FDE021028BD8,0,0.125374250212
CC_FDE0CD146390,1,0.347263867296
CC_FDE210A9BCA3,1,0.0799719459255
CC_FDE72FE6B86E,0,0.0884585812138
CC_FDE7A72A2145,0,0.0918039041025
CC_FDE8632A40FB,0,0.0795629164089
CC_FDE9455E8C0D,0,0.0862406120168
CC_FDF06DC5BF43,1,0.265243504908
CC_FDF0991E8912,0,0.175933359771
CC_FDF61BAA26D8,0,0.0837878425322
CC_FE0031793C30,0,0.253093875735
CC_FE01D7D9B6A9,0,0.0458166674088
CC_FE03B1388596,0,0.267316290607
CC_FE0A48B90483,0,0.131327971289
CC_FE0AC3EF98FD,0,0.237151754261
CC_FE0FD6832676,1,0.825053254842
CC_FE13764F9C26,0,0.107913340001
CC_FE163739876A,1,0.137956265089
CC_FE17DED3CD52,0,0.071156988566
CC_FE189C55F164,0,0.108657478882
CC_FE21452482C7,0,0.142943303471
CC_FE2576431359,0,0.165992982855
CC_FE27A4EB7D11,0,0.0692164256434
CC_FE2866842D4F,0,0.143023444807
CC_FE2B71599C1F,0,0.182679360873
CC_FE2C96DC5FBB,0,0.0619786868003
CC_FE3193FEA26F,0,0.356532345174
CC_FE33AF742504,0,0.255256675073
CC_FE38B1F98C4F,0,0.103088595301
CC_FE3976ED66C0,1,0.191375948473
CC_FE39BEED5CF5,0,0.220765859968
CC_FE3FC8EF4983,0,0.0860154661833
CC_FE451BCDFFC5,0,0.257740868503
CC_FE4B9B199585,1,0.143050974329
CC_FE4E4870DC6E,0,0.139738604106
CC_FE4FD4C1C0D9,0,0.10913628971
CC_FE50315A49C0,0,0.226970063087
CC_FE5131C779F3,0,0.215439150647
CC_FE54C4D0384F,1,0.495093003072
CC_FE588B9B667A,0,0.114469092167
CC_FE5ACD44EECD,0,0.0798839876039
CC_FE5BC4C2D1DA,1,0.751905898753
CC_FE67B66297CF,0,0.290449673477
CC_FE67C7923DA4,0,0.254343738478
CC_FE6903C2A5E3,0,0.0819377509273
CC_FE696D6B31CC,0,0.599548904704
CC_FE6CB6B76AD9,1,0.910458084862
CC_FE70BAE67758,0,0.235110075402
CC_FE74C5922E5F,1,0.408102788595
CC_FE762EE309BF,0,0.122835699683
CC_FE76CD1DEC07,0,0.100896301685
CC_FE78805B03F0,0,0.0637585106345
CC_FE79682CF8C2,0,0.0958163145057
CC_FE7CBC4BD347,0,0.0223270242047
CC_FE7D9465B93A,0,0.801575152915
CC_FE7FA5E131B9,0,0.100387231917
CC_FE80A787FDFD,0,0.0971656981036
CC_FE8701C45028,0,0.172469260024
CC_FE8A8B337323,0,0.434781129161
CC_FE8B07108311,0,0.129951595343
CC_FE8FBB84F5A8,1,0.662611125347
CC_FE8FE83C14DB,0,0.0990942605856
CC_FE9019A1C801,0,0.0921164027509
CC_FE9030F236D2,0,0.126181548995
CC_FE9D6FB53C99,0,0.151527209467
CC_FE9DCBDE53CE,0,0.303548595511
CC_FEA05A98AF8C,0,0.135578119302
CC_FEA383106B2D,0,0.084865011507
CC_FEA564B04019,0,0.102338906422
CC_FEA6EF74C0BC,0,0.130372268374
CC_FEAF73BEF7D6,1,0.690601187216
CC_FEB521C3683A,0,0.0751302354488
CC_FEB52BC018DE,0,0.118718465651
CC_FEB5C85BEB6C,0,0.259004404896
CC_FEB67C0CA768,0,0.231549381492
CC_FEBA3B927C6A,0,0.137662560807
CC_FEC0AE6192D4,1,0.190044793156
CC_FEC1336C8A25,0,0.325887468316
CC_FEC606B5067F,0,0.172250023573
CC_FEC8B7D5C49F,0,0.130692843411
CC_FEC998CF52A2,0,0.280791393893
CC_FECAAC6AB098,0,0.0471417177577
CC_FECB777603DE,0,0.517812561607
CC_FECD2C9F42CD,0,0.12730689908
CC_FED102A5E84E,0,0.206450491129
CC_FED1E15E0E22,0,0.151502996622
CC_FED3E1400D0F,0,0.147240452144
CC_FED43B17264A,0,0.0823522159692
CC_FED4C4709108,0,0.252611566343
CC_FED53ADD8D32,0,0.101780221551
CC_FED57598FACF,0,0.169813210406
CC_FED881B4A673,0,0.119664832409
CC_FEE426752E74,1,0.04562785327
CC_FEE6325F6282,1,0.601325638272
CC_FEEE13772173,0,0.245651003636
CC_FEF23FE521CA,1,0.18673450398
CC_FEF321584842,0,0.0848406142263
CC_FEF4D5B60906,0,0.0936887825004
CC_FEF91802528D,1,0.524380485947
CC_FEF9C7E26B47,0,0.221993947868
CC_FEFA23955604,0,0.0726294030946
CC_FEFC6DDCD3D9,0,0.0893006416958
CC_FEFD242E03A8,0,0.793466728289
CC_FEFF05A05F52,0,0.122563735758
CC_FF0256787EB1,0,0.151396722661
CC_FF0758579608,0,0.0783870132235
CC_FF09DF998DB2,1,0.108757200575
CC_FF121B54F8C7,0,0.122316130543
CC_FF12AB681D84,0,0.108204446274
CC_FF131ADE507A,1,0.269085383075
CC_FF19D3446CF6,0,0.072687927353
CC_FF1F8C563939,0,0.280440007545
CC_FF1FFCCE10C7,0,0.0483864510861
CC_FF21216E235A,0,0.11000899154
CC_FF264C4065B6,0,0.131697969021
CC_FF26577EE6F6,0,0.178187411128
CC_FF2885B0F9F5,0,0.104274304358
CC_FF29B2D1F5AD,1,0.800686230429
CC_FF301B2E333F,0,0.131467469214
CC_FF324A4B5CB4,0,0.167312929655
CC_FF3570405583,0,0.279096891938
CC_FF3958C83A71,0,0.129594600712
CC_FF3B0CE20CD3,0,0.155165632803
CC_FF3B794B72F8,0,0.117490161769
CC_FF40AFA25015,0,0.11730225448
CC_FF41DA6895BC,0,0.119148267377
CC_FF4791D6E996,0,0.0894091981756
CC_FF49460A1003,1,0.13991954535
CC_FF538598CBAA,0,0.596664714416
CC_FF5C2E378773,0,0.0796441714412
CC_FF5D42F25E2F,0,0.089386798239
CC_FF5DDBAF1153,0,0.0897515089279
CC_FF6185862D21,0,0.118279116857
CC_FF6841C9BF75,0,0.248583762696
CC_FF6BC4641A91,1,0.403104359427
CC_FF6BF221A592,0,0.130198879155
CC_FF70EA06E63E,1,0.113926197486
CC_FF7159CCD4DE,1,0.241032208583
CC_FF738455EF88,1,0.725383980667
CC_FF740C18FD33,1,0.526905827022
CC_FF75B8C60B63,0,0.166078867258
CC_FF77ABCB5316,0,0.15661569932
CC_FF785F248CAB,1,0.149667746644
CC_FF7A6A55F388,0,0.0764290645744
CC_FF7BEAD19BA9,0,0.0962870580223
CC_FF7F54CCD531,0,0.836091360344
CC_FF81939E2D65,0,0.0938502155179
CC_FF84186FF5BF,0,0.123413575917
CC_FF84D6615A66,0,0.0826765391804
CC_FF8AD504A83C,0,0.222574021121
CC_FF8B865BEA86,0,0.120081838018
CC_FF906284EACF,0,0.0705948137551
CC_FF96DBBA87D8,0,0.138955849977
CC_FF990A1A74F5,0,0.126204377639
CC_FF99581F1B44,0,0.0957438934735
CC_FFA5351823C8,0,0.120099775239
CC_FFA60EC3D829,0,0.0850921075898
CC_FFA79FA2C307,0,0.190570565227
CC_FFAA76724832,0,0.383263411981
CC_FFAD9433FA89,0,0.110082541899
CC_FFB78CBDD6F6,0,0.103774494796
CC_FFB87FE0348E,0,0.0904217465094
CC_FFBB42AD6035,1,0.64948323872
CC_FFBE93F5EC14,1,0.774062722569
CC_FFC10C050180,0,0.089701490544
CC_FFC20FCBBC82,0,0.111599656026
CC_FFC53991A2F8,0,0.262293434737
CC_FFC8543EDC13,1,0.561362697568
CC_FFCD95C3DDE1,0,0.132194678804
CC_FFCEB3BF3EC9,0,0.106860466744
CC_FFD453AE3223,0,0.39932595585
CC_FFDA941BE8FD,0,0.124365326391
CC_FFDDFEEC47D3,0,0.232857977785
CC_FFDF192A22C6,0,0.148097628091
CC_FFDF7ED6D2A5,0,0.102230829886
CC_FFE60BCEF78E,0,0.117983690977
CC_FFE98EDF9FF0,0,0.225730832645
CC_FFED2878DDA7,0,0.150948749778
CC_FFED9CDFB0DB,1,0.112721726134
CC_FFF1E17CA6A7,1,0.514015245393
CC_FFF3AD146FAE,1,0.54723330239
CC_FFF7C7B2FB04,0,0.131841332294
CC_FFF7FD14A18A,0,0.217949120412
CC_FFF97318AFBF,0,0.160904564341
CC_FFFB28EA5580,0,0.113263868597
CC_FFFD3A829DD0,0,0.290208941271
CC_FFFEDC33E37A,0,0.0954587361578
