client_id,fold
CC_0000F52C3717,0
CC_0008C4E44BB9,4
CC_000B4B1BEDF6,4
CC_000D492CE7AD,0
CC_000DCFA992C4,0
CC_001122E39690,1
CC_00117B7E053B,3
CC_00135124F0C3,2
CC_0016CFCF14C4,4
CC_001740B14C72,1
CC_001938053246,3
CC_0019E3DC239C,0
CC_001C3594F76E,3
CC_001CE8624267,1
CC_001F84E88060,0
CC_00205A472499,0
CC_00293A354886,0
CC_002B838F0462,1
CC_002C0A6A79A3,2
CC_002D38C9B16D,4
CC_002EC26F87BF,1
CC_002FBC1547AE,1
CC_00308EC6F3D4,2
CC_00324544DD9F,2
CC_003C4B7BE7F8,1
CC_004006D91D8D,3
CC_0041A03EFFB6,2
CC_00428A82437E,3
CC_0045073BC11F,0
CC_00467B1D8D89,0
CC_004713654049,3
CC_00471F46B9F4,0
CC_004B878F25C2,0
CC_004BB26042C5,2
CC_004D8E72230C,0
CC_004DB3A3C70B,0
CC_004FD1D5A61B,4
CC_004FE57C56C8,1
CC_005704951586,0
CC_00643E369290,1
CC_0066D98BB9EF,4
CC_00690BCC3766,3
CC_006D26E11173,3
CC_006F0424BA0C,2
CC_0072F2F08542,2
CC_00751D910DFF,4
CC_00755CE7B990,3
CC_007590841E7C,0
CC_007B612BB240,3
CC_007EC791ED3A,3
CC_00876B84BC7E,3
CC_0088A324D676,4
CC_008B5E945701,0
CC_008D56B4B41A,2
CC_00951B5D39A6,3
CC_0099AC551369,0
CC_009A2F903E8F,2
CC_009F373F58EE,3
CC_00A1B6A0BFE5,4
CC_00A651F1CA9E,2
CC_00A6C7E23295,2
CC_00AA4D8EAFFF,3
CC_00AD510EB5AB,0
CC_00B149CC3832,0
CC_00B24C240296,4
CC_00B2A863966B,0
CC_00B6D231C4E0,4
CC_00BA0D9C9769,4
CC_00BA4B9A3ED4,2
CC_00BD978274C9,1
CC_00BDFB856C9E,1
CC_00BECFD0FF29,2
CC_00BFC5461053,1
CC_00C4D8C18438,2
CC_00CA157239FF,3
CC_00CA34BC997D,4
CC_00CEA7AD7F1A,4
CC_00D5C2A06551,1
CC_00D6CDAC726A,0
CC_00D856A03DBF,1
CC_00D9F83C9E93,4
CC_00DFC64809D6,2
CC_00E0387FBC9E,1
CC_00E1D1D2993D,3
CC_00E6521C30BB,4
CC_00E69205F24E,3
CC_00E89DF054F4,3
CC_00E9CC8D9EEF,4
CC_00EA46DE25DD,3
CC_00EE0EEB58D5,0
CC_00F9F67E6F05,1
CC_00FA46F7366C,2
CC_00FB89799652,2
CC_00FFE2036AB1,4
CC_00FFE77863DF,1
CC_0102323406AC,0
CC_0102B5DA5A15,3
CC_010B09136D06,0
CC_010CDC88F5F5,3
CC_010D45E8285C,3
CC_0113BEA391CB,4
CC_01188B92EA48,4
CC_011BF4A47C7C,2
CC_011C317218A8,4
CC_011D9EA99494,0
CC_011F2346F3A2,0
CC_011F409B64EA,0
CC_012038AA52E3,1
CC_01240BC10405,4
CC_0124E7389107,4
CC_0128A7811A95,3
CC_012A37359DB7,4
CC_012C42D7E854,1
CC_012E7A7878E5,4
CC_012ED63A7E6C,0
CC_01349EB3649A,0
CC_013536D5B9AF,4
CC_0136641C69EB,4
CC_01384D5CFF72,3
CC_0138BB7BD8A3,1
CC_01399364C26C,2
CC_013AB3EC63DC,4
CC_014366E64DCA,4
CC_014A63C90F62,1
CC_014BF9E304F3,2
CC_014C89539CCB,1
CC_014CF6A70FBF,0
CC_014E1324EE80,3
CC_01509F2183B8,0
CC_01554CCC0460,1
CC_015B291B0487,0
CC_015B8DE78DB8,4
CC_0161B5B24B5F,4
CC_01653DC77271,1
CC_01667940AC27,3
CC_016B51878C16,0
CC_016C33BE1E7B,0
CC_016EFF422602,3
CC_016FEE812B9C,0
CC_01712CAA42A3,0
CC_0174CAC73142,3
CC_0177D857E633,3
CC_017BA5C2C520,0
CC_017DCE877A26,2
CC_018248BA2DAA,4
CC_0182FB5AA05F,4
CC_01882463E3CD,0
CC_018CEE8FE58D,4
CC_018E749907B7,1
CC_018FB501A605,4
CC_01908B0AA50C,2
CC_0193729A77D2,4
CC_01960FDF3E7F,0
CC_019611B783AB,3
CC_019912E3B581,0
CC_019EF3051B45,3
CC_019FDD770163,4
CC_01A164F25668,3
CC_01A5CBDF8101,2
CC_01A9DD94B3E3,2
CC_01AA79D4600A,2
CC_01ACFC758043,4
CC_01B0D8601911,4
CC_01B76192CFFA,0
CC_01B852C90D56,4
CC_01BEF0C26362,2
CC_01C3FF12EB8D,0
CC_01C6D9F0DB8E,3
CC_01C7A2731579,1
CC_01C8FC78044C,1
CC_01C98663A16F,4
CC_01CAF0E84BBF,3
CC_01CBA617AF23,1
CC_01CF95E913FC,4
CC_01D06CCF898A,0
CC_01D2B07730D0,2
CC_01D3556F1812,1
CC_01D4CBCDC120,1
CC_01D55EDD2BE6,0
CC_01D586B7E7A4,2
CC_01D5A1099D98,0
CC_01D8177D33B9,1
CC_01D8D0BB7961,4
CC_01DD43C01B80,4
CC_01DFA1DF53F6,4
CC_01E062ACC88B,4
CC_01E2B7ED6107,0
CC_01E70E8718A9,4
CC_01E7623CBD0F,4
CC_01EAF8DA6227,1
CC_01F2091FC586,0
CC_01F37D908978,4
CC_01FA4C26ABEC,2
CC_01FAB37C1CFB,0
CC_01FD4C56F0C2,3
CC_02015659F881,4
CC_02074A9ADB7A,4
CC_0207CA3C1DD9,3
CC_020A0EB137E0,2
CC_020C1AADAC9A,1
CC_020FC7ADC447,2
CC_020FFE185ACD,0
CC_02107589C479,3
CC_0211D89A1ACF,2
CC_021A8812B28E,0
CC_021FD690E352,3
CC_0220CC31D601,4
CC_0222F7DAFE81,0
CC_022320678E24,4
CC_022F2E7052FD,4
CC_02302E76108A,0
CC_023033C8850F,2
CC_0230E02D8543,4
CC_0230E22AF075,3
CC_02319698C018,2
CC_023532456F37,4
CC_0235BF3F4979,4
CC_02368E68A086,1
CC_023D65182EB2,0
CC_023F59E9986C,0
CC_0245F766E4AC,4
CC_0246B12B0445,3
CC_02474EEA5276,1
CC_02496C1D5547,1
CC_024993F15158,1
CC_024AA098CF34,2
CC_024AEE6FC78A,1
CC_024BCEFEB3B1,0
CC_024CB835F9F4,1
CC_02514C6C01C8,1
CC_02562009215E,1
CC_02587B1B7CE8,0
CC_025887FD1578,0
CC_025936DB6339,2
CC_0259F3A8C95E,1
CC_025A293D644C,0
CC_025B4242FDB8,3
CC_026066EEC1F2,1
CC_0262E6B2B495,3
CC_0262EA7FA26D,4
CC_02659F97FEFC,2
CC_02681B7C89D0,2
CC_0271C116181B,4
CC_027451E393E9,3
CC_0275AB744D32,3
CC_02768260ECE7,4
CC_0276D670D446,2
CC_027AE97B5FEC,2
CC_027BF65FD10E,2
CC_027C4B09BB5B,1
CC_0280AE6B7C38,4
CC_028114715BA7,2
CC_0281B228E890,3
CC_0286D2BEC77E,1
CC_0287EE5CC52C,2
CC_02881D519DF2,2
CC_02894540BAC1,1
CC_029180FB750A,1
CC_0292365EC65B,2
CC_02947671FD03,0
CC_0296AF94C10B,2
CC_0296C24B02D4,2
CC_0299342384D6,1
CC_029CE5404DAA,2
CC_02A3228A7385,0
CC_02A5FA7451E6,3
CC_02A83D2F80D4,3
CC_02AA8B22BDA7,4
CC_02AA9816DDB8,0
CC_02AD5064A3B8,1
CC_02AD7B165DE6,4
CC_02AEA61C112D,4
CC_02AEC45429A6,1
CC_02AF0737E6C2,0
CC_02B2580C09A0,4
CC_02B4DC166F1A,2
CC_02B715323970,2
CC_02B7D04CEC8D,3
CC_02BA95283E62,3
CC_02C246720CDF,2
CC_02C77F19808E,4
CC_02C797F0DBF1,4
CC_02C8B73713B5,2
CC_02CEA459F869,2
CC_02D1D4910688,3
CC_02D3AADCBEDB,4
CC_02D3C3105294,2
CC_02D6BF52CE73,3
CC_02DA4A841D8D,2
CC_02DB0674882C,0
CC_02DC56B0F1FF,3
CC_02DE5AF26FC3,4
CC_02E031636EA7,2
CC_02E10C2E326D,3
CC_02E16348D168,1
CC_02E19D1815C5,2
CC_02E3FC4D96BE,0
CC_02E430E9A0A6,3
CC_02E727F44272,3
CC_02EB27BA7EAF,1
CC_02EE7191F8A4,1
CC_02EF6EC394BA,3
CC_02F01C560625,0
CC_02F30271E181,0
CC_02F53D236C9E,1
CC_02F9190FC89B,4
CC_02FABE323494,0
CC_02FCACC905E9,1
CC_0309C207972A,2
CC_030AD899DD76,4
CC_030D66374B55,1
CC_030FE886131E,1
CC_03151B53E6C6,1
CC_031970F39493,1
CC_0320752EA53A,3
CC_0321DDF445E0,0
CC_03293D1B04FB,0
CC_03294B02C6E9,2
CC_032C779665AB,2
CC_032E5EE8677F,3
CC_033241817650,3
CC_0337B4E71D3F,2
CC_0338A96A192A,3
CC_033BD5351D7A,0
CC_034646F5D544,2
CC_0346B15D9469,2
CC_034A339BCCEC,0
CC_034B468EBB60,1
CC_034DD9A722C5,4
CC_034F4EFA8BFE,3
CC_03504F5AB86F,0
CC_0354B18976C9,0
CC_03562F93D8E3,3
CC_035671ED0A7B,1
CC_0358C2C1A932,0
CC_035D3588EC56,1
CC_035DA41191B3,0
CC_036016D7257B,2
CC_036166CC06C4,3
CC_0364EA926244,4
CC_0366D5696D16,1
CC_03676027229F,2
CC_036880C0DE52,0
CC_036A6CE616AD,2
CC_036EA4EE572C,0
CC_03710E581CCE,1
CC_0374D1351569,3
CC_0374F561CAE3,0
CC_037761AB3613,4
CC_03790BE11F72,2
CC_037B81675DBB,4
CC_037FB1C3E15D,3
CC_0380267FF063,3
CC_03882C58148D,4
CC_03882E114DB2,3
CC_03896CB41533,1
CC_038CB2FD4A18,3
CC_038EF6F3E5FE,0
CC_038FE7401997,2
CC_039378B910CE,3
CC_03961B833006,4
CC_03978E24C066,3
CC_039942F61C28,1
CC_0399C4A0B150,2
CC_039B3016F577,2
CC_03AB22276C2A,2
CC_03AC64A666E2,2
CC_03AFF955A990,4
CC_03B284A89001,2
CC_03B2F7DA9AA7,1
CC_03B328C95751,2
CC_03B50F841852,1
CC_03B56F1BF915,3
CC_03B8554898B1,2
CC_03BBD8F8A5D4,1
CC_03BE1A7B8392,1
CC_03C0B7E9D7C0,1
CC_03C6774914E6,4
CC_03C7571BABA7,2
CC_03CA87B19F7D,3
CC_03D0D1654B4F,3
CC_03D1E89D6CBF,4
CC_03D578C8C89A,2
CC_03DB0515A3F6,1
CC_03E2A455C91A,4
CC_03E32554800E,0
CC_03E5AD480F5C,2
CC_03E5C0623FC5,2
CC_03E5DEC65955,4
CC_03EA9AE48F7A,4
CC_03EACC64CE8B,2
CC_03ED2E16E739,1
CC_03ED721FECF9,3
CC_03EE6E5F00C1,3
CC_03F08C8460A7,4
CC_03F6A7EB53E4,0
CC_03F6E05D3907,3
CC_03F8DF7D32E9,1
CC_03FE107EAA61,4
CC_03FF986D2502,1
CC_040AB80DFBA1,2
CC_040D8ED6A285,1
CC_040D94E922FA,3
CC_040E3EEEA715,4
CC_0413EA4AEBB2,1
CC_041CF9707B3D,4
CC_0420CC5C8E4D,0
CC_0421CB469047,1
CC_04256E790E70,2
CC_0426A6F18A53,2
CC_04299225FBB7,1
CC_042A511FA68A,2
CC_042A596887CF,4
CC_042C04580C48,4
CC_042F45FBFAF1,0
CC_0434F6EEB715,0
CC_0438D6C8561F,1
CC_04390616DCEE,2
CC_0439716FD39F,4
CC_043DCB8C2376,0
CC_0442A4083E8A,2
CC_0447B5363EAD,2
CC_044819458563,0
CC_044C57511463,3
CC_044C7084A2B5,3
CC_0450CCC2C9BE,3
CC_0456E3578B0B,1
CC_045B2B5E5D0B,0
CC_045BA693F15F,1
CC_045C6B5771A5,0
CC_045D5AF9A56E,2
CC_04665AE5479A,0
CC_046D6D637F50,4
CC_046F8F942394,2
CC_0470EB7E3A12,3
CC_0473990151D2,1
CC_04746BDB3FD5,3
CC_0475D3D630A5,1
CC_04768E606734,4
CC_0477492CF518,3
CC_0477F5FDEABD,3
CC_047968EDD2C9,2
CC_047B2A826B14,3
CC_047FF722131C,4
CC_048166C48C88,2
CC_04838AAF6AC1,2
CC_0484835DD87F,1
CC_04848E1A43F7,0
CC_0486184A941B,4
CC_048B97EDE590,1
CC_048D165717F6,0
CC_0490048405E8,2
CC_04902E519DA6,4
CC_04930626BD15,3
CC_049565896B8C,4
CC_0499B72E7537,4
CC_049A02218452,4
CC_049ED1018745,1
CC_04A07E9E009E,2
CC_04A0B1015786,4
CC_04A32ED149BE,0
CC_04A391F3061E,2
CC_04A55FE0E282,1
CC_04B1297AB948,2
CC_04B17630AFE9,0
CC_04B44C0F4658,1
CC_04B4DF4DEF9B,4
CC_04B536D8902C,1
CC_04B5D21FD3E0,2
CC_04B872D00305,4
CC_04B92BE25F12,3
CC_04BE90616D5F,1
CC_04C0024EBCD7,2
CC_04C41D086D60,0
CC_04C798BE8C08,0
CC_04C94749E891,3
CC_04C99B10486E,2
CC_04CA7620EAED,4
CC_04D59F9FB0F8,1
CC_04D7B1C6DA60,4
CC_04D9EC4A25B2,3
CC_04E2390EE5C0,0
CC_04E2EBA35B5F,1
CC_04E77CA6B2BD,3
CC_04EA81365EC5,2
CC_04EFBBFA491C,4
CC_04F47438D1D8,4
CC_04F81D31B942,0
CC_04F8F9B8BA22,2
CC_04FDA6443A72,0
CC_04FE89FB567D,2
CC_05031263B8A2,4
CC_050465C58A50,0
CC_05088407C45A,1
CC_050903E7B725,3
CC_05099A9E9AB7,4
CC_0509DE377FF5,3
CC_050A9DFE5D86,1
CC_050B315AC07E,3
CC_050C8316C37C,3
CC_051318F1CC73,1
CC_0513A8283954,2
CC_051AE1FB117C,4
CC_051EFDF57C79,2
CC_051F1D61CFC5,4
CC_0520C32FFFBC,3
CC_05212FFD2EDB,3
CC_0523AF460A86,4
CC_052672AEC348,3
CC_0526F2E117F6,0
CC_052DF74932CA,2
CC_05367A9957C1,1
CC_05401DB637BD,0
CC_0543BECF2708,2
CC_0546E45AA535,1
CC_054979662E63,0
CC_0549CE20DF16,1
CC_054C7A474B42,0
CC_0550FC4A2855,3
CC_0552321475B4,3
CC_0555AC7E72B8,0
CC_0561D728431F,1
CC_05638553846E,1
CC_056534FE3AA5,1
CC_056A2167CC08,1
CC_056B64B129D8,3
CC_056D2D00B0F1,3
CC_056DF0808F42,2
CC_056E80C4319D,0
CC_0572C5C1B693,3
CC_05737ABF7471,4
CC_0574C5CA86C3,3
CC_0581592873D3,1
CC_058171DA1DCE,3
CC_05817D171247,3
CC_058365FF9381,4
CC_058663D63B28,2
CC_05875F50C2BB,4
CC_0587E8481B1E,4
CC_0587FB441177,1
CC_05895C36458F,0
CC_058CAD85BE76,4
CC_058FCBC9A7A5,2
CC_058FE3DBE19C,3
CC_0591C209D44D,1
CC_059423BA685C,3
CC_0597ED80E01C,2
CC_05990770D80E,0
CC_059DE359C4E9,0
CC_05A0FEAEB80D,1
CC_05A25FC0EF10,0
CC_05A41EC7FC1A,2
CC_05A499DEF7C2,2
CC_05AE049AF9F8,3
CC_05AF552D4D7E,4
CC_05B187D40B63,0
CC_05B333C0DF33,3
CC_05B7418E17E3,1
CC_05B82628E3FC,3
CC_05B9D662F55B,2
CC_05BA7F073AC7,4
CC_05BB5B29C712,3
CC_05BCF8DB31EB,0
CC_05BFF5F8441B,1
CC_05C0C2A30E48,0
CC_05C1A960D798,1
CC_05C40B4FD93E,0
CC_05C7BF273F44,2
CC_05CB514129BF,3
CC_05CF210DAD47,0
CC_05D1E269272A,2
CC_05D280951348,2
CC_05D2EA214E22,1
CC_05D3DF98FA6E,3
CC_05D5AA070631,1
CC_05D75D92F18D,0
CC_05D8B4F654FB,4
CC_05D93F9C9263,1
CC_05DA227E1279,1
CC_05DD18EFE70D,4
CC_05E50ECB4120,1
CC_05E5C2974C92,1
CC_05E66A6CF95F,0
CC_05E740122DA3,1
CC_05E7449D6D40,1
CC_05EAD48778B4,0
CC_05EB1A70EBA1,4
CC_05ECE028DC99,2
CC_05EDAB693883,3
CC_05F4EE3EA33F,0
CC_05FF76458CD4,3
CC_060081B57BBE,0
CC_06051E695A93,0
CC_060605FE00D6,4
CC_060801A0977D,4
CC_0608CC4E539B,1
CC_060C45819C51,0
CC_060F6C44B33D,4
CC_060F8B7BC60D,4
CC_060FD5AFB58E,1
CC_0610B20E8F48,4
CC_06124F8FD320,1
CC_061BC8E3DE42,2
CC_061D40D5762D,4
CC_0622A2C12608,4
CC_0624F662E890,4
CC_062637694AE9,2
CC_062A1582A115,1
CC_062CFA78A83E,2
CC_062D74137543,3
CC_062DE3F4E88E,3
CC_062E2E3C61B1,4
CC_063368598D75,1
CC_0634F2A2BCFB,2
CC_063AAE18B191,1
CC_063BE9A0D596,0
CC_0642F32E4269,2
CC_064C00719BB8,3
CC_064C0D35A26F,4
CC_064D2E8DB3D1,3
CC_064F7F9ED8A7,3
CC_06504D2ED9F8,1
CC_065331827C68,4
CC_0653E6DDCCA5,2
CC_0655D2EEE5AD,3
CC_06583E4D8D79,3
CC_0659066EA610,3
CC_065995CD97A8,2
CC_065BC4CCE667,0
CC_065CCC409116,3
CC_06645DBDB980,2
CC_066718F9929A,4
CC_066C346397C8,2
CC_0670B4700541,2
CC_0672E060DD15,1
CC_06742641549F,4
CC_06780E835690,3
CC_067B9953AC9F,4
CC_067BD66D2A51,0
CC_067DD53F00A3,4
CC_067FAEEB477D,3
CC_068030BC4536,3
CC_06805E9F0B8D,1
CC_0680A7682B38,0
CC_06875B891C05,4
CC_0689E4EDE638,1
CC_068B766943E8,4
CC_068D28040E79,0
CC_0690EBC2F4E7,4
CC_069303947F6C,2
CC_06933405185C,3
CC_0694EDF7CEE0,1
CC_06951CE4EB9C,2
CC_069A2AD95246,2
CC_069B459967D8,1
CC_069C4809C16E,0
CC_069EA724B3ED,3
CC_069FAD1B089D,4
CC_06A076914192,4
CC_06A624DED5C1,1
CC_06A63EB4CD74,0
CC_06A6DCA7FAE8,4
CC_06AB81AE84F0,3
CC_06AFA53183A8,3
CC_06AFD74E43A1,4
CC_06B218AC1B76,1
CC_06B37355486D,3
CC_06B467AEB70E,4
CC_06B5ED43139E,0
CC_06B9703A9FA7,4
CC_06BA285FC470,3
CC_06BD9FBABCD8,4
CC_06C2B17C7E3B,2
CC_06C3FB7D4638,4
CC_06C70A08BE8E,3
CC_06C7EC4D3773,2
CC_06C93563AF1A,4
CC_06CA576A2375,1
CC_06D3593ABBA6,1
CC_06D65497DC12,4
CC_06D7DF952757,3
CC_06D7FE638BD2,3
CC_06DD61708D94,2
CC_06DEC40D5230,0
CC_06DEE127D70C,4
CC_06E35DA935E6,1
CC_06E49AC570FC,2
CC_06E5AFAEFB84,0
CC_06E892264A96,3
CC_06F30EE293C8,1
CC_06FB1DE9628C,4
CC_06FC40387B9C,0
CC_06FD2214FD38,0
CC_070797733D90,1
CC_070AF66E8E41,0
CC_070BDC53B066,3
CC_07124FCAA715,4
CC_07136B7188F8,3
CC_0713C8DC61F6,3
CC_0715675C0BCD,4
CC_071D2F82AC4F,4
CC_071DDC9C4114,3
CC_07241C4C380D,0
CC_0725EBF44606,4
CC_0726CA04F48E,2
CC_072788E14FDD,4
CC_072D78B5A6ED,1
CC_0730FCBADCF9,2
CC_0735A4DCB321,3
CC_0736391E660A,0
CC_073869D6A04A,0
CC_073A0C6490D9,3
CC_0743946731E0,4
CC_0745B2969E99,1
CC_074B78A4E522,1
CC_074DAF275789,1
CC_07557970509C,2
CC_0756149C8398,1
CC_075995539BCF,0
CC_075A5177DEBE,3
CC_075B1E9E97BC,2
CC_075C67D0ADB9,0
CC_075D001B58C2,3
CC_075ECA104172,2
CC_07629AB675E5,3
CC_0766C7FC3685,1
CC_076914A72F09,4
CC_07699A7E41C6,4
CC_076D699A591D,2
CC_076DC55FE6DE,2
CC_076E02C6AD48,0
CC_076EF20DA422,1
CC_0770347E4CDE,1
CC_0771DE2B2A2C,2
CC_07799397D768,4
CC_077A70E9A75B,1
CC_0780472ECA74,3
CC_07851F3AD5C0,3
CC_078608CA07D1,1
CC_078634F801D7,0
CC_078936A9C116,3
CC_078A71C0F497,3
CC_078B99787D8B,1
CC_0793EFDEFF95,4
CC_07940CBA6335,3
CC_0795C109BC43,2
CC_0795EDFA425E,1
CC_0797B5645529,2
CC_079851423BB0,1
CC_079914214C2A,1
CC_07A19027A099,1
CC_07A4F476B425,4
CC_07A50D09E32C,1
CC_07A531F5CC39,4
CC_07A71AF90306,1
CC_07AE8ED46810,0
CC_07B02C3E2DB5,0
CC_07B0EB22AC24,2
CC_07B4317017FA,4
CC_07B54D98B373,2
CC_07B869ADC64E,0
CC_07B93FB41391,3
CC_07B9919D8E27,2
CC_07C075DC0ABA,0
CC_07C5C27325FA,2
CC_07CA5172C65D,2
CC_07CB6AE92D6B,4
CC_07CE5F117F48,1
CC_07CFA5A3E312,1
CC_07D0D501FDF8,3
CC_07D119041810,3
CC_07D1BFDCBF7D,1
CC_07D3F6C7F789,4
CC_07D64BEF27AD,1
CC_07D656414150,2
CC_07D8501ED076,4
CC_07D950F441B7,1
CC_07D99918A885,2
CC_07DADFC65696,4
CC_07DBCEFF9982,2
CC_07DE53607367,2
CC_07DF151C3D24,3
CC_07E1F1FC06E6,0
CC_07E2F2264F9D,4
CC_07E7378E2646,0
CC_07ECE0592DCB,4
CC_07F5FD390B1F,3
CC_07F7A389BF4E,0
CC_07FC4A2BC77E,4
CC_07FF8EC340B3,3
CC_0801B8AF7A9F,3
CC_0807ADD15F26,2
CC_0808F7C18855,4
CC_080CB10D0364,2
CC_080E1771D02E,2
CC_080E72C99130,1
CC_0810E47BEA85,4
CC_08115A4B058E,1
CC_081227D00C52,0
CC_08139F6C460F,4
CC_0816FF71311B,2
CC_0817F163FB1E,2
CC_08195EF1CA52,3
CC_081AA2242344,2
CC_081CBCE9700D,3
CC_082176D67132,3
CC_08231EE44891,3
CC_0823279D3077,0
CC_08247C7CDEA0,2
CC_08249B820A7A,3
CC_08288E34F2F5,2
CC_082E87A9B4B1,2
CC_082FB2720EB3,3
CC_083222B8F316,0
CC_0839A33FCE00,0
CC_083C33E9151D,4
CC_083CD0E2A167,3
CC_08403797E6EA,0
CC_0841402F9A24,4
CC_0842B2FDB642,3
CC_0842DC3DC72D,1
CC_08440259404C,4
CC_0846BD9FAA1C,0
CC_084876B3442B,0
CC_0849837A872A,0
CC_084A0FEE0AAB,0
CC_084BC55A842A,2
CC_084D9EE11B76,4
CC_084DB161F983,2
CC_084F916FC768,2
CC_084FB95CAB85,2
CC_085139B7D54C,1
CC_0855D0C0F7B5,0
CC_085642D91EE7,2
CC_085D6D5266B8,2
CC_085D78F164A0,0
CC_085E969E0928,0
CC_085F11C66A32,2
CC_08619FD59387,3
CC_0861B60C249C,0
CC_0868E58C74C1,2
CC_086B2BE5D351,4
CC_086BA27778F8,1
CC_086DB83BDC55,4
CC_08750D4FEC33,1
CC_087672402147,0
CC_0876AEE19F94,2
CC_0878F28E8417,4
CC_087A86ED6C6A,3
CC_087B451DE42F,0
CC_087C783CEAB7,4
CC_087C84FFD93A,2
CC_087D030DB6A8,3
CC_087FA76FFE5E,1
CC_0888349F21FD,3
CC_088969325432,4
CC_088C68313B5D,2
CC_088D9EA29129,2
CC_088E2D0D27EC,3
CC_0891486BDA08,1
CC_0891825DA636,0
CC_089245AF41F8,2
CC_0899609BF534,4
CC_089C94786E2D,1
CC_089C9DDB1C5A,2
CC_08A34A2639A1,0
CC_08A53BBBCE9D,1
CC_08A5BBED2B0D,2
CC_08AD61D6D692,4
CC_08AFAD09463D,3
CC_08B196099DB0,1
CC_08B650C56F28,4
CC_08B6ECF026A0,0
CC_08B98BA24D78,1
CC_08C1D24436A5,3
CC_08C829408EBB,2
CC_08C89784803B,2
CC_08CC95AD4110,4
CC_08D11BBB0075,0
CC_08D1DD574261,1
CC_08D378559DFE,3
CC_08D40B5264A8,4
CC_08D41E19FF18,0
CC_08D672A43C3B,4
CC_08D9BA336AB8,1
CC_08DB4D0986C2,3
CC_08DE6D45E3C6,1
CC_08E1C6E56B36,1
CC_08E3D97E1659,4
CC_08E44F93E249,4
CC_08E5485F36EF,1
CC_08E668EC1255,2
CC_08E72FAAB4D9,2
CC_08E9C2CA5AAC,3
CC_08EBFBC2EFFD,4
CC_08EC3B839EDD,3
CC_08EC4AE8BABF,1
CC_08F5071759E5,2
CC_08F82CD59D75,1
CC_08F8BDE9C73F,2
CC_08F93BCEE905,2
CC_08F96920CE0C,2
CC_08FB6891E101,2
CC_08FF14D7E173,4
CC_0906AC8F160C,0
CC_090900EC9AAA,0
CC_09090EB74664,3
CC_09099D46BE98,3
CC_090BCB4BB42C,4
CC_090C04C0C474,0
CC_0911FF4C74B5,2
CC_091390A2DFAA,2
CC_0917CB63B767,3
CC_091B2ECA7BFA,2
CC_091F4B87F147,1
CC_092137A0950B,4
CC_0923560180DC,4
CC_092BD3E1B702,4
CC_092D671397F2,1
CC_09319A997B62,0
CC_0931CDD13861,1
CC_0933392B5B07,3
CC_09391B0D1D66,1
CC_093EBA6E286D,1
CC_09457CA5C6C4,1
CC_094703EB6E24,1
CC_094A1E74EBCE,1
CC_094DA806D155,3
CC_0950E8F3267E,0
CC_0951D4DEB24D,0
CC_095DAE4124FC,1
CC_095E57DE825A,1
CC_09609F2EB6ED,3
CC_0961DB8D4872,3
CC_096349D3905D,2
CC_0967D032E088,4
CC_096E87D54477,0
CC_0973A9899EAB,3
CC_097458C61B4F,0
CC_097A0C40D881,4
CC_097AB7DABF0E,4
CC_0984B2D6AED2,3
CC_09879B7CE1E7,1
CC_098B2B6293D6,1
CC_098EA6AEB483,0
CC_099087D32DEA,0
CC_09909BD37806,0
CC_099AB91EA380,0
CC_099B58F1E786,3
CC_099B828FA09A,2
CC_099BDF25B430,3
CC_099E26D9EF6A,2
CC_09A509146F38,4
CC_09A5BD444A27,3
CC_09A9984AC246,1
CC_09AF753B7CB9,2
CC_09B114B2D2D4,3
CC_09B281513757,2
CC_09B503D3194E,3
CC_09B6336FECED,0
CC_09B9E0F3B73B,3
CC_09BD6D248D04,1
CC_09BE18C733AB,3
CC_09C023CF36E7,1
CC_09C1E1578A5C,0
CC_09C43084F936,4
CC_09CB2C4B9890,0
CC_09CB44CD08FA,4
CC_09CE70E9647E,4
CC_09D03636B613,2
CC_09D05875865A,4
CC_09D21570768B,0
CC_09D6B7CA3FCD,2
CC_09D826B67656,2
CC_09D8BE21DBC8,3
CC_09DDEE0E4970,3
CC_09DDF293FDEA,0
CC_09E3CE0661A3,3
CC_09E5430CC95F,3
CC_09E773137A14,4
CC_09E9230CF64E,4
CC_09E9AFDA34A4,0
CC_09F024507CE2,4
CC_09F70398D706,0
CC_09F8B54DB9A6,4
CC_09F900BEC423,3
CC_09FC7B468C9C,0
CC_0A03BEFA13C6,1
CC_0A03F13DFBD8,4
CC_0A0961770C6E,4
CC_0A1077269584,3
CC_0A13F2484216,4
CC_0A1450B1D3E3,3
CC_0A16375BFE61,0
CC_0A1B95ABABCB,3
CC_0A22EA63453D,3
CC_0A24FC1277A0,2
CC_0A25553CE67E,4
CC_0A267655AC20,2
CC_0A2969C54B5F,2
CC_0A2C9EEBF06E,2
CC_0A2D425082F0,4
CC_0A2E26070BC8,0
CC_0A327C07F0BE,2
CC_0A333C77238A,0
CC_0A337EDA8C55,0
CC_0A3DC9894F29,4
CC_0A3DE96DCA51,1
CC_0A42FF68341B,0
CC_0A4914959E54,3
CC_0A4D5D115979,2
CC_0A4E6F4FBD06,1
CC_0A52BA21B4A7,3
CC_0A5D1270D1E1,2
CC_0A5D157FDED4,3
CC_0A6233D2C619,3
CC_0A6385FEF719,2
CC_0A683DEDA228,1
CC_0A697E3841C0,1
CC_0A6D4900EEE6,4
CC_0A6E3CBC02D5,4
CC_0A6E4C237186,4
CC_0A73CCA81FF0,1
CC_0A7521D47AA9,3
CC_0A7630BCB18F,2
CC_0A76432DFD74,2
CC_0A7676EF8D88,1
CC_0A7EED89E726,0
CC_0A7F61F96D66,0
CC_0A804337A5F7,1
CC_0A8208CA9476,2
CC_0A8443552E3C,2
CC_0A890A31E461,3
CC_0A8AC87ACC5F,1
CC_0A9118A4F92A,1
CC_0A9BF104B2A1,4
CC_0A9DDA80A58C,2
CC_0AA434BA8AF1,4
CC_0AA80D59CD42,3
CC_0AA8EA9DDA8F,3
CC_0AAD205DFEF3,1
CC_0AB5F2A07413,0
CC_0AB9DE4164C7,4
CC_0AC9F2F2EBD5,1
CC_0AD02C2AC6D3,1
CC_0AD1C3CF8346,0
CC_0AD2FF59F945,3
CC_0AD484D255D3,2
CC_0AD80F49B2B3,3
CC_0AD9D66D8A49,2
CC_0ADD5865B2D4,1
CC_0AE1AE16929A,3
CC_0AE3A1A94342,1
CC_0AE50666719B,3
CC_0AE61FDE9170,3
CC_0AEAABD22A04,2
CC_0AEB58E97E52,0
CC_0AEC3531CE59,4
CC_0AED2C82E292,4
CC_0AEE7E3A3EC9,1
CC_0AF4FDE40D14,4
CC_0AF84E6BAD9D,2
CC_0AF88448DA3E,2
CC_0AF919F3624C,3
CC_0B00AB91FC68,0
CC_0B032F64D84C,3
CC_0B04DD053293,2
CC_0B0571F96230,2
CC_0B0984C9B4DB,1
CC_0B09E0DBA271,1
CC_0B0ADCD2C52E,0
CC_0B0EFFF4E9B5,1
CC_0B10141BDD3A,4
CC_0B11FC1EEA1C,0
CC_0B134718B99F,3
CC_0B1373B302C3,2
CC_0B152C6EA472,4
CC_0B1C64DD551D,1
CC_0B1F96F945E6,2
CC_0B278DA0E00A,3
CC_0B2BA7C873BA,3
CC_0B2BDBBF8F99,0
CC_0B2F9537C897,3
CC_0B30B117D26A,3
CC_0B3300B737C5,4
CC_0B3CE065F44E,4
CC_0B4045CD095B,3
CC_0B411045AE8C,2
CC_0B480932FD10,2
CC_0B4B65811442,2
CC_0B4DFFB5AC8F,2
CC_0B4F5E460A00,4
CC_0B56B532A212,4
CC_0B57774D8812,3
CC_0B5A6EC1C63C,1
CC_0B5B8A08B70B,1
CC_0B5BB487A934,0
CC_0B5D32127AE6,1
CC_0B5DBDD11146,2
CC_0B5E708AE208,1
CC_0B60599B13C2,2
CC_0B653A8AE34C,1
CC_0B68847DFE5F,4
CC_0B6FC317E338,4
CC_0B73872EECDE,0
CC_0B74E60EB299,4
CC_0B756F020491,3
CC_0B761D03C036,4
CC_0B7F45FCCAC5,0
CC_0B852E79B705,2
CC_0B85DC1BF394,3
CC_0B862E007B6C,3
CC_0B892B5C26F1,4
CC_0B8DC90CEDCE,3
CC_0B8F3D2498E0,3
CC_0B8F92B9E55F,3
CC_0B928066315E,1
CC_0B92EB44F174,2
CC_0B93F9E9A0FA,3
CC_0B97B96E1BAE,2
CC_0B99B59BECD4,0
CC_0B9B25E90A97,2
CC_0B9E05D72BCF,2
CC_0BA1C7787812,4
CC_0BA40E398EC3,1
CC_0BA5508196B0,4
CC_0BA58B8D8C85,4
CC_0BAA2D59203E,3
CC_0BAD782D92B2,4
CC_0BAE46ABE71D,3
CC_0BB22F30CCA8,3
CC_0BB40E16228A,3
CC_0BB59154BF07,2
CC_0BBB61F500F4,4
CC_0BC061C8F785,0
CC_0BC3248D0579,2
CC_0BC55CED77DC,4
CC_0BC8C90ECBBB,4
CC_0BCAF4C842B1,1
CC_0BCBF2B64452,3
CC_0BCEB42F898E,4
CC_0BD0D0A6D733,1
CC_0BD13489498D,3
CC_0BD6ACC36CF8,4
CC_0BD7AC6FC52F,3
CC_0BD96AA69CC0,0
CC_0BDA0CDFB5CA,4
CC_0BDA9EDBC50A,4
CC_0BDC1668BEBF,0
CC_0BDE818FA985,2
CC_0BDF1B319AE5,0
CC_0BE026E44C2C,4
CC_0BE04B179C5B,2
CC_0BE5B21DEB99,3
CC_0BEBBA8AFD2C,3
CC_0BED52943556,4
CC_0BEDFE7D7862,2
CC_0BEE9F3516A5,0
CC_0BEF100BEEE7,2
CC_0BEF89A9E66C,4
CC_0BF4291A7A3F,2
CC_0BF4A3BDE9C4,3
CC_0BFC20347243,2
CC_0BFE70E9C6B3,0
CC_0BFEE64CC253,3
CC_0C0185C575CF,2
CC_0C03C24CC6C7,2
CC_0C0642C807E6,2
CC_0C073BB2BF96,3
CC_0C0B99CAD7BC,1
CC_0C0F36FAF7A1,3
CC_0C0F5ADF8524,0
CC_0C19E8CC4A71,3
CC_0C21C2FE2CE0,1
CC_0C237FDF0478,4
CC_0C29534F1141,1
CC_0C2E5503BD2F,1
CC_0C32774F6A1A,0
CC_0C3490750986,3
CC_0C35D85EBCB1,2
CC_0C365BA2364F,2
CC_0C37648A25BC,1
CC_0C37CA5BC52B,2
CC_0C38E7EF36BD,0
CC_0C3BDCC8ADC4,4
CC_0C3D8780105B,0
CC_0C3EE0D0A4AF,2
CC_0C4475F00924,4
CC_0C45752A8514,4
CC_0C45A3705CB8,3
CC_0C46B177F484,2
CC_0C4A96DE8D56,1
CC_0C4D0923DA74,4
CC_0C4DC681EA7B,0
CC_0C4E299D6E0D,0
CC_0C4F842F2D37,1
CC_0C56C2B8F620,0
CC_0C5B294CB2AD,0
CC_0C5F949717D0,2
CC_0C60640707EB,0
CC_0C612B5EFDA9,4
CC_0C63D0885F1B,3
CC_0C642C1F87D6,1
CC_0C654989A8F5,0
CC_0C6699A632C8,0
CC_0C69C6DB41C9,1
CC_0C6A368DEBC5,0
CC_0C6DE076DB8A,3
CC_0C72E470640B,0
CC_0C74BB93CD99,3
CC_0C789E47D463,1
CC_0C793C151AAE,4
CC_0C79B8B3F2D6,1
CC_0C7C436C57E9,4
CC_0C7C8D0AF199,0
CC_0C7FCC44015C,3
CC_0C84D72A7765,2
CC_0C86E9A21207,3
CC_0C886C95373D,2
CC_0C8888F1CDF2,0
CC_0C8D90F0922D,3
CC_0C8E6730ED67,1
CC_0C91FCF615B6,1
CC_0C93732ADF97,2
CC_0C975D38A326,2
CC_0C9C7A97A5F4,0
CC_0C9ED89049AC,1
CC_0CA45E2A5E6B,3
CC_0CA466FA04F1,1
CC_0CA626203B37,0
CC_0CB0A0716BCF,2
CC_0CB38C46D03A,3
CC_0CB45F66B6F2,0
CC_0CB64898FC0D,2
CC_0CB7F76A66E5,3
CC_0CB96C7639E7,0
CC_0CBB4D2AD23A,1
CC_0CC12648C9E4,1
CC_0CC15637F3AC,0
CC_0CC2EDDC638D,0
CC_0CC4A8B7482A,1
CC_0CCBDEC7850A,2
CC_0CCDB8C95455,2
CC_0CD2A5B99834,4
CC_0CD42BDB0B17,0
CC_0CDD257E8FE9,4
CC_0CDD6AF89F14,3
CC_0CDD6E657D91,1
CC_0CDEE9154E66,1
CC_0CDEEFE130DD,4
CC_0CDFB51090E3,1
CC_0CE0E01CD7AD,1
CC_0CE3EB77C29E,2
CC_0CE536324EAC,2
CC_0CE579BFFB20,1
CC_0CE7D8349D41,1
CC_0CE89D05D8D0,4
CC_0CEA80A97E41,3
CC_0CEB735EC729,0
CC_0CED9ADB2A09,0
CC_0CEEA76DB759,0
CC_0CF091BD2CE1,1
CC_0CF811EE7BD5,0
CC_0CF9957442C8,4
CC_0CFA517479F5,0
CC_0D016154E1C0,0
CC_0D0445D6C3B5,1
CC_0D048FD6821F,4
CC_0D0B8717FFA9,4
CC_0D0DC41B22F6,0
CC_0D0F2A97BA52,0
CC_0D13A003578B,0
CC_0D142FA3BB86,4
CC_0D1668209F8F,2
CC_0D17BEB72F8C,4
CC_0D1D05268EAA,1
CC_0D1E2B992350,4
CC_0D22B7E22CF2,3
CC_0D29AEADCFFD,1
CC_0D2A4247E8F9,2
CC_0D2CAE166D3E,4
CC_0D2F00087DD0,1
CC_0D30E804496C,4
CC_0D325FA769D3,1
CC_0D352F56EC40,2
CC_0D366B910D53,4
CC_0D391D096327,3
CC_0D3D34F78444,1
CC_0D3EC0263EB8,0
CC_0D3F8C5DB72C,2
CC_0D44A9988748,1
CC_0D45F637A500,3
CC_0D569B80674B,4
CC_0D574FD172C8,0
CC_0D5884F0ADCE,1
CC_0D5A344D95F7,4
CC_0D5A6A9CC79C,1
CC_0D5C14B6B047,3
CC_0D5C4B45704D,0
CC_0D5D35CC20B4,4
CC_0D5EF547C948,3
CC_0D620A89DC23,4
CC_0D6261C2426B,4
CC_0D65D94CD102,2
CC_0D6A2881FD21,0
CC_0D79128FCBC0,4
CC_0D7964193A8D,3
CC_0D7DC4C2AD58,0
CC_0D7E67048FE1,1
CC_0D81C3847464,1
CC_0D83E582BDCE,1
CC_0D849B132548,3
CC_0D89CDC3CB7A,4
CC_0D89ED88029E,1
CC_0D8A6B271FFF,3
CC_0D8D5D4F8016,3
CC_0D8ECA973778,0
CC_0D976DA0C4B3,1
CC_0D9B1B322068,3
CC_0DA5375308EE,0
CC_0DAF7BFE19E1,0
CC_0DB07EA178BB,1
CC_0DB2EFF92E93,3
CC_0DB32286FD0E,3
CC_0DB5F843CD9A,4
CC_0DBF84685A9D,1
CC_0DBFE51411E2,2
CC_0DC292528D55,3
CC_0DC3581EEAB6,1
CC_0DC8060DA736,0
CC_0DC95532E7A2,4
CC_0DCA048649D9,1
CC_0DCA0A0FA295,0
CC_0DCED1D6F3DF,2
CC_0DD053654795,3
CC_0DD275FB7040,0
CC_0DD74B3BE342,3
CC_0DD79233AAB9,3
CC_0DD7B0AB100B,2
CC_0DD8CFBA4338,0
CC_0DDB3A493411,3
CC_0DDC91491636,1
CC_0DDEA339D986,2
CC_0DDF66C54198,2
CC_0DE1E49C6B02,0
CC_0DE403198D7E,4
CC_0DE420EE4059,2
CC_0DE61B4E5E3E,4
CC_0DE6C33D0688,0
CC_0DE92ADBD382,1
CC_0DEF161B987D,1
CC_0DF19F74AACA,0
CC_0DF2D47B5C53,4
CC_0DF8D0A82DBF,0
CC_0DFDFFCFD7DF,3
CC_0E0641097EAC,4
CC_0E066C915A32,3
CC_0E0C4892CA9B,3
CC_0E0CB4904497,2
CC_0E0E208D05E1,3
CC_0E0FC636F9D6,0
CC_0E1034FDB7E3,3
CC_0E12F18E168F,0
CC_0E14670ECAF2,4
CC_0E189EDE2DAF,3
CC_0E189F4644FD,2
CC_0E1FD5488AFC,0
CC_0E2459929777,1
CC_0E26CF39834F,3
CC_0E27CEF1887F,4
CC_0E287AA3CB2A,0
CC_0E29E165CAC8,4
CC_0E2D267991CB,1
CC_0E2DF93A8DAD,0
CC_0E3231B402D1,4
CC_0E33A63A46D0,3
CC_0E33BD266FF4,4
CC_0E361432CA7A,3
CC_0E3B75F8EC99,3
CC_0E3BA976485A,4
CC_0E413006CC6C,2
CC_0E44D2F85EE7,0
CC_0E4649A88E12,2
CC_0E488689C917,1
CC_0E4E5563FF24,0
CC_0E4F74BFAEAD,3
CC_0E50E73AF530,0
CC_0E5324067983,0
CC_0E54214DACE6,2
CC_0E5A7809F249,2
CC_0E5D0509A578,0
CC_0E5E55DB918F,0
CC_0E5E93CB968B,1
CC_0E602DC3249B,4
CC_0E6186059A38,4
CC_0E629D90499D,1
CC_0E64764E4B6A,4
CC_0E6BFE273031,0
CC_0E6D43AC71DF,0
CC_0E6F6F06E4AB,4
CC_0E711E9BCD9B,0
CC_0E741DF7DC96,4
CC_0E776DD7B43B,4
CC_0E79A2D45113,1
CC_0E7A70B0BB2A,3
CC_0E7B2D03DEA9,0
CC_0E7DFD11FF66,0
CC_0E83B80326D0,3
CC_0E8965947C9F,1
CC_0E899817D54C,0
CC_0E8B33971801,3
CC_0E8C18050A48,4
CC_0E8CBA3DAC04,4
CC_0E8D11C210BA,2
CC_0E8E39EB38B7,4
CC_0E8F14E1BDB5,2
CC_0E9EE800E2A8,0
CC_0EA165E99E1F,4
CC_0EA7EEE84D3E,0
CC_0EAA3098B0F8,3
CC_0EAA86178D7A,1
CC_0EAB4008DCFB,2
CC_0EB411906A92,2
CC_0EB6A49B430F,3
CC_0EB9041C6D54,4
CC_0EC074CAD82C,1
CC_0EC473A69B64,2
CC_0EC95475DD85,0
CC_0EC9801511E5,1
CC_0ECA83CBEFC9,1
CC_0ECAD1F99D7A,4
CC_0ECD7928D657,0
CC_0ECDAA03D3A7,2
CC_0ECEAD012C8B,0
CC_0ECEC4E93B5F,0
CC_0ED2363AA36F,4
CC_0ED25B3D8855,2
CC_0EDCCD0C0322,0
CC_0EE1E5BC99AD,3
CC_0EE2F5C94FB1,1
CC_0EE44F53D366,2
CC_0EE4540E15B4,2
CC_0EE84C210702,2
CC_0EE88344008F,2
CC_0EEB9C2B32DF,0
CC_0EEDB24A1BF3,0
CC_0EEF2F19ADED,1
CC_0EF1F4D88A71,1
CC_0EF34A5B8348,4
CC_0EF7CAA18394,2
CC_0F0BAF7599A4,3
CC_0F0C84C71588,2
CC_0F13AE64FF84,1
CC_0F1511CD98FF,4
CC_0F1E37D22F16,0
CC_0F1F12A77FFE,2
CC_0F2DED626B8C,3
CC_0F309D317B0C,1
CC_0F32A34CCDB3,2
CC_0F36EAFF4885,0
CC_0F3741E27F5F,3
CC_0F3BA7BE6767,4
CC_0F3C54D473AF,4
CC_0F3D7DB6B7E9,4
CC_0F3F69455D55,1
CC_0F40571D0B12,2
CC_0F43FC8215BB,4
CC_0F4A6D3C4D61,0
CC_0F4E7F16CAD6,1
CC_0F55FDFF7E25,3
CC_0F5848A897BC,3
CC_0F5ABD1FDA86,2
CC_0F5BF5C1E047,1
CC_0F5DCF690AD3,0
CC_0F5EB6571008,4
CC_0F61968E934A,0
CC_0F61F1B3501F,4
CC_0F6391E1FDBC,2
CC_0F65AE1D8AED,1
CC_0F6AE7057DC7,0
CC_0F6D991C9997,3
CC_0F6DF2FF905D,3
CC_0F6F798A2464,2
CC_0F71E7FE04AB,2
CC_0F732E44A375,3
CC_0F7672C55A48,1
CC_0F7A93B07205,4
CC_0F7B5266B8B0,4
CC_0F7B8097B447,3
CC_0F7E98267DA6,1
CC_0F7F89ACE630,1
CC_0F8169AB6F73,1
CC_0F81F037D375,0
CC_0F8564DCF1DF,0
CC_0F8787AA1B08,4
CC_0F913F99F7AD,0
CC_0F91FF62EC15,2
CC_0F981EC9A94D,3
CC_0F9B23A705FD,3
CC_0F9E23AEEEF7,4
CC_0F9EF2C99968,3
CC_0F9FE5F37C0C,4
CC_0FA0FD63CF24,1
CC_0FA3894DE2B8,4
CC_0FA66DACA887,4
CC_0FAE37424BE3,2
CC_0FB86F055DB1,3
CC_0FB8B83E7AEE,0
CC_0FBB2A7CF5F2,0
CC_0FBF0E20A578,1
CC_0FC0AD580D04,2
CC_0FC1319A8AD6,2
CC_0FC3242E54A0,2
CC_0FCCFAC989F1,3
CC_0FD045ACE3D8,0
CC_0FD435B4EC5C,3
CC_0FDB175845F9,4
CC_0FDF62854360,0
CC_0FE10BAC0B73,1
CC_0FE2075F746E,3
CC_0FE4BC723F10,3
CC_0FE970B33965,1
CC_0FEB47184B0A,1
CC_0FED8CF6127C,4
CC_0FEF87BCCA14,3
CC_0FF0161E1CDD,4
CC_0FF3877B8B70,0
CC_0FF7D5756F91,2
CC_0FFFA5C0C682,2
CC_100081A7F277,1
CC_10029DE02707,1
CC_1003BDBF7FEC,2
CC_1007FAE95F62,3
CC_1008996FD3C8,0
CC_100917681A19,0
CC_100A35ACC13B,2
CC_100D2AE97CA2,4
CC_100D4BAF0483,1
CC_100E62517901,2
CC_10104A419F34,2
CC_1014944EA5FB,3
CC_1018EDCA924C,0
CC_1019AF686642,1
CC_101B3A7D956C,1
CC_101BDB386D15,4
CC_101DAF4769E3,0
CC_1022CEBE1BFA,4
CC_1026676BFD47,2
CC_102853A835DA,2
CC_102B3C099A7D,4
CC_1035B1729274,2
CC_10379359D1AB,1
CC_1037D22487E6,4
CC_1039424A882C,2
CC_103AF42C5598,2
CC_103C6EB2098C,3
CC_1040CACAC440,1
CC_10431E4E10A5,2
CC_1044727CDCDA,2
CC_1046016FB349,4
CC_1047B3CCE5ED,4
CC_1048C6108B3E,3
CC_104ABF72CC03,2
CC_104E76D32351,1
CC_104E89A015D5,3
CC_104F1A213D53,4
CC_104F86FA1952,2
CC_105185853173,3
CC_1053CE118E6B,0
CC_10555E5FEC27,1
CC_105C285675AF,3
CC_1062483DC649,4
CC_106318A8A846,3
CC_10686536DDAC,4
CC_106873970361,4
CC_1069B693BEC6,3
CC_106AA4AC4358,2
CC_106E8E197ABE,3
CC_1070A85FC767,4
CC_10717F3732AA,4
CC_10723A2C8F50,4
CC_10746DFB827A,2
CC_10778A4BB770,1
CC_10783ADF6DF4,3
CC_107CD2128BE2,0
CC_107EF00F4F27,3
CC_107F8912BBCA,4
CC_10820345CAEE,0
CC_10870D368DB3,4
CC_10877C879290,4
CC_108A5D7A07B8,1
CC_108B337BB93B,0
CC_108DFAAC7E6E,3
CC_10910E859E0E,0
CC_1093C3FC63EF,3
CC_1097C97F4511,3
CC_109A0305BCBF,0
CC_10AA87E69C94,3
CC_10B2FE48BBD3,2
CC_10B303DA7FDA,0
CC_10B3363DCAD4,3
CC_10B6CDF2D293,3
CC_10BACC5A9EF9,0
CC_10BEE7D5364D,4
CC_10C0F72FD4B9,2
CC_10C678897E54,0
CC_10C6FB037D93,2
CC_10C962C1C4B4,3
CC_10CE49B6BCFD,4
CC_10CFC7F096ED,0
CC_10D29637F4D4,0
CC_10D34A725351,2
CC_10DA2F51764C,4
CC_10DA753385F5,0
CC_10DA90441864,2
CC_10DC316B3CC0,2
CC_10E068DA07D5,1
CC_10E24786EA63,1
CC_10E623997DEB,0
CC_10E9387C4533,2
CC_10EB16FF62C3,2
CC_10EDECEE251C,0
CC_10EE17AB92B9,1
CC_10EE85CAACE9,1
CC_10EEC77FF650,2
CC_10EFB88FD8DB,0
CC_10F0DE08F65F,1
CC_10F20A1AB72A,4
CC_10F4D219A7A6,4
CC_10F6A5DB567A,1
CC_10F7151BB6C7,3
CC_10F7B091682E,0
CC_10FB7142DE72,4
CC_10FC06574FEF,0
CC_10FFB4E22F9C,2
CC_1100E20E1B1A,2
CC_11085A799BE5,0
CC_110C571E2D6D,4
CC_110C7648F37D,1
CC_110CC91C7C17,4
CC_11108F09641B,4
CC_1111648E5F00,3
CC_1114D6C2AD96,1
CC_1116469D0EF3,0
CC_111665F34451,2
CC_111D9179BF4B,4
CC_112982BED721,4
CC_1129FE3DEB19,4
CC_112B3EE86CE3,2
CC_112C1B5D75C4,3
CC_112F543303EC,4
CC_11305681E8F7,3
CC_1132B3469581,4
CC_11342B2C8367,0
CC_11384E1721D7,3
CC_113A3A8A4742,3
CC_113DAD07E5C9,2
CC_113FC578F9FB,2
CC_11426C485A60,0
CC_1142867C5D53,0
CC_114743636E5D,3
CC_114CA6C3CFDB,4
CC_1151078C2D32,4
CC_1156D9CA1622,4
CC_1158A81A43BB,4
CC_115A90AE7B37,2
CC_115B00DA4D5C,0
CC_115D7E7CED9E,2
CC_115E875F5C72,0
CC_11617B024620,2
CC_116195EC8F24,0
CC_11650E5FE77B,0
CC_11685D26513F,1
CC_116BFC278A9B,4
CC_116F967E12AF,0
CC_116FECD7E22A,3
CC_11713ADEABBA,4
CC_11736D48F937,2
CC_1173E020C852,4
CC_117A8F9929DF,1
CC_117C29938792,3
CC_117D3D290B79,0
CC_117F3F52B39A,2
CC_1180397E0E18,1
CC_118050B0E065,1
CC_1182A06FA1BA,3
CC_11875A6E255A,0
CC_11893F0796ED,3
CC_118BE5AC1B43,1
CC_118E88555B8A,4
CC_118F4FC75A19,4
CC_119376BC9A9E,1
CC_11956D689FC2,1
CC_1196148C1D73,2
CC_119EAE00EF2A,1
CC_11A39FF989D7,4
CC_11A3E88ED77C,3
CC_11AC14665983,1
CC_11AD537B1395,4
CC_11B1563A0E4B,3
CC_11B566C845BA,0
CC_11B587E74D04,0
CC_11B62136784C,3
CC_11B67B9E0E1D,4
CC_11B6DBA925AA,4
CC_11B756BD22FB,2
CC_11BCB5B80913,2
CC_11BD95F85975,4
CC_11BF763F3B0E,0
CC_11C4A2835B57,0
CC_11C777226D0A,1
CC_11D633D1CDAB,2
CC_11D746332A26,2
CC_11E18534C974,4
CC_11E246399D5F,4
CC_11E34823C9F8,2
CC_11E76951B985,4
CC_11E94D80A4EE,4
CC_11EA9439D5B8,4
CC_11EBB8736BFB,3
CC_11ED6D692C8A,4
CC_11EEECA3D87C,1
CC_11F31F9E8B79,4
CC_11F349E0D151,1
CC_11F3B5F1D300,1
CC_11F6606CED0C,1
CC_11F874D15716,2
CC_120369D4254E,2
CC_12056E853D4A,4
CC_1205729AFEA6,3
CC_120F437F7603,2
CC_121308C8B6E8,3
CC_121AF61C6254,0
CC_121C58E71A4F,4
CC_122002B97F8C,0
CC_12205D623AFE,3
CC_1220D4E9D2A8,3
CC_122D7F1E7A0B,1
CC_122EE6F45AB1,3
CC_1232690EDC2B,4
CC_1232CD309A3E,4
CC_12428B8ADEA9,4
CC_1244F454247D,4
CC_12466842C70F,0
CC_1247E3165538,3
CC_124D9DACBBEE,2
CC_12511165D91F,4
CC_1252858E5DA1,1
CC_1255D71CBDFF,1
CC_1256916531CF,1
CC_125A4D844394,3
CC_12610AFE4FA7,0
CC_1264E5CD53E7,4
CC_12687DB85C14,1
CC_1268973B9017,2
CC_1270B9E11834,4
CC_1270E1D67FC5,1
CC_12715BC831A4,2
CC_1271E0364B61,4
CC_127279DF6A35,4
CC_1274A35EEFBD,0
CC_12781F7D9AEB,3
CC_127A8C424DB8,2
CC_127CE04CCE3D,4
CC_127D0788207E,2
CC_127D415D0FC8,4
CC_127DFFD19DD7,3
CC_128244D9A3C5,1
CC_1283AE10D435,1
CC_128774FECE36,3
CC_1287CB57208C,0
CC_1287D6DD3C07,4
CC_128833947423,1
CC_1289226479CE,3
CC_128CF93C9C68,3
CC_12943C53232F,4
CC_12965C9ED919,0
CC_1296EDF7E640,1
CC_129D5C1B8D00,3
CC_129E3A93629A,2
CC_129F54504300,0
CC_12A50A8F43AF,0
CC_12A5AF2B6339,4
CC_12A5D5DA2E0A,4
CC_12A73B68BA7C,0
CC_12A80518CC67,1
CC_12B01E3481FA,1
CC_12B0AEFB0C2C,1
CC_12B1A3E121EA,4
CC_12B20570313B,1
CC_12B2BC605A25,2
CC_12BE1DCB9554,1
CC_12C002DDF720,1
CC_12C17EF761BB,2
CC_12C2A91FD2D1,4
CC_12C2C5FE15BE,4
CC_12C61A3F8534,4
CC_12C80DB6166F,1
CC_12C942C94AC0,0
CC_12CAB82FA647,0
CC_12CE2F6B1871,2
CC_12D91445C5CF,0
CC_12DA7D6CD638,4
CC_12DB887B1F54,0
CC_12E0FFE7E6D5,4
CC_12E17FAA02C4,4
CC_12E8A3241009,0
CC_12E8CF471D17,1
CC_12EB7E2FBE9D,2
CC_12EC6B16E8F2,0
CC_12EDF0A21D8E,0
CC_12F116D289A4,0
CC_12F2CC049F32,0
CC_12F4AE0E9C50,0
CC_12F529212274,1
CC_12F6665B65F1,2
CC_1306F26C1E92,2
CC_130ACAA6CFAF,3
CC_130B2BD31FC1,2
CC_131266D3775F,4
CC_1312A13B15FD,2
CC_1314B3485367,2
CC_131508558E61,3
CC_131CFDDBAFCE,4
CC_131FE9729ADE,3
CC_13203D8A8B9E,1
CC_1323E7388B53,2
CC_1329A0DFF23A,1
CC_132D35DE5699,0
CC_132E60475D9A,3
CC_132F1B80D22D,4
CC_13323D6309AF,1
CC_1339B797EB61,4
CC_1349052D783F,3
CC_13490D73C7D6,0
CC_134E2266BE61,0
CC_1351CCA7B3C3,4
CC_13582EFD415C,4
CC_135FA476E402,4
CC_1360E6854F33,0
CC_1362294CF6C2,2
CC_1362B0C744AD,1
CC_13639EE08ADC,1
CC_1363CE9F012A,2
CC_1365D5C6BBC2,3
CC_13672D0FEDCB,2
CC_1368F2EFC516,4
CC_136EA5846EBA,0
CC_1371E1F3C127,3
CC_1373183E52FD,4
CC_13754504B728,2
CC_13768F948D43,2
CC_1377262C6C5C,3
CC_137B9E0E74CE,0
CC_137EE4A71B80,1
CC_1382A84A8162,3
CC_13889971A045,2
CC_1388E4F9D0F1,0
CC_1388F4F71DA7,4
CC_138E19A68D8B,1
CC_1396C173D41F,2
CC_139D70292D7B,1
CC_139D9A4C7B60,4
CC_139DB7344BD3,4
CC_13A2B5541686,1
CC_13A4FC3A1BC9,2
CC_13A5730F1FAF,1
CC_13A652B263D1,0
CC_13A9ED13054C,3
CC_13AD9FFBBDC0,2
CC_13B035D9735D,1
CC_13B78E6E812C,2
CC_13BC2D4470A1,0
CC_13BDD928BC6E,2
CC_13C154345998,2
CC_13C1F8475C75,0
CC_13C26CDBE995,3
CC_13C8941C4E63,2
CC_13C8AFAA4A96,2
CC_13CE9A805D47,3
CC_13D0D0DC25B5,4
CC_13D12AE5DB5E,4
CC_13D2775BDB99,4
CC_13D7C5892F43,1
CC_13D8BB2898FB,0
CC_13DCDFBFE04E,4
CC_13DE4D663ACA,0
CC_13E0F544FAF0,4
CC_13E4E11494E5,2
CC_13EB4754455B,1
CC_13ED60374680,4
CC_13EFA2436E63,3
CC_13F63D985F02,2
CC_13F7224F4CEB,0
CC_13F8DDA68CD5,3
CC_13FEEEF4DAA6,4
CC_1401806D83D1,0
CC_14022C179F26,4
CC_140B15320D67,4
CC_141097D43B35,0
CC_1412756641C8,2
CC_141585DB9F70,0
CC_1415DAB3C546,1
CC_1416B83F6B99,3
CC_1417216500BC,2
CC_141A459F9317,4
CC_1420051AE277,2
CC_1420350408A3,3
CC_1422E8298DE7,3
CC_14242BB4F55A,2
CC_142C1401740E,2
CC_142F4D1DA8D3,0
CC_14347FAD2689,0
CC_1435A595A0D3,2
CC_143DC870051D,0
CC_144534D93E78,4
CC_1445D677285E,4
CC_144912C7C6F4,1
CC_144BF264798F,3
CC_144E0287B718,2
CC_1454C69E791C,2
CC_14565288B492,1
CC_1459762CD70A,2
CC_1462F5234349,0
CC_1463EDA0CFFA,1
CC_14677C665BD0,2
CC_146A389558CD,2
CC_146BFA2F4585,3
CC_147074821F17,3
CC_1471280F70B3,2
CC_14751CEA4835,4
CC_1476BC39D82A,1
CC_147A332651EB,1
CC_147B57C690A9,1
CC_147CBF290A91,4
CC_147D3C36E9D0,3
CC_147D9B212108,4
CC_147E377E6BA3,2
CC_14829AC11350,0
CC_14850509C4F7,1
CC_1487D79B3F82,0
CC_1487F0190ED6,2
CC_148D548BFEF7,3
CC_148E40D39EE6,3
CC_1499FDF273A7,3
CC_149A11DD6D72,1
CC_14A06E4E3D8C,2
CC_14A0A51DC0EC,3
CC_14A8CB0B5A31,2
CC_14AC19F9E8B2,2
CC_14ACD1E04CC1,0
CC_14B002192A41,4
CC_14B4E27629CF,4
CC_14B5941FECCE,3
CC_14B6298EE82C,1
CC_14BAE258FEDA,3
CC_14BBA8E1F11A,3
CC_14C3CD655EA0,4
CC_14CE4334D7FC,1
CC_14D08D92E371,1
CC_14D0C705400A,4
CC_14D3D57AD202,1
CC_14D3FCD54488,3
CC_14D7F72FF09D,1
CC_14D8672C7CC0,2
CC_14D8C5D0A6D8,0
CC_14D96BD951F5,4
CC_14DA8C11FB78,0
CC_14DB5E1D5D98,0
CC_14DE7F88ECAF,3
CC_14E431C022FD,2
CC_14E7E49CC35A,1
CC_14E85757A426,4
CC_14EF468C06C3,1
CC_14EFE9D0C622,1
CC_14F22277282F,0
CC_14F29C1B9779,0
CC_14F512210907,0
CC_14F7ACE7E71D,4
CC_14FB2847E872,3
CC_15007A1B3A1A,0
CC_15016E7FD79F,2
CC_1502C603324E,3
CC_150424BF434D,2
CC_1506C4D0C747,3
CC_150C0908EB8E,3
CC_150FAFDD26C4,3
CC_151026A162CE,0
CC_151548F8F763,3
CC_15176B7815C1,0
CC_151775FDF291,4
CC_151A78EEF961,0
CC_151AC62644C3,3
CC_151C16AF3C96,4
CC_151CA4926266,1
CC_151D07B5EDE8,4
CC_151F6E1E39C3,0
CC_1520082E455C,1
CC_152146058F38,1
CC_1522AE9A3E33,1
CC_1522C1B38538,2
CC_1526162B55A3,0
CC_15278769C09F,2
CC_152974F7ED65,2
CC_1529AC92CD6C,3
CC_152EC65D1DBB,0
CC_152EFA9A4CAC,1
CC_1531143487F1,0
CC_153834C5943B,4
CC_153C5D731C7B,2
CC_153F7361C1E0,2
CC_1542920474DB,0
CC_15438BF49BA7,1
CC_1543BE8D6EF5,3
CC_154898BDEB60,0
CC_1548ED76DBB2,3
CC_1548EF860FF0,3
CC_1550EE71A55F,2
CC_15537B4D12AA,2
CC_15561A29CCCB,0
CC_1556666B27B5,1
CC_155925E2776D,1
CC_155A8DDCE91C,4
CC_155C3C6B2949,3
CC_1562BB97E9B6,2
CC_1563E7920FC8,0
CC_15679FD6E2D2,2
CC_156B962B815F,2
CC_156BFC146C98,1
CC_156CF041C682,3
CC_156D0EBC4750,1
CC_156DD30B9AB8,2
CC_156FF50F12F4,4
CC_15714FEB088F,2
CC_1574DB115364,4
CC_157A5AB6B67A,3
CC_157ABC115170,2
CC_157C8355EF5A,4
CC_1580C832AD5A,1
CC_158A7CC33DD5,4
CC_1590AF97B4C7,0
CC_15955B163C7E,3
CC_1595C8001237,3
CC_15978ABF0064,2
CC_159B256C9632,0
CC_159C2100C079,0
CC_159F3BB12556,1
CC_159FEC6E9B52,2
CC_15A2F13E1F6D,4
CC_15A383641088,3
CC_15A990EAFE5D,0
CC_15AE6CF9C351,4
CC_15B18D3B3B4D,0
CC_15B57ED3BEE3,1
CC_15B74980B515,2
CC_15B88C943A8C,2
CC_15B9064AFD6A,0
CC_15BBDCBB06F7,1
CC_15C4930BFA0E,0
CC_15C5F9BFCDBC,4
CC_15C6EF06434B,0
CC_15CED8BC2EC6,3
CC_15D28590F6DC,4
CC_15D56088FE34,4
CC_15DC830D1BAF,1
CC_15DD51F56CE5,1
CC_15DD9B2288C8,0
CC_15DFB9D1F27B,3
CC_15E02F6AEF72,2
CC_15E27BAC9F28,1
CC_15E7DF8A0519,3
CC_15E8B0F0AE60,3
CC_15E8B982652E,0
CC_15ED44B4C328,3
CC_15F0CE165958,3
CC_15F3E1E0A6D9,0
CC_15F418CB6955,3
CC_15FE430AF0D1,1
CC_15FF11F7AA40,0
CC_15FFF6757B46,2
CC_160B069E5047,0
CC_160E4C878E81,3
CC_16118DE3526B,4
CC_1612DAD460E5,4
CC_1613E877E51E,3
CC_1615244464D6,4
CC_1615A0A4206C,3
CC_1616918FFBF7,1
CC_161B61D9A8D1,1
CC_161BF844E46A,4
CC_161CDECFA357,0
CC_161E3D2ECC63,0
CC_161EA775B8AC,0
CC_1629A8033CF9,0
CC_162B17FB0E07,0
CC_16305E0E4E62,2
CC_1637777CE5C6,2
CC_1637AA0DAA12,1
CC_1637FAA1FD97,4
CC_16426E1A4078,0
CC_164399F0E6C0,4
CC_16488A381066,0
CC_164A13328A5C,3
CC_164C2FDF8391,3
CC_1650498982DC,3
CC_1652ED284352,2
CC_16571F4052B1,2
CC_1658D801415A,1
CC_16600AD4CB52,2
CC_16621DFA9568,3
CC_166697EC438F,4
CC_1668051F67DC,1
CC_1668409D7EB1,2
CC_166B3E7C1B61,0
CC_166BAAB25341,4
CC_16712B3316AD,1
CC_16715B87F99C,1
CC_16716795A691,3
CC_1672E5B9D1D9,1
CC_1674599D2CDC,2
CC_1675F640D31C,4
CC_1677D6743C94,4
CC_167A9988C803,2
CC_167D0F70AF34,2
CC_167EDACA88E2,4
CC_1681A81C49DF,4
CC_168669FF70CA,3
CC_16879F9E7577,3
CC_168C0B1EDD54,1
CC_168E8E929122,3
CC_16903B2A7327,3
CC_16945F6B0DD8,0
CC_169C393BF5F1,1
CC_169E77C2D6F8,1
CC_16A13240E770,4
CC_16A4E6932E51,4
CC_16A71E8A209B,3
CC_16A97074835A,4
CC_16A9BFCB0FD1,4
CC_16AE73AC0CED,1
CC_16AE75C645CB,1
CC_16B3D5B5304B,0
CC_16B4487FD23D,3
CC_16B6A1324929,1
CC_16B6A4A64D64,4
CC_16BA251991EE,1
CC_16C846BE0FB2,3
CC_16C92F157693,1
CC_16CA98BAA411,3
CC_16D50D57A9A2,1
CC_16DBC067D9A3,1
CC_16DD0156D0DB,0
CC_16DEA29018BE,1
CC_16E8830C06B4,0
CC_16E8AA38B55A,3
CC_16F17920E91A,3
CC_16F2A616CA13,3
CC_16F2E2FDFD77,1
CC_16F34609DD14,3
CC_16F373E7DD08,4
CC_16F75EAC0DFC,0
CC_16FC9E95423C,3
CC_16FEAFCD937A,3
CC_16FFB848B32B,3
CC_1700C32A7A71,1
CC_1701B3768C4F,1
CC_1702960426E4,2
CC_17084C1F9450,1
CC_170AAE7B0964,3
CC_170B12EDEA5D,2
CC_170B3E6A63CC,4
CC_170CA7D6D22D,2
CC_170E62C934B8,1
CC_1714A53E4B27,2
CC_171943C79BA5,4
CC_171D8C127A68,1
CC_171F24AB882E,2
CC_1720643734EE,3
CC_17225B628BF3,4
CC_172268748503,4
CC_172BD8D3996C,0
CC_172C79E2FE2E,0
CC_1732E70F51F5,2
CC_17398721FD38,1
CC_173CC91B0920,2
CC_173F3E334571,4
CC_173FBD78A496,3
CC_17442FDB4BF7,0
CC_174607B3E574,0
CC_17472F25E6BE,1
CC_174EA3C65446,4
CC_174FDDA25C07,4
CC_1751F7D37BD5,1
CC_1752A6FFD1C7,4
CC_175460F3F958,1
CC_1758E4F1B83C,0
CC_1759E0F52C2C,1
CC_175C442C6150,2
CC_175F7A7F5C05,2
CC_175F87337E0B,0
CC_17611CF75A28,1
CC_17615FB22D2A,0
CC_1766F68CFEB9,1
CC_176751E56776,3
CC_1767B3BC9B6A,4
CC_176C28F3FC1D,0
CC_176DB922413F,2
CC_1774D9FBCA20,2
CC_177BBFF9D568,4
CC_177FB293E183,4
CC_177FDCD0B0EB,1
CC_1784BB8B5843,2
CC_178BF0F4F29C,0
CC_178E0B4A32EF,1
CC_178E97E4D5B4,1
CC_1793D25D8F71,1
CC_1796BEA43437,2
CC_1798D1ECC7E9,0
CC_1798E955180D,4
CC_179AA6EC2562,4
CC_179F891C72A6,0
CC_17A19462CD3E,2
CC_17A46A7E9934,4
CC_17A843953F03,2
CC_17ACFA78B05E,1
CC_17AF4E63AE74,3
CC_17B3327F2916,1
CC_17B4A73BE8B4,4
CC_17B89D26AF52,1
CC_17BAA7D40E29,1
CC_17BBBC11D013,1
CC_17BEEAE61730,2
CC_17BF75201B0D,2
CC_17C7BCC5D5CD,3
CC_17C8FEAFF008,1
CC_17CFE9DAFD88,3
CC_17D38C9F9B68,4
CC_17D668E10629,4
CC_17DA3B3F1CDE,3
CC_17E01AA535AA,4
CC_17E219996E37,4
CC_17E5F0C86591,0
CC_17E600262194,1
CC_17E640DBDCD1,2
CC_17E70DE5F836,3
CC_17EA4CC14991,0
CC_17EB4BD92215,3
CC_17ECFD71BD5E,4
CC_17F5637F898F,2
CC_17F93BAEF85F,4
CC_17FDB57898C0,1
CC_18011AF40048,0
CC_1801B6575637,0
CC_18039BFAD7A0,2
CC_180CA9E5A190,3
CC_180DFC2D308A,3
CC_180E7DFBCD07,3
CC_1812D35B9ECF,0
CC_1813AFB87DD6,4
CC_181586F907D3,1
CC_181678E15F5E,2
CC_18171AE068A9,1
CC_1818710412D6,0
CC_1819C03F5E8F,3
CC_1819E7B2CDCF,3
CC_181A8F7944E4,3
CC_181F8E1AC131,0
CC_182169DF8906,0
CC_1821C81ECDB8,3
CC_182995DFDD2A,1
CC_182CFC8D3BF4,3
CC_1835A8F76E6C,2
CC_1839CBB99C84,3
CC_183C6E7032A6,2
CC_183D79E943D0,1
CC_18419F2103AD,3
CC_1844630EFED5,3
CC_184943D35901,3
CC_1849FC26DA7D,2
CC_184DEF204BC7,2
CC_185284EDB3A2,0
CC_185513F1CD1D,3
CC_1855A8EBFAA4,4
CC_18577D824B22,4
CC_185B8665ACB6,0
CC_185D3BF329A9,3
CC_18603F631913,1
CC_186043FAE562,0
CC_18643033753F,4
CC_1864553AEC84,2
CC_1864B7C28F43,3
CC_1865A113CA23,4
CC_186AE12E3511,3
CC_186B2F4802CE,4
CC_1872AA689A6B,1
CC_187689226839,3
CC_187E4BF5011A,4
CC_187F2C5850B5,2
CC_188173AAC13F,3
CC_18838D77BBF0,4
CC_1889834DC58E,3
CC_188A4A45D422,3
CC_188C09EF5644,3
CC_1896E7EDF7B4,2
CC_1898F4055E7E,2
CC_189924959EF2,2
CC_189BD765FCF0,1
CC_189F55C46D4F,0
CC_18A01001B2CF,1
CC_18A674FFA1A5,2
CC_18A8134AA438,0
CC_18B37DBC8B21,2
CC_18B7341C8C38,0
CC_18B9A2844B0B,1
CC_18BB2CA33A88,1
CC_18C2A0FF06AD,1
CC_18C562BF7AD8,3
CC_18C75530CAB7,2
CC_18C7E27F15FB,3
CC_18C9329187F9,2
CC_18CDA652DCEF,1
CC_18CF39CD51AC,4
CC_18CFE9E3FE4F,4
CC_18D7BF6DAD87,0
CC_18D94C67BB11,4
CC_18DF58701249,3
CC_18DF6410F3AB,1
CC_18DF69A4E7BE,4
CC_18DF6B69A23F,4
CC_18E19182734B,3
CC_18E6ADDC179B,2
CC_18E9B8D4C5E7,2
CC_18EB14ECD2F2,3
CC_18EF14803233,4
CC_18EF36E2DD0C,1
CC_18F15E43D49B,2
CC_18F226839EB6,1
CC_18F25AE727FC,4
CC_18F2B020DA16,1
CC_18F7496F38AD,1
CC_18FA9E29C921,0
CC_18FABCD53DDA,4
CC_18FABCED87CA,0
CC_190031EE9CCD,2
CC_1901AA2EF4F4,2
CC_190566FDAF17,0
CC_190860AE04F3,0
CC_19095A8EAE17,0
CC_1909C3BA4229,0
CC_190C25E2B3F0,0
CC_190C74F4D22F,0
CC_190EC23791F6,4
CC_191400E8008A,1
CC_191A151BD37C,0
CC_191C506C298E,1
CC_191D1A6B3186,1
CC_19210DCEF0F2,1
CC_19222E2C0DB4,0
CC_1922D82CDFF6,4
CC_192676D72F5C,1
CC_19278A207D06,1
CC_192F132AB91B,3
CC_1930E300C998,2
CC_1931B56981D1,1
CC_1934936E7CEA,0
CC_193BEEE99DA1,4
CC_19424EEF1091,4
CC_1945DF9D2FD4,1
CC_19473D276C90,0
CC_19479222395F,1
CC_194959924052,4
CC_194CBA473775,4
CC_19509891A8FE,2
CC_1952C6D8A589,2
CC_1957B79D84BB,1
CC_195C743A58E5,2
CC_195DC0EFA4A2,1
CC_195DDC1EEFA7,1
CC_19621EA1596E,0
CC_19628798B10D,1
CC_196446663E5A,2
CC_1964F541E7E6,2
CC_1965B62D7973,4
CC_196D47CFCF9D,0
CC_196E25BA62DF,1
CC_196EEEEE1126,3
CC_19702F70CB08,1
CC_19729DCB10AC,1
CC_197650EE73B4,1
CC_19776B52A88A,2
CC_197872381F3A,2
CC_197D693D8B90,4
CC_197E99BFDBC6,1
CC_1980BFABDAA8,4
CC_1980CB6EA740,1
CC_198508A34CD2,4
CC_19890CB2946C,4
CC_198AF0286910,2
CC_1992FCA287D7,3
CC_199525A68429,0
CC_199652AA7F57,2
CC_19990844E995,0
CC_199BC1766965,4
CC_199EC9028A30,2
CC_19A572959439,0
CC_19A69CA72B71,2
CC_19A92547B654,0
CC_19A95B80DF47,3
CC_19AA09B0D092,1
CC_19AB2A0D3CDB,1
CC_19ABECA50DA5,4
CC_19AE09DAA0A5,1
CC_19B0492C9E4D,1
CC_19B5F5CC68AD,1
CC_19B694093372,2
CC_19B7800215DB,1
CC_19B7EFD2079F,0
CC_19B9F002B564,1
CC_19BC31855A4D,2
CC_19BEF65895DF,2
CC_19C03AB9E718,4
CC_19C3BA93974D,1
CC_19C4150DC45A,1
CC_19C4C0BA164B,4
CC_19C5E7B45490,0
CC_19C94A14E675,3
CC_19C9D19187C5,2
CC_19CB83CF5CFE,1
CC_19CCE9B2E0DD,4
CC_19D177487556,0
CC_19D227D19A46,1
CC_19D518F4E91E,1
CC_19D6E65F6E34,4
CC_19D6F436786C,3
CC_19D8B10CE2DC,1
CC_19D998A7AE01,4
CC_19DAD7CC7D92,4
CC_19E1F32DCD4A,1
CC_19E40985D140,0
CC_19E4A95AB559,1
CC_19E57654200A,3
CC_19E88B987F3D,1
CC_19E8A7121582,2
CC_19E9BCE7AF2F,4
CC_19ED71F17BDB,2
CC_19EE9D69DE4D,3
CC_19F62C6FDEFF,3
CC_19F84E5485AC,0
CC_19FAEC726A1E,0
CC_19FBCD2236A6,3
CC_19FFFA2F389B,4
CC_1A00C5172564,1
CC_1A082A5E9F40,0
CC_1A0A733E9AC1,1
CC_1A0D69EDDD9A,0
CC_1A0E77F720D1,4
CC_1A0F71FDC5B5,0
CC_1A0FDF12F73D,2
CC_1A14F6FD6839,2
CC_1A155FB2E32A,3
CC_1A15B85CCE76,1
CC_1A19554D7A5C,3
CC_1A1ED6FA6023,2
CC_1A21540487E4,3
CC_1A229E1201B1,4
CC_1A2442A96D38,3
CC_1A27626F71B8,4
CC_1A28CFB1ECC2,4
CC_1A2A569AD8A9,0
CC_1A30A3D9882B,2
CC_1A321370649A,2
CC_1A327A5DCBE3,0
CC_1A339BD4EAFE,3
CC_1A3537C42FB2,1
CC_1A37C49DCD08,0
CC_1A37D8304BA3,1
CC_1A37DF2A8555,3
CC_1A3814F151A6,1
CC_1A395F80789D,4
CC_1A39C62C1F81,3
CC_1A3BB6A0EC59,0
CC_1A3CB861C858,3
CC_1A3DD09423E9,2
CC_1A3E5853EB45,2
CC_1A4532065915,2
CC_1A4655E2CEE9,1
CC_1A4C3F45967F,1
CC_1A4C8C8CE3C2,2
CC_1A4CB8B3A07E,2
CC_1A4D35CA5B05,4
CC_1A4F33E80088,2
CC_1A5F2FE96588,4
CC_1A60016724E8,3
CC_1A6585F8D1B7,3
CC_1A6C270755EF,0
CC_1A6DF849A4D4,4
CC_1A6E18CDE2B2,2
CC_1A6E766DB8DB,2
CC_1A74730D373A,3
CC_1A76BCCFE926,4
CC_1A7F79B4D71B,4
CC_1A80F8F983EA,2
CC_1A818ACAE7A1,4
CC_1A81BBFCDABF,0
CC_1A83FCF17BBB,4
CC_1A8655A98772,2
CC_1A87F541E6C1,2
CC_1A8A3B12E637,3
CC_1A8E7F2B9B30,3
CC_1A9741A39120,1
CC_1A975CCE258C,0
CC_1AA01D0FC096,2
CC_1AA3607A3595,1
CC_1AA478B47975,4
CC_1AAB5E683C38,2
CC_1AAFD4A3C343,4
CC_1AB2A03E7293,0
CC_1AB2BE482BA6,3
CC_1AB541744EC8,2
CC_1AB5C10B182A,4
CC_1AB7222325D3,1
CC_1AB9733B7D15,0
CC_1ABAC70A45D7,0
CC_1ABADE99C4D9,4
CC_1ABB1B657CEF,2
CC_1AC042FBB2CE,1
CC_1AC1BACC7048,0
CC_1AC28CC264DB,3
CC_1AC7CDEFAA29,0
CC_1ACB5CBA5DD7,1
CC_1ACF4A50A518,4
CC_1AD1251BCEEA,4
CC_1AD1FCB402D5,4
CC_1AD3009DF349,0
CC_1AD560D0207E,1
CC_1AD7258DB0BA,4
CC_1AD90D6BD8CE,1
CC_1AEA3B5C9C22,4
CC_1AEB8B8BA3A1,3
CC_1AEBCC6D05ED,2
CC_1AEE1FBDE3BE,2
CC_1AEEF4407871,1
CC_1AEFB16FC4F3,2
CC_1AF286009C42,4
CC_1AF2E34ECA49,4
CC_1AF3050772E3,0
CC_1AF5AFB8B96D,3
CC_1AF6C6526D8B,0
CC_1AF9DBF012A7,4
CC_1B04FD2B0280,4
CC_1B0974469CBE,4
CC_1B127DB9A215,4
CC_1B13477CEE1A,4
CC_1B13CDD1396A,1
CC_1B17F295EAD2,2
CC_1B1BD4A6C87D,2
CC_1B1F445D0EDF,3
CC_1B22D7B69AA7,4
CC_1B268DB2154D,4
CC_1B2F05DBDA17,1
CC_1B2FE79E1A8B,0
CC_1B30BDAB93A8,1
CC_1B30E4FE38F9,0
CC_1B323878CA09,1
CC_1B3636E27BC9,2
CC_1B378328B60A,2
CC_1B384762E333,0
CC_1B38B2E06884,1
CC_1B3DD9F84C03,1
CC_1B413C6DD25A,0
CC_1B42056A8516,1
CC_1B425FC7CA76,1
CC_1B4535794A2E,4
CC_1B463542895D,1
CC_1B47A8ECDC57,2
CC_1B48B416A9CB,2
CC_1B4A4FE210A1,1
CC_1B4A7DBF169E,3
CC_1B4BE3C64DCF,4
CC_1B4DA480F7E1,1
CC_1B4F584028D7,2
CC_1B568727E99C,4
CC_1B5794AF5C2F,0
CC_1B6862AC0435,2
CC_1B695110CF89,0
CC_1B6A856AC22C,2
CC_1B6AADFAAE15,0
CC_1B6CE934C040,2
CC_1B6D0D356C2A,4
CC_1B6EBAA837D7,2
CC_1B722BCA9A0F,3
CC_1B769D8D3C93,1
CC_1B7A6D84C360,0
CC_1B7AD26997BF,1
CC_1B7ADDC8C3DE,2
CC_1B7F1C614873,1
CC_1B835A381DD4,0
CC_1B846908040A,4
CC_1B85631B1B85,4
CC_1B86DB009EC5,4
CC_1B8B73228B49,1
CC_1B90A730E2E7,4
CC_1B92A804231B,3
CC_1B96D8A25FEF,3
CC_1B9AD019D70E,4
CC_1B9E47550A76,4
CC_1B9F3FD1DCC3,4
CC_1BA222D37C26,0
CC_1BA2A29E4099,3
CC_1BA612C5D39D,3
CC_1BA637DC935A,0
CC_1BA66F88C2BA,2
CC_1BA858969003,3
CC_1BAD0EDDDABA,0
CC_1BAD5E25B4A6,1
CC_1BAE0B0129B7,1
CC_1BB0FD0704CC,0
CC_1BB30873D598,1
CC_1BB3AB7778FD,3
CC_1BB64A789734,4
CC_1BB88A31A302,1
CC_1BB8E65BDB1D,2
CC_1BC199896CE6,2
CC_1BC1BFC055D7,3
CC_1BC7927C384D,3
CC_1BCFD6400922,0
CC_1BCFDAABBD5A,4
CC_1BD0D966EABF,0
CC_1BD1CBB5F6B6,1
CC_1BD230EEDEE1,1
CC_1BD29429A8BA,1
CC_1BD6A6415128,1
CC_1BD8C067AC00,2
CC_1BE17818B073,4
CC_1BE9AD4129A7,2
CC_1BF52E3D356E,3
CC_1BFA9894914A,4
CC_1BFCECB55762,2
CC_1BFD67B0F3EB,2
CC_1C016356ADF8,2
CC_1C0169FCC6D8,4
CC_1C04BACB4AA0,2
CC_1C0E6587E3D0,1
CC_1C12FAA2B9DE,0
CC_1C142DF36125,3
CC_1C14CB6FC1EB,3
CC_1C150063B6A2,2
CC_1C1627043062,3
CC_1C19AEAD7B89,2
CC_1C232A60EC54,1
CC_1C29F3B91939,3
CC_1C2FD2977E7D,4
CC_1C2FE73AA7C7,0
CC_1C33E54AB478,0
CC_1C38241C0879,2
CC_1C38D5C69825,3
CC_1C3D0DEB54AE,3
CC_1C3D3D5E53D5,4
CC_1C45A75657AC,4
CC_1C4645874705,1
CC_1C467B0A856A,4
CC_1C47CB284724,0
CC_1C48FAAE9DBA,3
CC_1C498EEA29A3,4
CC_1C49DBD4DE22,2
CC_1C4D52A9781B,2
CC_1C4E81F63954,0
CC_1C5201138AB8,0
CC_1C55455A28E9,2
CC_1C5D53BA1D5D,3
CC_1C5DCE83EF8B,4
CC_1C5E4AB957B1,1
CC_1C5EF260F105,2
CC_1C648EB2BDFE,1
CC_1C693DC59C67,3
CC_1C699D6061FF,4
CC_1C6CB44F621F,3
CC_1C711833A2CE,1
CC_1C71475ADF47,3
CC_1C71F8A0D7DA,1
CC_1C726E01A768,3
CC_1C74128FB540,2
CC_1C750887B0FA,3
CC_1C7598ADAC2B,4
CC_1C77F22D252A,3
CC_1C785B7D692C,2
CC_1C7968C9CBF6,4
CC_1C7A7F35636A,2
CC_1C7B7D263071,0
CC_1C7CFB9C25CC,2
CC_1C7F040309D5,1
CC_1C803EF71320,1
CC_1C8788FEAB14,0
CC_1C923ABC4A40,0
CC_1C927DBF5664,2
CC_1C968B940C27,1
CC_1C97C4D04EE7,0
CC_1CA75BDAB19B,2
CC_1CB0F472D3E3,4
CC_1CB1ABE71447,0
CC_1CB640F04905,4
CC_1CB9CC14D541,1
CC_1CBDA6932297,0
CC_1CC02E6B2BC0,0
CC_1CC05ED757CF,1
CC_1CC1688EF86F,1
CC_1CC24CCD8EA6,3
CC_1CC31FC9F17E,1
CC_1CC3724C6A73,3
CC_1CC6FE2943F5,2
CC_1CC955DF4261,3
CC_1CCC6521B703,4
CC_1CCDB066409A,4
CC_1CCE5774C4C3,2
CC_1CD04E1A9A19,4
CC_1CD1955096B6,1
CC_1CD484908C24,3
CC_1CD58E605B6A,2
CC_1CD782D4E88C,4
CC_1CDD67E741A8,2
CC_1CDE2D8DA412,1
CC_1CE15C1420C9,1
CC_1CE21D890D14,2
CC_1CE3018B8C4A,2
CC_1CE3C07F7287,1
CC_1CE710C3EDB3,1
CC_1CE7F1BC2490,0
CC_1CE94D699AC4,4
CC_1CE968B29D10,2
CC_1CED28E9E20C,3
CC_1CEF5BB9E012,0
CC_1CF39E31CC06,3
CC_1CF3D6C5549C,4
CC_1CFAA25E3CC3,0
CC_1CFAB816C524,1
CC_1CFBF4621147,1
CC_1CFD3C8EAE56,3
CC_1D036D48AC84,0
CC_1D0403EB76DE,0
CC_1D0CCCD3B459,0
CC_1D1004C36A9B,1
CC_1D105FFF04C6,0
CC_1D1206457A72,2
CC_1D14F52EB1D8,4
CC_1D18C4F1B7E2,1
CC_1D1A2CB32C58,1
CC_1D1B1409BFA5,3
CC_1D1D14F1F3BC,4
CC_1D1E836A1BAD,3
CC_1D1EAABD0A63,3
CC_1D21349FBB77,3
CC_1D23C697E3C6,3
CC_1D352DB4EA39,4
CC_1D373F122292,2
CC_1D37F7CFF4EC,0
CC_1D387E4ACF08,3
CC_1D3F692CD3BC,0
CC_1D407FE368F7,1
CC_1D43D00A839A,3
CC_1D44240E3D65,4
CC_1D46114660FD,3
CC_1D4616E35636,4
CC_1D4B5C026CDE,2
CC_1D4E2B4265A1,1
CC_1D4EFF51B62E,1
CC_1D4FE8935550,2
CC_1D511179C7B8,1
CC_1D5300A74CDF,1
CC_1D54348DD64A,4
CC_1D55F1A20186,1
CC_1D5A2B7C949A,0
CC_1D5C4175E1EC,4
CC_1D634E45B711,2
CC_1D66C464D3C5,0
CC_1D6C0CB5A912,4
CC_1D706DB9372A,3
CC_1D70D9F366ED,1
CC_1D748F14D8DC,4
CC_1D750B7BDBC0,3
CC_1D7A0254D9BC,2
CC_1D7BB18CCB0E,2
CC_1D7C63A1B30B,0
CC_1D7D2DA61007,3
CC_1D7D635F85DA,4
CC_1D7EBDCD6664,4
CC_1D7F3F0425E5,4
CC_1D8739DCE2DF,1
CC_1D8B8D927F9D,2
CC_1D8CDF8395D9,4
CC_1D8F0E48DE0F,2
CC_1D93427FA492,1
CC_1D953F67D7E7,3
CC_1D95D3BFED21,2
CC_1D9A5DFA8A67,3
CC_1D9ADEF0082B,0
CC_1D9AE24E86D2,3
CC_1D9DBCE66B8E,0
CC_1D9DD0D68440,3
CC_1D9FD8410D50,1
CC_1DA16283D8B8,4
CC_1DA42218836B,0
CC_1DA524CA3694,0
CC_1DA68D6D714C,2
CC_1DAA787C3141,1
CC_1DABA317BDC8,0
CC_1DAC4A52F0DF,0
CC_1DB039FB4B48,1
CC_1DB10E053F44,4
CC_1DB13AECCA12,4
CC_1DB1848BD5DB,3
CC_1DB22C2AA2EA,2
CC_1DB3B9138C36,3
CC_1DB3F481708F,4
CC_1DB5708714DC,4
CC_1DB9E13DC43D,0
CC_1DC02C3F3709,0
CC_1DC1F2138AC7,1
CC_1DC25DB67146,2
CC_1DC6B579623B,4
CC_1DC9FC153C88,4
CC_1DCA2E01452C,4
CC_1DCD4E3872B1,1
CC_1DD4D10355DA,4
CC_1DD99731DC9A,2
CC_1DD9AB375289,4
CC_1DDA9C8B0BEB,2
CC_1DDB1B3F56E5,0
CC_1DDC5C8B90A1,0
CC_1DE868463EE2,3
CC_1DE96AACCA07,1
CC_1DEC251037C4,3
CC_1DED2B19B84A,3
CC_1DF38CFD45EC,3
CC_1DF43A4F53FA,3
CC_1DF49A358390,1
CC_1DF629D5FB45,4
CC_1DFC79E4B025,4
CC_1E09EC255525,3
CC_1E0A10C84B02,2
CC_1E0BB8D9AEDC,1
CC_1E0D4B42B5BE,0
CC_1E0DF34EEB9A,0
CC_1E0FD8D67C2C,4
CC_1E1319C33263,3
CC_1E147AD49AC2,4
CC_1E1563775447,4
CC_1E15E789530D,4
CC_1E193B1E4F73,2
CC_1E1A7F3990E1,0
CC_1E25053EA6C0,1
CC_1E2807FE382F,4
CC_1E28B8BF4E7D,4
CC_1E3139CFD4E6,2
CC_1E3344F5961E,1
CC_1E37B7DF9AA1,2
CC_1E38A8428345,1
CC_1E3D47C998B0,0
CC_1E3E913D3F6B,1
CC_1E407FC46083,2
CC_1E434148148A,2
CC_1E437F2441EB,4
CC_1E47AC0BF7A8,3
CC_1E4CE5C0304F,4
CC_1E4E51663CEA,0
CC_1E4FD79B23FD,3
CC_1E557BAD34EB,2
CC_1E5AF197EDD2,2
CC_1E5C9A7E1C5F,1
CC_1E5F1A391B5E,3
CC_1E6123D8681F,3
CC_1E61A3F050D8,3
CC_1E6295101525,3
CC_1E65FA977578,2
CC_1E67D2F178ED,1
CC_1E689D3FB63A,4
CC_1E6B983E8BBB,2
CC_1E6D91C8A738,4
CC_1E6EFDF16442,4
CC_1E72406B5D4A,0
CC_1E73573DD99E,0
CC_1E7DA7CA5D1D,4
CC_1E7F2BE48184,3
CC_1E806FAFA344,1
CC_1E808AD36DB7,4
CC_1E80B20DC38F,2
CC_1E813510217F,0
CC_1E82E6604B6A,0
CC_1E85811D458A,4
CC_1E8685B6E519,3
CC_1E8A54431BE9,1
CC_1E8AD307DB07,2
CC_1E8D1639DDA6,3
CC_1E926941D88C,2
CC_1E9275410F48,1
CC_1E93645AF89B,0
CC_1E93B9573B12,4
CC_1E95FC262FAE,4
CC_1E9C3AD36E86,1
CC_1E9F9C201555,4
CC_1EA93A002EF1,2
CC_1EAB6A01C7CF,2
CC_1EAD91974876,1
CC_1EAFF0DA3CBF,3
CC_1EB6D069D939,1
CC_1EBAA8FCC27C,1
CC_1EBC79B8BEA6,1
CC_1EC32911B378,4
CC_1EC418951EBA,2
CC_1ECCA97D8C88,1
CC_1ED067600D1D,1
CC_1ED0B593EBC3,4
CC_1ED3534362AC,0
CC_1EDAFDD3ADFF,4
CC_1EDFD1A3E2F4,1
CC_1EE243950A56,3
CC_1EE58509238F,2
CC_1EE80EBCE992,0
CC_1EECF367D8A2,2
CC_1EF278ECBC1E,0
CC_1EF50597EDDF,1
CC_1EF65D591A9F,4
CC_1EF7190D0507,4
CC_1EF9A1E02505,4
CC_1EFD12935CAB,2
CC_1EFF2FE7356F,3
CC_1F02F0D99D56,0
CC_1F05008C630B,0
CC_1F0627CDC5F6,3
CC_1F0E9076D5A1,1
CC_1F10F2A71CBA,0
CC_1F125DEF3CA6,3
CC_1F13A20A085E,2
CC_1F1409EB933A,2
CC_1F149F24400D,4
CC_1F1EA99CDBAD,4
CC_1F1EEE7C60CC,3
CC_1F20615C8B10,4
CC_1F2282F5E1F4,3
CC_1F29D0D50AC5,1
CC_1F2CBC0CAB9C,2
CC_1F2E1F86776A,2
CC_1F2FCBDF6C9D,2
CC_1F31B43978DB,4
CC_1F320C1EA775,2
CC_1F32803A8234,0
CC_1F34BC9CECE7,1
CC_1F3AC04E1E2B,3
CC_1F3BD7D676E0,2
CC_1F3DABD38A88,2
CC_1F3DAD24490F,0
CC_1F3FE5B0C9F4,1
CC_1F4FE890B9C5,0
CC_1F5104DDB35A,2
CC_1F5591A8FA36,4
CC_1F59C5440ED5,3
CC_1F5AC0E2FD12,0
CC_1F5AD1253061,3
CC_1F5BB3599FBA,0
CC_1F5CAF3540B2,3
CC_1F5CE5DD38B6,4
CC_1F5DD044DE88,3
CC_1F5FFA5C92EC,0
CC_1F6D542ED5E8,1
CC_1F767493A6A2,1
CC_1F77F9C9362D,3
CC_1F7B619D5B4F,1
CC_1F7E78540FFB,0
CC_1F8217E9944D,0
CC_1F8476D620F0,4
CC_1F85F7109574,1
CC_1F8A1B7DCDFE,4
CC_1F8D339D00F9,1
CC_1F8D43E83127,3
CC_1F8DE772840D,1
CC_1F8FEC34A35E,1
CC_1F917CF161A5,3
CC_1F92C1B2AF36,2
CC_1F9490050C3D,2
CC_1F962DF932F6,4
CC_1F9846333ED9,3
CC_1F987A174E09,4
CC_1F99161DD3B3,3
CC_1F9C08A298EC,2
CC_1F9F9D8F0DD9,0
CC_1F9FAD0B9203,0
CC_1FA2F2F2B3A0,1
CC_1FA3E8AC2541,4
CC_1FA8DA3407FC,2
CC_1FA955880003,1
CC_1FAB80D863C5,1
CC_1FABEA2A58D2,4
CC_1FAFA931DB26,0
CC_1FAFE3FE0C60,1
CC_1FB1F1B80F73,4
CC_1FB3725D2DD8,3
CC_1FB3920ED9D5,0
CC_1FB797C72F4C,4
CC_1FB7DC324B94,3
CC_1FB8192057C2,0
CC_1FB89F59EDD7,3
CC_1FB9321E859C,0
CC_1FBD050A2F39,3
CC_1FBDF2579162,3
CC_1FC7125949E2,4
CC_1FCB0FC5F00A,4
CC_1FD0368A2FFB,2
CC_1FD5AC7FC5A5,2
CC_1FD616389FA1,2
CC_1FD781CACEC3,1
CC_1FD7E0D834DD,2
CC_1FDAC10C295A,1
CC_1FDB151460FB,4
CC_1FDE6C0676DC,4
CC_1FDF20B0FAD4,4
CC_1FE1E8319E6B,1
CC_1FE4E5750A66,2
CC_1FE8C2CADEAC,3
CC_1FE92B0D645A,1
CC_1FE968215AEA,1
CC_1FE99D0E97F5,2
CC_1FEA6E1495F8,1
CC_1FEB4570D7F1,0
CC_1FEF5F2CDEC3,2
CC_1FF076F0467E,1
CC_1FF292C75CEC,0
CC_1FF31863DCE1,3
CC_1FF4FFD4CDBC,0
CC_1FFBE04350DF,2
CC_1FFD95DFC8E9,2
CC_1FFE0E84D36A,3
CC_1FFE714FBD2C,0
CC_200032C54822,4
CC_20019BC8FE80,3
CC_2008DF550109,3
CC_20099356CE1F,1
CC_200D84BC64D8,0
CC_200EF2088D3D,1
CC_200F3BBE385C,4
CC_2014DB713299,1
CC_2017EB7EA158,4
CC_201DF9E6B716,1
CC_202271FA045F,2
CC_2023AF0ABF64,3
CC_2026A3E3C1BE,0
CC_2028BCB30486,1
CC_2028BDCE02E2,2
CC_2028DD9EC4B2,2
CC_202C46691B4C,4
CC_202ECAB5E84B,3
CC_20303CC1E1F8,3
CC_2031148E8CA1,1
CC_20378CA3C370,2
CC_203A83262DDD,3
CC_20409D70102E,3
CC_2041C9E487C3,4
CC_204A49EEC5D9,4
CC_204B66ECD9A7,4
CC_204B8B819330,3
CC_204BE6BFD249,4
CC_2057AD62988E,0
CC_205B58F43C8C,1
CC_205C1A2DE4D8,4
CC_205DA36FD8D6,2
CC_205E92D88AAE,2
CC_205FB9359E63,2
CC_205FE05E1292,3
CC_2062A498D749,3
CC_20630566D53E,3
CC_2063E0E306C5,1
CC_2064B7328F7B,0
CC_206652B1A41C,3
CC_20669136053A,2
CC_2068E5F2D8B2,3
CC_206EBE676C8C,3
CC_206F97C70905,1
CC_20721922173C,0
CC_20764086BF21,2
CC_20780D975D9A,4
CC_2079F44E7E55,0
CC_207B338F0553,3
CC_207E090B1906,3
CC_20807031E815,1
CC_20838473746C,1
CC_20891E5B3E3D,1
CC_208955DF9998,4
CC_2089DCD66FAF,3
CC_208C54728372,1
CC_208CC01F03EA,4
CC_208E10957E07,4
CC_208ECBDFA861,4
CC_2094211C837E,0
CC_209A6A3504F1,1
CC_209DB4316B07,2
CC_209DFC9AD1D0,1
CC_209FBC9C01E3,1
CC_20A3937D5C27,2
CC_20A7C39942DD,4
CC_20A7CEB6C06D,1
CC_20A81A33F0CE,2
CC_20A82C27D7CD,2
CC_20A937AA66AD,2
CC_20A9DD565105,2
CC_20AF6B29EB50,0
CC_20B68F536BCD,1
CC_20B9BBCB44F8,0
CC_20BB38933A1E,3
CC_20BC64C53D32,1
CC_20BD1AB1A5C0,3
CC_20C5B222E13F,2
CC_20C6424F9F29,4
CC_20C81144A8B9,1
CC_20CC3AC49BAE,0
CC_20CDF4280350,2
CC_20D0863B2D98,3
CC_20D31679748B,4
CC_20D52A0D8C45,4
CC_20D55E5D2E23,3
CC_20DCA7201985,0
CC_20E9A35E2A3C,4
CC_20EBDF15BEDC,4
CC_20EC737AA677,0
CC_20ED65E842C2,2
CC_20EEAA6337A9,4
CC_20EEE4DC1CA3,4
CC_20F1EF98C18A,1
CC_20F278DD6E93,2
CC_20F5392A5A43,4
CC_20F53E719796,1
CC_20F5A5512CB3,2
CC_20F8FCCE1271,3
CC_20FB74800048,0
CC_20FC0CA55216,3
CC_20FD5BD6BF94,0
CC_20FDF7D6ADCD,4
CC_20FF7A58F2BA,4
CC_2103EB67FBE1,0
CC_2107826FF69A,1
CC_210D680D34D8,1
CC_210E413FB570,0
CC_210E61930CEA,3
CC_210ED3E18ECD,4
CC_2110C6A03D5B,1
CC_21180ECF44C8,2
CC_2118101018F2,3
CC_2118A787AD98,1
CC_211D25A5026D,1
CC_2122AFAAF6BF,2
CC_21251EACBABC,2
CC_21264740E8AA,2
CC_212850705C79,4
CC_21288F20AB5C,0
CC_212AC06C4124,4
CC_212EF0198A98,0
CC_212F0F692558,0
CC_212F29739D3A,3
CC_2131E03A042B,3
CC_21324F188B33,1
CC_2137EC819214,1
CC_213AE4C7862C,0
CC_213EFAA494B8,1
CC_214312AE40D7,1
CC_2143E4A4204E,0
CC_2144853CCB49,4
CC_21454CC601DF,2
CC_2148AA887D2A,2
CC_2149B7281185,0
CC_214B722F696C,2
CC_214DB932FE6A,4
CC_214FA8638337,4
CC_214FE751427E,0
CC_21500B512B05,0
CC_2152AACD0C46,1
CC_2155AF9779AF,3
CC_2156A617F0CB,2
CC_2156B4F4B46F,4
CC_2157678F4B81,0
CC_2159E74C0CBA,0
CC_215BD55D5B15,3
CC_2163123B26E7,4
CC_2163CC007344,4
CC_2164687A4160,2
CC_216B1FCCF4DC,4
CC_216B785BAD1D,4
CC_217039EC9749,3
CC_2170D755211F,4
CC_21711D263CE9,0
CC_21726471C375,3
CC_217282C45B59,0
CC_21728C314286,4
CC_21733FBFBDBE,3
CC_21780BC92080,1
CC_2179A9EDE528,1
CC_217AB78E7236,4
CC_217B65E406C7,1
CC_217CC63BAA6C,3
CC_21838C358A6C,2
CC_21851636675A,3
CC_21855559D132,3
CC_218DC9395EF2,2
CC_219269B49CB3,3
CC_21926F47C351,3
CC_2195CE065C66,2
CC_21965020AD4A,3
CC_219AC744A11E,0
CC_219C9D7DF815,0
CC_219CE7495255,3
CC_219DED6350D0,0
CC_21A3351FE1AE,1
CC_21A546DEC374,4
CC_21A5D239CDE9,3
CC_21A6D9D4FDB1,2
CC_21A89649CCF5,2
CC_21A896B80CFE,3
CC_21AA779A5D8A,2
CC_21ADE6707187,0
CC_21B13505C938,1
CC_21B3ED21813C,4
CC_21B653FB16D2,4
CC_21B6CCC1C3B6,3
CC_21B724D175D1,4
CC_21B7A75D167B,1
CC_21BD0D18BE4A,2
CC_21BDD0B68B24,0
CC_21BEB9EDB6D1,2
CC_21BF36354D49,3
CC_21C22724E6EA,2
CC_21C48EB3B38A,4
CC_21C7131815A0,3
CC_21C767821C93,0
CC_21CA7422A9CB,4
CC_21CC7E487903,4
CC_21CD80E44241,0
CC_21CDA245627F,4
CC_21D04C22164F,0
CC_21D53BB53093,0
CC_21D6A8F9A98F,3
CC_21D7D9A19BD3,4
CC_21D86BEBCE33,2
CC_21DBF7EDC14A,1
CC_21DE68BCC91E,2
CC_21DF6366867F,3
CC_21E28159461B,3
CC_21E3553C4619,3
CC_21E494391B02,1
CC_21E55A40BF1A,2
CC_21E789155746,3
CC_21EF1547F241,4
CC_21F07EC3C95E,2
CC_21F12179FBA8,1
CC_21F169EB32E5,3
CC_21F22478728B,2
CC_21F3767B8879,4
CC_21F8B69E946B,0
CC_21FBB31C726F,3
CC_2200FB275AA5,3
CC_220166604357,0
CC_2201F7C0053D,0
CC_22039E5A4331,1
CC_22039F190CE4,1
CC_22057AE6D549,1
CC_2206B904EA42,0
CC_22094EC1E195,1
CC_220F08B6CFA1,3
CC_220FC8974CD8,0
CC_221451FB20F8,0
CC_221945FD349F,4
CC_221E25971CA2,0
CC_221EE654B08B,2
CC_221F192C6A67,1
CC_222080658F83,0
CC_22258C34437A,0
CC_2226A81576E8,3
CC_222F384DDFA9,2
CC_223032E8D58C,4
CC_22312D15D5FC,0
CC_2231DAF1F64C,4
CC_2235DD5D1E61,1
CC_22377A2BB9A7,4
CC_2238E273688D,2
CC_2239334B3843,4
CC_223D0C1DD4A2,0
CC_2243A27FA050,0
CC_22447ABE57CF,0
CC_22455A468DF4,2
CC_22485F43383E,2
CC_224DB822807F,1
CC_22522740EEBE,0
CC_22545ECFF107,4
CC_2255D632C667,4
CC_2255DF88423A,1
CC_22569309D6AE,0
CC_22587A871D09,4
CC_2258F6153975,3
CC_225B5306EB5E,3
CC_225DA1D32137,1
CC_225F77DD5E84,1
CC_2267E7AA622D,3
CC_226ED7DD9790,0
CC_226F71C1F379,0
CC_226FB5B25B38,3
CC_22702303A756,3
CC_227BD0C18004,4
CC_227D6128B629,1
CC_227F834492D1,0
CC_228183FC1BE7,0
CC_2285EC46E015,4
CC_2286AEDF1B6D,3
CC_2287380F42CF,0
CC_2288AAFC3096,3
CC_2289B4075197,2
CC_228C4B27ED4D,2
CC_228EB8610083,1
CC_228F0791CEB1,2
CC_2292F14C75DA,0
CC_2294C95C99D6,2
CC_22952E53DFFD,3
CC_229579AEC296,4
CC_2295BB880A8D,2
CC_2295DF480BCF,1
CC_22972964516A,3
CC_229F13978933,0
CC_22A07737CC3C,3
CC_22A2F3AFD164,3
CC_22A73DC9B70E,4
CC_22A74FB59C2E,0
CC_22A793350310,2
CC_22B0F05E1E38,0
CC_22B3F65AB5B3,1
CC_22B634E8A380,2
CC_22B7FC24B4B3,1
CC_22B8054F4E55,4
CC_22BA0909A3A9,4
CC_22BB1AB7E9B6,1
CC_22BCC469AD43,4
CC_22C4C82A80DC,2
CC_22C6EC3F5164,4
CC_22CBE3DFE89B,2
CC_22CD3112BA4B,0
CC_22CD9806D465,0
CC_22CF572AB801,3
CC_22D6FD0FE65C,3
CC_22D78A2DCB9C,0
CC_22D7F0BD7A9D,1
CC_22D9BCF6DBDC,0
CC_22DE8FB43F1B,2
CC_22E096979926,4
CC_22E103DE4653,3
CC_22E7D0AF1793,0
CC_22EB9A8DFCD4,0
CC_22ECD701B7BD,0
CC_22EE3C02A84C,4
CC_22F5F39C5BFF,2
CC_22FDA4AFBD8B,2
CC_22FF3B52F71A,0
CC_2303286EFEC7,1
CC_23074E8BA7A5,3
CC_230796D6D8FF,4
CC_23099BF68B95,2
CC_230ACF3C66BB,1
CC_230C07F49399,2
CC_230DADC95F8B,2
CC_230ED3DE71F4,1
CC_2315CD70BB0B,0
CC_23160ACBF7CE,1
CC_23167AB0E834,1
CC_231AEF78AE77,0
CC_231EC541BEA4,1
CC_231F10419507,0
CC_23207719B212,1
CC_23208472FFD7,3
CC_232190AFC280,4
CC_2322063E811D,0
CC_23231DE442E6,1
CC_2323F05618E0,2
CC_2324A3B4BB33,1
CC_232A14B55646,4
CC_232C4B8DA5DD,1
CC_232D4DBC1C87,2
CC_232F0B7FE6BC,0
CC_232F51D4B98E,3
CC_23363EDEA13E,2
CC_2336CE0444C2,3
CC_233D8C13A2AB,3
CC_234033EF9D06,0
CC_2341630EEE16,4
CC_234235C5E9E3,4
CC_23481C5B5AD9,3
CC_234ACA103944,3
CC_234C5F91450F,4
CC_234E23D3BD3E,2
CC_23503B15534B,4
CC_23517518D1CF,1
CC_2351C0E6FA16,2
CC_235420E0C400,4
CC_235428183C15,4
CC_23574AEE39A0,1
CC_23582812B8CD,1
CC_235A44F3B4C4,3
CC_235CAC896DE3,0
CC_2369F66A804F,3
CC_236AAA96F10D,1
CC_236AD1A02F3B,2
CC_236EC227D94E,3
CC_23704B843A19,4
CC_237477620B0D,3
CC_237E328DFB43,1
CC_2380E13FCF1B,4
CC_2380E6106CA6,1
CC_238473A12FA2,2
CC_238A9D1733BA,4
CC_238F2A38BE44,4
CC_23910D522F41,0
CC_2391F63E2402,0
CC_23932676B2F2,3
CC_2394FBD51F98,3
CC_23954A58109D,3
CC_23987E3B4FD7,3
CC_239B9E68E6A2,3
CC_239BAE0245A8,1
CC_239C3E46AFC8,0
CC_239D1812C3B7,2
CC_239D7F14584A,3
CC_239E825A6233,1
CC_239EDABF022C,0
CC_23A078EF09AF,1
CC_23A586A240D2,0
CC_23A860CD1553,3
CC_23AB9533EC0D,2
CC_23AC919CB701,3
CC_23B000E43E6C,2
CC_23B8458E9FED,4
CC_23BA23AE880C,0
CC_23BA242DC501,2
CC_23BC9C2CB726,3
CC_23BCA2CD1321,4
CC_23C061C22670,4
CC_23C2440218EA,0
CC_23C2C9F36CBC,4
CC_23D02AB672CD,1
CC_23D1A57C962B,0
CC_23D45AD79089,0
CC_23D7C30419E4,0
CC_23DBC4D13066,0
CC_23DD50CCC11C,1
CC_23DF58240E37,2
CC_23E0D80A29EB,2
CC_23E643B91BA1,0
CC_23E6DBC652B7,4
CC_23EC04E60D96,2
CC_23ED2BE043DE,4
CC_23EF24F1E915,3
CC_23F2B4230C8F,3
CC_23FC360E92BF,1
CC_2405AA521A50,0
CC_2405DFDF928A,2
CC_240FE4CB78F5,1
CC_2411C3EE7074,2
CC_241A0A329556,1
CC_241B3A36F24F,1
CC_241C29CBF1F6,2
CC_241C865337DA,4
CC_241D4B202BBC,0
CC_241DC555DC1C,0
CC_24201317B549,4
CC_2420AA2E5188,1
CC_2426A336B0C7,0
CC_2429AFE45C90,1
CC_242BC6B8BFA2,2
CC_242E8E5DA418,3
CC_242F424A6641,0
CC_243171B8CA10,3
CC_2434199B743F,4
CC_24372350AF14,2
CC_2440B0CCA9D7,3
CC_2440F3EBF3F7,2
CC_24415EEC9960,2
CC_2443152C408B,3
CC_244326C3BB3D,0
CC_2445B3B8CD90,1
CC_2447D2F0D8B8,3
CC_244C07CD329A,3
CC_244F5414BFE0,0
CC_245281812288,3
CC_2456D3FF106F,3
CC_2459275C3995,2
CC_246194E6E4B2,1
CC_24620D54F5E1,1
CC_2462DF555142,0
CC_246355004C22,3
CC_2465A6807AE7,4
CC_2465BF287730,0
CC_246BC3A1686D,2
CC_246E9DF98743,0
CC_246EA5EBDDF3,1
CC_247027865CBD,0
CC_2470BC812A77,4
CC_2472294A3C3F,2
CC_247305C5A63A,0
CC_2474D7707DA4,3
CC_24751A1FF879,2
CC_24761C8A8D96,1
CC_2477D8E2BF53,2
CC_247ADC8711EB,4
CC_247C26D6601E,3
CC_247F09EA67BA,0
CC_248144FC7729,2
CC_24824C8E55A2,4
CC_2487824C8AA8,3
CC_2489C59CAD7C,0
CC_248B621EB245,4
CC_248FE1579AA8,0
CC_24911396CD2A,4
CC_2492C1D817CF,3
CC_249304369E8B,1
CC_249544D86645,1
CC_249D28416011,3
CC_249D81D98B78,1
CC_24A4885A0DD4,4
CC_24A78357A380,4
CC_24A783E0C176,3
CC_24A8936F52DA,3
CC_24AD50D3B4E6,2
CC_24ADAF9647A0,2
CC_24B5CE1A12BF,0
CC_24BACE01E7E7,2
CC_24BF6CB0149C,0
CC_24BFD6A61077,4
CC_24C00AEA6A6D,0
CC_24C12E85D940,4
CC_24C1A54376BC,1
CC_24C2CDDA696C,1
CC_24C2E7F727DC,0
CC_24C451F2A2C9,1
CC_24C8006BE3BD,1
CC_24C93C84D93A,1
CC_24CBC6245141,0
CC_24CF07DCCACF,1
CC_24D06C8F5742,3
CC_24D1F1104DA7,0
CC_24D350DCEEBD,1
CC_24DAC334C20D,3
CC_24DB3CDE834F,3
CC_24DCDA3BFE0C,3
CC_24DDAB6E18AA,3
CC_24DE4C9FF9B9,1
CC_24DE5916BD73,2
CC_24E5E14AF447,0
CC_24E861B79F40,4
CC_24EA013F48E3,3
CC_24EABCE127AC,1
CC_24EC0F87FEE4,2
CC_24ED0B7CC71B,4
CC_24EF95E62485,1
CC_24F43C3E8C61,3
CC_24F642E4C202,4
CC_24F9A43D71B6,4
CC_24F9BBFA240C,2
CC_24FCD40E13F3,0
CC_24FF7B823319,4
CC_250022644488,0
CC_25002D753495,1
CC_250184F64FF9,3
CC_250EA45294EC,4
CC_25131F36BA74,1
CC_251340B2CD2F,0
CC_2517AEDC9E03,1
CC_251B6CFDFB19,0
CC_251C1ADBA18C,4
CC_25217FA1C70A,3
CC_252E4F68F117,2
CC_2532F88B3A5C,4
CC_25351934E42D,0
CC_253557711DFF,3
CC_2537600D3339,2
CC_253A8F1182EA,1
CC_253EEEAFB6A9,1
CC_25415D632E0A,4
CC_2544207E12F2,3
CC_2544FD655E88,0
CC_2546DBD47016,4
CC_2548F9AEF869,4
CC_25493C24906A,0
CC_254AA43FC3D6,3
CC_254BD69BE0FA,4
CC_254C91B8C6A9,4
CC_254E41844345,3
CC_2550388D1C80,1
CC_255727D9D0E7,3
CC_255C44D8BE69,3
CC_255CB66955D9,3
CC_255D0DFEE64F,3
CC_255D6209AE4C,0
CC_2561F3010933,0
CC_25640F1D8A83,1
CC_25645EC6975C,3
CC_256649392B12,0
CC_2566D2ED2760,4
CC_256AD0897EF4,1
CC_256FB3672C22,4
CC_256FC2A4ABB0,2
CC_2572DB3B8A63,0
CC_25775DE989EE,2
CC_257D6072424B,1
CC_25813BE16856,1
CC_2588449FA2B8,4
CC_258E445D9BC6,4
CC_258E6ADB5A20,0
CC_258F82EEFACA,4
CC_258F9C9EAC87,1
CC_259190FDAF4A,0
CC_259500EAD8B3,2
CC_2596B658D7C5,1
CC_25991C4AE162,3
CC_259A0E353B3C,0
CC_259BA9D9A9DE,3
CC_259C94EB066D,4
CC_259E661E64FD,3
CC_259EADFA7036,3
CC_25A0008825C6,2
CC_25A6A3411DF9,1
CC_25A6B90A9357,1
CC_25A6D11AA41D,3
CC_25A7E4DA2AF6,2
CC_25AA5DF3D3C2,3
CC_25AAB97E2EA5,0
CC_25AE49F72341,3
CC_25AE9BDA1E19,4
CC_25AFE73DB693,2
CC_25B3707689CF,3
CC_25B37DD22D59,0
CC_25B529052215,2
CC_25B7F7C2068F,0
CC_25BCC488515B,3
CC_25C6C4D97C56,3
CC_25C762466658,1
CC_25CC42473963,3
CC_25CF12A87690,2
CC_25CF2D0239E6,1
CC_25D113F668F5,0
CC_25D15362D590,1
CC_25D57FEB0F2F,2
CC_25D76EA2B29F,4
CC_25D7B9E9885C,3
CC_25D88EB4C8AA,2
CC_25DBA63AAA5B,3
CC_25E10FA8B099,0
CC_25E44FAF25DA,2
CC_25E4B4FDFB8A,4
CC_25E7FA839FC2,0
CC_25E8CB067D3E,1
CC_25EAF510F6DA,3
CC_25EE7627F924,1
CC_25F1DAA3C465,2
CC_25F1EDBB7C3C,1
CC_25F26315CE74,1
CC_25F614DBB4DE,1
CC_25F98117E888,2
CC_25FDDCE03904,2
CC_25FE8C033AF1,2
CC_25FEBF33FEE1,2
CC_260508E2415D,2
CC_260971CEA971,0
CC_2609EFF83144,3
CC_260A1B46268D,1
CC_260A435CC403,1
CC_261843E3F479,4
CC_262664CCBACA,1
CC_262873493A56,0
CC_2629634D6205,3
CC_262ABEA51FB9,4
CC_262C3BE518A0,3
CC_262C5B52AD87,1
CC_262D5F943DC2,1
CC_262F44AB1AB8,2
CC_26317AFBE360,0
CC_2635B06BCB97,3
CC_263E14295078,0
CC_2641E3F9ED73,1
CC_26431F402A47,2
CC_2645B22BBB4A,3
CC_26470A0DD756,4
CC_2649FAFC1ECE,2
CC_264A75820DC5,0
CC_264BD43CE614,4
CC_264FC78CC1BF,3
CC_265176F2987F,0
CC_265B1AFD1871,3
CC_265BBD6475A4,3
CC_265BC4CA24C0,4
CC_265FBF0AA7EA,0
CC_26606ED11A86,3
CC_2663083DF59B,3
CC_266632D6DCC5,1
CC_2667AF05476E,4
CC_266C375BFC69,2
CC_267C2D0CE3EF,0
CC_267CF0F35438,2
CC_267F882E4FF2,4
CC_268164C44FCE,0
CC_26851F7A8ED9,0
CC_26879E8DBBB1,0
CC_2688A091951C,0
CC_268A135E06EC,3
CC_268B7494846C,1
CC_268D4F935B62,1
CC_2692F5994891,1
CC_269A40E2F3F5,0
CC_269B1CA95C11,0
CC_269C78037059,1
CC_269F0058DBF3,0
CC_269FD7098A14,3
CC_26A0AC608FF7,0
CC_26A4B4AEA702,2
CC_26A53AB6C0F5,2
CC_26A68D7B85AC,0
CC_26A7B4AB0E61,3
CC_26A9653F1759,1
CC_26A9D9B69FB2,4
CC_26AEB67016FA,1
CC_26B89123A046,3
CC_26B8E37D5FAC,4
CC_26BB5D895CE0,4
CC_26BC5E32FC20,0
CC_26BE48011CBC,0
CC_26C2F56C4E4F,3
CC_26C6083D9D67,2
CC_26C688EAC8EE,1
CC_26CAD1D36578,1
CC_26CCB959397C,0
CC_26D4E0E92AD4,3
CC_26D622C9583B,1
CC_26D7CC90C7EE,3
CC_26DA6ADAB53F,0
CC_26DD97E5AACE,0
CC_26DDEA0F16E4,1
CC_26DFAF7D55B8,3
CC_26DFF52B691B,4
CC_26E20C5B6A59,0
CC_26E2E0658796,4
CC_26E48B59C43D,2
CC_26EEB5FA7528,3
CC_26F3A74B395D,3
CC_26F99A250980,3
CC_26FA474EFCDF,1
CC_26FA66267312,1
CC_2706959C1E6D,4
CC_270E4B8CEFB2,2
CC_270FDCD01F2B,4
CC_2712E1C5BCC0,3
CC_27144D024E0C,0
CC_2715AE012E87,0
CC_27168AD20682,0
CC_271E52EFD5C0,3
CC_271EED977A70,2
CC_27249783B3E2,0
CC_2725497CB4AA,3
CC_2725D3835F43,2
CC_2736F03D457F,2
CC_27373EAEF18F,3
CC_2737E652D90E,1
CC_27398FBE2809,0
CC_273A8EB252C4,4
CC_273AFEE3BCC0,0
CC_2740AF040C73,4
CC_27416EFC26CD,1
CC_2741D320B710,4
CC_2745C5B004FA,1
CC_27488BD2F2A3,4
CC_2748ACEDC7D6,3
CC_274BCF287A05,0
CC_2751C9271F85,3
CC_2751D21A3664,0
CC_2759AC503722,0
CC_275D3EDBA097,4
CC_275D7134AA6B,2
CC_276397972BAF,0
CC_276549BEEEEE,3
CC_27655D2C1F35,4
CC_276877DF04BC,4
CC_2768A7F8F64E,0
CC_276D54F1088E,4
CC_276E2C36EE65,4
CC_276E422F8C69,4
CC_277DCA03127A,3
CC_277FDB7E9FB9,4
CC_27816BBA5FB6,0
CC_2783EBF53FBE,4
CC_27843FCEE075,0
CC_2784452D6444,3
CC_2785077093B2,2
CC_2786CDF745E8,1
CC_27880025857D,3
CC_278C315D46A2,2
CC_278D57EA6344,3
CC_278FB9A2D73D,3
CC_279023D4C55E,4
CC_279526A36388,4
CC_279593FCBC44,1
CC_27965D4BF8D9,2
CC_2797CA3CF8E8,2
CC_27A08A464BE5,1
CC_27A0D2D86806,3
CC_27A0DE21A512,4
CC_27A24A4B1185,0
CC_27A27A6E9710,3
CC_27A55EA9AA83,0
CC_27A649094AAE,0
CC_27A65A7D35DF,2
CC_27A665E21AAE,4
CC_27A78CFDAFA9,4
CC_27AA29C2B801,0
CC_27AA4CE95E47,2
CC_27AAC8B90899,4
CC_27ABA049E280,1
CC_27ADB39C623C,0
CC_27AE7E10B0F2,1
CC_27B00AFD127A,2
CC_27B2F2221599,2
CC_27B47340F365,3
CC_27B51BFEED0B,2
CC_27B5857AD88C,3
CC_27B5ECF51511,1
CC_27BC632C6373,1
CC_27BDBBE807A0,0
CC_27BE231F2777,1
CC_27BF3CC22A01,2
CC_27C338A424B6,2
CC_27C8F82AD07E,2
CC_27CA9C00B086,3
CC_27D183B7D889,2
CC_27D46D52D216,2
CC_27D894C0B778,0
CC_27D97971F0BE,3
CC_27DAF169C570,3
CC_27DC3B03953C,1
CC_27DCFD4C9FD2,2
CC_27DE17F2A9AA,3
CC_27E518EF96B1,0
CC_27EA0EBFDDCD,3
CC_27EBC627DA22,2
CC_27ECD477FFC1,2
CC_27ED88AE957E,3
CC_27F04D85BECD,1
CC_27F27BF25387,0
CC_27F3BE1E24E0,0
CC_27F46228EB9E,2
CC_27F631626BD2,0
CC_27FA03BC5112,2
CC_27FAAEB5B7DD,1
CC_27FAAFFC9D88,4
CC_27FB3ED776B6,0
CC_27FBEF28EE45,2
CC_2800392A8378,2
CC_280284A68FFB,4
CC_2805DE68EB5E,1
CC_280943D9885C,1
CC_2809C1DA11E2,2
CC_280AB68CEAD6,2
CC_280B2A6E1AD7,3
CC_281721BFB157,4
CC_2818C730302A,2
CC_281DD777BC18,4
CC_281F787B39C5,1
CC_2821E90ACC01,3
CC_2823416BF0BC,3
CC_282A59DE1AF1,1
CC_282B9175D6B1,3
CC_282E2DF79107,1
CC_2833D46839B4,4
CC_2834A54D0B02,1
CC_2838B4E6B966,1
CC_283A94432CF0,1
CC_283BA45ADF3C,4
CC_283C392D27E0,4
CC_283C3C3EBBFE,3
CC_2844F3CF42C5,1
CC_2847BEE7F4B9,1
CC_284C150896BA,1
CC_284F3BAAB976,3
CC_285193B111B0,0
CC_28521203F353,0
CC_2853E28AE934,4
CC_2855C18DBEBB,0
CC_28575DC94F82,1
CC_285859E54F67,2
CC_2859F04C8E65,3
CC_285F209295EE,0
CC_2860779D97A8,0
CC_28624F3D6EF7,4
CC_28631537AC52,2
CC_2863D77DCFE1,3
CC_2863F7A52315,4
CC_2866BBB90661,3
CC_286895E77FB9,2
CC_286D6B8C9083,0
CC_287244BC488E,0
CC_2873101D7192,1
CC_2874F0DC4D7D,1
CC_287551153953,4
CC_287733447491,1
CC_2878FF79B9C8,2
CC_287A9769DF92,4
CC_287C3D10DEF2,1
CC_287C8319EB5F,1
CC_287E902BE928,4
CC_2880552F82AF,4
CC_28834A41C6DE,1
CC_2885F9D1587E,1
CC_2886B690B68A,0
CC_2887E7740417,4
CC_28881EAB7C09,3
CC_288CA8A9812D,2
CC_2890F108707C,3
CC_28959EFABFDC,1
CC_2895B51171E1,1
CC_2898B6717D99,4
CC_289D3386F0F8,0
CC_28A1E16E0787,0
CC_28A262ED7293,3
CC_28A3A92F7552,2
CC_28A4EFFBDB21,1
CC_28AA976D4E37,4
CC_28AC1CD6DDD5,2
CC_28AE987CC735,4
CC_28B2F8CE6206,1
CC_28B9E40CBB3B,0
CC_28BD2FDADAE2,2
CC_28C89400F65F,0
CC_28C911BFEEE4,0
CC_28C9D0F9A822,1
CC_28CAA5AA3D1F,0
CC_28CE51596854,3
CC_28CE7500A36F,3
CC_28D1131A8126,2
CC_28D3468513FF,2
CC_28D59C007565,1
CC_28D670E009B8,3
CC_28D7C0A16C5D,2
CC_28D8465EF9B8,4
CC_28D96898DD7C,4
CC_28DDDB55194D,3
CC_28DF4C790FA5,4
CC_28DFE4C388A5,1
CC_28E2C0DB9053,3
CC_28E309937534,3
CC_28E79CA12E21,0
CC_28E9002758D3,3
CC_28EA1D1569FA,0
CC_28EC96234D7C,0
CC_28F0AB4FF66E,1
CC_28F2D31E6C85,3
CC_2902EF54D1BD,3
CC_29034C7D28E5,0
CC_2903DFBBCA9C,0
CC_2904F14B3B45,0
CC_290EFC6D4EEE,3
CC_2911F1519AC8,2
CC_29177831DB6E,0
CC_291E77A71FB3,0
CC_2921BF2E5BD7,2
CC_29242C5DC98E,1
CC_292439121B3E,4
CC_2924456550CA,3
CC_2925424FAED2,4
CC_2926D0CC6B59,1
CC_2928502B9D84,4
CC_292A8332B3B4,4
CC_292C2469F236,0
CC_2933973E9543,1
CC_293631E5B94B,1
CC_293ACE94E3CC,3
CC_293C63EF41C4,2
CC_293DCC4D34F1,2
CC_294376A4D551,1
CC_2944104CF3AB,0
CC_2946800D4BA2,2
CC_294887238A8B,0
CC_294C7F3DC408,4
CC_2950C846438D,0
CC_2951E44AB150,2
CC_29520EBE1CFF,0
CC_2953B46D273D,2
CC_2954176D8F57,4
CC_295510BA794C,3
CC_29565C29B6C1,0
CC_29569DE20A6F,3
CC_2959D82CED73,2
CC_29604A66FFA4,1
CC_2961AEA57F1A,3
CC_296219087AA1,4
CC_296624804C6B,3
CC_2967515E6028,2
CC_296991EF2832,1
CC_296A886A90CC,2
CC_296BDAEC0767,4
CC_296F434DEB38,3
CC_2970E945B28C,0
CC_2971205B902D,0
CC_29726C8E17DB,0
CC_2972E3CEF4E2,4
CC_2973CCADB58E,4
CC_29749A751086,2
CC_297B666C549A,3
CC_297EA395A7F1,4
CC_29820193702A,0
CC_2982D29BA454,1
CC_29834F49345D,3
CC_2983D55F8422,2
CC_298A42330387,1
CC_298AD8036450,4
CC_298B1C2272A9,2
CC_298C0A512CF1,0
CC_298DFDB169C5,0
CC_29975F8F91D8,1
CC_29979CE2F84A,0
CC_299C16AAF113,2
CC_299E1E208417,3
CC_299F2A753428,3
CC_29A02132A6FD,3
CC_29A1193B65F9,1
CC_29A2C2C00A6C,0
CC_29A43861ADDF,0
CC_29AA5329D4A0,0
CC_29AAB71BB1C6,4
CC_29AB90CE5B30,2
CC_29AC45B524E1,1
CC_29B091A8EFA0,4
CC_29B11C7842DA,3
CC_29B40C57A130,0
CC_29C6CC9D8CF5,0
CC_29C79BC89D90,4
CC_29C9D2EB99C6,2
CC_29C9FD8B602D,4
CC_29CA68112288,2
CC_29CB20E13233,1
CC_29CD169D916F,1
CC_29CF1BCD71E1,1
CC_29D0BB5EF4D2,3
CC_29D373479472,0
CC_29D5802F496B,4
CC_29D6BDB00C7A,4
CC_29D9CB57F6B0,2
CC_29DE21A6FC9F,2
CC_29E5F288E93E,3
CC_29E711C865BD,0
CC_29E8F05E2B59,2
CC_29EB899B37F3,1
CC_29ED0A5E3E13,2
CC_29F03ECC443A,2
CC_29F1148B0EED,3
CC_29F38227B892,0
CC_29F4C5219C3C,1
CC_29F5B0A53C5A,3
CC_29F75BEA3946,1
CC_29F8DB4BE5C0,4
CC_29FB4FC1D79A,4
CC_29FB59DF9C07,3
CC_29FBB9696C88,2
CC_29FDC6A55710,0
CC_29FE8EE71963,3
CC_2A02A0A606AE,4
CC_2A039240D4E3,0
CC_2A03B58FDDA0,4
CC_2A0D799BFBFD,4
CC_2A0F72511E22,0
CC_2A0FD8A3496D,1
CC_2A1177FEA430,3
CC_2A1CC5FA111A,1
CC_2A1E8AFB91CF,0
CC_2A254722539F,0
CC_2A267FA0640A,2
CC_2A28EF6D5D84,3
CC_2A2A97E7D56E,4
CC_2A2C094C4268,4
CC_2A2CBD2C567A,0
CC_2A2CD0D96AB1,0
CC_2A303A56D1CC,0
CC_2A313BB31B2F,1
CC_2A38A0BE8583,1
CC_2A3BF83AB527,1
CC_2A3C2BE242CC,3
CC_2A3C37B5B39C,0
CC_2A3FBF96DD69,2
CC_2A42CB52F4F9,0
CC_2A45D831A164,1
CC_2A4E97A33CE5,2
CC_2A50AFE9BA32,3
CC_2A5167A7CCCA,2
CC_2A51DCAE4696,1
CC_2A538403F615,2
CC_2A560F71D097,1
CC_2A57F88AE818,4
CC_2A5CE61FA136,2
CC_2A654BF906E0,4
CC_2A6A707EF4A2,4
CC_2A72E9041E81,3
CC_2A731C595152,4
CC_2A73922A4400,3
CC_2A74C68A1CF4,1
CC_2A7763A6787D,0
CC_2A7777F076EE,3
CC_2A7C9930E014,1
CC_2A7DD7369456,3
CC_2A83CA0F0646,4
CC_2A876959D356,3
CC_2A8950AD15D7,2
CC_2A89A35F7A44,1
CC_2A95DFCE15F7,2
CC_2A9643ED1382,1
CC_2A975CE1D524,0
CC_2A9A912052FF,3
CC_2A9BE99EA5E3,4
CC_2AA6A8DDE95A,1
CC_2AAF05225FB8,3
CC_2AAF2C2FD22A,2
CC_2AB2241F2CAD,3
CC_2AB6B69A0ECE,2
CC_2ABACDBD3827,4
CC_2ABB40267501,4
CC_2ABF9AA2D592,0
CC_2AC3799FCFEB,0
CC_2AC719441ACA,2
CC_2AC7DAE5ED2F,0
CC_2ACA7F2D1019,4
CC_2ACE1B486881,1
CC_2AD0FBA3469F,2
CC_2AD34B286844,2
CC_2AD60A48D754,2
CC_2AD76D74964D,0
CC_2AD89E30E1E1,1
CC_2ADC0B906BEF,1
CC_2ADCC4958A5A,2
CC_2AE64394EF90,4
CC_2AE869E4AF2F,4
CC_2AE9C48382C3,3
CC_2AE9DCEDC1F1,1
CC_2AEC30611714,2
CC_2AECEFA29418,0
CC_2AEDCC681885,3
CC_2AEE3C14AB9B,0
CC_2AEF1AE45867,3
CC_2AF36CDFA976,1
CC_2AF70D647453,1
CC_2AF895772C90,3
CC_2AFCA9A98CDA,4
CC_2AFD4544E906,4
CC_2AFD8599EFD1,1
CC_2B006C78812B,0
CC_2B008880B8CC,2
CC_2B062D7EFC1B,4
CC_2B07457F780B,1
CC_2B09FC675AFD,2
CC_2B0CD83EE733,2
CC_2B0D910A416B,4
CC_2B0EB1791D06,0
CC_2B0FEDAF5086,0
CC_2B12A7CAF74D,2
CC_2B1564E55E41,0
CC_2B169D3FA0AB,0
CC_2B17D7D12E93,4
CC_2B1B104B4537,3
CC_2B1C432924A8,1
CC_2B1CDE2F1DB2,1
CC_2B1D0DD22B7D,4
CC_2B1E0A25113D,0
CC_2B2B1590F745,1
CC_2B2B9F8C29FC,4
CC_2B31DC826A70,4
CC_2B329A7C0AC3,0
CC_2B34AE1A2C3C,1
CC_2B34D037FDAC,3
CC_2B3863C31087,3
CC_2B3BF2A06513,1
CC_2B41C98380A0,4
CC_2B4729A53736,3
CC_2B491BC8CE50,2
CC_2B4A4B15FBFE,0
CC_2B4AC212FED3,3
CC_2B51623F0566,1
CC_2B55FD658701,0
CC_2B57BB750099,0
CC_2B59FC475AAE,3
CC_2B5AC32E9319,0
CC_2B5B01FBE986,4
CC_2B5BB2E4C8D7,3
CC_2B5F21C5D7C4,0
CC_2B675F4C3A7A,2
CC_2B6995D9C76C,4
CC_2B6C301DFA50,3
CC_2B6C6E185E28,0
CC_2B7362B36C7E,0
CC_2B737DD404E5,1
CC_2B745B858036,4
CC_2B746474BE2E,4
CC_2B779915861F,0
CC_2B7E7517A714,4
CC_2B808CA5D672,3
CC_2B813DACF5BA,2
CC_2B82A4B9598F,0
CC_2B855F0679C4,1
CC_2B8AB678FB2F,1
CC_2B9323F514DE,0
CC_2B95530025EA,0
CC_2B982EF342D7,0
CC_2B9D37CCC4A6,0
CC_2B9E78B781FF,0
CC_2B9FD0393AE7,1
CC_2BA1F3132F60,3
CC_2BA28074A216,3
CC_2BA37A841F0D,1
CC_2BA4E43FF0A9,1
CC_2BAC77456C47,4
CC_2BAC838269F8,2
CC_2BAE9FEF5B33,3
CC_2BAEC4A0FB49,3
CC_2BB79F6D76CC,0
CC_2BB949053BE3,3
CC_2BB95B546AF6,0
CC_2BBFB2C48799,4
CC_2BC1B37107E9,2
CC_2BC310967765,1
CC_2BC6EC8D4F9E,1
CC_2BC8C9C298A2,2
CC_2BCD6FF59BE2,0
CC_2BCF9E8C997E,0
CC_2BD75023B1A6,0
CC_2BDC0842BA07,3
CC_2BDCDBD851D6,0
CC_2BE021580D7C,0
CC_2BE33278E984,3
CC_2BE5F40E628D,0
CC_2BEA8C342901,0
CC_2BEDDE6600E5,0
CC_2BEE24B3ACDC,2
CC_2BF47ADAAF9A,4
CC_2BF47CB84E8B,1
CC_2BF511C3C8EF,2
CC_2BFA01F25CEC,0
CC_2BFAD18C1064,3
CC_2BFBBC8761BC,0
CC_2BFC09551190,3
CC_2C0004622D2C,2
CC_2C01C91DB4E6,2
CC_2C01D2143635,0
CC_2C03757A27C5,2
CC_2C0678C593CA,1
CC_2C0D37AD3EEE,4
CC_2C11E7778DD6,0
CC_2C16E8264E5A,0
CC_2C190797A685,4
CC_2C1EE4B879D6,1
CC_2C20168D9109,2
CC_2C242724B1A0,0
CC_2C258C82AC92,2
CC_2C278D596D65,0
CC_2C2942E423D5,2
CC_2C2D3613EF03,3
CC_2C2E54C2D7E2,3
CC_2C2EE8D82A22,1
CC_2C30D4DD1254,3
CC_2C328DE998E0,0
CC_2C3314A9D4CE,3
CC_2C3683BF63A5,2
CC_2C38E6E12236,1
CC_2C3BFEC0645F,0
CC_2C3C8308D986,2
CC_2C3DA51EB238,0
CC_2C45C58CE822,0
CC_2C49C3A27A57,2
CC_2C4D184AB761,3
CC_2C4ED13A4801,4
CC_2C51344B19A3,3
CC_2C527F461F50,0
CC_2C5D797C03EA,2
CC_2C5FB4EEF945,3
CC_2C612363DC5F,1
CC_2C657F02A545,2
CC_2C67021F9D88,4
CC_2C693F3A3023,2
CC_2C6A83979DC4,0
CC_2C6E37C011A1,0
CC_2C7403D8B7E1,4
CC_2C746C074609,0
CC_2C7825D7B256,3
CC_2C79E82452E9,2
CC_2C7C20162846,3
CC_2C7ECAA06932,1
CC_2C7EFDC81D44,3
CC_2C80938DFA7B,3
CC_2C84F4B234A4,4
CC_2C86D0B6EA06,3
CC_2C87C4F6BAA7,1
CC_2C87E31CA8C3,1
CC_2C8A9A111BC4,0
CC_2C8DFB421006,4
CC_2C90F790C84D,1
CC_2C921CEC3EA9,1
CC_2C93FA55D33A,3
CC_2C954FCC0FC1,0
CC_2C9717AF64CD,3
CC_2CA1CDBD64F6,4
CC_2CA4C59676BE,0
CC_2CAF1C83A38B,2
CC_2CB73602991A,1
CC_2CB975354F27,4
CC_2CBA80629B52,4
CC_2CC03BFD4452,0
CC_2CC108594B96,2
CC_2CC173384605,1
CC_2CC225D6E637,1
CC_2CC79A01F56A,1
CC_2CC9859F761E,2
CC_2CC99D3623BC,0
CC_2CCAF30EB2E0,1
CC_2CCBE8D58D76,2
CC_2CD064F79DE7,3
CC_2CD127564FB3,4
CC_2CD309BF0597,0
CC_2CD38B95592C,4
CC_2CD3B74CA144,0
CC_2CD499505A0A,2
CC_2CD4E0713EB4,2
CC_2CD92C78B5C0,3
CC_2CDD4C16C8CE,3
CC_2CDD9EB83A8C,3
CC_2CDEE415E376,0
CC_2CE6BA5339F4,0
CC_2CE6C1908ECD,2
CC_2CE8371BAD6A,4
CC_2CEBA10E5F5A,0
CC_2CF098FCC43C,4
CC_2CF16590D2B3,2
CC_2CF239B06EF8,1
CC_2CF2D65C5644,0
CC_2CF75D4AF06E,2
CC_2CF92625649F,4
CC_2CFA418D4DD9,0
CC_2D00DD444AD5,0
CC_2D08C5363AAF,0
CC_2D0B32B5B569,0
CC_2D0BE664E7D3,0
CC_2D0D8B6F5D11,4
CC_2D12B08BE908,1
CC_2D13224B403C,2
CC_2D1815393DBF,0
CC_2D1B85E04FB8,4
CC_2D1BCA2CA783,0
CC_2D20FA0A7B3A,2
CC_2D21ECF5FF2A,1
CC_2D25FD8EB5A8,4
CC_2D3017E5AEBD,3
CC_2D306C4C9E00,0
CC_2D3396DF4087,2
CC_2D38C6E7B1C3,4
CC_2D38E94C3590,0
CC_2D3BCF7FBBC0,2
CC_2D444F8B975E,2
CC_2D4546FD4087,2
CC_2D46153D829A,0
CC_2D4BD54A487E,3
CC_2D4D6B898329,3
CC_2D5295025C74,0
CC_2D58565A81EE,4
CC_2D5BFAC25208,4
CC_2D5C35DDCE45,2
CC_2D5D7012994C,1
CC_2D5FA21AE5AB,3
CC_2D5FAF78541A,0
CC_2D632944D6DF,2
CC_2D642E3BF053,0
CC_2D6540B99C53,2
CC_2D66878D5798,3
CC_2D67F294405C,2
CC_2D691B073531,1
CC_2D6AEEF9F3E9,3
CC_2D6B98DB8DE6,1
CC_2D6B9A5F8987,1
CC_2D6DF1670672,4
CC_2D6F273914FD,1
CC_2D721F717432,0
CC_2D7242991DFC,3
CC_2D73932FD82C,1
CC_2D778357ED85,2
CC_2D78791260A4,1
CC_2D78D2DA287A,3
CC_2D79A857E244,1
CC_2D7BAA42E57D,1
CC_2D7C9538050D,3
CC_2D82D146A401,2
CC_2D831386A5C5,0
CC_2D84D93901B6,4
CC_2D854C4C03D7,1
CC_2D88250B2326,0
CC_2D8A9FD65361,2
CC_2D8E33263E8E,0
CC_2D91333BB7BF,0
CC_2D93D7400BF8,0
CC_2D946EF3791D,4
CC_2D94930029D7,3
CC_2D955026F1F4,2
CC_2D9746485999,3
CC_2D998CFCABDE,2
CC_2D99C6598072,1
CC_2D9F1235E061,2
CC_2D9F28BE8674,4
CC_2DA6193DE53C,2
CC_2DA6BA71F10D,4
CC_2DA88800EB36,1
CC_2DAE7AA7097B,3
CC_2DAECF779A51,4
CC_2DB0391E428E,4
CC_2DB05C999570,3
CC_2DB2993E34EF,3
CC_2DB2C026EEEF,1
CC_2DB90BDBAABD,2
CC_2DBAC547CBC3,1
CC_2DBF419A09C0,1
CC_2DC3C76969E7,2
CC_2DC6BDC4890C,4
CC_2DC9FE08E704,2
CC_2DCDF3560118,3
CC_2DCFB2A4246D,3
CC_2DD1F2CC3007,3
CC_2DD1FCB21212,3
CC_2DD33FA725DB,1
CC_2DD4DB088467,1
CC_2DD5EEC161CC,2
CC_2DD63D92892E,0
CC_2DE1DDDC4CBB,0
CC_2DE503EC1CC4,2
CC_2DE61872456D,3
CC_2DE872EE7506,1
CC_2DEBC2A150C5,3
CC_2DF1342EE3E9,0
CC_2DF2C9888F88,4
CC_2DF47E34AE28,1
CC_2DF9AF8A8B95,4
CC_2E000E335FD8,4
CC_2E04253A48F0,1
CC_2E04B760DF9B,2
CC_2E13711D67BC,0
CC_2E1D3CF2DB08,1
CC_2E1D5964770D,3
CC_2E1F6982F0CC,3
CC_2E208C8F8870,3
CC_2E20DC8464C8,2
CC_2E22BEBE78F8,4
CC_2E256D5D842A,0
CC_2E2657109B1F,4
CC_2E290095B659,3
CC_2E31CC93F4A8,2
CC_2E33C61B82A3,4
CC_2E39578A665F,0
CC_2E3A0FA9E38C,4
CC_2E3AA4971393,3
CC_2E3C191DB6AF,0
CC_2E3DDB548FFD,3
CC_2E3EC93FF914,1
CC_2E431B24495D,4
CC_2E44F6F08938,2
CC_2E4539A9B744,1
CC_2E5262054502,0
CC_2E54A8C4A3B6,0
CC_2E57CC3E159D,2
CC_2E593C08CB03,1
CC_2E59A8E296AD,3
CC_2E5B360FB5F8,1
CC_2E5E4933EDA4,0
CC_2E6547232192,2
CC_2E68006F8F9B,4
CC_2E69A6CFEB80,4
CC_2E6B214CEFD7,2
CC_2E6E6B420C77,4
CC_2E730952591A,1
CC_2E7449607209,0
CC_2E74535AD4D2,1
CC_2E79EA5C6D58,0
CC_2E7A347ABE12,3
CC_2E7E38443246,4
CC_2E7E6B6FFA13,1
CC_2E84171801AF,0
CC_2E8A3D1E1897,3
CC_2E8E2E271A67,1
CC_2E8F5B64ED91,2
CC_2E90EA86D135,3
CC_2E9918F1C76B,2
CC_2E9933664A13,4
CC_2E99361595B1,4
CC_2E99D48B372A,0
CC_2E9CF4AAAF99,4
CC_2EA87F09556B,0
CC_2EB290D7FF89,3
CC_2EB906496266,3
CC_2EBE85F769CD,2
CC_2EBE98029D3E,1
CC_2EC8FAE6E3A2,4
CC_2EC94019CFFB,2
CC_2ECA0DD5038B,1
CC_2ECE3EAC2E6C,2
CC_2ECF6AB075B5,3
CC_2ED03C9CB409,4
CC_2ED22778FC7E,3
CC_2ED6A45A1D69,2
CC_2ED6F5F99ED3,4
CC_2ED845AFF0D2,3
CC_2ED9D02F8E87,4
CC_2EDAA5ECF6A4,2
CC_2EDC42887989,4
CC_2EDD75E45FAF,2
CC_2EDE398239A0,3
CC_2EE08F42D91F,4
CC_2EE1972ED27F,0
CC_2EE583D3EF44,2
CC_2EE5C3B85AA5,1
CC_2EE87E5B7E2F,3
CC_2EEB916E20CA,1
CC_2EF30C1CEB91,3
CC_2EF7182E2BF9,1
CC_2EF95A9978C3,1
CC_2EFAB98EDE2B,3
CC_2EFB42294929,1
CC_2EFD90CE7B0E,4
CC_2EFDCB6FC7ED,1
CC_2EFF75420010,3
CC_2F02BEEB9775,0
CC_2F043E78A406,0
CC_2F089640D83E,4
CC_2F08AD35C4FB,4
CC_2F099FBB60F8,0
CC_2F113A04B642,2
CC_2F1176C371C9,2
CC_2F144FCB5E23,2
CC_2F18DD78E5BA,4
CC_2F25812A06EA,3
CC_2F2B15F192C3,2
CC_2F2D0C450F85,1
CC_2F2E6C2D77A7,0
CC_2F2FAE950154,3
CC_2F31C111DB2E,0
CC_2F3A2BB45E66,3
CC_2F3C75196B8D,0
CC_2F40BC5DB112,2
CC_2F44A9B2379C,0
CC_2F4B10D3427B,1
CC_2F504B6DFD32,1
CC_2F53C9AD59E2,4
CC_2F555E4BA882,2
CC_2F5B18CDF78A,2
CC_2F5C97404761,2
CC_2F5EAA49FD38,1
CC_2F602EF38556,2
CC_2F612BAC4F08,1
CC_2F69A306B58E,4
CC_2F6C3939ED89,4
CC_2F6DECFB8D76,4
CC_2F79ABE6BC6B,3
CC_2F7BC3D82FD1,4
CC_2F7D8E78302D,0
CC_2F89396E862E,3
CC_2F8C373C6081,3
CC_2F8DF69B5B6F,2
CC_2F9037DDD23F,4
CC_2F97DCA53BF3,2
CC_2F9968E03D54,1
CC_2F99B69B3F49,2
CC_2FA4167ABC19,4
CC_2FA486737C14,3
CC_2FA7FA864E38,1
CC_2FA80E799A66,3
CC_2FA86C317391,2
CC_2FAA444CE574,2
CC_2FAAEAD1E33B,3
CC_2FAB1F780BC7,0
CC_2FABB6EE39C9,3
CC_2FAF4A7467D9,1
CC_2FB290AE55E0,3
CC_2FB312DAFC44,4
CC_2FB32A3743B1,3
CC_2FB69C916E38,1
CC_2FB88553E208,3
CC_2FB98FF179AC,1
CC_2FB9F42747D2,4
CC_2FBB635A2D87,2
CC_2FBD6BF2D95D,1
CC_2FBFA0666C04,4
CC_2FC59A5CF27D,3
CC_2FC842A9C2AB,0
CC_2FC8449DDFD0,2
CC_2FC984759B8D,0
CC_2FCAC10C92F2,2
CC_2FCE1A5D8D59,2
CC_2FD0DF441175,1
CC_2FD3A335F753,4
CC_2FD88A851C60,2
CC_2FD8F3461DF0,2
CC_2FDC0028F67F,0
CC_2FE151CFE170,4
CC_2FE1B3B96CFC,2
CC_2FE3F5290050,4
CC_2FE86034B4B0,3
CC_2FF14670F36F,1
CC_2FF5C17609E3,2
CC_2FF93B142970,4
CC_2FF9933D2EC9,4
CC_3002D186CF64,2
CC_30089430A812,4
CC_300C90D79FDE,4
CC_300D3D4EAE5B,2
CC_3011A49D8F46,4
CC_301558E72CC8,0
CC_3015E8E8502C,2
CC_30187B6CBBFB,4
CC_301AF08C6D6D,2
CC_301B934F5063,4
CC_301E9FBF5EE7,0
CC_3021DAAD0406,3
CC_30225D5A1283,1
CC_30250C44C9E9,2
CC_3026D0E47D6B,1
CC_30276B4736B1,1
CC_302C74EC1CCB,2
CC_302EDCDB3AB5,3
CC_3036511C57F9,3
CC_303683C15916,3
CC_3038119DF154,2
CC_303960822BB4,4
CC_3039996D5E01,2
CC_303D03F16949,4
CC_303DCE7967DB,0
CC_30427F5A6323,3
CC_3048ECC6A1D8,4
CC_3049B6510798,1
CC_304A38A7F24D,0
CC_304B1B877282,1
CC_304D2E6B41DB,3
CC_304FE609229B,2
CC_3050B810A807,4
CC_305316671265,4
CC_3053A571FF7E,4
CC_305E70BA7C13,1
CC_305F6A86F1B2,2
CC_305F6EE0CF51,2
CC_30601EE5A5D8,2
CC_3062DF827DC0,3
CC_30664214960C,3
CC_30686A756335,0
CC_3068DE4E9268,2
CC_306929E45492,3
CC_3069852D1966,1
CC_3072DCBA094E,3
CC_30767547CE99,3
CC_3078FBC5B6A8,4
CC_307B0C37BFA1,0
CC_30851ED6085D,0
CC_3085785DB82B,2
CC_3085E2603C30,1
CC_3085F968D52D,2
CC_308797A88E47,3
CC_308DF23FAD21,0
CC_308E030D193D,2
CC_3091A2176290,0
CC_3093DE4E4D56,1
CC_3094529729A8,1
CC_30962431A610,3
CC_3098644FA268,0
CC_30A211030FDF,1
CC_30A444AD767F,1
CC_30B0B774B8AA,2
CC_30B2E0270E37,1
CC_30B770F35DAC,1
CC_30B7ECDE07D0,1
CC_30B97F22AAE7,2
CC_30BD9FD0C87D,1
CC_30C15194B7AE,3
CC_30C6EA27CDAC,2
CC_30C9E92A25F0,0
CC_30CB8ABEE42C,1
CC_30CD1B9D0C7E,1
CC_30CDA9CB4D05,4
CC_30D5BE9E8652,0
CC_30D67095E918,0
CC_30DA11D35043,2
CC_30E0338EC333,4
CC_30E6D12BE19B,0
CC_30E6E919AEC5,2
CC_30EA871F367B,2
CC_30EB9878FB4C,1
CC_30ECCAEE0F0D,0
CC_30ECE8892C31,0
CC_30EDDEBA2BD2,2
CC_30EFC45102AB,3
CC_30F12BBB0452,2
CC_30FB470CC524,4
CC_30FBDB04821A,4
CC_30FF1A8EA15A,0
CC_30FFE264A690,2
CC_31031864F9C4,0
CC_3109BD787651,4
CC_3109D06DD185,4
CC_310ADD4EFBDA,2
CC_310D869C6696,2
CC_310F76745BC3,1
CC_31105C8BD1C8,3
CC_3111BCA7BCEE,0
CC_31148413CF8F,1
CC_311DA4368876,0
CC_3123CF015F76,0
CC_3124941A45C4,3
CC_31252D578834,3
CC_31283EF4480C,0
CC_312DD976F63E,3
CC_31329ED18379,0
CC_31370C746AC4,1
CC_31421F6B91F1,1
CC_31422EF66BDD,0
CC_31427A1343A5,0
CC_31431C911EE5,4
CC_3144BECD6CBC,1
CC_3146B3A91B9B,0
CC_314EE2A14721,1
CC_31518250CB98,0
CC_31530486F0F3,3
CC_31596CFB1EC2,4
CC_315A944CF632,4
CC_315C315CAD62,2
CC_3167FE241E1D,3
CC_3171E08D6616,4
CC_3172629C6277,1
CC_317423FE101D,3
CC_31750349421C,3
CC_3175920B9AA6,3
CC_3176195B68F7,3
CC_31771B6CA092,1
CC_317D9897E502,0
CC_317ED8B5B0F4,2
CC_3180003CE691,3
CC_3181B58BAB86,3
CC_31820568B5E4,2
CC_31885F01F804,2
CC_31903AB7A058,4
CC_3195D8A9F7E7,1
CC_319646E9BF1A,3
CC_3196B140C845,4
CC_3197630E0190,1
CC_319765D38893,3
CC_319C4619E111,1
CC_31A0F4D11C1E,0
CC_31A521803204,0
CC_31A796219C5C,2
CC_31A84FAD3326,3
CC_31AC3F7F532C,1
CC_31AE73EAA21B,0
CC_31B22CBBB5D9,2
CC_31B31D66D6B5,2
CC_31BC0F05669D,4
CC_31BF0630D0F6,4
CC_31C73750529D,1
CC_31C74DB3E553,4
CC_31C8A5FE5ABF,4
CC_31C936FA6F7C,2
CC_31C9894FDA7E,3
CC_31D4B3CD9CE5,4
CC_31DB286EED01,1
CC_31DBCF532798,4
CC_31DCB58CF8EB,1
CC_31DE284B7633,4
CC_31E04C7A5782,4
CC_31E84D4BF5C6,0
CC_31EBB193B68A,0
CC_31EF82DB48FD,3
CC_31F30D9DB99A,0
CC_31F37B08A5C2,2
CC_31F4949195C2,0
CC_31F546795669,3
CC_31F70041B654,1
CC_31F73F35EFBE,4
CC_31F9234BEAC3,2
CC_31FA9D656547,3
CC_31FC6FA913CD,2
CC_31FD0A0F8E47,1
CC_3202CFACD598,0
CC_3206E1AA4187,4
CC_32078AF802C7,0
CC_320828540413,0
CC_3208CAA07C8C,0
CC_3208E72F7AFC,3
CC_320B7D8A811D,4
CC_320F5AFC26D3,4
CC_320FF6099EEC,3
CC_3218D98BE40E,4
CC_32199B877A9B,2
CC_321AB2B57ACC,1
CC_3222E26640A7,0
CC_3223669816E1,3
CC_3223A9333DE8,4
CC_3228457876FA,4
CC_322D9FB78146,4
CC_322EF0BBDA71,0
CC_322F15DE53FD,0
CC_32311E094DDC,1
CC_32397691C738,4
CC_3241CCF65635,2
CC_32448B202D73,0
CC_32467BC53843,0
CC_3246FE4CC4B2,1
CC_3248DED1F983,1
CC_324B2ACE8374,4
CC_32518CC25E28,1
CC_325311FE672A,1
CC_3254AF1B2FC6,1
CC_325556272813,0
CC_325D18BBB733,4
CC_325D8695FB1C,1
CC_32621AD8E195,0
CC_3263026C57E3,2
CC_32645ACD28D9,2
CC_326B49BE3BA0,3
CC_326BC9BCEABD,1
CC_326C0F7A5060,1
CC_326EA5883D87,3
CC_326F0018D707,0
CC_327384EAB544,2
CC_327475DF847E,3
CC_327518E6508B,1
CC_327B9345E789,2
CC_327DA000919A,1
CC_327F80D4EB5B,0
CC_327FB9CAB049,0
CC_32803827EEF8,0
CC_3284B0538C9B,3
CC_3286FA567F95,2
CC_328714732378,2
CC_32876202CFD9,3
CC_32876FE63F58,2
CC_32899868EFFD,3
CC_3289C0E69AE5,0
CC_328DCADAA10C,4
CC_328E23F443F6,2
CC_32925B204FD4,3
CC_32955270159F,1
CC_32959DE9762F,4
CC_3295D854CD34,0
CC_329993E9196E,4
CC_329AE0372642,0
CC_329AE0C2EAC7,2
CC_329DDD379D8F,4
CC_32A53BC0E9D9,3
CC_32A55EB660DA,2
CC_32A66A08A4F3,3
CC_32A79E0765C0,4
CC_32A7F9F5D94A,2
CC_32ABBEC0E349,4
CC_32B30963B9BE,2
CC_32B39527ABFC,1
CC_32B7BBBFF3D3,0
CC_32C2CDAE2FBC,1
CC_32C38C068A1C,0
CC_32C53C15599B,3
CC_32C814285D57,4
CC_32C86F8262EE,1
CC_32CB14D852D3,3
CC_32CBF79A0BCF,3
CC_32CC81EDA9CE,2
CC_32D05B93B952,0
CC_32D4B2BB94B2,1
CC_32DC6577BC04,2
CC_32DE6036FB04,2
CC_32DF6D3FE6C9,0
CC_32E2858F9CE9,2
CC_32E31418F328,1
CC_32E78ECF8FBE,4
CC_32E872638DFE,2
CC_32E898C00242,4
CC_32EE045C403F,2
CC_32EEAB665612,2
CC_32F7B2C11C99,4
CC_32F9EB31A8BB,0
CC_32FD250F5D76,4
CC_32FDACA4D56C,3
CC_33023075B02B,1
CC_330876B820DA,0
CC_3308F59BA9EB,2
CC_331094A6CDE1,3
CC_3313F092D5B6,0
CC_3315085EBF37,0
CC_331AADDFDE06,2
CC_332540747C9D,0
CC_3328934D3ED0,1
CC_332B4AA5CEF4,1
CC_332BF19A2D71,2
CC_332C450218E9,0
CC_332E266FDDA0,4
CC_33332E49E1BB,0
CC_33391B5FBF24,0
CC_334A47399A2D,2
CC_334D608B90DA,2
CC_334DE0E39314,1
CC_3352898DE878,2
CC_33542B16C504,2
CC_335C040063B1,4
CC_335CC6AC1E43,3
CC_3367F590A328,4
CC_3368E5622465,4
CC_336DA9E5F038,4
CC_337087C31962,0
CC_3370940BE984,3
CC_3375753645FF,1
CC_337830C6EDC6,3
CC_337857EAD5CC,1
CC_337863E76B3F,1
CC_3378A03A24A8,0
CC_33799F9A52C1,0
CC_3379E92DDAE6,3
CC_337AAE7EA967,2
CC_337BD3903520,1
CC_337D8A86F4B9,4
CC_337E2F6C623A,3
CC_33808A09956C,3
CC_3383C4B36D42,4
CC_338506A3E9D6,2
CC_338700DDFCB2,0
CC_338F0AB84D2C,4
CC_3397C647F272,4
CC_3398286DB808,4
CC_339E87F9EE65,1
CC_33A25484EF15,3
CC_33A28D6AFB13,1
CC_33A2FB867172,1
CC_33A7B5F7B93C,1
CC_33AA441C619D,2
CC_33AA5AA7FCDA,0
CC_33ACCB17E845,3
CC_33B51FB8628F,2
CC_33BA99AC904D,4
CC_33BE34E6D6EF,0
CC_33BFD8084A11,4
CC_33C500CFCFCF,4
CC_33C8F03530AD,3
CC_33C8F2B61422,0
CC_33CB15D7AE6A,2
CC_33D0AE884AEB,2
CC_33D2656A7D64,0
CC_33D6966EADEE,0
CC_33D840D2BB45,4
CC_33DA3463ACB6,4
CC_33DBBD8AA5CF,3
CC_33E06E659CF6,3
CC_33E2AB2276B7,2
CC_33E31B37CD5D,1
CC_33E353C45163,0
CC_33E7BFDE8896,2
CC_33E8E53E6653,3
CC_33ECAE64AE33,2
CC_33F0B7C3B50B,0
CC_33F34CD65799,2
CC_33F8D6A9FE77,3
CC_34029724A049,1
CC_340299EFBF98,1
CC_3406EA201ADB,3
CC_340BB9F39956,0
CC_340F2209AD41,4
CC_340F48C1FBB4,4
CC_3414176F6060,3
CC_3417E5ED6747,1
CC_341AC28E1BB4,0
CC_341CC8C960F6,0
CC_3420AB0104B2,2
CC_3420AC653C11,1
CC_34270E2857B2,4
CC_3428A4DDA006,3
CC_342C2DF98DCC,3
CC_342CA890711C,3
CC_342CF45CFCBA,2
CC_342DC03163FF,0
CC_342E047D9240,0
CC_342F51753436,1
CC_343111D676AE,2
CC_3435ABF83867,1
CC_3438BA8308A0,3
CC_343A710815B0,2
CC_343D2EFE4852,3
CC_3442F95FACA8,0
CC_34454ADAB50C,0
CC_344776D2C24C,3
CC_344BA6BC1E86,3
CC_344E2F829C3B,0
CC_344F3695920C,0
CC_3450AB7DF352,2
CC_3454BA11979A,1
CC_34566836A067,1
CC_3458964E10A9,4
CC_345B5EF04127,3
CC_345C692DE002,1
CC_346089F4455D,3
CC_3464A2A1D353,1
CC_346FE80329BA,3
CC_3475D933E003,2
CC_347F97D35539,1
CC_34835A300DDD,2
CC_348E17972F0C,3
CC_34921386E00A,3
CC_3493F8EC0771,3
CC_34A1CF339FF8,1
CC_34A2FE23BCDC,1
CC_34A342D8194C,0
CC_34A519961DE5,1
CC_34A663701169,3
CC_34AC414A6721,0
CC_34AD788F537D,2
CC_34AE2E59FEB7,0
CC_34B449B04CF0,0
CC_34B4D80F670E,2
CC_34B5DD9E5BAF,3
CC_34BA7C3617A4,2
CC_34C017698A96,0
CC_34C0AB20D32D,1
CC_34C2962C77C2,4
CC_34C6BA8BEF62,1
CC_34C79226EFE2,4
CC_34CBBD792EF8,0
CC_34CBE262ED45,1
CC_34CE7677B7AA,1
CC_34D1BA35290E,3
CC_34D47BFC3585,0
CC_34DB5DAC39CA,1
CC_34DD16EDC0C9,4
CC_34E3D4D4A7B4,1
CC_34E7B5F2D2D5,1
CC_34E7BEF1CB10,4
CC_34E82F236AC8,2
CC_34EBE420D07F,3
CC_34F1B3C54B32,1
CC_34F94F840893,4
CC_34FE8BACF725,2
CC_34FE90DF910D,0
CC_34FFECF388D6,3
CC_3500519E2522,4
CC_35009A2C8786,1
CC_3508EA37227A,3
CC_350A49A0CCE7,3
CC_350AFDB3E4A4,4
CC_350D75A96ED2,3
CC_350E7FF8EBE7,0
CC_350F3B6E5EE7,3
CC_35108FFDF38F,1
CC_3512CF52CA97,1
CC_351329975577,2
CC_351783D185D5,3
CC_3517BB418592,3
CC_352101D49FA3,0
CC_352348332285,1
CC_3524B5FE500C,0
CC_352B14E96C32,2
CC_352D1F645A53,4
CC_353169CA9A17,0
CC_3531880AF405,1
CC_353200CCB698,1
CC_3535B47DBEAA,0
CC_353816E7D9E2,0
CC_353985FE06D4,3
CC_353D51AE7F22,2
CC_353D5DEB25F0,3
CC_353EF85D5356,1
CC_354D93B51452,3
CC_3552FA56C730,0
CC_3555A8B600CC,3
CC_35574F651B0C,2
CC_35577D0EFCA3,4
CC_3557E8A59F9A,1
CC_3557F469E5E1,3
CC_355BEFEA0F51,0
CC_355C31BC86BA,2
CC_355E2F99F167,1
CC_355EC5CEE281,2
CC_3562B902ED01,3
CC_356456DC01EF,1
CC_35663E7412DA,0
CC_356999CCA605,2
CC_356C7FCD01DC,2
CC_356CBE9A1547,1
CC_356D13587AC8,1
CC_357386140C1C,4
CC_3573F8851211,0
CC_3576D2B9250A,0
CC_357B92E8140E,2
CC_357CAF9CA0FA,2
CC_357D7F2B3302,1
CC_35800751E14C,4
CC_35855FF36F34,3
CC_35869AA38991,1
CC_358C78688BD6,4
CC_358D1F733AFB,2
CC_3590FF05862E,2
CC_359662924B7E,2
CC_359A0F5E139F,3
CC_35AC38003B44,1
CC_35AEAD4B6A34,2
CC_35B421A476C4,1
CC_35B4912CD6D4,1
CC_35BA3D319A09,1
CC_35BB8B2EE990,1
CC_35BBD88A6D7F,2
CC_35BC16ADAFF4,0
CC_35C021D92589,4
CC_35C2BDC8ACED,3
CC_35C6D9E254F6,2
CC_35D121A08242,3
CC_35D6106E8E97,3
CC_35D722A16A46,3
CC_35DB2119FAC9,2
CC_35E1B85105D0,2
CC_35E3227EFA16,3
CC_35E3E4C4ECF2,4
CC_35E58EF02126,2
CC_35EB917133A5,1
CC_35F4BBD71FDD,1
CC_35F61E1B8898,4
CC_35F6F2A80F70,4
CC_35FE42A77B08,2
CC_3601B4F9A89D,4
CC_360823DCCD45,2
CC_361621ACEAB6,4
CC_36175EFD218F,1
CC_3617C8435722,4
CC_361861C3C63C,4
CC_361BEAE735FD,2
CC_361CD397896F,3
CC_361CE8DFB8F2,4
CC_361E9CEE844E,3
CC_3623208152AF,0
CC_3629729C93EE,4
CC_362B922B63D4,2
CC_3632CF9A9FC7,0
CC_3637709B8467,1
CC_363B528ACE26,4
CC_363BEA2F53BF,1
CC_363E30C490EF,2
CC_3640106494AF,1
CC_3640A2DB9AF8,1
CC_3641B3E9DD92,3
CC_3644D19BE162,2
CC_364A8036A1D9,3
CC_364F837E4154,2
CC_365306B2E2FB,3
CC_3653C392691F,0
CC_3654C8CF49F8,0
CC_36569AC99717,3
CC_365789E96DA6,1
CC_365977F1908B,3
CC_365A8E1A2AE8,4
CC_365B28C61768,2
CC_366165139784,0
CC_366312F32D5E,0
CC_3664A1C47C7D,4
CC_36658978DF48,1
CC_3667A2750871,1
CC_36688B1EF976,0
CC_3669155DC607,1
CC_366BD3E346F5,0
CC_366CFB3521AD,3
CC_366D9E4A33E0,4
CC_366F2212A730,4
CC_36723AB4299F,3
CC_3679F2799D53,3
CC_367D3A611951,0
CC_367EC8786186,0
CC_36822E370AAE,0
CC_36824A274886,4
CC_36832B6653E7,4
CC_3683D62EB70A,0
CC_36844EA3868D,4
CC_3684966D4A76,4
CC_36856EF07C34,1
CC_368C76E78D3A,4
CC_368E147BEAFB,3
CC_368EC61A3BD5,0
CC_368F0DA6E3C7,3
CC_368F4FB6DC33,0
CC_3690724B9F42,1
CC_36940D7F7E8F,0
CC_3699F2C372E4,4
CC_369D619165B0,0
CC_36A391452CA1,4
CC_36A92E638415,1
CC_36AAFC0BDA2F,3
CC_36AF942D1617,2
CC_36B3AAB98DBE,2
CC_36B834261002,0
CC_36BADE5D5F77,4
CC_36BB14731B86,3
CC_36BBF85BB423,3
CC_36BD8BF45150,1
CC_36BDF839C97A,2
CC_36BF8517FFA0,4
CC_36BFEA0A349F,3
CC_36C148E678C7,0
CC_36C25F6E64CC,2
CC_36C3A88E39E6,0
CC_36C580A99CA3,3
CC_36C64D34F51E,1
CC_36CD868E6B56,2
CC_36CE0D376B2F,0
CC_36D318E5AC0E,1
CC_36D3A05B0CE7,0
CC_36D558EA171C,4
CC_36D9AC453BC2,2
CC_36DD23FFA04C,4
CC_36DFE7B297BE,1
CC_36E11C3B7C40,4
CC_36E236CA43E0,1
CC_36E5A7F57F32,4
CC_36E907FC2C5F,0
CC_36E956F2B879,2
CC_36EA972A994F,3
CC_36ECAD497115,1
CC_36EE8B3712E2,2
CC_36EF3CB9D558,2
CC_36F03DDC7EAC,4
CC_36F0667A6FDE,3
CC_36F48FD278D5,3
CC_36FF34ECB262,2
CC_370111102209,4
CC_3701598458C8,4
CC_370F42DA1D53,4
CC_371280C119F1,0
CC_37178822CCA3,2
CC_3718FEABD892,4
CC_371D57969C23,3
CC_371F3AB7A077,1
CC_371F5C0F693A,4
CC_372324064B14,4
CC_3723AD008C9B,1
CC_3727794DD8B6,4
CC_372DA829DDB5,4
CC_372EAF4554E7,1
CC_3731475350E1,4
CC_3734A2975C24,3
CC_373A58E3B60B,2
CC_373B5F29ADCE,3
CC_373B652D08FD,1
CC_373C67E639DC,1
CC_373CBA62B6BC,2
CC_373CFE6D075A,0
CC_374440C69DE7,4
CC_3744500021F4,4
CC_3744FDA30D56,2
CC_374621359005,4
CC_3749054688F9,0
CC_374A3DBF546F,3
CC_374D1158BF5A,3
CC_374F2567B96C,3
CC_37502F0871FC,4
CC_37505D4BBC5D,3
CC_37543CBC6452,1
CC_375554505BD6,3
CC_375A1A65F74F,4
CC_375A75D73FD8,4
CC_375BB868D7AE,0
CC_375CFD34507B,0
CC_375E4DAA38E1,2
CC_375EDD794E17,4
CC_376348B568EB,2
CC_376505F333C1,2
CC_37684FC3D9E4,3
CC_376CEB00C1BC,2
CC_376D949399AA,4
CC_376DEFB0A3EA,4
CC_3772713D2B7B,2
CC_377411AF4E68,4
CC_377B30E92007,1
CC_377D723D01D9,4
CC_37833BA5191A,1
CC_3784C09C70E0,4
CC_3789812B3416,3
CC_378BB2746900,1
CC_378EB18643BB,1
CC_37933E52C71F,0
CC_37936DF180B9,1
CC_37942F4E7B8F,3
CC_379892085817,3
CC_37A4B3F97F69,2
CC_37A52199A176,0
CC_37AA8228356E,3
CC_37AA9C80C01F,0
CC_37AB566399EC,3
CC_37AE39620FAD,0
CC_37AF76639F75,2
CC_37AFA6A57226,0
CC_37B27405710A,1
CC_37B28F8573EC,3
CC_37B463F68BEF,3
CC_37B8653E92E0,1
CC_37B94B4DA8E3,1
CC_37B9A2C6D054,0
CC_37BA87388D17,3
CC_37C40AA2E44F,3
CC_37CCBC27A220,3
CC_37D0C55CE9CE,0
CC_37D28222E186,1
CC_37D46977FDCB,2
CC_37DBB31C2D42,2
CC_37DBC68F0DC6,4
CC_37DE4FA7C35E,3
CC_37E3AD9E30DA,4
CC_37E3D7E057E4,0
CC_37E4EFF37AFA,2
CC_37E5DA525091,4
CC_37E6B35D0FB8,2
CC_37E8496A58E8,1
CC_37E8BF89E4FC,2
CC_37F97709F300,2
CC_37F97C4ED049,3
CC_37F9D963E601,4
CC_37FCFC4DEBBF,1
CC_37FE1D7DEA3B,0
CC_37FE82C4635B,0
CC_37FEB765EEC2,4
CC_37FF7D5890E1,2
CC_3801CE554CFF,2
CC_38030720DE1F,2
CC_3804795A8851,4
CC_380AC07ADC0E,2
CC_380AC17591E9,4
CC_380C2437052E,4
CC_380C47FAB6EA,4
CC_380E21C16482,3
CC_380E63F572DD,3
CC_38112B255ED3,4
CC_3812F4714301,1
CC_3813013D85D3,0
CC_381955360877,1
CC_381A391C2B60,0
CC_381B7721B351,4
CC_381CC09CBB48,1
CC_381D194F3E28,2
CC_381D9A6889BA,4
CC_38226179F35B,4
CC_3824A9AF5157,0
CC_382AEA92217D,1
CC_382E641B71EC,4
CC_382EFE89D791,0
CC_3830E4804B48,3
CC_38312AD4CA81,4
CC_38318320185A,3
CC_3836DFAC7C05,4
CC_383AED574A68,4
CC_383C27DFCA70,4
CC_383D85EC9DC2,1
CC_384057120EF3,2
CC_38450F29704A,2
CC_38499E07965A,4
CC_384AB9E97F0E,4
CC_384BAE6D0E87,1
CC_384CBC18C024,2
CC_384F88173FE5,3
CC_38530AF3F11D,3
CC_38587F8E7AED,4
CC_386242547F54,2
CC_38665E0BB297,0
CC_386A2052BB00,3
CC_386C975C5E8B,2
CC_386FAA775389,4
CC_3877AE156174,4
CC_387B9CC8A094,1
CC_387E2CD94281,2
CC_387EEF294D89,1
CC_388092B0E9E3,1
CC_3883852FF0FC,0
CC_388FA220F01D,2
CC_389108557C51,2
CC_3893A9AA36A5,2
CC_3895C013F0D7,0
CC_38994CFF3345,1
CC_38A2E5262229,1
CC_38AA438C3FC0,2
CC_38AF5D65E5E3,1
CC_38AFE3099E27,3
CC_38B0F2F5AED9,0
CC_38B39B0A0BEE,4
CC_38B56ADED1D4,0
CC_38B7082105F4,3
CC_38B7C4A6E73B,3
CC_38BDE40E5AF3,1
CC_38BEE9574343,1
CC_38C4D123E7EB,4
CC_38C7C2052E46,1
CC_38CAF23EA967,4
CC_38CD59D6A932,0
CC_38CF80C20655,2
CC_38D06E8B710B,2
CC_38D093163E63,0
CC_38D39CA4586C,2
CC_38D5DC355118,0
CC_38D82840DEFB,3
CC_38D95970543D,0
CC_38DCADD16036,4
CC_38DD0C3EC26D,4
CC_38E6624B3690,0
CC_38EB2594A8C1,4
CC_38EE03D11848,3
CC_38F590F035E4,4
CC_38F637ADB5CC,3
CC_38F90E72A334,3
CC_38FB3BDEC0D7,0
CC_38FB690EA814,0
CC_38FFDF3361D1,2
CC_39032ED5E227,2
CC_390482931835,4
CC_3905F365FAA2,4
CC_390A3CC45F91,4
CC_390FE015C71C,4
CC_3911C15C97A8,4
CC_39124F06ED4C,2
CC_3913D50C654D,1
CC_3917FC1C9CC9,1
CC_3919CB7DFDE9,4
CC_391B1F8B2575,2
CC_391BA47C054E,1
CC_391D435D4213,3
CC_391DBBBE225E,3
CC_391F8BED0FF5,3
CC_392EC945C913,4
CC_3931855BC454,3
CC_3931CCD872AE,4
CC_393775287417,2
CC_393A3771824D,0
CC_393AEC792433,3
CC_393E438698C9,0
CC_393EC39B07E4,1
CC_3942421E954A,3
CC_3943378D25D1,2
CC_3944995A3EEA,4
CC_3946FF1B423E,3
CC_39470FAC35B2,3
CC_39482BFA0146,2
CC_394831222419,4
CC_3949832275E0,2
CC_394C5B8E299E,4
CC_394C7688168B,3
CC_394DB4929B70,0
CC_3950B81E32DD,0
CC_395169B6D2F0,0
CC_395174A791E8,1
CC_3954B69A9886,1
CC_395B67DB2BDF,3
CC_395E5683CCAD,3
CC_395FA3E9216F,3
CC_39607517BE45,0
CC_3961AA5CBCC0,3
CC_3963EFED24C4,1
CC_3965B6388138,0
CC_3965DC0CB4B0,1
CC_3965DEE671E3,4
CC_39665357E830,3
CC_39665D503C35,0
CC_3969B6445BC9,1
CC_396B4DCE1577,4
CC_396BA76854B5,2
CC_396E96D06BD8,3
CC_397D1EFF9804,1
CC_398239227C73,2
CC_398540817B9A,3
CC_3988538496D6,0
CC_3989D0A8E6F6,3
CC_398D9B42AE19,2
CC_399091019354,0
CC_3994E0F42B4F,3
CC_3996C59A2DB1,3
CC_39973DFA8F5D,2
CC_399810409346,2
CC_399CBD33439C,2
CC_399FF2373B07,2
CC_39A30431BAE1,4
CC_39AD84441A5E,4
CC_39AF2F877FE8,4
CC_39AFE5418356,0
CC_39B4E84B09C6,0
CC_39B53110B5D6,2
CC_39B6A3F8BAF1,0
CC_39B6EA65CAC1,3
CC_39B97E6CFAAB,3
CC_39BC0068E1DF,0
CC_39BDE49F8A63,0
CC_39BE6AC6CDA2,0
CC_39BEE5B965BD,3
CC_39BFE88F03EE,2
CC_39C01F52CA23,3
CC_39C88627D75F,3
CC_39CF45DC0860,3
CC_39CF5A27992E,0
CC_39D0E9D3E36F,4
CC_39D2F98E76B9,0
CC_39D3648DFDFE,0
CC_39D8A88723F9,4
CC_39D978A902B9,0
CC_39DD7C53658B,2
CC_39DFD06C13BD,1
CC_39E02E046BC4,4
CC_39E3014D7D6D,4
CC_39E48ACD32B0,1
CC_39E78B84B31B,4
CC_39ED3D82BE30,1
CC_39EEB4B03E86,1
CC_39EEB9FD81D4,3
CC_39EFCD51C268,2
CC_39F0BC56EDA3,2
CC_39F1B8F85E6C,3
CC_39F8359009EE,2
CC_39FD2DEC44B6,2
CC_39FF9B8BBD3E,0
CC_3A0031EF4290,2
CC_3A01BD085BD6,2
CC_3A0339C1C30A,3
CC_3A0396483842,1
CC_3A052490B5EE,3
CC_3A094D444EDA,3
CC_3A0E47EBA31C,4
CC_3A0E5951A686,2
CC_3A0EEADC58C2,0
CC_3A10C883241B,1
CC_3A15FC4ADAF5,3
CC_3A17BFE96EC0,0
CC_3A1E504A4C97,3
CC_3A209949ABAB,0
CC_3A26344D077A,0
CC_3A26BAC21E9F,4
CC_3A272053424C,1
CC_3A2A8378C27C,2
CC_3A2B5B2C795D,1
CC_3A2C14A237EC,4
CC_3A2C60976B89,0
CC_3A352EDA79E3,3
CC_3A363A56493B,4
CC_3A399F4B6157,0
CC_3A3C61774326,3
CC_3A3E56C12C87,2
CC_3A448D9775D3,1
CC_3A452172BD13,3
CC_3A46C9968938,3
CC_3A48DA420C0C,4
CC_3A496644E274,1
CC_3A4DA98DB4A7,0
CC_3A514B84B21B,3
CC_3A5D5DF5EBC2,1
CC_3A60EC89C95D,0
CC_3A64223C2B4D,4
CC_3A69224B84DA,0
CC_3A6E66153D6D,0
CC_3A6F7E9C4913,3
CC_3A70E33B7EFD,4
CC_3A711EC5834E,3
CC_3A728F367626,4
CC_3A7420292840,2
CC_3A7500FBCC7A,2
CC_3A766DFF6D01,4
CC_3A77AF851B98,2
CC_3A792195D7F8,4
CC_3A7A31B08B92,1
CC_3A7A45326813,0
CC_3A7C6780ED15,4
CC_3A8252B32B02,1
CC_3A82F8560045,0
CC_3A84484140CD,3
CC_3A85C6F8E65C,3
CC_3A8811EDF7D3,2
CC_3A895891F84A,3
CC_3A899667C894,2
CC_3A8C6A4DA416,1
CC_3A8CB749FD94,4
CC_3A8E03CA0A81,2
CC_3A8E3105F0C7,3
CC_3A8FFA15D825,2
CC_3A9639918B6A,0
CC_3A97C989CBDB,2
CC_3A9C81F3A9B0,3
CC_3A9DEB791779,4
CC_3AA19E5B364C,0
CC_3AA310152CA0,4
CC_3AA69825CF08,2
CC_3AA71E080F15,1
CC_3AA7F321BF3C,1
CC_3AA8543C99B9,0
CC_3AA8AFC5BA87,2
CC_3AAA6E3CB4C6,3
CC_3AAA8A83AD7E,3
CC_3AAB228BB75B,1
CC_3AAB2424DC88,3
CC_3AABC112FDC8,0
CC_3AAEF36B940E,1
CC_3AB49A2F3A48,2
CC_3AB5EA0F869A,0
CC_3AB63696C18A,3
CC_3AB665FA5173,1
CC_3AB906FC8660,3
CC_3ABAEC188E9F,3
CC_3ABBBDBB6E24,0
CC_3ABEAE73EB5A,2
CC_3ABEDE89961B,2
CC_3ABF4843B284,1
CC_3AC29347F53D,0
CC_3AC6A5798481,2
CC_3AC9C0DCFF29,1
CC_3AD360C982BE,3
CC_3AD9C3DDD439,3
CC_3AD9EA670652,3
CC_3ADA3448916E,3
CC_3ADD1661A452,1
CC_3ADD8637F104,4
CC_3AE31ABD98D8,4
CC_3AE92A94EAC6,0
CC_3AEA6ADD617F,4
CC_3AEE1E864BD0,0
CC_3AEE73094665,2
CC_3AF6CD41B043,1
CC_3AF6F980B0F6,4
CC_3AF75CC04B07,0
CC_3AF7E268C1AA,3
CC_3AFA187FA76B,3
CC_3AFE1D2FB01E,4
CC_3B073523C9CA,4
CC_3B087F12BD5D,0
CC_3B181C2E831D,1
CC_3B1A3CBE1F8B,1
CC_3B1B9CD8CA89,2
CC_3B1CDB11CB01,1
CC_3B1D37C1329D,3
CC_3B1D3E73EC31,2
CC_3B207C78BAAC,3
CC_3B29B4B1D51C,3
CC_3B2B3BFAE147,4
CC_3B2B71CABBD7,4
CC_3B2E07982ADB,4
CC_3B2E5175CC91,4
CC_3B2F64263D1E,1
CC_3B32111D0238,1
CC_3B34044FE7B6,4
CC_3B357875AE56,1
CC_3B3A61379FE7,2
CC_3B3A74344AB4,2
CC_3B3C18BD33F2,4
CC_3B3C5F749881,3
CC_3B3D4FE715C9,2
CC_3B3F48549E9B,3
CC_3B4112EBDA80,1
CC_3B41C1DF6A39,1
CC_3B445784457C,4
CC_3B4684DFE291,2
CC_3B4C9EF6EA1D,0
CC_3B504D47E2DF,3
CC_3B54707CECFE,1
CC_3B54E84B3C2F,2
CC_3B55363A622A,0
CC_3B56A6F5BD61,1
CC_3B58C15A2F8D,2
CC_3B5AF70E7CB8,0
CC_3B5C94EDF75A,4
CC_3B60D6A443E2,1
CC_3B63C655D10F,4
CC_3B642FC35B3D,0
CC_3B6465826490,0
CC_3B68E280D3A2,4
CC_3B6919AC98AC,2
CC_3B692A655479,3
CC_3B6C741E805D,0
CC_3B6C7E38569F,4
CC_3B6C9A793A30,4
CC_3B6E964DBAF5,1
CC_3B740C8D1A2A,0
CC_3B74E60A19FD,4
CC_3B78458A6F65,3
CC_3B7BFDA01197,0
CC_3B7C142C76B0,2
CC_3B822CA7187C,2
CC_3B84C66F2015,0
CC_3B8574246B84,4
CC_3B8B52DE5677,2
CC_3B8D37228FC7,2
CC_3B8E8B6801D7,3
CC_3B8FA79E4D52,3
CC_3B942A285C50,3
CC_3B94EBA9E759,0
CC_3B962D19ABA1,3
CC_3B9653D1AA15,3
CC_3B99C72A3D6A,3
CC_3B9B190783B6,3
CC_3B9C0704B2D1,1
CC_3B9EE9713354,1
CC_3BA700BE1C83,4
CC_3BAA9003C5F7,0
CC_3BABC7EF1741,0
CC_3BABD4B5D3E1,2
CC_3BB12EAD40FD,0
CC_3BB1FF844347,4
CC_3BB2C2215780,1
CC_3BB60BFDD79D,2
CC_3BB732424FBA,3
CC_3BB7ECAD8586,1
CC_3BC403BAF7DD,1
CC_3BC51C5CCEE3,1
CC_3BC592F9C7DA,0
CC_3BC67758C64E,0
CC_3BC881196FDB,1
CC_3BCC88B79918,2
CC_3BD01511D073,0
CC_3BD2C1C1F04A,1
CC_3BD5B08D4144,4
CC_3BD8EABC4AE7,4
CC_3BDD99872776,4
CC_3BDFBE0B6338,0
CC_3BE0295484C8,1
CC_3BE132F19245,1
CC_3BE284D2CA82,2
CC_3BE82CAC967E,4
CC_3BEB7D682C01,2
CC_3BED7335FA27,3
CC_3BF014CADA6E,2
CC_3BF2422DB97A,4
CC_3BF2EE361611,4
CC_3BF3C403F586,4
CC_3C010566DC3A,0
CC_3C0427B48CF1,0
CC_3C056CEDAE4A,2
CC_3C060F80B680,4
CC_3C06219D6E24,2
CC_3C0C0B93B903,2
CC_3C0C4B25A7BC,2
CC_3C0CFDF70B8D,3
CC_3C1005EE2A85,3
CC_3C16937A5013,4
CC_3C18B4010A3D,2
CC_3C20F0767923,1
CC_3C22AC75AB68,1
CC_3C24A574EE64,3
CC_3C26C857EF41,3
CC_3C27CC8D53EE,0
CC_3C2861BFF1C6,0
CC_3C29787E94F8,0
CC_3C2AB6F95649,3
CC_3C2C43DB375A,1
CC_3C2D820E6949,2
CC_3C30903FBF8E,2
CC_3C310A33218F,2
CC_3C3633839213,4
CC_3C36BE6B6DAA,1
CC_3C38098D8A60,0
CC_3C3E98477CD3,2
CC_3C42640A5119,4
CC_3C44EEBACEA5,3
CC_3C474F8244AA,4
CC_3C4D53C6CF39,0
CC_3C4D65771E4E,4
CC_3C5020076EA6,1
CC_3C523AC6B930,3
CC_3C5286050B40,0
CC_3C534B13F32A,0
CC_3C53B6F4705C,3
CC_3C53CDEE3807,0
CC_3C546182B16B,1
CC_3C54B0946163,2
CC_3C55B6CEF2AE,1
CC_3C5B0C8C49AB,3
CC_3C5DE6B1A96C,0
CC_3C60E514A8FC,4
CC_3C6280FDE8C1,2
CC_3C696AA50DB7,3
CC_3C6B946BABCC,3
CC_3C6DC47C6498,2
CC_3C6E538A9ACA,3
CC_3C708DCBE0F1,3
CC_3C75962E9701,4
CC_3C7597143E27,4
CC_3C79F7501356,2
CC_3C7E24463383,1
CC_3C7FC2969633,1
CC_3C8088390BAF,1
CC_3C81FE6D0007,4
CC_3C840CEDAD97,3
CC_3C890C376EF1,4
CC_3C899D2279F3,0
CC_3C8B30469B57,2
CC_3C90A2DA38C8,2
CC_3C9C3136D06D,1
CC_3C9D32C59A0C,4
CC_3CA02FE99C15,4
CC_3CA06864D933,0
CC_3CA2C557E464,2
CC_3CB84D9CAA6C,4
CC_3CBD15C385A4,2
CC_3CC1B87C85C3,1
CC_3CCCBEA5E377,1
CC_3CD0869B655A,2
CC_3CD4FDD7BDAD,1
CC_3CD84B850BCB,2
CC_3CDCF20B097F,1
CC_3CE1CBA88910,1
CC_3CE4365CD2DD,2
CC_3CE47E406710,3
CC_3CE4A01492F7,4
CC_3CE596B7A5AD,1
CC_3CE64EA7491E,2
CC_3CEBC183D074,1
CC_3CF5D6F9A23B,1
CC_3CF9A43AC0A8,2
CC_3CFCF1205340,2
CC_3CFEA7F22BF9,3
CC_3CFF111B7CB6,1
CC_3CFFAD5AEBBE,4
CC_3D0B5F4670F4,0
CC_3D0CEED1B216,3
CC_3D1B2ECDBAD8,4
CC_3D2129E6FD3E,4
CC_3D2405185DD0,4
CC_3D2438152C87,3
CC_3D29125DF048,1
CC_3D2962D5D88E,4
CC_3D2DBCF8B9DA,2
CC_3D2F359615F1,2
CC_3D302D6A88FA,2
CC_3D342BF9643D,0
CC_3D3883F0BE25,2
CC_3D3BD2C60F4A,1
CC_3D3BF61CC289,1
CC_3D3F56B369CF,0
CC_3D40CA123D5C,3
CC_3D46245C3DF7,0
CC_3D4897F8F8AC,0
CC_3D48D0F32F6E,0
CC_3D499758BB25,4
CC_3D4A90158C9D,0
CC_3D5120D9BE27,1
CC_3D51B1ED0D7B,0
CC_3D537478DA21,0
CC_3D5A279700AC,4
CC_3D5BCA76331D,4
CC_3D5C422D60FF,2
CC_3D5E654E556F,1
CC_3D60DE266E24,1
CC_3D6787A48841,3
CC_3D681452408F,2
CC_3D69277C64D4,0
CC_3D701F464FA4,0
CC_3D77CE8D4582,1
CC_3D78E201F0FE,1
CC_3D79338EDF65,2
CC_3D7A5C1DD937,3
CC_3D7B531A7B5E,4
CC_3D7B615F5ABF,4
CC_3D7CB19276A8,3
CC_3D7E8F3AD41B,1
CC_3D8071473E97,0
CC_3D828DA55CFE,3
CC_3D84947B2DE1,1
CC_3D8529C65CC3,4
CC_3D8765A64ADD,2
CC_3D87C20F655B,4
CC_3D8AF9A80D39,1
CC_3D8D2700831C,4
CC_3D90FB465A2A,4
CC_3D92C820F074,3
CC_3D92F98F3CF7,3
CC_3D94EF283AE0,1
CC_3D94F6CBF514,3
CC_3DA0218FCD5A,2
CC_3DA461704105,1
CC_3DA5189D28E3,2
CC_3DA96EBC7F68,2
CC_3DAE730039C5,4
CC_3DAF250821B6,1
CC_3DB0D7527A9B,4
CC_3DB1BEB70942,0
CC_3DB81711067D,4
CC_3DBA2BC5D75D,3
CC_3DBE204CDCDB,4
CC_3DC1E33F23A7,1
CC_3DC29FC60E03,3
CC_3DC3590C4A89,4
CC_3DC5FC13E35A,3
CC_3DC966CEC8C3,1
CC_3DC9C2B9A96B,4
CC_3DCAEBDDE96F,1
CC_3DCCCEE778D7,1
CC_3DCCF69AF014,4
CC_3DD17FD406B5,3
CC_3DD63B15603E,3
CC_3DD775128F1F,0
CC_3DD8B0EE27FE,0
CC_3DDCE5D30A45,1
CC_3DDD0E9E4F2E,0
CC_3DDD84F1F87A,3
CC_3DE094D40FB9,1
CC_3DE099D96A3B,0
CC_3DE2717A7A9C,3
CC_3DE6BBCDBF64,1
CC_3DEA1F5EA5C5,4
CC_3DEB2F5772B3,1
CC_3DEBC84983B7,1
CC_3DEC8E2C7816,1
CC_3DED20632960,3
CC_3DF0ACC88BE7,3
CC_3DF9BE9A3D2F,2
CC_3E01906BACFE,2
CC_3E020EC73C89,0
CC_3E0481E07EC5,2
CC_3E04E62A383E,2
CC_3E05132424DA,1
CC_3E05C4E3EB77,3
CC_3E091008047A,2
CC_3E0A4A91DADE,4
CC_3E0A83C46C8A,0
CC_3E0B4A133FB3,3
CC_3E111946922F,1
CC_3E177AAE4663,1
CC_3E185FC131A3,2
CC_3E1860AAA22C,3
CC_3E207B4FEA4B,3
CC_3E20D62A610D,0
CC_3E20E37C9856,4
CC_3E222D5DC74B,0
CC_3E25BFDF0BAE,1
CC_3E271D5108AD,3
CC_3E2B0F9975BD,3
CC_3E2C0F6176A5,1
CC_3E331091F306,0
CC_3E3781FDC886,0
CC_3E39D227ACFD,4
CC_3E3BA44CE4B8,1
CC_3E40E3D021CA,3
CC_3E41002AFB2D,3
CC_3E430D2DF335,2
CC_3E4BD48BD904,1
CC_3E4EAF3857B3,4
CC_3E527EAA0EF6,4
CC_3E5702613DFC,1
CC_3E571E8D904E,3
CC_3E5B7FFD9D60,4
CC_3E5E0D5F4AB0,0
CC_3E63C2D05E82,0
CC_3E64CFD46480,3
CC_3E68EE37773C,4
CC_3E6BDB18F2E6,2
CC_3E6BFACD9B83,3
CC_3E7294AAF75B,0
CC_3E72B0424BFB,2
CC_3E72B8E72CB5,4
CC_3E72EDFC9423,0
CC_3E74592E779B,1
CC_3E7839C32D07,4
CC_3E7BE9F3B972,3
CC_3E841A80542A,4
CC_3E89360ADF4A,4
CC_3E8BEDB8B21C,1
CC_3E90A4A329A2,3
CC_3E9C0DF411F8,1
CC_3EA298FFEDC0,3
CC_3EA6D8D4103E,3
CC_3EA740C732FB,1
CC_3EA9B61341BA,3
CC_3EAD27D084DF,4
CC_3EB121261FA3,1
CC_3EB2DAAEF167,1
CC_3EB3BB604B74,3
CC_3EB4077895F4,2
CC_3EB514DECC39,2
CC_3EB7C1406423,1
CC_3EBBF5A17EC9,1
CC_3EC5D9E0190B,4
CC_3EC99DA4EDAB,2
CC_3ECA364B6839,1
CC_3ECA4C07FB2E,1
CC_3ECB993A1B9F,4
CC_3ECBE13A570E,0
CC_3ECBEA7B9724,4
CC_3ECD9D611263,3
CC_3ECE79F884F2,4
CC_3ED62061FD0A,0
CC_3EDB5A009919,0
CC_3EDCCB52DAD1,0
CC_3EDDD8FD77D5,4
CC_3EDF3F850072,3
CC_3EDF7C0D88FA,1
CC_3EE0259C796C,1
CC_3EE6590D1DCF,4
CC_3EE72F6A6B14,0
CC_3EE7E5AED7CC,1
CC_3EEBAE854322,2
CC_3EECAB624618,1
CC_3EEF909B9A5F,2
CC_3EF3B72149E9,4
CC_3EF60003FFDC,1
CC_3EF717E79E1C,3
CC_3EF7B37C86B9,4
CC_3EF8E4918310,1
CC_3EF99E8C672A,4
CC_3EFA7EC29967,3
CC_3EFBAFF547DB,1
CC_3EFDA7C0739D,0
CC_3EFDC455D933,3
CC_3F00B30478CD,1
CC_3F0105511ADF,4
CC_3F0922D8C363,2
CC_3F0A0F0EBE8E,2
CC_3F0BDD02DA88,0
CC_3F0E2DDF03D0,3
CC_3F0E99D90143,1
CC_3F0EFC657C35,4
CC_3F122D86D6D0,1
CC_3F13D7C1238E,0
CC_3F1429DD9A7A,2
CC_3F1648D44D30,2
CC_3F167B4C0A82,0
CC_3F1989C1D543,1
CC_3F1CA5CEE668,4
CC_3F22C802852B,1
CC_3F235ED79F96,3
CC_3F2408F723F3,2
CC_3F252215B39B,3
CC_3F2659DACD6C,4
CC_3F2BE334EA31,1
CC_3F2C8271AEE2,4
CC_3F2F6C4ABCF5,3
CC_3F2FB28666EB,0
CC_3F35F5F4C2FA,3
CC_3F3988E27EC2,4
CC_3F3ED329D5DB,0
CC_3F401EB14F80,4
CC_3F408F04181B,4
CC_3F41ECC9F1C2,1
CC_3F44CC2DFD78,3
CC_3F450331B6CF,3
CC_3F5192293092,3
CC_3F55C40132A8,0
CC_3F5DBD4D4A47,1
CC_3F621093E2F1,0
CC_3F68E5D775AA,4
CC_3F699ED6F7B9,0
CC_3F6EA74A594E,1
CC_3F6FA882CC59,1
CC_3F750097A7A0,2
CC_3F779B84D1F1,0
CC_3F77F1635867,1
CC_3F79D1436DFD,4
CC_3F8AB71C93A9,4
CC_3F8C7F71E278,2
CC_3F8D2797E48C,1
CC_3F8F5AD00087,3
CC_3F8FC3D942D6,1
CC_3F93F1B198A1,1
CC_3F94A908F900,0
CC_3F962652602B,0
CC_3F9F6FB54861,4
CC_3FA28488BAAB,0
CC_3FAB6C114FCA,2
CC_3FAB70F3A36F,4
CC_3FB1234DD833,0
CC_3FBC317AAC6B,0
CC_3FBE14FE6576,3
CC_3FC25B02D868,2
CC_3FC60086C0F4,4
CC_3FC6DCBECCF1,0
CC_3FC868F74AC4,0
CC_3FCA7A15E705,3
CC_3FCB58D3AD76,4
CC_3FD1B51CA1B6,0
CC_3FD283315901,0
CC_3FD343BD0077,4
CC_3FD46020B97C,1
CC_3FD6AFE77B65,1
CC_3FD93D017BA0,3
CC_3FD95A689331,4
CC_3FDAEBE5E784,2
CC_3FDB19879CDF,1
CC_3FDB90C44C99,4
CC_3FDC4474DCF5,4
CC_3FDEDACF74C7,0
CC_3FE2E4038FD2,1
CC_3FE546EC4525,0
CC_3FE8D2D0E78F,4
CC_3FEAA7F8C881,3
CC_3FEC509A601D,3
CC_3FF0FABCF28D,0
CC_3FF4E22691BE,3
CC_3FF553948C36,3
CC_3FFA49A60C69,2
CC_3FFAC6AB3AD4,1
CC_3FFAC9ED48F9,4
CC_40015F2081F7,4
CC_400229F22A15,0
CC_4003B02C578A,3
CC_4003B9378085,2
CC_40053F6E98EC,0
CC_40077BEDA8E4,3
CC_400BEF434359,1
CC_401177227A56,4
CC_4012FCCBCC30,3
CC_401739F10247,1
CC_40185096F055,3
CC_401F0B39B640,4
CC_4022717DF84B,0
CC_4027B5DB02A3,0
CC_4029B2C0E56A,2
CC_402B3A294DE7,3
CC_402C49460BAB,0
CC_402DB4CCECC7,4
CC_403192450938,4
CC_4031C0E0B5BB,0
CC_40339FFF01E6,4
CC_4033DA65DB79,0
CC_403960EDEB6C,3
CC_403C5A79090D,4
CC_403FBEE7D76B,3
CC_404071DCC85C,2
CC_404421E85F2A,0
CC_4049E18FAE5A,0
CC_404B499235B9,3
CC_404E2B3BDC8B,4
CC_405445038DD9,2
CC_405817BD633B,0
CC_405842AD24CD,4
CC_405AD30D0D9D,4
CC_405E9C93AF56,4
CC_405F8F9903C8,4
CC_405FB682CEB5,1
CC_406274429092,1
CC_406E1D48AE7B,3
CC_40700426109B,1
CC_4070CEB09033,3
CC_4073752BF49D,3
CC_4073E6AC0746,3
CC_4074323420AA,4
CC_4074FE6E32F0,0
CC_407F2185317B,4
CC_4081B4648A8E,1
CC_4083D696E2E9,3
CC_4087FBC11DD7,0
CC_40908139F23E,3
CC_4090BA93E481,4
CC_4092C5315210,0
CC_409630D3CBF8,1
CC_409CB4179908,0
CC_409CDD53DAD7,3
CC_40A07239F028,0
CC_40A077379511,3
CC_40A4BCDBAF23,3
CC_40A795285E9B,1
CC_40A93E7AC1BD,1
CC_40A984160A63,3
CC_40AC31452BE3,2
CC_40ACBAF19765,1
CC_40B0A64A55B0,4
CC_40B52C13B1F1,3
CC_40B65F5F4F82,0
CC_40B685374EDB,0
CC_40BFC5E1AA64,4
CC_40C14D4F9BCC,1
CC_40C45F950125,0
CC_40C57936EC38,4
CC_40C62D092C58,2
CC_40D1F44D96F6,3
CC_40D39739DF41,2
CC_40D7D9CE4151,3
CC_40E08DDA223F,3
CC_40E150EB586F,3
CC_40E1D8F1C712,4
CC_40E2DAF2A327,1
CC_40E577F029AF,1
CC_40E75C02AA11,2
CC_40E9173DE04A,3
CC_40E9985F7DAA,3
CC_40F194D93E19,0
CC_40F3CF82792B,0
CC_40F43FB24806,2
CC_40F6E7575287,2
CC_40FBAA6A07D2,4
CC_40FC6940345C,1
CC_41029997614F,3
CC_41037BFBED54,0
CC_410BFA181D19,4
CC_410FAE4AE488,4
CC_41124066FC71,3
CC_4113A2BEBA44,3
CC_4115783708CF,2
CC_4117A188C359,0
CC_4119A9BA6373,1
CC_411E266DB07E,0
CC_4126806BA789,3
CC_4127E4624989,1
CC_41284414C225,1
CC_4129C6306A6D,2
CC_41321DCDCCB2,0
CC_4133AB0BEEED,4
CC_4134E1AB2AC5,4
CC_413708D7FE91,4
CC_413A1B273EB7,0
CC_413D09A6C2F2,3
CC_413D8D82F470,4
CC_413EC0C28442,4
CC_414302BEE57F,0
CC_41438B5CE3B3,3
CC_4146ED5F8A23,3
CC_414896AD4734,1
CC_414911941DD4,0
CC_414D2097D93D,3
CC_414E2B2BFC88,1
CC_414F030D3BE8,1
CC_41569A7A2B7F,2
CC_4156D68D39A7,4
CC_415935002A0D,1
CC_415AF4AE7BEF,1
CC_415D703F3871,2
CC_4165D5A66698,3
CC_416747FA0552,0
CC_41698C5605BA,0
CC_416C9273E5BD,2
CC_416CB705CF9D,4
CC_416EDC157A29,2
CC_416FB64C901C,1
CC_41737E7E2518,0
CC_41796D6483A6,1
CC_417CA4DA42ED,4
CC_417E5EB96C92,4
CC_418128C77562,3
CC_41868F81B8F8,3
CC_418EC2AA03E1,1
CC_41919E23C3C2,4
CC_41927D16734F,1
CC_419441371154,0
CC_4195037D0008,2
CC_4199B489CA9B,4
CC_419AE1FCE1B2,3
CC_419D767E5D68,2
CC_419ED6D73D10,4
CC_41A06A20F7A5,2
CC_41A37E7DA567,1
CC_41A3C3BC05E5,4
CC_41A465212303,3
CC_41A57CBE2790,1
CC_41A85461647F,1
CC_41AC7D608BA1,3
CC_41AEFB73599F,2
CC_41B1C7743C55,0
CC_41B2EB8E2659,2
CC_41B340FF98D6,1
CC_41B61081F593,4
CC_41BF0265C091,0
CC_41C0EFD1789E,4
CC_41C4FDFFD933,3
CC_41C54F7F9250,3
CC_41CB8C4BF3A4,2
CC_41CC41C6A2B2,4
CC_41CFB483DF9D,4
CC_41D2C0067563,2
CC_41D37C661042,4
CC_41D3AA2FE538,3
CC_41D6466213EB,0
CC_41D6FDB0F7FE,0
CC_41D794AA3A35,3
CC_41D8D3CCD5F1,4
CC_41DA2F798E72,3
CC_41DB0F437DAA,2
CC_41DB77A9CEFD,0
CC_41DBFD8C8341,1
CC_41DDB3612367,4
CC_41E0ABF1D19C,0
CC_41E0E26BD8AB,2
CC_41EE7557C963,3
CC_41F0587DAEA5,0
CC_41F1843BBFCE,2
CC_41FA3C9B98C5,3
CC_41FA97A64F7D,1
CC_41FB8258BE6A,3
CC_41FE0D9DF961,4
CC_41FFB8C07A2B,2
CC_41FFE972E3BC,1
CC_4200DD12E32C,0
CC_4207A5BBB7AD,4
CC_4208A63558BD,4
CC_420914CCEDC6,3
CC_420A182EDB4B,2
CC_420AB659CCB5,4
CC_420B2553A531,3
CC_420C95626165,2
CC_4211999A0BB1,2
CC_4211E70ABD07,1
CC_42123CF7B916,4
CC_421A5FE4ED02,0
CC_421C6A0D76DF,2
CC_421EE95E8E36,0
CC_4220768354B8,2
CC_4222C36D9742,2
CC_422396E4107E,1
CC_4223D9C3318D,1
CC_4225094B713D,2
CC_422546AC2B7B,1
CC_4227147D1773,1
CC_422852B18B83,4
CC_422A6CA5BC01,1
CC_422D0668EE0D,2
CC_422FA64DE48D,1
CC_423211849F73,2
CC_423384940EBE,4
CC_42365DAA4781,1
CC_42377923897B,4
CC_4237EC62AF7B,2
CC_4241EBB6BBD2,0
CC_4242B327BF96,0
CC_4242DC81AA5B,3
CC_424B146EA560,4
CC_424CD3500BB5,4
CC_4250627A58BE,4
CC_4251D73CE4FF,3
CC_4251E058B136,4
CC_425261A65BD4,0
CC_4253A4007C54,4
CC_42542BBE02F6,1
CC_42557B3BC851,3
CC_425A30333FDC,3
CC_425A9848790B,4
CC_425EAA7394BD,0
CC_425F037A860D,1
CC_42658453D6F9,2
CC_426B6C5D5400,2
CC_426CB4C16C1D,4
CC_426E721B947C,2
CC_42746FA0B436,0
CC_4274E29A7693,0
CC_427718F12DE0,4
CC_427C32633329,3
CC_427C635A1630,2
CC_428186D7EEF6,4
CC_4285ECE790FB,1
CC_42930B4AC70A,2
CC_42936DB52A2C,3
CC_4294615CB2AE,4
CC_429610FC7676,2
CC_4296E9F938BA,2
CC_4297B63957C4,3
CC_4298BD38B748,2
CC_4299118E1554,2
CC_429967589DE5,4
CC_429D7F13D2DE,2
CC_42A3E4D79AAC,1
CC_42A46CA1B89F,2
CC_42A766D4CBF4,0
CC_42A8DDC1412B,0
CC_42AAC0B5EF9F,0
CC_42ABA8713C64,0
CC_42AD69133E5E,2
CC_42B56C4B2A3B,1
CC_42BBF05C0C6F,0
CC_42BE7FE5BA43,1
CC_42C0A73944DC,3
CC_42C580E5A3D6,3
CC_42C7617C94BA,4
CC_42C88CDF019C,4
CC_42CB516FA52C,3
CC_42CBA5FB2D31,3
CC_42CE1628F9AF,0
CC_42D0D89EBD20,4
CC_42DAC7E0F8C1,1
CC_42DADBB83589,0
CC_42DB8056722A,1
CC_42DBE71A9E27,0
CC_42E0FF38FD75,0
CC_42E1FC3BC7DD,1
CC_42E7276F6427,2
CC_42E72956B6E1,1
CC_42E7421EF8C5,2
CC_42F64F0CC224,1
CC_42F8E79B025D,2
CC_42F9B3D1A244,0
CC_42FF488FAF29,1
CC_42FF8A489F18,2
CC_430126E7F09C,1
CC_430572814667,1
CC_4305D108204E,3
CC_430699446954,2
CC_4306D0CB4769,3
CC_430B2C05AD09,2
CC_430F8196C9E0,2
CC_431043B15B67,1
CC_431071FBEFE7,0
CC_431784865E89,2
CC_431920BBB8C2,2
CC_431BFF248C14,0
CC_4323EF537C39,0
CC_432426452B61,0
CC_4324AF0F53BC,2
CC_43285A005349,2
CC_432AEDB49044,3
CC_432E94102B9E,0
CC_4337C856CD50,3
CC_43380333E564,2
CC_4338106E1CA0,3
CC_433878E446B4,3
CC_433B8AA2DE86,3
CC_433CE18515CE,1
CC_43409889229C,4
CC_434145FD6ABB,3
CC_43424C9F7EAF,3
CC_43458BCF6B0E,1
CC_434B173E601D,4
CC_434BC18464CD,4
CC_434E0B7B4EB1,3
CC_43545C27256A,0
CC_43558B2937A8,4
CC_4357077327D0,0
CC_43582DFAB81B,0
CC_435A2989D1D5,0
CC_435B9BBD1AD7,2
CC_435C9BE05E1B,2
CC_435D1AC5A912,4
CC_43636ED1C143,4
CC_4366614DB803,2
CC_43675D2A7A1D,2
CC_43688AD78EFD,2
CC_43689A7B08C6,3
CC_43699B5B88C5,1
CC_436B59428846,1
CC_436C69DB0207,4
CC_436DEE989E83,2
CC_436E34099BAC,1
CC_436E988E229E,4
CC_436EE336B5DA,0
CC_436F60CDF958,1
CC_4370F7BCBC45,3
CC_43736FCA06B7,0
CC_43744B763A28,0
CC_4375E68D1E98,4
CC_43777902E478,3
CC_437B19ED157C,1
CC_437BB2879F51,1
CC_437C44C456A4,2
CC_4380FFA10D97,0
CC_4382FB7AA68F,3
CC_4387A867941F,0
CC_43895D559E3D,2
CC_4389643298BD,2
CC_438E33396772,0
CC_438EFEA811FF,2
CC_43902D280795,3
CC_43939B196311,0
CC_43971820B5D6,3
CC_43985E989BDE,1
CC_439BAD131C92,1
CC_43A3BF230240,2
CC_43A42A1568DD,3
CC_43A431D009FA,2
CC_43A47466238F,3
CC_43A6F1DD28C4,1
CC_43B0E1F99155,3
CC_43B1F7CFA952,0
CC_43B2E3FF0A25,1
CC_43B310818603,4
CC_43BE8F986A8E,1
CC_43C30ABB6D9E,0
CC_43C58011A334,1
CC_43C5F47EADBF,2
CC_43C6AB731BE7,2
CC_43CC264F102F,3
CC_43CCB6631EA7,4
CC_43CF880CDD8E,3
CC_43DBC149E108,1
CC_43DE4AC9FCA2,0
CC_43E1AE11945A,4
CC_43E33E6FA39A,1
CC_43E438F412EB,4
CC_43EA99797CD9,0
CC_43EB4CB08477,3
CC_43EDD8D1966E,1
CC_43F3CBB92ECE,1
CC_43F3D2B64101,1
CC_43F85EBD859E,2
CC_43FACC50996C,4
CC_43FB9BA5130D,2
CC_43FC4B364A30,2
CC_44040C0C2049,1
CC_44071E65A598,3
CC_440AE3F56868,4
CC_440C37F70FA9,2
CC_440F03F3FA26,4
CC_4411D495D9B0,4
CC_4413D01672F4,1
CC_441413B56FD0,4
CC_4418F18B3431,4
CC_441C312D57BB,1
CC_442089BFA0C1,1
CC_4422678FD916,3
CC_44261A6F3323,3
CC_442745423DBD,0
CC_442C021C5F37,2
CC_44375D6FE843,4
CC_443CF4A547AD,3
CC_443D3F807FEA,1
CC_4448EED695F4,2
CC_444A2205C808,2
CC_444A5B9D0F8C,4
CC_444B7199CDEC,1
CC_444ED9048449,4
CC_4450006A6D69,1
CC_445636F1E503,1
CC_4456C47CD886,2
CC_4457FCEC1A97,4
CC_445E6A078C78,2
CC_4467FDE622DF,1
CC_4469A94EED2A,3
CC_446AF9015667,3
CC_446B76C72462,1
CC_446B87E8B7E3,4
CC_446BF3389710,1
CC_446FCC3AB71A,1
CC_4471DB329F18,2
CC_447270CE2E14,1
CC_447336575346,0
CC_447534C99933,2
CC_44803D0915AC,0
CC_4487D5F49539,1
CC_448866011A1C,1
CC_4489C803703E,1
CC_44923BD3DA82,3
CC_449657256DE9,3
CC_44976760675D,3
CC_449A34FA53D1,1
CC_449C5EA3CD5A,3
CC_449C81E589F2,0
CC_44A2831C338A,0
CC_44A29856A3FC,4
CC_44A559A63CFA,4
CC_44A882B1CEA4,4
CC_44A97E5B4EAC,4
CC_44A9BD377278,4
CC_44B0DDAA0BE9,0
CC_44B30E3624DF,4
CC_44B3485BC55A,0
CC_44B7416D13D9,0
CC_44B885EE03E1,0
CC_44BC9653B7E5,0
CC_44BD97B8F986,0
CC_44BF9F95FC62,0
CC_44C0A9B1C62F,1
CC_44C0E6D2D8F3,0
CC_44C448B9EF01,3
CC_44C5BC4F1CE9,3
CC_44C87C6D2CAE,1
CC_44CD3A5EC9D1,1
CC_44CEB872DF33,4
CC_44D07744A4DB,3
CC_44D2CE366C9C,3
CC_44D774899403,0
CC_44D8CF1075C9,3
CC_44DA866EE074,0
CC_44DE926B0CEE,3
CC_44E9B5719709,1
CC_44ED5F997005,4
CC_44EE2913C6B4,2
CC_44EE7EF5F63F,1
CC_44EF388D5D1E,0
CC_44F4C7238C0C,3
CC_44F7DB9DDD28,2
CC_450397CC9154,4
CC_450506685FC2,2
CC_4507B75B061A,2
CC_450B638DC72A,3
CC_450EA54951B1,3
CC_451557B7B8C9,3
CC_45167B5BC77D,1
CC_4518126195D7,4
CC_451A340657BC,1
CC_451D681A1322,1
CC_451F9184776D,2
CC_451FA8DDF661,4
CC_451FFCE6B6B5,2
CC_4520E5A355FA,2
CC_452302E725F0,4
CC_4524B74B457D,2
CC_452E0356FA3B,4
CC_45307FD2F4DF,3
CC_45325AB325F7,2
CC_45328F4A30AA,2
CC_4532BAA9196E,0
CC_4533D862DAAB,0
CC_4534B94FE01C,3
CC_4534BCE5A5A0,3
CC_45397ED0AEF4,4
CC_453C71565029,3
CC_453D3BD08384,3
CC_454095CACACF,1
CC_45411E0B79F6,4
CC_4545F52CB694,4
CC_45495F54590D,3
CC_454A5D4F117A,2
CC_454B05069E1D,0
CC_454DF7556487,3
CC_45546C236751,3
CC_4556F09AB706,4
CC_455859BB9678,1
CC_455A14250141,1
CC_45605443FB13,0
CC_4561C6DCB6AE,0
CC_4565137E5296,0
CC_4566F46C66D1,4
CC_456888E99F95,3
CC_456ABECAFCF9,1
CC_456AC6310801,2
CC_456EC94186EB,1
CC_456EFF689C22,2
CC_45727BF71CA6,3
CC_457515CFDA95,3
CC_4579275FA64B,3
CC_457ECF54518D,2
CC_457F077077DA,0
CC_4586428C59CD,0
CC_45866409D70B,2
CC_458DDF58D7BC,2
CC_459367EDB260,1
CC_45955DE6ED87,0
CC_45984DCD47EB,0
CC_4598A9C479AB,4
CC_459912751A66,0
CC_4599EDC6A8C9,3
CC_459B411A1BE9,1
CC_45A0D02BC257,4
CC_45A0E0FF48E6,0
CC_45A203BCD017,0
CC_45A99544F768,1
CC_45AB74C49190,1
CC_45ABBADE9975,4
CC_45AC6F28C7DF,1
CC_45AC947F1DFB,2
CC_45AD4466894E,4
CC_45AE94D8FD07,0
CC_45B35E5FD8D9,3
CC_45BA31E0BD9E,1
CC_45C886C0B039,1
CC_45CAC6B1AC70,4
CC_45CC04222CF8,1
CC_45CEB9F25E03,3
CC_45D6B6D47776,1
CC_45D87984C8A2,3
CC_45D8AADD879B,2
CC_45DCAF79BACF,0
CC_45DE739E4DA2,1
CC_45E4BD6E1094,2
CC_45E712973069,2
CC_45E91CA43887,2
CC_45EB85E07B89,2
CC_45F4916D5858,0
CC_45FA0F483C56,0
CC_45FD076CF204,0
CC_45FD53835E85,4
CC_45FE8C40C802,3
CC_460048F97582,3
CC_4601561CE56A,4
CC_460397821533,2
CC_4606024C6CCC,3
CC_4609D9C70486,1
CC_460CD8FC70C6,1
CC_460D42D6A0B3,4
CC_46104605333A,4
CC_4610AFBBC841,1
CC_46121D15BBDF,2
CC_4613D4C45566,1
CC_4614CED895F3,3
CC_4614D2C66070,1
CC_4616636C9CEC,1
CC_46195DEAB79E,1
CC_461A54F25C51,2
CC_4624DA1E3E3F,1
CC_462B19C6E598,3
CC_46322A3D4B5B,4
CC_46349B7E2E14,1
CC_4638DF96481D,4
CC_463990FBF2EA,3
CC_463B779A313C,1
CC_463D5ADB78B1,3
CC_464082944A66,3
CC_4642FA758A95,1
CC_4643A97ABD42,0
CC_4645504B8F71,3
CC_464A3460F393,0
CC_464A48ABCF15,1
CC_464B82313AF1,3
CC_464C477F02C2,3
CC_464DF7DF54CD,1
CC_46509B4A4E95,1
CC_46534DAEBDB2,2
CC_465959DF8190,3
CC_465A7EBE17B8,2
CC_465BB6D3B15D,0
CC_465EE0A8EB33,3
CC_46625AA5044E,3
CC_466357181FC6,4
CC_46690B70B232,2
CC_466932E039C0,4
CC_466C5B52D2E9,2
CC_466C8AB02EFF,0
CC_467467CE2DBA,2
CC_4676561DF442,4
CC_4681FC6611BD,3
CC_4687803E0613,2
CC_46886DC4A5B0,3
CC_468908A79D29,0
CC_46899F027259,0
CC_468B9311EF92,0
CC_468FFEC3561D,4
CC_4691DB7F2D85,1
CC_469460D11FF7,0
CC_4694B67B6BD5,1
CC_46957AE413C7,2
CC_4695EE740B22,0
CC_46A73BEAE24E,0
CC_46AB0ED2AFA4,1
CC_46ABC62EB886,4
CC_46ADEAEA3587,1
CC_46AE119A9FA3,4
CC_46B06994BA99,0
CC_46B0C49DE87C,3
CC_46B347211F67,1
CC_46B3E6F2FA32,1
CC_46B7CED4868D,1
CC_46BAB604F8AE,0
CC_46BC4D93EFEB,1
CC_46BC807B7833,4
CC_46BD7EFA9CC3,3
CC_46BEB1C23BCB,0
CC_46C1C56C3CC9,2
CC_46C73ED43BA2,2
CC_46D1225E0DFF,4
CC_46D1C996EAD4,1
CC_46D72E86BA2C,1
CC_46DCBCB7A5C8,2
CC_46DCDE8E7BA1,3
CC_46E42892DBEB,3
CC_46E91F9ACAC9,3
CC_46E9AB73D073,0
CC_46EA74776C44,4
CC_46F0982AE749,2
CC_46F2D1E5F829,2
CC_46F77756B0FE,2
CC_47001D4BA82F,2
CC_47004AFBFFB9,1
CC_47013B67CF3B,3
CC_4701677F164E,3
CC_470368FE8ACD,4
CC_470A86347F2E,4
CC_470F846CC1A0,2
CC_470FB77410C5,2
CC_4710CA53210D,4
CC_4710F5A5F882,2
CC_4713087780CF,4
CC_4714786065FA,0
CC_471519FC2DFD,0
CC_4715210BDB62,4
CC_4715379BF72B,1
CC_4718AC9F7130,4
CC_471A4F4C1A90,3
CC_471B198AA785,0
CC_471FE7A6EE34,4
CC_472151DBE6BF,1
CC_4722092DD03B,0
CC_47260FED9801,2
CC_4726ECC59776,1
CC_4727E9DD8659,2
CC_472CE66282E0,4
CC_472DCDAEC516,0
CC_472F98C4EA92,1
CC_4734BFB4B19C,2
CC_47355B14FD1A,1
CC_473A59A00048,0
CC_473B38873A1F,0
CC_4740F0807C36,0
CC_474296808950,3
CC_47441AD8CCB8,4
CC_47443605C0D3,0
CC_474849E9A838,2
CC_47491839DA73,1
CC_474BAE81C090,2
CC_47503F8AAD1C,0
CC_475322B78A21,2
CC_47580CBBB71A,1
CC_47593F1D6A2B,1
CC_475D5FCC0EED,0
CC_4763424844B6,1
CC_476419D7304F,2
CC_476422D1F086,3
CC_4765AFC8FAF8,1
CC_476B4C8E94B3,2
CC_476D7DE58C17,0
CC_477149D712E4,3
CC_47738DE77885,1
CC_4773FF037745,2
CC_4774704C8838,0
CC_4775F2ED11A6,1
CC_477C09AA7AF3,0
CC_477E393ACE01,1
CC_4782128A0B66,4
CC_47830F3EFCDD,0
CC_478374A5DCB6,4
CC_4783C4B8E7EA,1
CC_4784B5D55438,4
CC_478687139B5D,2
CC_47874F2B1CB6,1
CC_4798D5F05845,1
CC_479BA8F00ACF,1
CC_479C79D992A3,4
CC_479CC6C767B6,1
CC_479FE699FC78,1
CC_47A4E9477E0E,0
CC_47A5F2A917FF,1
CC_47A993EA9DD8,1
CC_47ADD0B61A41,1
CC_47AF154BBB93,1
CC_47B3C0D6CF8D,4
CC_47B3C332B17F,4
CC_47B59D77EBA6,4
CC_47B5C25CC595,0
CC_47B5CBDD933E,3
CC_47C16EA9CABB,3
CC_47C2AC33A70A,4
CC_47C5BA360BE4,4
CC_47C6FA8A22AC,2
CC_47C822552196,4
CC_47C948AE020C,3
CC_47C9E3938A19,3
CC_47CFD0BE6EEC,2
CC_47D0D927CCC7,3
CC_47D11008CD1D,1
CC_47D236FA5591,3
CC_47D2786FC984,4
CC_47D396043FCB,2
CC_47D5158F4754,2
CC_47D87663B9D1,1
CC_47DA5A892A38,1
CC_47DAE6B6CAF5,3
CC_47DF4358A232,3
CC_47DF8F1BF262,0
CC_47E7C95F8BB0,3
CC_47E80FD8804C,4
CC_47EBA041F2DB,0
CC_47ECC0A541F4,4
CC_47EE0C873D6A,4
CC_47EE665A2848,4
CC_47EF2FA5B5F5,0
CC_47EFCA22FABD,4
CC_47F254E08768,4
CC_47F273F26B3C,1
CC_47F3CAF06084,3
CC_47F3D6429025,2
CC_47F50D878391,2
CC_47F5A98FDBD8,2
CC_47F85FE42410,4
CC_47FA2BED03EB,3
CC_4802257CE7AE,0
CC_4805463A72BD,1
CC_480AAB1AF717,1
CC_480DEAC19880,2
CC_480EB9CA1E1B,3
CC_480F43D3CE20,0
CC_4810ED61C01B,2
CC_48156ACD2C54,2
CC_4815756AF08F,2
CC_48174701006F,2
CC_481764442E6A,4
CC_481C7F5734B6,4
CC_481CD48F67A1,1
CC_48225A375699,2
CC_482B1DB21BB9,2
CC_482BE33CF01C,2
CC_482E6D557914,4
CC_4833A4BD4441,0
CC_48347087DD52,1
CC_483575A64B3E,2
CC_4836D49684EA,4
CC_4838890A371A,0
CC_48391F2A1BC7,4
CC_483B70F397F7,1
CC_483CC1947804,4
CC_483E8F2D84AE,0
CC_48461C112BF8,4
CC_484635772962,0
CC_48475C52156C,1
CC_48478DDAC576,0
CC_4847BCADDC3B,4
CC_48484C22A51D,3
CC_484DCB5BD6F6,2
CC_484FF76D73F3,4
CC_4850BE6657B9,3
CC_4850D3A76C73,4
CC_48576537AED8,3
CC_485A8027573D,2
CC_485C00FFA64C,1
CC_485E1D5546AB,3
CC_48615F1C7CFA,2
CC_486462438A48,2
CC_486507204214,1
CC_4865274BB24B,2
CC_4868D434B15F,2
CC_4868E473C8F2,4
CC_486C3C11AC8F,3
CC_486C7AE97A43,2
CC_486EE9D16088,4
CC_487413DC0E78,1
CC_4875A994566C,3
CC_487A84A18689,0
CC_487A90322CC7,2
CC_487B4DCB738C,4
CC_487BF6377958,2
CC_487E09766AAF,0
CC_487E6E51639C,1
CC_488129D14577,3
CC_488153F12B5E,2
CC_4881EED70D7F,2
CC_488301D5E399,0
CC_48832C80B48D,1
CC_48845A53F311,0
CC_48872BA8341E,2
CC_4888D4E2BA7D,1
CC_488B08F39346,0
CC_48901C0FEEB1,4
CC_48902C116541,1
CC_4894E632B583,2
CC_4895FB6E3B79,3
CC_4896A4A7908C,2
CC_4898D0FFE44D,1
CC_489AD8F8C071,3
CC_489EFB3FBC71,2
CC_48A32D5AA56A,0
CC_48A369C692CC,0
CC_48A7D3CC02C3,2
CC_48B5B4E37596,4
CC_48B5C0FA23BF,1
CC_48B68CC29EDD,4
CC_48B9AA29812C,3
CC_48BE9A49A6F7,3
CC_48BF25DAB002,3
CC_48C356851F6E,0
CC_48C6F2BDD748,3
CC_48C729598E4B,4
CC_48C7998F2DB3,3
CC_48CE5B835688,2
CC_48CF6E7D958A,0
CC_48D022D7BCE6,0
CC_48D09748AA47,0
CC_48D23D80EFB1,2
CC_48D5958C164B,2
CC_48D6C42C7273,0
CC_48DA23558B4E,3
CC_48DB3532BA27,4
CC_48DCE04AB80E,2
CC_48DE1AFAA76C,2
CC_48E22E3F96EB,4
CC_48E3AE641911,3
CC_48E4C6A3B977,1
CC_48E887FA2EA2,4
CC_48EA7A528752,4
CC_48EB91853E21,3
CC_48ECF0DD05CB,3
CC_48F2B60CC5E3,4
CC_48F2FF808B37,3
CC_48F9EF5BC4E5,4
CC_48FDAC542476,4
CC_48FE1FC9A24A,3
CC_48FE4806F9A0,1
CC_48FE90DB75C1,2
CC_48FEE0F45D6D,3
CC_48FEF28D3FA2,3
CC_4903FE5D289F,3
CC_490456209F19,1
CC_4905043287C9,2
CC_490597F75EF8,0
CC_490601E44F41,2
CC_490789E1D7FA,3
CC_490B6F2BAEBF,2
CC_4911D13E65EF,2
CC_4916148BBA23,3
CC_49164D809240,4
CC_4916AF8F3BC0,3
CC_491AFC3A2638,1
CC_492050768FAE,3
CC_4920EF67148A,3
CC_49229557C7D1,0
CC_492A2AA1F0BE,0
CC_492D62827EA5,4
CC_492E61DB477B,3
CC_49328ED1904D,2
CC_4932B9E39192,2
CC_4932E88A339A,2
CC_493499AF238B,3
CC_493536B719A8,4
CC_4937C06CA9CE,1
CC_49396C092B9B,3
CC_493994B742F9,0
CC_493A3BC61AC1,2
CC_493CB2532966,0
CC_49418FE12E60,3
CC_4942FA52B376,1
CC_4943FE5248D6,4
CC_49446A31030A,1
CC_4944F6DE20D8,1
CC_494983AD0EB6,4
CC_494CAE5CF417,0
CC_494CEC057A30,2
CC_494EE3F3FCF4,4
CC_495065CCD010,4
CC_4950D395DC4A,4
CC_49515AD74902,2
CC_4953B85A21E1,4
CC_4957D2F2E955,4
CC_4959F81FD35D,2
CC_495B8930C049,2
CC_495B98BAF894,0
CC_495FFC4554C6,3
CC_496110F2214E,3
CC_4961DC090B93,1
CC_4961E26417E7,4
CC_49633E6BFFD5,1
CC_49642B031E89,2
CC_496465F43458,2
CC_49664725AA99,4
CC_4968DC6B7B27,2
CC_4968E706CA30,4
CC_4969539F8744,3
CC_4969C78ECE50,2
CC_496B7E7A9DC4,0
CC_496D80951E49,1
CC_49711861D565,1
CC_4974EF96378A,0
CC_4975614112D9,3
CC_4976525DF0A0,4
CC_4977EDB6987D,2
CC_497921304894,2
CC_497A8A96D7F6,1
CC_497B9EDB85D7,2
CC_497D1094312F,0
CC_49841C4D4097,1
CC_4984A4D65A9D,3
CC_49852F75260A,2
CC_4989CAC4E7C9,0
CC_4989DACE4C14,1
CC_498AF2830A36,4
CC_498BD0582859,2
CC_498C2B0484FF,3
CC_498C55A8A5D3,4
CC_4991F72B0B8B,3
CC_499267A39D6A,3
CC_4994B6D2B088,3
CC_499609CF9BA1,3
CC_49969C4A507A,2
CC_4999CFC6BA9D,4
CC_499A2C1AABF8,3
CC_499B8626AC67,1
CC_499CC4C2B960,0
CC_499E7CCE82C1,4
CC_499F25D982C5,0
CC_49A20A9487B5,0
CC_49A4DB22186D,2
CC_49A781E71D3D,1
CC_49AB5EB57819,3
CC_49AB6744E350,2
CC_49ADBC80B386,1
CC_49B04114B38F,4
CC_49B4D9A6A142,2
CC_49B5FA847F6C,4
CC_49B86F33EF6C,1
CC_49B92FECAC21,3
CC_49BE4BCE8C1E,3
CC_49BF9E7DA2DC,3
CC_49C07FAE57DD,0
CC_49C3812EF404,0
CC_49C431F7A40A,3
CC_49C52F671584,3
CC_49C782090DA3,2
CC_49CFAA4F09E7,0
CC_49D06D18EDFB,2
CC_49D1CA79B830,4
CC_49D247575C5C,3
CC_49D2FD4CF028,4
CC_49DE2A951740,4
CC_49DEB72CBA57,1
CC_49E2E6B258E4,1
CC_49E593027867,3
CC_49E6182DA88D,2
CC_49E73D101D18,3
CC_49E79051EAE3,4
CC_49E8535A3284,3
CC_49E9274E395B,1
CC_49EC66EA6D52,0
CC_49EFDEC315D9,0
CC_49F10A8853FE,1
CC_49F2EC8B7D9E,3
CC_49F5EFC494B6,3
CC_49F806424398,1
CC_49FA7A42BE6D,1
CC_49FAAED440CA,4
CC_49FCBC4ADF52,4
CC_4A00282E7A85,4
CC_4A059309E582,2
CC_4A0755BABAB2,2
CC_4A08B9FE6115,2
CC_4A0BC97EADE9,2
CC_4A0EF488F687,3
CC_4A10375DAD00,3
CC_4A1037D8A94E,1
CC_4A108D4995F5,2
CC_4A15B948EDBF,0
CC_4A17B34F73FF,4
CC_4A17C09DD036,3
CC_4A19EADCD52A,3
CC_4A1A31CA8E09,4
CC_4A1CBBC34AEF,1
CC_4A22256E787B,3
CC_4A23B6765748,3
CC_4A2493C1FB7E,2
CC_4A24A4015D67,1
CC_4A25CD6DFE49,1
CC_4A267360BEA4,4
CC_4A29CDD76757,3
CC_4A2B3149F818,3
CC_4A3330293269,2
CC_4A36D9EB08FB,4
CC_4A39ADB4A469,4
CC_4A3ED3D5270A,0
CC_4A46A34B0286,4
CC_4A48612AA6F1,2
CC_4A4A58F58721,0
CC_4A4ABA3F61AE,4
CC_4A4CCA794598,3
CC_4A4D1A781C10,1
CC_4A4F3CEE7F68,0
CC_4A51EA15DD3E,2
CC_4A5252D0318D,0
CC_4A543D3DEA84,1
CC_4A5AEE960334,2
CC_4A5DC924D662,1
CC_4A6275C86729,1
CC_4A65F9AF952D,1
CC_4A662975EB11,4
CC_4A6C6B3206D7,1
CC_4A6D10ABA22F,4
CC_4A74262166E1,1
CC_4A79254B756D,2
CC_4A796D720F0D,1
CC_4A7D6DF3E09C,3
CC_4A8197463B68,2
CC_4A81C5D75C6E,0
CC_4A8204D2A892,2
CC_4A8308DAA0A2,3
CC_4A83B084BF6F,4
CC_4A84EF4CBF39,4
CC_4A8AED912D81,1
CC_4A8AFAD0420E,4
CC_4A8B293033AD,3
CC_4A90166BA504,1
CC_4A941F05F366,4
CC_4A954600AA9D,1
CC_4A9A403CF392,3
CC_4A9D869C2564,1
CC_4A9E5FA62EAA,4
CC_4A9F549804C8,3
CC_4AA1454DB1BD,3
CC_4AA2A5F4513B,1
CC_4AA5F584A62E,2
CC_4AA6BA507211,0
CC_4AA76FFC05D8,1
CC_4AAFF03DB5BC,3
CC_4AB61BB7CACB,1
CC_4AB70778BF68,3
CC_4ABA0785C267,4
CC_4ABC078575DF,1
CC_4ABD62F268E0,2
CC_4ABF16BB8365,2
CC_4ABFB496BAA1,0
CC_4AC49D75672B,4
CC_4ACFC91213E0,4
CC_4AD0DB740322,1
CC_4AD19A89D26D,1
CC_4AD24CEDF04B,3
CC_4ADB26964D43,4
CC_4ADDD817D67E,2
CC_4AE20FD028B6,1
CC_4AE3DDE309D1,3
CC_4AE4F26A7E44,3
CC_4AE5A2C1A3A9,1
CC_4AEE17CB1E32,0
CC_4AEEFAA61C23,2
CC_4AF0C17AF2D1,3
CC_4AF65B965DE3,2
CC_4AF9C6855C82,3
CC_4AFB2FE624FD,1
CC_4AFC0117879F,0
CC_4AFCAE442916,3
CC_4AFD37BA6419,1
CC_4B01531F3668,4
CC_4B0418552431,4
CC_4B07DEE3980D,2
CC_4B0E16972D2C,2
CC_4B0FC11D9784,4
CC_4B167957E054,1
CC_4B1B1AC32F9D,4
CC_4B1EEC6BB6F5,3
CC_4B24028C74BE,3
CC_4B24284211CE,2
CC_4B272CB87A55,1
CC_4B278BAF79E6,0
CC_4B2CDCB80A85,0
CC_4B2F5031FA75,1
CC_4B314F6A1536,0
CC_4B34BF1A3C04,1
CC_4B3ADF0E1BC7,1
CC_4B3DCE915488,0
CC_4B3E7689516F,1
CC_4B3F7A4E7D6B,1
CC_4B409C43809E,2
CC_4B40F81D006C,0
CC_4B4158D80004,1
CC_4B43C14A71EB,0
CC_4B45A4D1E183,0
CC_4B46D0D62567,4
CC_4B4711519FE3,2
CC_4B494B5906DB,2
CC_4B4AA5651651,2
CC_4B4B6A1D246C,4
CC_4B4BD66CC7C7,2
CC_4B4F8F478917,3
CC_4B4FCB5D63AF,4
CC_4B527733ACAE,4
CC_4B5277E53172,0
CC_4B52B5659990,3
CC_4B5617A505F9,4
CC_4B59F176DC30,4
CC_4B5E54542C12,4
CC_4B6157B79E82,4
CC_4B618DC26522,4
CC_4B63BFB32898,2
CC_4B645748E2D5,3
CC_4B66B13E21C9,4
CC_4B691ABA1D24,1
CC_4B6C0C1EAA62,2
CC_4B6C4AE5BBDB,3
CC_4B6C8C1F1D67,0
CC_4B6DEDD32C70,4
CC_4B7B94AE5822,3
CC_4B7BD4272628,4
CC_4B80028A3E0C,4
CC_4B82E7CCFFA5,2
CC_4B8355DFCB16,1
CC_4B83F3197362,2
CC_4B84C2FD2609,4
CC_4B84FB7D7E38,2
CC_4B861BEE6C40,2
CC_4B8694AC0053,4
CC_4B8FEB61A1D2,1
CC_4B8FED4FEA62,0
CC_4B9440FB5987,4
CC_4B9F37CCF202,0
CC_4BA3EBAED458,0
CC_4BA44F97889F,2
CC_4BA537FE8C22,1
CC_4BA6244A64AE,2
CC_4BAAACC927CF,1
CC_4BAAB7D364DF,4
CC_4BAD8A7672CC,2
CC_4BB18A117A98,1
CC_4BB2A9C679A2,4
CC_4BB658F1171A,3
CC_4BB829ABB14C,4
CC_4BB90F2EE162,2
CC_4BBB36A38030,1
CC_4BBDBECA6B92,1
CC_4BBE01391430,4
CC_4BBF455291CD,3
CC_4BCA99FA8CFC,4
CC_4BCDD3257CFD,1
CC_4BCF87EAE128,4
CC_4BD0115CF3D7,4
CC_4BD4DF84AE78,4
CC_4BD67048880E,4
CC_4BD73BDAD5C3,3
CC_4BD75A1DEC3B,0
CC_4BDC71D958B4,0
CC_4BE1C8C3D33A,2
CC_4BE4CE0A5BCE,1
CC_4BE670B379B8,3
CC_4BE701760E45,1
CC_4BE7B351DF1F,3
CC_4BE7EC2064C1,3
CC_4BE8B6EFCA38,4
CC_4BEAE979CB03,2
CC_4BED9943694A,2
CC_4BEE70F31D51,1
CC_4BEE98FC7693,3
CC_4BF1ECB0BEF5,2
CC_4BF26C431C99,1
CC_4BF46A708ED2,4
CC_4BF57AC7E2A0,4
CC_4BF9E1EA7152,3
CC_4BFAA0AF3E37,4
CC_4BFB3828F194,2
CC_4BFC209A3A61,3
CC_4BFD2A4D267E,3
CC_4BFF5737C1DF,0
CC_4C03458D480A,2
CC_4C03D5A035E8,1
CC_4C03FC980A4F,2
CC_4C053C1F91B3,4
CC_4C073C61B152,2
CC_4C0771BEEBF8,1
CC_4C0B8A0347BD,4
CC_4C0C8D73D1AF,0
CC_4C1043519BFC,0
CC_4C1141472F7C,3
CC_4C12EE3074C7,3
CC_4C132ACB2BDD,2
CC_4C159FEE64BC,4
CC_4C1F14C69FCA,0
CC_4C1FACA95212,0
CC_4C2ABBECD50E,1
CC_4C2AFCC53232,1
CC_4C2BB5560854,0
CC_4C2F65B66BEC,4
CC_4C372E086622,2
CC_4C373D9044C0,3
CC_4C3754DAC336,1
CC_4C3A7B3F1A9A,1
CC_4C3E30E2617E,0
CC_4C3E69111DE2,1
CC_4C40435152E6,0
CC_4C414641A1FC,1
CC_4C4578FC5A3E,3
CC_4C46D78852D0,4
CC_4C48EF67D2EF,4
CC_4C49477B4CD3,1
CC_4C4CC3DB34CC,4
CC_4C4D2E9BE4D7,1
CC_4C5317AAF263,3
CC_4C550D441CE6,4
CC_4C57C273E92E,3
CC_4C5913D71BE2,1
CC_4C5E13FD6C6D,1
CC_4C635A41DCE6,1
CC_4C664B08CED4,1
CC_4C6857B5FF4F,0
CC_4C699BE3FC5B,1
CC_4C6A85287861,2
CC_4C72046DBD0D,0
CC_4C73C562A0D5,1
CC_4C756CCA904B,0
CC_4C75E89B3590,0
CC_4C7623DA3B2E,0
CC_4C7772E3B9CE,0
CC_4C7BE83ACDB3,1
CC_4C7C01F4AD10,0
CC_4C894F07D805,3
CC_4C8AAD47C69A,1
CC_4C8B57B3E8E3,2
CC_4C8F2562BED2,2
CC_4C96193D8DCF,2
CC_4C9776BA782D,1
CC_4C99B45BD74A,4
CC_4C9DB550996B,1
CC_4C9EB219A02F,3
CC_4CA0D6441AE2,4
CC_4CA220FC98D3,0
CC_4CA29858AACA,1
CC_4CA3A0724B0C,4
CC_4CA95BBD2A42,1
CC_4CA9CAFDCE38,1
CC_4CABC2AB0096,3
CC_4CABC8D89536,4
CC_4CAD9A0D70E7,2
CC_4CADA6D5146C,1
CC_4CAF86C1742C,0
CC_4CB13078E4D4,3
CC_4CB16D4817CF,2
CC_4CB1D168D957,2
CC_4CB61AF6DAC6,0
CC_4CB673878C3C,3
CC_4CB69BAEFF4F,1
CC_4CBBAE2615D7,0
CC_4CBBCD88E337,0
CC_4CBBEDE3A711,1
CC_4CBE92B3F4D0,3
CC_4CC02A85EF03,0
CC_4CC19B17FCF7,1
CC_4CCA026AF958,2
CC_4CCA1C3169C7,4
CC_4CCAFC66DA21,4
CC_4CCE0359644B,0
CC_4CD125B615C7,2
CC_4CD3CFDA2AD3,3
CC_4CD94218B6F4,0
CC_4CDA203083AB,4
CC_4CDFBEF485CE,4
CC_4CE50C7B8B4A,4
CC_4CE565B7FBD4,1
CC_4CED5B5D2FA8,4
CC_4CED623EF2C2,0
CC_4CF0C13EECF1,2
CC_4CF1199966EA,2
CC_4CF164C1B3A9,1
CC_4CF1C38559CB,0
CC_4CF25A4B948A,2
CC_4CF3711083D7,3
CC_4CF6F725CD3C,1
CC_4CF8CA7D2B76,2
CC_4CFB12EDF2B9,0
CC_4CFEBD328FCA,0
CC_4D000AF7CD7A,4
CC_4D02889CB8B6,3
CC_4D045E94ACFA,1
CC_4D04AFE296E7,2
CC_4D0A6779887C,3
CC_4D0AA3107ED5,3
CC_4D0B94DD160D,2
CC_4D0EAF975B09,1
CC_4D0ECAC0C600,0
CC_4D1074498B5F,0
CC_4D15CC7B9B9B,1
CC_4D1619B52E96,3
CC_4D1BA80A3660,4
CC_4D1D3F744B30,4
CC_4D1FA8241837,4
CC_4D22CD51858C,2
CC_4D2495F29F3C,4
CC_4D2497BEF8C8,0
CC_4D2602AB8BBC,2
CC_4D2BD84362A1,2
CC_4D2D07DAB1C8,2
CC_4D2D5FD47228,4
CC_4D2FEF26C873,0
CC_4D310573427F,0
CC_4D33C92AA4D5,4
CC_4D3752ABB8A0,2
CC_4D389ED6A864,4
CC_4D3A0418187B,3
CC_4D3AE6B905A7,1
CC_4D3B7EFFF9B5,3
CC_4D47ECFEAE6E,2
CC_4D4F67A80992,4
CC_4D50523113EA,4
CC_4D50B976A469,1
CC_4D53A8465E88,2
CC_4D5483AB50A3,1
CC_4D54C6496460,2
CC_4D576B4C0E19,2
CC_4D59642E15FF,0
CC_4D5A21A688C3,3
CC_4D5B017B60B2,1
CC_4D5E71EA5E46,3
CC_4D6064EB1024,3
CC_4D61BF1A39EA,0
CC_4D684AA6F3D4,2
CC_4D6E7F9D3AE1,2
CC_4D6F260B24F8,0
CC_4D73F1C6CA14,4
CC_4D75466E0777,0
CC_4D7AA18CFB45,0
CC_4D7B8721025A,3
CC_4D7D7D211264,0
CC_4D7F903D83CC,4
CC_4D823A978796,3
CC_4D893BD85D67,2
CC_4D8B1C84D407,4
CC_4D8CD723639C,4
CC_4D8DD1B7E3B3,2
CC_4D9358D8208E,4
CC_4D95BDBC08C9,2
CC_4D9665E12610,2
CC_4D96A03BA6FD,1
CC_4D96F8671D56,1
CC_4D971A37036C,0
CC_4D99D599A6CE,1
CC_4D9BFF25A12E,2
CC_4D9E9CFED472,2
CC_4D9F2C99CDC2,3
CC_4DA096EB8A81,0
CC_4DA36AE64079,3
CC_4DA8296CCDD1,2
CC_4DAA85CBDBAF,4
CC_4DAB9A2108F5,3
CC_4DACD1A282B2,1
CC_4DB328211298,1
CC_4DB4E6901CFE,4
CC_4DB53B1CF49B,3
CC_4DB6E10B964B,1
CC_4DB7B024E3EE,4
CC_4DB7F11FEF36,1
CC_4DB9630BF41D,3
CC_4DB9B7398143,1
CC_4DBCF386EDD5,3
CC_4DC5F67C7C97,1
CC_4DC6176CD69E,3
CC_4DCFB3C06E91,0
CC_4DD05B6E174D,3
CC_4DD410D1FA0C,2
CC_4DD7176987B1,4
CC_4DDB6A2CB800,2
CC_4DE44D8A0D59,0
CC_4DE4B7BEDDF0,2
CC_4DEAFDBCA396,2
CC_4DF2369A1F58,2
CC_4DF437055D5D,2
CC_4DF65EA5D11E,2
CC_4DFA0D097984,1
CC_4DFD1F8906A5,1
CC_4DFE5A7C11CB,4
CC_4E00AA6A0AF2,1
CC_4E0462B912E1,0
CC_4E050BB7D5AD,2
CC_4E0C8BC2265C,2
CC_4E10428F5D96,1
CC_4E12C5814F2C,2
CC_4E155B8A4DA6,4
CC_4E16D974628D,1
CC_4E195C0B41B1,3
CC_4E20EBC838B6,2
CC_4E212AC7E98B,4
CC_4E22998A15A6,3
CC_4E264BFD9ACC,2
CC_4E279F423148,3
CC_4E3012A4A840,0
CC_4E3518ED5FC7,2
CC_4E3708860A47,4
CC_4E394A58F55D,3
CC_4E3F8F8E5642,3
CC_4E444636EA4F,0
CC_4E4C0DBC4537,2
CC_4E4CD7A9B7E6,4
CC_4E4E74608BE0,1
CC_4E51CADA0933,0
CC_4E53FA273C3C,3
CC_4E54B9291F03,3
CC_4E5AEAC18136,0
CC_4E5BDEA45701,4
CC_4E6231977B7F,3
CC_4E679A6A93F3,3
CC_4E67BD78DA67,4
CC_4E67D0F93876,4
CC_4E69D2B0984A,3
CC_4E6CE8F6BEE5,4
CC_4E6ECC2C3B7E,2
CC_4E72D2A811AD,2
CC_4E7C0644E78F,2
CC_4E7D3A3E43AB,3
CC_4E7ED4F086D9,1
CC_4E7FD48A778E,4
CC_4E8106443FCC,2
CC_4E8457EE884E,4
CC_4E8A4BC52007,0
CC_4E8CE560B12E,3
CC_4E8D3C32314C,4
CC_4E8DD1679F73,1
CC_4E8EB450D4C0,3
CC_4E92D1511EE4,1
CC_4E92FF787EF2,2
CC_4E96D8E58012,0
CC_4E9859EEC95D,1
CC_4E9985ADE51B,3
CC_4E9ABAE0C000,4
CC_4E9DEAC398EF,1
CC_4EA43E05D811,4
CC_4EABB47F1E93,1
CC_4EADAEC9C9AB,1
CC_4EAE98094230,0
CC_4EAF8D440BA7,1
CC_4EBEA9F7196A,3
CC_4EBFBB266BDD,2
CC_4EC08B53025D,4
CC_4EC3308A7F25,3
CC_4EC525F8395A,2
CC_4EC75942298C,1
CC_4EC9DAF6A478,2
CC_4ECF4D022499,1
CC_4ECFF6EB7ABE,4
CC_4ED2246F5800,2
CC_4ED290B51A2B,3
CC_4ED4CC475BF0,1
CC_4ED57EA78AB9,3
CC_4EDDA9D0DF90,4
CC_4EDE2F123C6D,4
CC_4EE47017E485,1
CC_4EE49191FC57,1
CC_4EE6DEAFD3AF,4
CC_4EE724AD3D64,3
CC_4EEAF18F1BFD,1
CC_4EEBDE4A773F,4
CC_4EED610633C6,3
CC_4EF34E92E9E7,2
CC_4EF41AF69045,3
CC_4EF441306C68,0
CC_4EF497F1C0F4,3
CC_4EF5D7BA74DB,3
CC_4EF7C774829C,4
CC_4EF80C4BAB79,1
CC_4EF8B24337EB,1
CC_4EF8BAA87A89,3
CC_4EFA5B8BAAEB,3
CC_4EFD0599D000,1
CC_4EFD794CAC49,3
CC_4EFE80A4D699,2
CC_4F0038E70D42,4
CC_4F024CBA2D9D,3
CC_4F030A4E0D3A,4
CC_4F123E1ECCD8,0
CC_4F1418F9159A,0
CC_4F152DF7EB60,0
CC_4F1847E21846,0
CC_4F194DB11C93,0
CC_4F1A799EAB30,3
CC_4F1E35B362B5,2
CC_4F2125563F5E,1
CC_4F293AB79F11,0
CC_4F2A8429FBBF,3
CC_4F2ACB7F5EE2,0
CC_4F2F5B98E42E,1
CC_4F31C8B2FE19,3
CC_4F326CDF0C00,1
CC_4F34A273AA7C,2
CC_4F37A9C524AB,0
CC_4F3E63937F93,4
CC_4F40890B14DC,4
CC_4F43684E26D2,1
CC_4F43E2334DF1,1
CC_4F4575C9B8F9,4
CC_4F46D5184A2F,2
CC_4F499AFF8C9A,1
CC_4F4C312B8AA6,4
CC_4F4CA8CE966C,4
CC_4F4E4653DF79,2
CC_4F50BF818987,3
CC_4F520A27C024,2
CC_4F54773E37C2,1
CC_4F58425D6ED3,4
CC_4F58EB88F235,0
CC_4F59D743C642,2
CC_4F5C4BD504A9,1
CC_4F5C552A62FE,1
CC_4F628A092E01,3
CC_4F630C7D5661,4
CC_4F68314323DA,0
CC_4F77C971C1AB,3
CC_4F7A0153E342,4
CC_4F7A086FFD00,2
CC_4F7A85BA5E6E,0
CC_4F7ED0F38817,2
CC_4F805A7B189D,4
CC_4F829C21AEBF,3
CC_4F83B18A2B49,0
CC_4F8559E0678D,4
CC_4F8B9A179867,1
CC_4F91EBE098A7,2
CC_4F958B1CC931,0
CC_4F98969ABB54,0
CC_4F99120AEEEC,3
CC_4FA028490A87,3
CC_4FA2907E6A83,3
CC_4FA5C6EEA20A,1
CC_4FAC8FAEDAF0,1
CC_4FB01BC4095D,2
CC_4FB1A9D38374,1
CC_4FB267729D76,3
CC_4FB335A05E89,1
CC_4FB363A7D3B2,1
CC_4FC1E83251B0,1
CC_4FC209A1C0BA,3
CC_4FC3F4CEA203,3
CC_4FC898091C7B,3
CC_4FCA1B68D521,1
CC_4FCB1881DF86,1
CC_4FCE09FD2FA2,1
CC_4FD235CBD145,2
CC_4FD500301E49,1
CC_4FDBDACEB0F4,4
CC_4FE4CB3D49DB,1
CC_4FE784020293,4
CC_4FE984FF9EAF,4
CC_4FF218ED2525,1
CC_4FF377E43C28,2
CC_4FFBD9862C75,4
CC_4FFDAC0AAA76,0
CC_4FFE2BD686B3,3
CC_50033818781D,0
CC_5003D171E70A,4
CC_50086256D28E,2
CC_50086BB73A33,0
CC_5012E8B48612,4
CC_50164A0AE844,0
CC_50172A2AC4A0,2
CC_50179C8EE160,1
CC_50193CE06AA6,2
CC_501E323B4027,4
CC_502025761646,2
CC_50206F8E0F2A,1
CC_5021F475EC58,1
CC_502290F1D391,2
CC_502339A711CE,1
CC_5023AA63C7CC,3
CC_502860331BCF,4
CC_50286D3547A9,3
CC_502E427E3439,2
CC_502EC7D7B3A5,4
CC_502EF3D12E7E,4
CC_50348DB17154,1
CC_503655670F77,0
CC_503BB8B62477,4
CC_50403F4AF548,0
CC_504198EE42E8,0
CC_5043A8F9868A,4
CC_504413C91980,4
CC_5044DC27BC74,4
CC_504E3E547D5B,4
CC_504E5446318A,0
CC_50536F37593E,3
CC_50552FAEFD54,1
CC_5058FCA259B9,1
CC_505C0A3CCF4A,4
CC_505D3BEEEF6A,4
CC_505E402F7A24,3
CC_505F2410ADE3,4
CC_50617EA5E42D,4
CC_50683B4EBD23,2
CC_506BA9608F16,1
CC_507778B86071,4
CC_50786150E605,1
CC_507B63A7C425,0
CC_507C74CC98C5,1
CC_507C9C567D59,4
CC_507FA8AF2DC4,3
CC_5081BCADAA8D,3
CC_50862678EA50,4
CC_508719E22DF8,2
CC_50879E664D39,0
CC_508AF08A46BF,2
CC_508B05701D0A,0
CC_508CA1AC2439,1
CC_5093F64B2007,1
CC_509732CD5AFF,0
CC_50A079AB026E,4
CC_50A221311DB4,4
CC_50A30F52E331,1
CC_50A36347382A,3
CC_50A760F9F4F1,1
CC_50A94EECAA87,2
CC_50A951D9AB8A,0
CC_50AA3CA2D731,1
CC_50AFBBA16B8E,4
CC_50B0D297ED85,2
CC_50B2022FE108,3
CC_50B43220EC1D,3
CC_50B7CB887A96,2
CC_50B88BDF7F70,2
CC_50BA38C2991E,4
CC_50BB5C856CB3,0
CC_50BCF68BDD4A,0
CC_50BD11534CE0,1
CC_50BD42FE35FB,3
CC_50C0010EA9AC,4
CC_50C02DD8B191,3
CC_50C3AFEBD111,0
CC_50C58A46D40A,1
CC_50C61E7A51C4,0
CC_50CB61F549DB,4
CC_50CB75F4F210,3
CC_50CC7E7240B7,3
CC_50CCE8995CB5,0
CC_50CEBAA3A354,1
CC_50CF803FA7C1,1
CC_50CFB3FE6E9A,1
CC_50D16D8F2D20,0
CC_50DACCA702F2,2
CC_50DBC7EAA767,3
CC_50E3DB89BECA,2
CC_50E3EAF83960,1
CC_50EEB38F435B,4
CC_50F07795597A,0
CC_50F17658839A,4
CC_50F1C3176FFD,4
CC_50F315C75BCA,3
CC_50F3B146281B,0
CC_50F41F4B7F97,3
CC_50F51108E1CC,4
CC_50F6A4471505,0
CC_50FAB9823465,2
CC_50FD80E661BF,1
CC_51018E91E234,4
CC_510246CFC244,0
CC_5102B46A273B,2
CC_5106172E3D20,3
CC_51067B3B1DAF,3
CC_5107C4B45B1A,1
CC_510DC9422837,3
CC_5110B263C241,3
CC_5111C6B42712,4
CC_5114BF07A3A6,0
CC_5119E289E487,4
CC_511DCE56082F,1
CC_51249B803402,1
CC_512716BAA3EC,4
CC_512AAEC789F7,0
CC_512BFD4AA0B3,3
CC_512CD034605B,4
CC_512E3529DDD2,2
CC_512E4690CC94,1
CC_51315E97C552,0
CC_5131B31A7812,4
CC_513424FF435B,4
CC_513D91A7D1E0,1
CC_513E6FAC5A37,4
CC_513F2D27AEE7,0
CC_513FF6FBC586,3
CC_51442A2D7045,1
CC_51446FAFE152,1
CC_5145058D0206,1
CC_51454FCC713E,0
CC_5146859241DF,4
CC_5148CAE77A51,1
CC_5149281FC5EF,2
CC_51493A971C9E,4
CC_51494880833C,3
CC_514B19E6CE79,4
CC_514E15147061,1
CC_514EA537CBFB,0
CC_51502056D14E,3
CC_515473EC05FA,1
CC_5154AE1CAD8C,0
CC_51559C80ED89,2
CC_515966A07267,3
CC_515AC7446164,4
CC_516161B37B12,3
CC_51625BA86EF3,3
CC_5164647BC2BC,4
CC_516491E197E4,3
CC_5164F7783E8B,0
CC_516D668EEEAE,3
CC_516ED548EFA9,1
CC_517708A3A113,0
CC_517941031880,0
CC_517AE2B3CE7B,3
CC_517D11F3CDC4,3
CC_517E41A83BB7,2
CC_517F7F112921,2
CC_51802E19C502,1
CC_5182AE0496E7,3
CC_5182F96B1011,1
CC_51850D4AC10F,0
CC_518BB348E586,1
CC_518DBAE6F871,3
CC_51921CE3555E,2
CC_5192BB97D2D9,2
CC_519352AF145B,3
CC_51951E6BFFC1,3
CC_5195E164C97E,4
CC_519AD7FC0AE1,3
CC_519BB7689E6E,3
CC_519ED1BC69BB,4
CC_51A4A7AAF055,0
CC_51A9BA9E6DC2,4
CC_51AE35F516EF,0
CC_51AE64A9E05C,1
CC_51AEEDCC4CEE,3
CC_51AFBA9FD09A,0
CC_51B37F0A8C28,3
CC_51B49D1CF25F,3
CC_51B82DF384F5,2
CC_51BBDA0FB260,4
CC_51C253BE4FA2,3
CC_51C2A076013B,4
CC_51C2F2335CB3,3
CC_51C5FE9BAA71,2
CC_51C7C9DF800B,0
CC_51CD4C83CA42,1
CC_51D0DA4B2D6E,3
CC_51D29DBF738B,2
CC_51D32DEDC55A,0
CC_51D565F77B4B,4
CC_51D6549D3AB5,4
CC_51D87FF81BF1,0
CC_51E041168B7E,1
CC_51E45DF863C8,3
CC_51E46F92A290,1
CC_51E492E8F6FC,4
CC_51E5A1BE306B,3
CC_51E685A9D2FF,0
CC_51ECA4FD0097,3
CC_51F112EA7EAC,3
CC_51F4C9A824A9,3
CC_51F4D78C1A22,3
CC_51F9A2F446C5,3
CC_51FEC975D6CE,3
CC_5205E67F2F4A,3
CC_520697FAB09E,3
CC_52074362F80F,4
CC_520955B23C06,0
CC_520D7DBDBC96,2
CC_520EEA191200,1
CC_5211100E8C98,2
CC_52119B8913B0,2
CC_52179C30B2A6,0
CC_5217DBD1C516,1
CC_52189D809638,3
CC_521F26C83117,4
CC_5226061A321B,3
CC_522ADEF6970D,3
CC_522D8C6D04EF,4
CC_522DEE30B2FA,1
CC_522E6EFCCB96,0
CC_522E7E5B30DF,1
CC_52348EB33F67,3
CC_523524C93DD2,4
CC_5235E86519E2,1
CC_523790A0EDE4,4
CC_523FAD00E1B8,0
CC_524242992152,4
CC_5249753F2118,1
CC_524997011381,3
CC_5249EF1D9C54,4
CC_524B259F30B7,0
CC_524F2362BA0C,1
CC_525841E35FC4,2
CC_52599869399F,4
CC_525DE54AAF0C,1
CC_525F44A9BC23,1
CC_5261E4230012,2
CC_526806FB1089,0
CC_5268A26DF7E6,1
CC_526AEAD032C1,3
CC_526B2C6CDA2E,4
CC_526FFA27CA00,0
CC_52718609C6B4,2
CC_5275F401BFE2,2
CC_52799ACC9FCD,0
CC_527A92CED04B,3
CC_527B4E189936,4
CC_527FA5BB2528,2
CC_528545CCBEB6,2
CC_528678AFD80A,3
CC_5289264F148C,3
CC_528E7A879039,4
CC_528FEDCE89E4,1
CC_5291DD6970C7,4
CC_529222C65CC4,1
CC_52934D37B95D,1
CC_529760FC6CAC,3
CC_5299D93AAA75,2
CC_529F1068DD66,1
CC_52ACA593E714,3
CC_52B10A33347D,4
CC_52B303EC10ED,0
CC_52B828AA0B5F,1
CC_52B82D36D77F,4
CC_52B8E92A9540,1
CC_52BA24EF8D7C,4
CC_52BCCAF4CF9A,1
CC_52BEE2DC9A96,1
CC_52BF111CD5F4,0
CC_52BFD75F43E8,0
CC_52C3C6F51CF1,3
CC_52C511062C95,1
CC_52C76330C94D,1
CC_52CA3061BCC7,0
CC_52CB8CAC0324,2
CC_52CF1712E225,2
CC_52D2D43B540B,1
CC_52D338ADF1F1,1
CC_52D40BFC2627,1
CC_52D432339A3F,2
CC_52D595F54A38,0
CC_52D9070F050F,1
CC_52D9D9035527,1
CC_52DBF46FC2E8,2
CC_52DD4118CADC,0
CC_52DFD0F1CA3D,4
CC_52E18755EB51,1
CC_52E36F0B63A6,0
CC_52E54CE28FE3,3
CC_52E5BB6C5C96,3
CC_52F86FB44A02,0
CC_52F8C5372EEE,0
CC_52FCF88C1403,2
CC_52FEA5BC3CF5,4
CC_5308D3D0083B,1
CC_530DE7ED6C94,0
CC_530F623DE0B2,1
CC_530FA5955672,3
CC_531F9DD592A2,1
CC_53227A51E492,3
CC_5328AE44B14F,3
CC_5328F8040F20,4
CC_53290F387736,1
CC_532CBD0B50C2,2
CC_532DAE6C1707,3
CC_53345B4AF3FE,1
CC_533547B47BAB,0
CC_533D31AC0F6B,2
CC_533D5FFA0FF9,4
CC_5347928DE670,2
CC_534855615C02,3
CC_534A6C4FF783,0
CC_534C041DAA08,3
CC_534C34E9CE85,2
CC_534FDDF7B954,0
CC_535083BEF944,3
CC_5352CFCF939C,4
CC_53536E9D2FB5,2
CC_53546D720BD6,0
CC_5354B0D209B7,1
CC_535544DB81B7,1
CC_53612F5E8BD6,3
CC_53618EE78A97,1
CC_5361CDF13DD4,3
CC_5364D9FA666A,0
CC_5365051097B0,2
CC_5366A7AADC7C,2
CC_5366F331A847,3
CC_53671DC856B3,2
CC_536725007606,2
CC_53682850B448,4
CC_53693EF069F6,1
CC_536D631D2AE9,2
CC_5371777947C8,4
CC_537A206043F7,2
CC_537C74E15784,1
CC_538747082B4B,3
CC_538890E74744,0
CC_538F068BFF88,2
CC_538F52B6CD62,4
CC_539EC292E8D7,3
CC_53A2BFC45E6D,3
CC_53A4CB9E9F4F,3
CC_53A6E42A6C44,3
CC_53ACE46E94AB,4
CC_53AD4AD1EDB1,2
CC_53AE0812192D,2
CC_53B056495720,2
CC_53B44260F4ED,0
CC_53B455360BBE,2
CC_53B7E56836F8,3
CC_53BA0BF9F647,0
CC_53BAF38D7246,0
CC_53BBAC5C5220,4
CC_53BBE48B90B7,0
CC_53BD00103BAE,1
CC_53BD98CFEBEE,1
CC_53BDF1283909,0
CC_53C013705B92,0
CC_53C460413C51,4
CC_53C7990E5CF3,1
CC_53C7EAD542B0,3
CC_53C81D92BC43,0
CC_53CA12C23B96,1
CC_53CCDB82C65C,0
CC_53CDB5C3FFA2,2
CC_53CF6B1366FC,2
CC_53CF8729AF6C,4
CC_53D1F1B39F65,0
CC_53D2AF41D185,4
CC_53D36F6384C1,0
CC_53D4AF5ECF1A,1
CC_53D7700D767D,3
CC_53D84CB8B388,3
CC_53D897663573,2
CC_53DBE8A27D1E,3
CC_53DD769058DB,0
CC_53E2924DF91F,1
CC_53E5EEECDDD0,0
CC_53E8CCD20897,3
CC_53EC5AE193DF,0
CC_53EFB50C13DB,3
CC_53F4FE971A89,2
CC_53FBEF397F28,1
CC_5400DDE810E3,0
CC_5404CC504B3D,4
CC_54087F3E5F5F,3
CC_54090F416C26,4
CC_541082E0B2F5,3
CC_5411DBBA3AF6,1
CC_5413B3D25841,4
CC_5417CCD9EC43,4
CC_5418E7090CEA,4
CC_541A775A6C25,3
CC_541C0F442291,3
CC_5420717F549A,0
CC_5422BAF41A0F,0
CC_542715A544BD,4
CC_542B3CA177BC,4
CC_542B859767C7,1
CC_542CFB4E9D35,1
CC_542F9EF8092C,4
CC_54315DCA69D3,0
CC_5432002BC146,1
CC_54333A2DFE1F,0
CC_5435BE08D9F8,4
CC_5438EA76F6DF,4
CC_543DC8FEA9C8,0
CC_5443D94B038E,4
CC_5443E14A2E4B,4
CC_54485F5251F1,4
CC_544B4470BC3C,1
CC_544CD04EEEDE,4
CC_5450CED3F1DC,3
CC_545432B07FB7,0
CC_54549EC067BB,3
CC_5455C27D6578,0
CC_545720912789,1
CC_545741596F9A,3
CC_545E2784ACE1,1
CC_54621BA34F1D,2
CC_546234D56722,3
CC_5467A0818F63,2
CC_5469922A8289,3
CC_546A396B33B8,2
CC_546AD79E05FC,0
CC_546D57213C5E,2
CC_547ACDD9539D,1
CC_547ADCB02F2E,3
CC_547D6344B932,2
CC_547F762C345A,3
CC_548442290E7E,0
CC_5484A217C5F2,3
CC_5484D2C9E9CF,2
CC_5485C54631EF,4
CC_548883A976C8,1
CC_548BAF6862D4,0
CC_548C6D17F6CF,2
CC_548D53834FE1,4
CC_5491F17F6777,0
CC_5491FB974210,4
CC_5493684ED7A6,3
CC_549D5EC443C9,0
CC_549D5FD638D0,3
CC_549ED3D2D408,1
CC_54A22FC72438,2
CC_54A3A7F4996C,3
CC_54A61CE6053B,0
CC_54A629EC6083,3
CC_54A78F338B06,2
CC_54A8BECC56A1,1
CC_54A999C44A41,2
CC_54B8E5CA8992,3
CC_54BD450690FD,2
CC_54C540122853,1
CC_54C622E3B8AD,2
CC_54C6BD74CB14,2
CC_54C735F51FC6,4
CC_54C7CBC27D54,3
CC_54C9802B9A4D,2
CC_54CD890AE441,0
CC_54D1A4CF00CD,1
CC_54D1BA63E168,4
CC_54D4D9CFA966,4
CC_54D9E6D2A561,4
CC_54DA52B7D46D,0
CC_54DA7F2E7E7F,0
CC_54DB1519F492,3
CC_54DC6B6C4A1E,4
CC_54DD5BF78A3A,1
CC_54DDBAC9A429,4
CC_54E2FEC7FC39,0
CC_54E3480D8900,1
CC_54E414DF3E84,4
CC_54E42EDE0CA6,4
CC_54E588DF7575,0
CC_54E6280E19AA,1
CC_54E82A23F37F,2
CC_54E839C14CD3,2
CC_54F0A02371C9,4
CC_54F46186410D,1
CC_54F4AB6178D2,2
CC_54F52046F7A5,1
CC_54F77E1412C2,0
CC_54F9867C6A5A,4
CC_54FA12E54D06,4
CC_54FC900316A8,1
CC_54FDFFD3E338,4
CC_5500452915DC,4
CC_55013CDEF9BE,0
CC_550462476657,1
CC_55047E38C5F4,4
CC_5504BB68425F,4
CC_5505A6A98078,1
CC_5505B3F96453,0
CC_550837440A9B,0
CC_5511DDD1A9E7,2
CC_55146E6B47AA,1
CC_5517CE2F262C,4
CC_551872CA8789,4
CC_5519304A3010,3
CC_551F3CAD69BD,0
CC_5521CD69E00D,4
CC_5521F8014D83,0
CC_552290D721CB,0
CC_552B0B6A0154,0
CC_552C7D68F9FC,4
CC_552E6D46AD46,2
CC_55335E6605F7,3
CC_5534CAECD276,3
CC_5534CCE26E1E,1
CC_553967B0B074,0
CC_553D40400205,4
CC_553F2092A2ED,0
CC_553F3ED5381A,4
CC_554143DA79D1,2
CC_5545B1C48F83,2
CC_554BA9A7CECD,4
CC_554BCE69A5DA,2
CC_55535F8AD62A,1
CC_5557FB7E41F8,1
CC_555E35CC12BD,2
CC_555F4DDCAE5D,1
CC_5560AEB07F46,4
CC_55630F0BEBAF,0
CC_5563968B410B,4
CC_5563FA7B041C,4
CC_55640597B667,0
CC_5565C567DBB5,2
CC_5569B91E6EFA,0
CC_556AD180A809,2
CC_557B6913F9AA,0
CC_557DFB602DCD,4
CC_5583836C698A,3
CC_5583CA31D3CF,3
CC_558421DD4439,0
CC_5587C335EFFE,3
CC_5594ACB500D2,0
CC_559570C9DBD0,4
CC_55A082311C12,3
CC_55A5FCFDE8E8,0
CC_55A801704217,3
CC_55A9D1918259,4
CC_55AA53CBE65E,1
CC_55AB249FA94A,2
CC_55AED2052954,1
CC_55B1438D301B,0
CC_55B23BE7CE4F,1
CC_55B51D4E3F02,1
CC_55B9391CBDD0,3
CC_55B95428280E,4
CC_55B9CBB1ECB2,2
CC_55BAA139E339,3
CC_55BADEC1F0E0,2
CC_55BCB73ADF58,0
CC_55C4A86DC416,4
CC_55C4F4CCFE64,0
CC_55C6A2971CE9,2
CC_55C6ACE776F0,1
CC_55C93BBB1F24,2
CC_55C9BC649903,4
CC_55CA24F9EDCA,1
CC_55CDF231ABBF,2
CC_55CE4FE850E4,1
CC_55D4252535D7,2
CC_55D58B3C3AB3,3
CC_55D6E3C32895,0
CC_55D8CB1A441F,4
CC_55DA7718BA11,0
CC_55DBB69B28CC,0
CC_55DBD38484BA,0
CC_55DCCD2781F7,0
CC_55DF667AA522,3
CC_55DFD6738715,0
CC_55E5EAAB0CE8,4
CC_55E761BC7083,4
CC_55EC441C46B3,2
CC_55EE69A045DF,3
CC_55F08C992148,3
CC_55F1E12BBBF5,0
CC_55F5FD744E0E,4
CC_55F765825511,4
CC_55FCF498CF57,1
CC_55FDB0DEC0CF,3
CC_55FEC892B2AD,2
CC_5604CD337BEF,2
CC_5605997177BE,2
CC_5606550FA20F,2
CC_5609F1368243,3
CC_560D117192C3,2
CC_560DE3219D00,2
CC_56107EC5DCD1,4
CC_5610E3AAF253,3
CC_56110F3FE3F6,1
CC_56123E68C1C3,3
CC_561A1DED284D,0
CC_561C96C9B80F,4
CC_561DE9DA7204,4
CC_561FBF36794A,4
CC_562561AF5569,3
CC_562B7D70C055,2
CC_562F79F6405B,2
CC_5630805757EF,4
CC_5631D9B678AA,1
CC_563599C7C0BC,4
CC_5635D4906451,3
CC_563874AFDBD8,4
CC_563EFEB79464,4
CC_5642D4E04ED8,1
CC_56480401B816,4
CC_564896BE8B0C,2
CC_564CE4229C7A,0
CC_564D7F1E2FD7,3
CC_564ED67BD892,1
CC_565130EB4512,1
CC_56525C936BB0,1
CC_565A3E852B84,4
CC_56669D97DB12,0
CC_566745D8628B,1
CC_566921509E53,3
CC_566E0436722B,2
CC_56768A4461E0,1
CC_56778B68B2D0,3
CC_56781BFFB083,1
CC_567BD9746B97,0
CC_567D52DBFB3B,1
CC_567F525F48E9,3
CC_567F6360EC65,3
CC_5681F1081587,0
CC_5687FC8E5342,0
CC_5688794FB341,0
CC_568BCC73EE38,2
CC_568C7A880CB1,3
CC_56917BBD0FB1,2
CC_5695FA9507B9,2
CC_56988C3A6668,4
CC_569937F52AF3,2
CC_569EF611FB63,2
CC_56A6D11717AC,4
CC_56A778A6DD01,3
CC_56A88D81324B,0
CC_56B97C1B1C38,3
CC_56BA6DB49EEA,2
CC_56BF600C4312,0
CC_56C027EED273,1
CC_56C8E55575AF,4
CC_56CA219EBB06,3
CC_56CBE62B803A,4
CC_56CC23BAAAA3,3
CC_56D272B6C508,2
CC_56D2F11462B8,0
CC_56D9B8307142,2
CC_56DBB5004ED4,4
CC_56E751672A5E,2
CC_56E97BB95CBE,1
CC_56EFAD53614A,2
CC_56F4824B7590,1
CC_56F5252F5C16,4
CC_56F7071B06BC,0
CC_56F82F2290B2,4
CC_56F8779BE919,0
CC_56FBE78EC967,4
CC_57002C320C96,1
CC_5701029A02E0,3
CC_57047EF3803A,0
CC_57078204962B,4
CC_570922042A88,0
CC_570D7FE36B3D,3
CC_57115B2BFE17,3
CC_571607A0AE1A,4
CC_5716A455B822,4
CC_571925946DFB,4
CC_5719A71BA47D,2
CC_571BDEC53A17,1
CC_571D283BBCFE,4
CC_571F55A9552E,1
CC_57215A40996B,2
CC_5721C798C996,1
CC_57237413B9EF,2
CC_572448AD9046,3
CC_5728B49F4564,2
CC_5729599F26BE,4
CC_5729813D19D2,1
CC_572995869383,4
CC_5729E71E16E1,2
CC_57336E600FC8,3
CC_57342A8AB7B1,4
CC_573480AF426E,3
CC_57368A6D48DB,3
CC_5736948ED15E,1
CC_573AA931727F,0
CC_573AFD818446,3
CC_573D28944056,2
CC_57404B0D8FAA,4
CC_574170466BA9,3
CC_5741D872BF63,2
CC_57439E75082E,1
CC_574502DD5BF9,0
CC_574AC21A10CB,3
CC_5750F7977F9B,0
CC_5751D6A33332,4
CC_5754317083C5,4
CC_57575474E4B7,4
CC_575F3DCC3810,2
CC_57606EB3294C,2
CC_5760AAC4C8AC,3
CC_5761FD7C3306,1
CC_576229CB68C1,3
CC_576344B49AB9,0
CC_57677F2B1A35,0
CC_576846C272DD,1
CC_576C5F5180A0,2
CC_576CD68BCCCA,3
CC_577247B8D748,2
CC_577621627C82,0
CC_577AC7A06E10,4
CC_577C7B6449FA,0
CC_577DCB522259,0
CC_577DD48184FC,0
CC_577F6FCFE8BB,1
CC_5780EB20018A,0
CC_578161358EAA,3
CC_5781724D28AE,1
CC_578194927C80,2
CC_5781FC88F2AD,3
CC_578520D4F055,4
CC_57875CC2F400,0
CC_5787F014FB04,2
CC_5789715CACBD,1
CC_578A95316ABF,4
CC_578B17E8FBCC,4
CC_578DD14F82FD,0
CC_578DD2320ACA,0
CC_5791F3F9E9FD,0
CC_5796C9F03371,2
CC_57A1F681AD68,3
CC_57A467B9A500,1
CC_57A4690C5814,0
CC_57A4F8A3A82D,4
CC_57A775902BC2,3
CC_57ABE4EEDB91,2
CC_57B02E2FA906,1
CC_57B6C0E7B766,1
CC_57BD3AB57D65,3
CC_57C00E89DD92,3
CC_57C0B39268EC,0
CC_57C2A410959E,1
CC_57CA8492DF37,0
CC_57CB489AF151,4
CC_57CE144C095E,4
CC_57D36988CFEF,0
CC_57D37B348807,4
CC_57D6C3D00CD7,1
CC_57E67826FAA4,0
CC_57E6DE93D701,1
CC_57E6EB0DFDB8,1
CC_57E708EF3F7C,1
CC_57EB9594ED3B,2
CC_57F3977E73C2,3
CC_57F752ED44F4,3
CC_57F7D4863BA6,2
CC_57F936E1093A,0
CC_57FA0AEE0A88,4
CC_57FD84AC569D,2
CC_5802E49908BD,0
CC_5804F2DF5B4B,0
CC_580517120DF3,4
CC_58071EED583C,2
CC_58088521D48F,1
CC_580B4EE7C1B6,0
CC_58122CC93D3A,1
CC_581432BF43DD,3
CC_5820351A4D3B,3
CC_5823A40DF6C3,1
CC_5823C727EAB2,1
CC_5824B0571BDA,1
CC_5826968E74FC,3
CC_582894552069,0
CC_582A2C839597,2
CC_582E3FDC7E03,2
CC_58333942E713,2
CC_5835D3BC4641,3
CC_583654CE63B3,4
CC_58379D089A68,4
CC_584100BD5DBF,0
CC_58440C7D861B,4
CC_584655290ED4,0
CC_58469FD0244D,1
CC_584BFFC83C5A,3
CC_584FB8D54CF5,0
CC_584FF77EEB27,3
CC_5852ABDFE9F4,1
CC_585402F3DB8B,2
CC_585423039E59,2
CC_5856EE2A3145,4
CC_5857848D1B1B,0
CC_585D6D7400EC,1
CC_585DF1F20D97,3
CC_58645AFF4CAD,1
CC_5868B8B7A8FC,2
CC_586AA422D12F,2
CC_586DBDC85DE7,1
CC_586E8B823ED2,0
CC_586F2B3AA5A1,0
CC_587AAA4C8E7B,0
CC_587D6724F48A,0
CC_587DA51DB167,4
CC_5882E01FB9B2,1
CC_5882F91F29B3,1
CC_5883422CA960,3
CC_5883B6CBE37C,1
CC_5884EEC8B2D0,1
CC_588794152C6D,4
CC_588822899083,1
CC_5888DB6A27BA,2
CC_588ADE419EF3,2
CC_5890B3E57E4E,4
CC_5894CDDE2E51,0
CC_5896595E278E,3
CC_589817F23CFE,2
CC_589844A52ACB,2
CC_589847195F1A,4
CC_5898AB7CCA04,0
CC_589D798BA40A,3
CC_58A03B3ACF58,1
CC_58A1D9E0131D,0
CC_58A9776D8FD8,4
CC_58AAB22B1226,4
CC_58ACE911C029,4
CC_58AF464C9AB6,4
CC_58B1245E766F,2
CC_58B299FE2444,0
CC_58B5158A2CDF,2
CC_58B61BDF331B,4
CC_58B7FB042D82,4
CC_58C9DA7AE891,0
CC_58CD308C8ED8,4
CC_58CD88CC25FC,0
CC_58CDC5BDBBA9,3
CC_58CE713913A3,3
CC_58CEF8C45010,4
CC_58CF7FB744C5,2
CC_58D232DD083D,1
CC_58D2409F7978,3
CC_58D3D8369F18,0
CC_58D49AC23ABE,2
CC_58D96FA01F21,1
CC_58DA887D5A88,2
CC_58DAE4A33A08,4
CC_58DC700A7682,0
CC_58E07273A266,3
CC_58E4F311CF66,0
CC_58EB19C62750,3
CC_58EEF30FEAA2,3
CC_58F087C47C19,2
CC_58F1EEA5B6CC,4
CC_58F5620D0130,3
CC_58F84E9040DA,4
CC_58FB0A8682EB,1
CC_5900B5F3D57F,0
CC_5908FFF02CD1,1
CC_590BA63FE80B,2
CC_590BF9561936,0
CC_59114A0440CC,0
CC_59130793832A,2
CC_59157904E34F,1
CC_592124FBDC07,2
CC_592220A1C8E3,3
CC_5923A8B4A8DC,2
CC_5923B882788D,1
CC_592484E7BB5A,4
CC_592700B83437,0
CC_592938F6781A,2
CC_592B5A0405A7,1
CC_592E4C049C88,1
CC_592F81CB56FF,4
CC_593117BD4B3B,3
CC_5932D3AE3ECF,3
CC_59365DA3A112,2
CC_593979F32C27,1
CC_593DBF92E343,3
CC_5941865FE802,3
CC_5944C9222134,4
CC_594AB44222D9,4
CC_594E9A7C988B,3
CC_59558FB3F6CD,2
CC_595720F4AE9A,0
CC_595DD9352D1A,0
CC_59605A740FEA,4
CC_5961FA0A97ED,0
CC_59620FD3713F,4
CC_59628D797949,1
CC_5966AAB8330A,1
CC_596C001B0828,1
CC_596E8E230877,3
CC_5971EF075BF0,0
CC_59783D3A62FC,3
CC_59797E676623,4
CC_597A3975BA20,1
CC_597D2050AC07,4
CC_5981145C6288,1
CC_5981D60B6F66,2
CC_5985084B4858,2
CC_598591E3E589,1
CC_599256E05A0B,0
CC_5992FDA6B3F0,2
CC_599462E87CCF,2
CC_5996F214A014,3
CC_5999674FD3A6,1
CC_5999A18D6688,4
CC_5999CAD4E859,3
CC_599A2C545F05,4
CC_59ADBC0765F7,0
CC_59AE1ED18EE5,2
CC_59AED9C57185,1
CC_59AFAABC619C,4
CC_59B3E5922AED,1
CC_59B40016503B,2
CC_59B4D47E53D5,0
CC_59B52E03A2DD,4
CC_59BD370A7A56,2
CC_59BD8594EFA8,2
CC_59BEA0024DCE,1
CC_59C04BE99C59,2
CC_59C562681EAA,3
CC_59C5A653C200,4
CC_59C6631D3F5D,3
CC_59CE67E07837,3
CC_59CF26DE0916,0
CC_59D2D98951F7,1
CC_59D2EC8B28A3,2
CC_59E456FAAA54,0
CC_59E6ACEDC7B5,3
CC_59E7B8727FF8,3
CC_59ED20E6529B,1
CC_59F406619831,1
CC_59FB4385703F,0
CC_59FFFD0F57B9,4
CC_5A013CB43F65,1
CC_5A0339AC2651,2
CC_5A03BCF9550E,0
CC_5A04BC8EB3C7,2
CC_5A076EFF11BF,4
CC_5A08C2022BE5,2
CC_5A0AF639240C,4
CC_5A0F0547321D,2
CC_5A12A6C81144,1
CC_5A142F4CEF76,0
CC_5A15269194A4,1
CC_5A15457FAF7B,2
CC_5A154F5F054E,2
CC_5A163F467726,4
CC_5A16CB731879,0
CC_5A176AAA3069,0
CC_5A1996EFFED3,0
CC_5A1B8FD9D64F,1
CC_5A1E5E3D1C9C,4
CC_5A1E990E2B1E,3
CC_5A20001063C9,3
CC_5A23FB5B2E1C,1
CC_5A24DE065436,1
CC_5A286536F2A5,4
CC_5A2F49A569FA,3
CC_5A325901B64D,1
CC_5A348D51A7B2,1
CC_5A34A9B1E1CB,4
CC_5A373A5207AF,1
CC_5A37EC2D820F,2
CC_5A39DB502062,4
CC_5A3E351ABF54,3
CC_5A49178E08A2,1
CC_5A4B37559FBB,4
CC_5A4BAF53AC62,2
CC_5A55ECB92CE6,0
CC_5A57C040113A,2
CC_5A595524D8FD,4
CC_5A5A56574DFF,0
CC_5A5C08953FF9,4
CC_5A5C3F778D36,1
CC_5A5C8434C5D5,4
CC_5A5E93C6F4B6,2
CC_5A5F1C1F7905,0
CC_5A6308822D47,0
CC_5A6328755008,4
CC_5A64FCA23152,1
CC_5A6829EE9022,0
CC_5A685DF58C92,1
CC_5A6FF2EB1FB4,0
CC_5A72971F070B,0
CC_5A7527137CA0,4
CC_5A75D981E7EA,0
CC_5A8034E0BF87,0
CC_5A817C6BF339,0
CC_5A83E62880C7,2
CC_5A868AAEC96F,0
CC_5A8A56929FCC,1
CC_5A8B5A192355,0
CC_5A8B5D66B70A,2
CC_5A8B83CCF918,2
CC_5A8CA07E4060,1
CC_5A8D5ABC0BAD,0
CC_5A8EE1A345A0,2
CC_5A8F8A4826E6,1
CC_5A8FCB3BD9A8,4
CC_5A95288103D2,2
CC_5A9662EA2300,4
CC_5A9A5BBD5CF1,4
CC_5AA00D592A24,0
CC_5AA31ACE2332,3
CC_5AA45B599FFD,2
CC_5AA6A0FA7E65,4
CC_5AA711CA5FC8,1
CC_5AA7778DA9DA,3
CC_5AA7F5C04668,4
CC_5AAA6C1A1622,4
CC_5AAAC9C03C17,4
CC_5AAB972054B0,4
CC_5AACCAEFC895,1
CC_5AB12E5BC79E,2
CC_5AB175CB4372,2
CC_5AB226B6C59A,4
CC_5AB243D0F844,1
CC_5AB5C0E3C42B,1
CC_5AB73E728978,2
CC_5AB83BF50C80,2
CC_5AB94738B2C2,1
CC_5ABDA2B7C93F,4
CC_5ABE0879FE8C,4
CC_5ABEA15B5CC5,1
CC_5ABF14322ED2,2
CC_5AC23189FB34,4
CC_5AC23D140081,3
CC_5AC7586E4E6F,3
CC_5AC77388ED13,2
CC_5AC865E71599,2
CC_5AC9707D7537,3
CC_5ACF8EA85E56,0
CC_5AD2546163C0,4
CC_5AD50914D294,3
CC_5AD55E10E239,0
CC_5AD7F12D1D22,3
CC_5AD8FE1989CB,4
CC_5AD9338E7F37,0
CC_5AE27B88549B,3
CC_5AE4CDC380A1,4
CC_5AE6F64CFDB5,0
CC_5AE736DE11AC,3
CC_5AF0BAF709D0,4
CC_5AF2E2D5946A,3
CC_5AF4CC9631C0,0
CC_5AF508D5CAEC,2
CC_5AF60F813344,0
CC_5AF932FFDCDB,4
CC_5AF94ED5611A,3
CC_5AF9BAF31FEB,0
CC_5AFA0C04BC94,0
CC_5AFAB8A64F35,3
CC_5AFC1261EB93,2
CC_5AFE5DF7AF95,1
CC_5B0195BA39EE,3
CC_5B026017070C,0
CC_5B0404833850,2
CC_5B04A9399C65,2
CC_5B0507769BB6,3
CC_5B0807571581,2
CC_5B0A9D311BEE,0
CC_5B0E9706A537,0
CC_5B0F40C0E1CB,2
CC_5B1245524940,4
CC_5B13FDA05B61,1
CC_5B14FAB82984,4
CC_5B176732FBCE,1
CC_5B23092E7BB2,0
CC_5B23CA791DF0,3
CC_5B2E241BBCDC,3
CC_5B2E9C1C079A,4
CC_5B2F80EB5A5E,1
CC_5B2FD478D867,0
CC_5B3336343694,1
CC_5B341E3A6C32,3
CC_5B380570454D,3
CC_5B3A879E3664,1
CC_5B47219287FA,4
CC_5B4A365E3F47,0
CC_5B4F89D9EB61,2
CC_5B5206396D60,4
CC_5B534A342317,4
CC_5B54612A98D6,1
CC_5B5711F842EE,4
CC_5B5B6AAF96C0,0
CC_5B5C2F4A96D5,0
CC_5B5DE032454E,1
CC_5B643C5EB4C3,0
CC_5B6F725BD2B8,4
CC_5B77AB677EB6,0
CC_5B794ECEC735,1
CC_5B7975BD5165,2
CC_5B7AFB39BC79,2
CC_5B7C6876A878,4
CC_5B7D4A522B9A,0
CC_5B81AB4FE5D6,3
CC_5B81CC5219C7,4
CC_5B826E2BDCB1,0
CC_5B8CF69570A7,0
CC_5B943E99D363,2
CC_5B95668CAEEE,4
CC_5B96F6F9E12B,2
CC_5B985FF12590,2
CC_5B99A61F9BEC,3
CC_5B9BA65EEDDE,2
CC_5B9C2D63BD82,2
CC_5BA10AB47E93,0
CC_5BA1B065C54F,4
CC_5BA67C7C142C,2
CC_5BA9DAF61609,0
CC_5BAC82095106,2
CC_5BAF4779FCFF,3
CC_5BB35F83900C,0
CC_5BB5EF6A67F4,2
CC_5BB9DF8AD50E,4
CC_5BBD34998419,0
CC_5BBEAC610014,3
CC_5BC33A2851E1,0
CC_5BC7E75A8ECE,3
CC_5BC9D20125BA,4
CC_5BCBB8067717,2
CC_5BCE3F3C3A44,3
CC_5BCEE77C9666,1
CC_5BD9F156D4D1,3
CC_5BDB5A10668E,4
CC_5BDE39E4EC88,1
CC_5BE077E6D969,3
CC_5BE1FAA48CB2,0
CC_5BE23895CBBA,2
CC_5BE396B6D08D,4
CC_5BE4D4502607,0
CC_5BEDB8A6CF7D,2
CC_5BEE1177A0FF,1
CC_5BF1307A7F59,4
CC_5BF3E0C71712,4
CC_5BF468725EE5,3
CC_5BF6BB3DD54C,0
CC_5BF7318B86BE,4
CC_5BF7422D0E05,4
CC_5BFE20440559,1
CC_5BFEEAD87024,3
CC_5C0019CA0253,4
CC_5C0362270FBC,0
CC_5C06DCFBCD08,1
CC_5C072D2EB4A4,3
CC_5C0BDC4C766C,0
CC_5C0C3BE3FBBB,2
CC_5C0E60EEF98F,0
CC_5C0F0E4CB1E1,2
CC_5C0F448526CB,2
CC_5C132B8C9743,2
CC_5C16A4120DE8,0
CC_5C18971A9B33,2
CC_5C1926C3E99F,1
CC_5C1A4FB9D9E6,2
CC_5C23A07D8C1F,4
CC_5C26CF126E7D,4
CC_5C290BBFF8AE,2
CC_5C293CDAE97F,0
CC_5C296B48A610,4
CC_5C298CD9EE0F,3
CC_5C29B0BF7A46,0
CC_5C2B402F9C5E,0
CC_5C2B9A1B45F1,0
CC_5C2BC3B2FED6,0
CC_5C2F04DB89B0,2
CC_5C3010524162,3
CC_5C34E33B048C,4
CC_5C37520DF4A0,0
CC_5C376E472146,0
CC_5C3A694E5AFF,0
CC_5C3A81F8243E,0
CC_5C3AF119C7C4,2
CC_5C41AA1FB124,3
CC_5C41FE749450,4
CC_5C44F9B51B15,1
CC_5C46C165D942,4
CC_5C46CFF1EE93,3
CC_5C477BB76B50,3
CC_5C485C3DA5A2,1
CC_5C516C1148AE,0
CC_5C51F8276A09,4
CC_5C5617ECA2C1,0
CC_5C580B327945,2
CC_5C663668AEAC,4
CC_5C667B5EEEDD,3
CC_5C66F7AEC29F,1
CC_5C69819D7461,1
CC_5C6F6F2284FD,2
CC_5C744FF98F4F,3
CC_5C770EBB3461,0
CC_5C7F06684789,4
CC_5C84A8D32615,0
CC_5C858310418F,1
CC_5C862C8893FC,3
CC_5C884D5AE0D1,0
CC_5C8BF72EE97C,0
CC_5C8D2E2570B7,0
CC_5C92441E4873,4
CC_5C94AFD90D8F,4
CC_5C9A3A5972D2,1
CC_5CA39EB0D4BB,3
CC_5CA622E85D86,4
CC_5CA6B98B4D1D,2
CC_5CA7779A4DC3,3
CC_5CA86661E034,4
CC_5CA8D72C31B3,2
CC_5CA96B6ABDE9,4
CC_5CAF4EE6F709,2
CC_5CB0235932CD,2
CC_5CB4416E3F3E,3
CC_5CB51A71FC54,2
CC_5CB95D3BDABA,1
CC_5CBEB5A028DA,3
CC_5CC2F1284079,3
CC_5CC532F130D3,2
CC_5CC637E6BB84,0
CC_5CC659C18E07,3
CC_5CCCAEFE921D,4
CC_5CCD14D6A09C,4
CC_5CCE36EBE90D,3
CC_5CCF357F22F3,1
CC_5CD363DD397D,3
CC_5CD695656E50,3
CC_5CD9F6C42400,2
CC_5CD9F7929A94,2
CC_5CDD82609046,0
CC_5CDE83909CA3,2
CC_5CE0209928C3,4
CC_5CE1F5EF25C1,4
CC_5CE38FB1FC14,0
CC_5CEAAE5E9F46,1
CC_5CEBC021F126,3
CC_5CF5768AAF0A,1
CC_5CF7EBCE6347,0
CC_5CF91901487C,1
CC_5CF9C109AD5B,1
CC_5CFA5D49672D,4
CC_5CFBD438A9E7,2
CC_5D00634357DD,2
CC_5D00C4D5A1D6,3
CC_5D01A320B2B0,2
CC_5D01CF7EF458,0
CC_5D01E1B3E69B,2
CC_5D07AA646FC2,1
CC_5D07BD529B9D,1
CC_5D08443DC98C,1
CC_5D0981460B48,2
CC_5D0BA107CCCC,1
CC_5D0DFDB2AEBA,2
CC_5D105FB14122,1
CC_5D1507277E09,0
CC_5D181CAEDB3F,4
CC_5D198F5A1180,3
CC_5D1F9C5DBD70,2
CC_5D2163C060DF,3
CC_5D21CBB7067F,0
CC_5D21D056205D,1
CC_5D232B046F4E,3
CC_5D242E21B70B,1
CC_5D27DEF780D1,0
CC_5D27FCD94B14,1
CC_5D283EC78B09,3
CC_5D293D15F2B6,3
CC_5D2D017AF1D6,2
CC_5D350A871E79,3
CC_5D358E8C178D,1
CC_5D38D84E8D8A,1
CC_5D3F7518D7C9,1
CC_5D45F1965198,2
CC_5D5EFDC391D3,1
CC_5D5FA7F8B4B1,4
CC_5D63F45D2D8B,0
CC_5D65DAD9AD02,2
CC_5D6808135562,4
CC_5D6A1F1B4074,0
CC_5D6AE381D455,2
CC_5D6B6FBEE669,4
CC_5D6C5793DAB9,4
CC_5D6F6F62B809,2
CC_5D71AA649B07,3
CC_5D7289D1BDF0,3
CC_5D7B4BA1B14B,4
CC_5D7DBFFA54C5,3
CC_5D7FE1565CC1,2
CC_5D82002E7CDB,0
CC_5D83ED3C3B37,4
CC_5D8897786E61,0
CC_5D89F71AD5DB,1
CC_5D8E8294AF15,3
CC_5D9194CFC6C1,1
CC_5D925BFC4F1B,3
CC_5D93B25F7F37,2
CC_5D94C757E368,3
CC_5D9515D31969,2
CC_5D95465C3024,1
CC_5D9685C82529,2
CC_5D98DB000C5B,3
CC_5D9A64B839FC,2
CC_5D9F5514282C,3
CC_5DA022E7E265,3
CC_5DA054D56100,3
CC_5DA23FDDA040,3
CC_5DA306818774,3
CC_5DA42C2CB592,2
CC_5DA50F130465,1
CC_5DA5F089CCEB,3
CC_5DA970C83BFE,1
CC_5DAD4AA04AED,1
CC_5DADEE0F5194,1
CC_5DAF36F4602D,3
CC_5DB07ABD2D05,2
CC_5DB377396A07,0
CC_5DB4B96543F0,4
CC_5DB91F6D3101,1
CC_5DB95E21D5C5,4
CC_5DB9B1DA19CB,1
CC_5DB9FD593665,1
CC_5DBBA9662E78,3
CC_5DC10582A9E1,2
CC_5DC4901D6B92,1
CC_5DCAB9B2C00C,2
CC_5DCCF7760702,4
CC_5DCF17F1BBB2,2
CC_5DCF723EF0D4,1
CC_5DD01D0A73E1,4
CC_5DD69CED90C9,4
CC_5DD958933BD9,0
CC_5DDC279E7767,0
CC_5DE5DD373A92,2
CC_5DE72B43679E,3
CC_5DE7D1C5DBAD,4
CC_5DECF885896B,4
CC_5DF02B9F4833,0
CC_5DF09228F9D8,1
CC_5DF4883C4779,0
CC_5DF78D304F25,3
CC_5DF8B6DD67F5,2
CC_5DFB33C455A7,2
CC_5DFC6BF23093,2
CC_5DFD9451C5F8,4
CC_5E00BBA5763A,3
CC_5E02A6D17A06,4
CC_5E058C787204,2
CC_5E06A3BD160F,1
CC_5E06B7A2EBC6,0
CC_5E086E76EB1D,0
CC_5E160D13CA23,4
CC_5E174FA7A70A,4
CC_5E190CE28A23,1
CC_5E1DE48881FB,2
CC_5E21938FBACC,2
CC_5E277DAA4280,3
CC_5E2BCAB017F1,4
CC_5E2FF9AF864B,3
CC_5E3216E8D190,1
CC_5E37EF2502A1,0
CC_5E3917AF48CF,4
CC_5E3A3981313F,3
CC_5E3B691FC7E8,3
CC_5E3D30A3346E,0
CC_5E3E70296436,2
CC_5E42511AA8D4,2
CC_5E4297E83E8D,2
CC_5E443C87A993,3
CC_5E4841DF72EA,2
CC_5E48A37DC71C,0
CC_5E4916EFED10,3
CC_5E4A6AC389DF,4
CC_5E4C3E73299E,0
CC_5E4E183A2EEC,4
CC_5E52A653854E,0
CC_5E555B42B6A9,4
CC_5E5570D4CF86,0
CC_5E558D667BC3,3
CC_5E5727A702B7,4
CC_5E5C6DCFD183,1
CC_5E5EC05EC6DD,3
CC_5E628C8E295D,2
CC_5E656C83B511,3
CC_5E6682619020,3
CC_5E6686C7B301,2
CC_5E6A2C166D3C,0
CC_5E6DB7B436AE,2
CC_5E6F9BAE46D4,2
CC_5E7633B995E0,2
CC_5E7DFD9E6725,0
CC_5E82E1E40509,2
CC_5E8310B30EB1,3
CC_5E83D33953A3,0
CC_5E8789F1F9AD,0
CC_5E8B1CFAA738,0
CC_5E8C54BDF98C,4
CC_5E9118F96223,4
CC_5E919227DBDA,4
CC_5E960547EF48,0
CC_5E9BF43B2D38,0
CC_5E9CC2CFD36D,4
CC_5E9D62853571,0
CC_5EA4BBE734B9,2
CC_5EA515954990,2
CC_5EA688CCF647,3
CC_5EA690673CB8,1
CC_5EA7A4CCA4D1,3
CC_5EA8B94D289A,1
CC_5EA9FE2236D1,3
CC_5EAC0F0F5807,3
CC_5EAF6204A1A7,2
CC_5EB3569C7CC3,3
CC_5EB68AE3EC7F,4
CC_5EB690454F4A,3
CC_5EBD699BBF9A,3
CC_5EBE30A90DDF,2
CC_5EBE3FBA744F,0
CC_5EBF31D6F583,4
CC_5EC255BF564D,2
CC_5EC5BFBF00F2,2
CC_5EC6FBE9D852,2
CC_5EC91635BC11,1
CC_5EC96E53702B,1
CC_5ECBDB18CC6B,2
CC_5ECCAB9B7B87,4
CC_5ED363408294,4
CC_5ED41C88E281,2
CC_5ED96BBB90A5,0
CC_5EDF8768EDFE,2
CC_5EE14DCE51FE,1
CC_5EE53BDECDD1,3
CC_5EE581E6B41A,2
CC_5EEA417426F2,4
CC_5EEB94C361DC,0
CC_5EEC42D71C9D,3
CC_5EEDD57388CA,2
CC_5EF3E852D5F1,3
CC_5EF40C00FC43,0
CC_5EF559CBB186,1
CC_5EF90A44E763,1
CC_5EF9CFA900D6,1
CC_5EFCC77C342D,4
CC_5F03C10F15CE,0
CC_5F046FFA86A0,3
CC_5F0536576CED,3
CC_5F062700F25F,3
CC_5F0935413F35,1
CC_5F0B3CFCDE51,4
CC_5F0C31786014,2
CC_5F0F8FDC65B2,3
CC_5F165E4915B1,3
CC_5F16ED0F56EB,3
CC_5F1C33254C43,1
CC_5F257A47AC95,2
CC_5F260ECF635B,2
CC_5F287E798DA4,1
CC_5F2C9AFF0C31,0
CC_5F2F99236F7E,3
CC_5F32A8E95857,3
CC_5F39E48A6EDB,0
CC_5F3DA05C7152,4
CC_5F3EA31142CA,3
CC_5F3F8046E54C,3
CC_5F3FFF11DA12,4
CC_5F4D01CA9E25,4
CC_5F4FEDC32DBC,1
CC_5F55030C9729,3
CC_5F55B448763F,3
CC_5F5915F1709B,4
CC_5F63045FB439,1
CC_5F63113CA34D,3
CC_5F6693CD7407,0
CC_5F67094E79B6,1
CC_5F686C2CDCC7,0
CC_5F6B737660D5,1
CC_5F6E5D33DC52,4
CC_5F6E7E7536A9,2
CC_5F6FB62A8293,2
CC_5F7640EC737D,0
CC_5F77F0D3C4C6,3
CC_5F79651C72F9,4
CC_5F7B197549CC,4
CC_5F81B91A3C11,4
CC_5F823AC0BBFB,4
CC_5F8284BDF4F6,3
CC_5F8510F80BF6,3
CC_5F86C7BBB540,1
CC_5F88050340AE,0
CC_5F8B72C21483,1
CC_5F8C006EA439,3
CC_5F8D41280BAA,1
CC_5F9059C6B90E,2
CC_5F908445BEA9,3
CC_5F92ADF6D9E8,0
CC_5F93816598FE,2
CC_5F96DA4A0910,4
CC_5FA00A194F62,4
CC_5FA35A39E5C5,1
CC_5FA710CAE099,0
CC_5FAA42301A7E,1
CC_5FABB81EE16B,3
CC_5FAC26D11A7A,1
CC_5FB240B6E24F,0
CC_5FB394EFBE00,2
CC_5FB57A14C62A,4
CC_5FB5BC194DB2,2
CC_5FBACA7F45F7,3
CC_5FBAEDE75B8F,0
CC_5FBF4AE91118,1
CC_5FC087CA6A66,3
CC_5FC0BD09D0BC,3
CC_5FC5F264F115,1
CC_5FC89B822190,1
CC_5FCD35577769,2
CC_5FCD7E88E5E9,0
CC_5FD6369B65DE,4
CC_5FD9AAEDB6AD,3
CC_5FE98B946015,3
CC_5FE9D2A58F1C,4
CC_5FEBBA41A756,2
CC_5FEC80143324,2
CC_5FF19A49A1AA,0
CC_5FF2518E9ECE,0
CC_5FF3BC563935,2
CC_5FF63EDAEFC7,3
CC_5FFD3F514961,1
CC_60011886B18D,2
CC_60029C11BB31,1
CC_6009B225BD4C,1
CC_600C61B5434C,4
CC_601C9DE2DDFB,3
CC_601DD98C7995,2
CC_6020E07CBE4F,1
CC_602128E29F3E,1
CC_602703C173C9,1
CC_60283C805DC8,0
CC_602D13BE194A,3
CC_602D22FF9B90,1
CC_602FDAE430CB,2
CC_6030FAC6D779,3
CC_603388F075F7,1
CC_60376A8920BC,2
CC_603A5F17571E,4
CC_604002684874,0
CC_6041A80E0759,1
CC_6042573740CE,1
CC_6044D44E0C41,2
CC_6046BF850936,4
CC_604A516F77ED,0
CC_604C11E16B1B,3
CC_604F471816AA,1
CC_604F77EC7832,0
CC_6052E7EA9070,2
CC_60575B31C16B,3
CC_605963A1D8D6,4
CC_6059CB778E95,2
CC_605B09C3CBA4,1
CC_605B760C80FD,3
CC_605ED147BEF2,4
CC_605F5C926875,4
CC_6064FBCD4095,1
CC_60674897B248,3
CC_606977217704,1
CC_606D66F88AD6,2
CC_606F1F918A72,3
CC_606F374ED436,3
CC_6071A9625DCF,0
CC_6073863E8915,1
CC_60761F2762D7,1
CC_607878304942,3
CC_60788A418952,3
CC_6079C534A9D1,0
CC_607A1C301E47,0
CC_607ED94D671E,0
CC_608580335870,2
CC_6085F311526E,4
CC_608AB553667B,2
CC_6090AA35A3B8,4
CC_6092617B069E,2
CC_609459082614,1
CC_6096B142B1E2,2
CC_609703576DFA,1
CC_60971DC45872,3
CC_60998D5A29E3,2
CC_609F9D794C70,0
CC_60A05F8F1482,0
CC_60A3420FF02E,4
CC_60A4E94F0764,0
CC_60A52D1FF3C5,0
CC_60A7824A13A6,1
CC_60AA6C659516,4
CC_60ACF2FBCD5F,4
CC_60AD71AC1C1B,2
CC_60AEA1F73E71,2
CC_60B08AFF7B2B,0
CC_60B1C9D28605,2
CC_60B4B03A9535,0
CC_60B7F81357C9,0
CC_60B81EE374B7,2
CC_60BA0D6846D2,3
CC_60C05AEFD1CB,0
CC_60C498112E99,3
CC_60C4C35DB3CB,0
CC_60C643AB1FE1,2
CC_60C9946B65E7,4
CC_60CC681BA68F,3
CC_60CD88CA20AA,3
CC_60D09A6226CF,4
CC_60D187C49A4D,1
CC_60D555D44603,2
CC_60DF28C07E2E,3
CC_60E34B2EBBDD,2
CC_60E3C5858095,4
CC_60E436F164B4,3
CC_60E68F7AF367,0
CC_60EF0DB49CD5,4
CC_60F03570608F,1
CC_60F1031D47AD,3
CC_60F1AEDA015B,2
CC_60F2B82989FB,0
CC_60F781520041,4
CC_60FC218827D9,4
CC_61000758BD8C,2
CC_61010C992C0A,2
CC_6101798A8245,2
CC_61023172E7F4,3
CC_61090C7C5EE7,0
CC_61093F3D8676,2
CC_6109D89BC155,2
CC_610BC8339FB6,3
CC_610FB78752DA,3
CC_6113FCAAE1EF,0
CC_611FC470A7EF,2
CC_612073F1E9F0,4
CC_6121D533F3BD,1
CC_612286E3EB1F,3
CC_6124ECE0820B,1
CC_61256FE29999,1
CC_6129896E07F1,4
CC_612AD26AB030,0
CC_612C22592825,2
CC_612D82D53287,4
CC_612FF340B1E6,2
CC_6131274895B5,0
CC_6133953D7210,3
CC_6133AFADBCD1,1
CC_6135926E46E1,2
CC_613A503E0941,1
CC_613B546BDB4D,2
CC_613CF1EC1E43,4
CC_614021684547,0
CC_6147FCD5A15E,1
CC_61495114B408,2
CC_614C04C88F69,0
CC_614D3E1159DA,1
CC_615288A88E7B,4
CC_615464811440,3
CC_615C10F60DEC,1
CC_615DE73BFCC4,4
CC_615E08467F56,3
CC_615EA8D2C93D,2
CC_615EC3CADF8B,0
CC_615F83779A48,4
CC_6167B1898866,0
CC_616A119D9795,3
CC_616D418B38B3,1
CC_616EF9719CA9,0
CC_6172674DF945,0
CC_617A4D01F055,4
CC_6181D6D9D1DF,2
CC_61850FB039A4,0
CC_618B4F0FE660,0
CC_619209DCE38B,2
CC_61980A11C43F,2
CC_619989735632,2
CC_619D1FE26800,1
CC_619F90F60778,1
CC_619FA8EDDE2C,3
CC_619FCFAD4011,2
CC_61A1857C4FC6,4
CC_61A30FCAFC1D,0
CC_61A330EC8D44,2
CC_61A38D97007D,1
CC_61A5692AA650,4
CC_61A63BA9C63F,3
CC_61A682FE9FCA,0
CC_61A72F992ADC,3
CC_61A9FFAE9470,0
CC_61ABF44DCF1B,3
CC_61B4E7C3A876,0
CC_61B530CD33B7,2
CC_61BB9A22D678,1
CC_61BF6485310B,4
CC_61BFBC5D3D29,0
CC_61C1F71FEC20,2
CC_61C278587396,3
CC_61C4A48F60C0,1
CC_61C724A27D66,0
CC_61CA81CA495E,0
CC_61CBEAC71844,2
CC_61CD0AB80E4E,1
CC_61CF32B74A00,3
CC_61DC930A9BDC,3
CC_61DDF50F4293,2
CC_61DF4D34EC9B,4
CC_61E04FE5D349,4
CC_61E93A9F25EC,1
CC_61EE07C127EB,0
CC_61EE3C33DE24,0
CC_61EE503A3388,3
CC_61EE895A926F,4
CC_61F047CE0DAE,4
CC_61F386A73926,0
CC_61F4D3B5C233,1
CC_61F5CC077AE1,3
CC_61F5F26C3E46,0
CC_61F7B219A3B1,0
CC_61F91759D81D,1
CC_61FD2EC9C2DD,3
CC_6201A0297C0C,2
CC_6202E4782501,1
CC_62033D8F0EB5,0
CC_6210E9ED6E3D,1
CC_621238FE3B79,0
CC_62183B2D5AB7,1
CC_621869BD42B3,0
CC_6219A7B37E44,1
CC_621C3FDED659,2
CC_621D3A06B544,1
CC_6220B11E59EC,4
CC_6221C4CEE5E7,2
CC_62225BCECE98,1
CC_62261DF9AF77,3
CC_622945AA63AF,4
CC_622A575BB937,0
CC_622B70F0EAF6,2
CC_622FE65463B1,2
CC_623015D7FA69,0
CC_6238A097CBA3,4
CC_623B5CF8761E,4
CC_623C71EC3835,3
CC_623ECE90F97B,2
CC_623F394742BB,4
CC_62401CE4D5BA,2
CC_62411E9C9F1F,1
CC_6244D7BE3069,0
CC_62477D8ED8C6,0
CC_624AD49F5039,0
CC_624C697F8FFE,3
CC_624CD89D6412,4
CC_624E27490179,0
CC_6251084C5028,0
CC_62575D28F444,3
CC_625765750873,2
CC_6257B327DF7C,4
CC_62589B1BC045,4
CC_625A629E8237,0
CC_625DD3FD82F4,2
CC_626298EB88E6,2
CC_626406407709,1
CC_626644AD00BF,1
CC_62672F50686D,3
CC_6269A628DAC8,1
CC_626D648928BE,3
CC_626F69FD6818,2
CC_627EF4807864,0
CC_6284803FF4AB,2
CC_62866610BC9D,3
CC_628A8FF4E6D2,0
CC_628ABDB50E9E,4
CC_628AD2B813F5,0
CC_628B24765A40,0
CC_628C4F280031,1
CC_628CD11886B4,3
CC_629062C995B9,4
CC_62942040AE91,4
CC_629478DBA13B,1
CC_6295C8A1A453,0
CC_6296A9282A2B,1
CC_629752CF5894,2
CC_6298E7345317,3
CC_629C7144A086,2
CC_629C91E4C5AE,1
CC_629D0A01DB73,0
CC_629EC2C1AD3F,0
CC_62A535235562,2
CC_62AF63EFC5EA,1
CC_62B32FFE805E,3
CC_62B35E72FD93,2
CC_62B42BB84850,3
CC_62B68A5E3BEC,4
CC_62B6CE7C5586,2
CC_62B796AEE645,2
CC_62B8555A0BEB,2
CC_62B9E92ADD0B,0
CC_62BD1788DE86,0
CC_62BD9CD530AD,4
CC_62BDF11655F6,4
CC_62BEF6EDF3BB,2
CC_62BF999F860E,2
CC_62C95DADF27D,4
CC_62CBBE5529C7,3
CC_62CDB0BE4148,4
CC_62D10BE07C84,3
CC_62D719CE817F,0
CC_62D84FA3C5C8,2
CC_62DCA8358995,4
CC_62E33499B1CF,1
CC_62EA86503043,4
CC_62EC25DB659E,3
CC_62F03A013FCA,4
CC_62F17284D37A,2
CC_62F56A426FC9,2
CC_62F81D5F4E7D,2
CC_62F82E6F4A53,4
CC_62F90F96E72D,2
CC_62FCA13D1F3F,3
CC_630023881ACB,4
CC_63022EFC1995,3
CC_6302909DACFF,1
CC_6302C5FEB27B,1
CC_6304E5CBCCAC,0
CC_6307387814FD,1
CC_63085C7D29C5,4
CC_63096DA6A37A,3
CC_630A56D73FCA,3
CC_630BA25A56E5,2
CC_6312AD0559D4,2
CC_6312F3F37C5C,2
CC_63141CBD6FC2,2
CC_6315863515D1,1
CC_6315D34FDC19,3
CC_6319C2E46071,4
CC_631C7D55088B,3
CC_631FE32C30FB,4
CC_63200D1ACD51,1
CC_6323123A2626,2
CC_6323A55116F1,2
CC_6324CC2A1688,1
CC_6324D56D2CCA,0
CC_632AFA2154CB,2
CC_6330AF3C51B2,2
CC_63311745DECA,2
CC_63315A3ED86F,1
CC_6333D4B3F705,3
CC_6334662BD0DE,2
CC_6337D5ABA3DD,2
CC_6344C7BEFCCC,2
CC_63455B6BF379,4
CC_63468B4B2F66,0
CC_634774D61E5B,4
CC_634FAE670492,4
CC_634FEDD72039,4
CC_63503D078B3D,4
CC_6352C930E78C,0
CC_635542F23896,1
CC_63567A92295D,2
CC_6357FF155364,2
CC_635A05142AA8,4
CC_635FBB564661,2
CC_63610577E7CF,2
CC_6361DFB16AB0,4
CC_6362B6E5E289,0
CC_636630045385,1
CC_6366B6A08E67,1
CC_636A3AD7E6AF,0
CC_636DFECF5742,2
CC_63715477AC58,3
CC_63722928B97F,3
CC_63722950D0A9,2
CC_637473924111,0
CC_6374A1C335F7,3
CC_637935C9270C,0
CC_637B1CB29E82,4
CC_637EE0EFB31E,0
CC_638613D9902F,0
CC_638A699C5229,1
CC_6393DD5AAFDC,0
CC_63964B01A92E,2
CC_639B00920868,2
CC_639B58127BBF,0
CC_63A4A3AC8395,0
CC_63AB9E51C085,1
CC_63ABFA861C36,3
CC_63ACAD487D97,2
CC_63ADBF969BAC,0
CC_63B33F3229C4,3
CC_63B5BF219125,2
CC_63C43321A9B6,4
CC_63C745DD780B,1
CC_63CCB151B20F,4
CC_63D488E02EA6,0
CC_63DCAFDBEC41,0
CC_63DFA40012C1,1
CC_63DFEB6735DA,4
CC_63E4E44048C1,0
CC_63E886099AAC,1
CC_63E972A4955B,1
CC_63EC059DF8F3,2
CC_63EE271E1021,0
CC_63EFED94FCF7,1
CC_63F25BF3EAAC,1
CC_63F558F740D3,4
CC_63F5F93AF4ED,1
CC_63F8EF30F9ED,4
CC_63FB6F43CE66,1
CC_63FBC6AA1592,4
CC_63FC9D0B4E9E,3
CC_63FE4F48DD24,1
CC_6401198D2933,1
CC_64018F3B66CA,0
CC_6402B248D851,4
CC_64032402162F,3
CC_640793060DCF,2
CC_6408E54EDAFE,2
CC_641849D9265B,0
CC_6418CDA17FEA,1
CC_641AE5C02708,3
CC_641BBFEF7FC1,0
CC_6420BC28F63B,3
CC_64216406C7DB,2
CC_6421D66532DE,1
CC_6424165DD30B,1
CC_64241D80DB11,1
CC_64283517D896,0
CC_642A86ADEB68,4
CC_642DC6501DFA,1
CC_642FB473974B,1
CC_6437166A2EF6,0
CC_6437A97B2202,2
CC_643C69A90D24,2
CC_643CDB07B55C,4
CC_643D24009571,0
CC_643E80426955,3
CC_64410CF07EB3,0
CC_6443F834372F,2
CC_644A39C1772E,0
CC_64521B6F7560,2
CC_6452323DB518,3
CC_645424FA8551,0
CC_6458E3EB862B,0
CC_645D241A15E9,4
CC_64643C202222,0
CC_64685DDF2A10,1
CC_6468A5D85023,1
CC_6469FEE3ABEB,1
CC_646AC5A1C138,0
CC_646BF97A9A73,0
CC_646F53B55EA3,3
CC_646FCB423C23,2
CC_64700B18C878,4
CC_64707467FF3D,1
CC_6470B1561E5F,4
CC_64715BCF201C,1
CC_6473CB6CB17E,0
CC_647479336549,3
CC_647697E6E5FB,3
CC_647DCC61FCDC,1
CC_647F6420A6A4,0
CC_64883BBF2290,2
CC_648B7696CBA0,0
CC_648B8BD684A7,1
CC_648C2B2DA3DF,0
CC_64912329ACF3,4
CC_64938A66D1D6,0
CC_649455879D59,2
CC_64947E996543,1
CC_6495A8365EF4,3
CC_649694CB191A,4
CC_649716555C7C,4
CC_64979C732365,4
CC_64996DBFFA99,1
CC_64AC8B69B624,2
CC_64ADBF6B2091,4
CC_64B12CF3CCC0,4
CC_64B3EEB7A836,0
CC_64B4C3D7B1BA,4
CC_64B5DD24DCEC,4
CC_64B66CE28968,4
CC_64B6B1685785,4
CC_64B7A1E8551E,3
CC_64B81E700EE2,3
CC_64BC28CFC089,0
CC_64C43C2CA5B4,1
CC_64C4ADCBD9AF,4
CC_64C6791DE88C,1
CC_64CB0D42D881,0
CC_64CB5A85F20D,0
CC_64CBC2ECA307,1
CC_64CDCC31215E,1
CC_64D042AA3A98,0
CC_64D377F85B5D,2
CC_64D400D257B7,3
CC_64D428F67A07,1
CC_64D8390E01A5,3
CC_64D94729469F,1
CC_64DB7DE22B3F,1
CC_64DE220E2B3F,0
CC_64DE5B10D69A,0
CC_64E78E632762,3
CC_64E8CA77A9D8,4
CC_64EA1782419C,4
CC_64ED78299A30,2
CC_64F0684AE2E0,2
CC_64F1B593A628,1
CC_64F1E384C3D6,4
CC_64F358BD635A,0
CC_64F4B9320680,1
CC_64F518D35568,4
CC_64F838BD8176,3
CC_64F875F16D4E,0
CC_64FD63E84B98,4
CC_64FEB56A236C,1
CC_65057E040ABB,1
CC_6506AE958EB0,4
CC_6508A0DFA047,1
CC_650A34C1F02D,0
CC_651846AFC668,4
CC_651A41C9BA80,1
CC_651E1C885465,2
CC_65210372E9E7,0
CC_65212CFFCC55,2
CC_652EEFF2A39E,3
CC_6531180BE590,0
CC_6531E3C35674,1
CC_6531EEFD7586,4
CC_6536B6234662,3
CC_653BE665DD58,3
CC_653CB16A14CE,3
CC_653F3B34CE66,4
CC_654138F52651,1
CC_6543C10A8793,0
CC_65493A8C43B0,1
CC_654FDAE35315,0
CC_65535066810F,3
CC_655B02A2967B,2
CC_655BA62F4F61,4
CC_655D484C94B8,0
CC_655D937D8015,1
CC_6560982B1463,2
CC_65629D5BDD53,4
CC_65643A7468E4,2
CC_65654A161207,3
CC_65681C2F6D53,4
CC_656CF961AAA2,1
CC_657003D1AFA8,1
CC_65787E61B4B8,3
CC_657C00542E81,0
CC_657E93154D6C,3
CC_657EA4BC4367,0
CC_6582056FA5A0,2
CC_6584CC094F0B,4
CC_65861BAB3725,0
CC_65880CA58C96,1
CC_6588A5C5308D,3
CC_658E20E5E1C7,0
CC_6591EF98C8D9,2
CC_659684C73C10,3
CC_659A8E672431,3
CC_659E67F3AFE6,1
CC_65A6095D2BB5,2
CC_65A9A023FBBE,0
CC_65AB13517959,0
CC_65AC322F9CD3,4
CC_65ADF71D26C5,4
CC_65AED0DFC85E,0
CC_65AF1525F44C,4
CC_65B9B4D2BBD9,0
CC_65BCD8EEBF52,1
CC_65C1E1F9119C,3
CC_65C1F0F5CB50,3
CC_65C32C0A5E4B,0
CC_65C48C8D8294,3
CC_65D385EFBBA2,1
CC_65D4B881617E,2
CC_65D4F2B2B7DD,0
CC_65D535957842,2
CC_65D62649F769,4
CC_65DAB955631B,4
CC_65DFF6AD3C56,4
CC_65E2C45F00DF,0
CC_65E4063C0FA8,2
CC_65E6C9E7C2BE,1
CC_65E931EB9637,2
CC_65E94F723B3A,0
CC_65EBB27554F2,1
CC_65ECCF5C087B,3
CC_65ED5632B51F,4
CC_65EEE4D6685C,4
CC_65F11504FD99,4
CC_65F20619372B,4
CC_65F2A27A2C71,0
CC_65F61AA5B35E,2
CC_65F62689F342,4
CC_65F74692710F,4
CC_65FCB2B8736F,2
CC_65FDBEDE47AF,4
CC_65FE2D69BFBC,0
CC_66000D4B6371,1
CC_6602F0A1C8E4,1
CC_6603B1397AFE,2
CC_660540F9B05D,3
CC_6605A95C0FA1,1
CC_660B34C8BEA7,3
CC_6611BA680DD3,4
CC_6619ADFCE20C,2
CC_661E788B18EA,0
CC_661ED70EA2FF,4
CC_661EEE1B87F4,4
CC_661F0AFA690D,2
CC_661F67324987,3
CC_662442868A14,4
CC_662C37A0A39F,4
CC_662CEB5EF582,2
CC_662D8CBDCE44,1
CC_663138730B8A,3
CC_66387DFE06F9,1
CC_6638CB984238,1
CC_66391FE8F900,2
CC_663BC23423F2,1
CC_663C29B9CBC0,3
CC_663E308761AF,3
CC_663F65570861,2
CC_6641FB3D1973,2
CC_66443E07C339,3
CC_664A9C9CEE31,1
CC_664AFA1C747F,0
CC_664EB4E7D43B,1
CC_6652E9A9EB4F,3
CC_66546F618907,2
CC_6654D096AF8A,0
CC_6659BD09090A,1
CC_665ABEB839F3,4
CC_665F5A0435EA,3
CC_666300E15AB9,0
CC_66646CEE1B27,2
CC_66670B0A806B,3
CC_6667AEE2434B,0
CC_666B9B49E2FE,1
CC_666FF40CC03D,3
CC_66702E769C10,2
CC_6671D8B1A11B,1
CC_6674D4FBB74A,3
CC_667804E1DAE2,4
CC_6678E38AF7B8,0
CC_667C13B7CA2A,0
CC_667F4F324AB2,3
CC_668139E78028,4
CC_66872746124B,2
CC_668930507CEB,1
CC_668C0A60DD9C,0
CC_668CC8F2265C,1
CC_6695639CD663,0
CC_66965430FE66,2
CC_669BCE78FC43,2
CC_669FAD541B40,3
CC_66A1E0F6800E,1
CC_66A306B4CE9E,1
CC_66A48672D574,0
CC_66AAC0860357,2
CC_66AB225359DB,0
CC_66AD619251DD,2
CC_66B09936DABC,2
CC_66B37C9DDC3A,2
CC_66B724079738,1
CC_66BF18D91E45,1
CC_66C78801823B,3
CC_66C9334085A3,3
CC_66CA261790FA,4
CC_66CAD118194F,1
CC_66CE1FEC6CA8,3
CC_66DDAE066923,3
CC_66DE9C3B6689,2
CC_66E26A77AC68,0
CC_66E90798BF24,2
CC_66EA801670CE,1
CC_66EF49F1F6CF,3
CC_66F19DAB6417,4
CC_66F505D54F71,0
CC_66FA222A056F,3
CC_66FA54E8B3D3,1
CC_66FE6C45C6F4,0
CC_67016E46A61F,3
CC_670458DF7918,1
CC_670556720BDB,2
CC_6707B68A4774,3
CC_670999DB5A1E,0
CC_67232143508F,0
CC_67246B4ED7B3,0
CC_672BC5712B93,0
CC_672C5FE5666A,0
CC_672CE82F984C,3
CC_672E6FF02B79,2
CC_672F08B35608,2
CC_673F09D8B541,3
CC_674024202AA1,2
CC_67450C7E7B6A,0
CC_67466E16A16F,3
CC_6747DCEC0AE3,2
CC_674AE1C0023F,0
CC_674BA24E77B6,0
CC_6750DE77FBD4,2
CC_675379CAA2A7,2
CC_6753C5556922,1
CC_675509BA0BE4,4
CC_675572D4E506,2
CC_675A43EF2993,0
CC_675EBCA976AB,1
CC_6767F72D9180,1
CC_676B165DAE74,2
CC_676CE1A21AA8,1
CC_676D79D64486,2
CC_677B2907D328,4
CC_6780098C459A,2
CC_6781E42C1EF8,2
CC_678407AE22AF,0
CC_67894871B242,2
CC_678ABD3B112E,4
CC_678B02C37B1B,2
CC_678BF1851E70,0
CC_678BFEC8C384,0
CC_67933515F7BF,3
CC_679BC21319EF,0
CC_679C9EEFA91B,3
CC_67A3FB218182,0
CC_67A65C2E3D91,0
CC_67AABDFBDCB3,2
CC_67AD2013EB3F,1
CC_67AD8FC139ED,1
CC_67AFFBD44509,2
CC_67B1189A3913,2
CC_67B1BE13BB47,1
CC_67B1C7C433F6,3
CC_67B33C21BC0A,0
CC_67B568E5D485,2
CC_67B6CA2DA7EC,0
CC_67BAB47232A4,3
CC_67BED50A9C94,2
CC_67C367B1D794,4
CC_67CA635EE77F,3
CC_67CAEEB3FC0C,3
CC_67CC77F868CC,1
CC_67D238646559,0
CC_67D47A2617D9,0
CC_67D480F0697A,4
CC_67D87C9585C0,2
CC_67D906DB251B,0
CC_67D9D038EDF1,3
CC_67DD96D6A45F,2
CC_67E0E0EE74B7,0
CC_67E8F57A6D75,2
CC_67EA5D2E0BC1,3
CC_67F32FA6B3A8,0
CC_67F3B67612CC,3
CC_67F430F40919,3
CC_67F44AF126E7,4
CC_67FCE789C26D,4
CC_6800B7EF8E7D,3
CC_6804090809F4,0
CC_6805BEA482DA,2
CC_680FA7ADF687,2
CC_6812C7B13B66,1
CC_68134EFAC106,0
CC_68149EEA2D25,4
CC_68185556DA27,4
CC_681AD64466CE,2
CC_681F6AD4AE98,2
CC_681FBF9521A0,3
CC_6822AB43A21A,2
CC_682379EFCDCA,4
CC_682630946491,1
CC_682681E09B45,0
CC_682868E6D0CA,0
CC_682BEC5D14B2,2
CC_682C3858C755,3
CC_682D45019B36,1
CC_682E10BDB84E,0
CC_68342C2CD6AF,3
CC_68349820EDF9,4
CC_683AEA1D74B8,3
CC_683C556F3929,0
CC_683DA0D65DE7,3
CC_683DDA6A18C7,4
CC_683EB3E0E3AF,4
CC_68411AE2B64E,4
CC_6844B6E445D7,0
CC_68468D0B3865,1
CC_684EBB4538B9,3
CC_684F94F5A2BF,3
CC_68509ABC103C,1
CC_68527890A428,1
CC_6852ACD5C8B5,0
CC_68541FFC06DF,0
CC_6854BF0E7B3A,0
CC_685595790369,2
CC_68562BC8108D,4
CC_685EF665541F,2
CC_6867B3248C01,0
CC_6869BC55B2BC,3
CC_686DBF96689E,0
CC_686DCFCAF1AB,1
CC_6875A0C7B038,3
CC_68778D187B74,0
CC_68783B5283D1,2
CC_687D5DAD6014,3
CC_687E653D5B9A,3
CC_687F60B70952,2
CC_6886D19D1C40,1
CC_688731C529A9,4
CC_688A4C98C162,4
CC_688C1222A108,3
CC_688CF57094A8,3
CC_688DF448C1CE,4
CC_6896128CFEDE,3
CC_689BC1EE05A4,1
CC_68A12AF63D62,4
CC_68A34A27A91B,1
CC_68A49C869570,4
CC_68A68371D005,4
CC_68ACFE419F59,0
CC_68B034838BDC,2
CC_68B265C9489C,1
CC_68B40052A1CF,1
CC_68B492696B4C,0
CC_68B52515DF05,0
CC_68B76CB11DC2,1
CC_68B78BB06BC2,0
CC_68BF0C12506C,0
CC_68BF3BD32C96,3
CC_68BF96B41CFE,2
CC_68C0F220DBA9,0
CC_68C1ACD861CD,3
CC_68C7135E0AE7,0
CC_68CAFC191630,0
CC_68CBF57A5BC6,1
CC_68CD6C4A8D09,2
CC_68D03EAD1B68,1
CC_68D28971FE5E,2
CC_68D2BB6DF9CF,3
CC_68DF3B1FDA6C,4
CC_68E0146B7958,0
CC_68E26BDF5B91,3
CC_68E2E8ABF6CC,1
CC_68E352B16B0E,0
CC_68E3F21E8747,3
CC_68E4A9CE65F2,3
CC_68E5A38A9FDA,1
CC_68E87E827989,3
CC_68E9C68F43EB,3
CC_68EA84632A7E,3
CC_68EED2A17D2B,0
CC_68F40665E2E9,0
CC_68F54937BE03,1
CC_68F90B4225F5,2
CC_68F9E99BDA08,4
CC_68FB4441B662,2
CC_68FBAECEFDAA,0
CC_68FE792C1436,4
CC_69017C732DFF,3
CC_690385DE9014,2
CC_6904BFAB8102,3
CC_69068E93BD7C,1
CC_69070CB634E8,4
CC_690B6325A4EF,4
CC_690EC5DC9486,0
CC_6911F8AF8FF2,4
CC_6912EFFF714C,0
CC_6913D2FBF143,4
CC_69176ECAD8C0,3
CC_69182CCD02E0,1
CC_69199F77436D,0
CC_691BB091F4B1,3
CC_691CC5FCBAAB,1
CC_6921DE0E336A,1
CC_69231106E3E0,1
CC_69237502A244,4
CC_692471232A94,3
CC_692A91971E02,2
CC_692C0F9A1169,0
CC_692D6D406B2B,1
CC_692E2E0D0BAC,2
CC_692F61F36E61,0
CC_693209A56143,4
CC_6932F0432539,0
CC_6932FEF179AE,1
CC_694036FEB699,0
CC_694087A29B0F,2
CC_6941BBA972AF,1
CC_69434AB552F0,3
CC_6945F09EE995,4
CC_6947D897EB7C,2
CC_695011EC6CA1,1
CC_6957920C6F49,0
CC_695C5B845FD2,1
CC_695D088A758B,3
CC_695D420B9A12,1
CC_695E1B82521C,3
CC_696404EFD990,4
CC_6965FE4706F9,3
CC_696887CAA9DD,3
CC_696C965A2540,1
CC_696D784429CF,1
CC_696F2D66A2D4,3
CC_69707E33235B,1
CC_6974EC6839AE,0
CC_69774FF5B0B7,1
CC_697EC98313DB,1
CC_69821D3F613C,0
CC_6984A9C1B696,3
CC_69878DB176BC,1
CC_6989BBF7A40F,3
CC_698B24CCAC6D,1
CC_698BA3F709EF,3
CC_698BD67E7EE9,4
CC_698D1AD18611,0
CC_698DB84F8F86,1
CC_698E179C5F2E,4
CC_698ECFA37D54,1
CC_699472340212,3
CC_699A2EDDCD3B,3
CC_699A58B7D87D,4
CC_699B583B9C43,0
CC_699C5393E3EB,0
CC_699E22601934,4
CC_699F59D52F5E,1
CC_69A692D85387,2
CC_69A74ACB984D,3
CC_69A8214506D7,1
CC_69A8AA95FC43,0
CC_69ABAA8AEA67,4
CC_69AC03EB0487,1
CC_69B1173EFF47,1
CC_69B54102C1AE,0
CC_69B674F2D9B3,4
CC_69B919991D50,3
CC_69B9C694E239,2
CC_69BADFCBA9D1,3
CC_69BD91999FC3,1
CC_69C166A4933B,2
CC_69C49FE88552,0
CC_69C8E2EA182E,0
CC_69CBF61BA994,0
CC_69CCA2FA0084,0
CC_69CD58AF5F89,0
CC_69CE881542E7,3
CC_69CFCA78EF10,1
CC_69D57DBB6494,4
CC_69D6B6E71E6F,4
CC_69D75D46E610,2
CC_69D88406816E,1
CC_69D96257B061,0
CC_69DC8B86DB60,4
CC_69DD0D6CB1CC,3
CC_69E0D45B481B,4
CC_69E13AAF0287,4
CC_69E6CA4BA165,0
CC_69E70B30BD80,1
CC_69EFE0AB9FA4,1
CC_69F1803DE0A9,2
CC_69F719B0F305,1
CC_69F7237CAB9F,3
CC_69F7DBF6FD01,2
CC_69FA57001125,0
CC_69FBD8759225,0
CC_69FC895E5541,1
CC_6A00699842D4,3
CC_6A03D74F0719,2
CC_6A061C46FE5B,2
CC_6A080650CC48,2
CC_6A08246D89F4,3
CC_6A120D55B5F9,2
CC_6A14095033C2,4
CC_6A189A969595,4
CC_6A19746C0DC4,3
CC_6A19F5E9A0E5,3
CC_6A1A43B543FA,1
CC_6A1B223E0761,3
CC_6A1E136745EE,1
CC_6A20DFDB9966,0
CC_6A2121E75EA0,1
CC_6A2D3E0B8994,0
CC_6A30D0E5AD22,3
CC_6A31BF5985FA,1
CC_6A34D98F8F91,4
CC_6A35FB28673B,4
CC_6A38B1A69BC4,1
CC_6A38B7DE0CEA,2
CC_6A3D027F0926,3
CC_6A40BA89C9FB,1
CC_6A4189969A8A,2
CC_6A45D850EBFE,2
CC_6A47683C0DC3,0
CC_6A4CBC1735DE,3
CC_6A4DB70B6846,2
CC_6A51E799DACE,0
CC_6A5C4D268706,3
CC_6A5C5D7C6CDE,4
CC_6A6036128C41,3
CC_6A62D1D309AF,4
CC_6A643E725866,3
CC_6A65A2FDFAB6,2
CC_6A661FEFB6A5,0
CC_6A6C9CB2E91E,3
CC_6A706D97F751,2
CC_6A7232D59F1C,3
CC_6A77F7E0AFAB,1
CC_6A78D63C7B88,0
CC_6A8668936512,3
CC_6A872C1EF0B3,3
CC_6A88029C385E,0
CC_6A8B550A481F,4
CC_6A8CF4A7C65F,1
CC_6A8E4C02227B,2
CC_6A9C4F55DB51,2
CC_6AA454A3055C,4
CC_6AA6C43174D2,2
CC_6AAE950ED1DA,4
CC_6AAFB4D46D66,4
CC_6AB6A1FEC0C0,3
CC_6AB8535E1917,0
CC_6AB9FCF7993D,4
CC_6ABA8380DD61,0
CC_6ABB5DB4E475,1
CC_6ABB8FA70605,1
CC_6AC66F95C550,1
CC_6AC7F69E33A6,1
CC_6ACAB4B6CE54,3
CC_6ACBAC70F77D,0
CC_6ACF08D13AC6,4
CC_6ACFE1296766,2
CC_6AD1B293BFC5,3
CC_6AD534027B30,4
CC_6AD62350E590,0
CC_6ADC1CA18525,3
CC_6ADC9F011F87,4
CC_6AE453FD268A,2
CC_6AE804C71613,3
CC_6AE845EE7579,3
CC_6AE9D0068FD7,0
CC_6AEC86D7375B,4
CC_6AEE03D0B9A3,0
CC_6AEF26D98312,3
CC_6AF0F156FB89,0
CC_6AF5F5173925,1
CC_6AFADD9FFFA8,0
CC_6B040C43432B,3
CC_6B0623523263,4
CC_6B06501B1544,2
CC_6B06E38FA7D8,4
CC_6B0E89069CE6,0
CC_6B0FA22EB394,2
CC_6B15B0520C94,1
CC_6B16EBB73F1A,0
CC_6B18A7A99677,2
CC_6B1FC5D49048,2
CC_6B221E1CEDF2,3
CC_6B2762A90AB2,0
CC_6B2F3CAD34E1,1
CC_6B2FDDD0D7FF,2
CC_6B335F5747C8,1
CC_6B391A38EE5C,4
CC_6B48AB9FFB8E,3
CC_6B49E1F42DEC,3
CC_6B4EAAF8FE1E,2
CC_6B51F020B477,4
CC_6B5368966426,1
CC_6B553898B0C2,0
CC_6B592B8827BD,1
CC_6B5CBDCE0927,0
CC_6B5D73B32D06,4
CC_6B622825525D,1
CC_6B64D19754F2,0
CC_6B6A36116FDF,1
CC_6B70C0BC12C0,4
CC_6B76927A2B17,0
CC_6B7738F7F381,2
CC_6B776D13A55A,1
CC_6B777349CC2E,0
CC_6B7D2901D7DF,0
CC_6B7DFD2E96BF,3
CC_6B810A71085A,3
CC_6B819B2A7873,4
CC_6B8387800ACA,3
CC_6B840E57A9BD,1
CC_6B8DC490BE3A,2
CC_6B8DC861D19E,2
CC_6B8E93EB69B4,1
CC_6B904745C120,4
CC_6B91E2BA4D8A,1
CC_6B97895A9B33,1
CC_6B98D3CDB2D9,2
CC_6B9EF56EE88C,2
CC_6BA0B35D71CC,1
CC_6BA5F4BB1C36,4
CC_6BA85D376EA3,0
CC_6BA8FAF791E9,0
CC_6BACE1E465D0,2
CC_6BAF777D4CDC,4
CC_6BB434F24B65,3
CC_6BB4A898E048,3
CC_6BB5DB7F431A,4
CC_6BB62B9D3BC3,4
CC_6BB9FC5315D3,2
CC_6BBCC6F0325F,3
CC_6BBEEED3E64F,1
CC_6BC144859881,4
CC_6BC36AC21F48,2
CC_6BCB06C6B112,1
CC_6BCB74BE94ED,0
CC_6BD0AC4A160F,0
CC_6BD1B1B9B064,0
CC_6BD26F209C34,4
CC_6BD2E853A289,3
CC_6BD36A7B2F0D,2
CC_6BD42003FC37,0
CC_6BDB50210B5D,3
CC_6BDB5CF39811,1
CC_6BDC0EB2386D,2
CC_6BDC2C155F52,1
CC_6BDD851D812F,2
CC_6BE2980F780B,1
CC_6BE9E964B01E,4
CC_6BED2C1B62B0,0
CC_6BEE01374922,0
CC_6BEE6E47AF58,2
CC_6BF062B294AC,1
CC_6BF10C1DB435,0
CC_6BF47B5A43C7,4
CC_6BF4C88378D0,1
CC_6BFAF634010B,3
CC_6BFBE309A968,4
CC_6C0321D3D47E,2
CC_6C0395B27B58,3
CC_6C0683C38C71,0
CC_6C08CBA93460,3
CC_6C0D5D157D4C,3
CC_6C11350A7134,3
CC_6C11A4CB1719,3
CC_6C14140B60A2,4
CC_6C14E56AD78D,3
CC_6C1A7287CA0F,4
CC_6C20703AA012,2
CC_6C2431507647,0
CC_6C29AA0F5F1D,0
CC_6C29F4D1D068,1
CC_6C2AB7D1FF45,1
CC_6C2B91997047,0
CC_6C2F09109795,0
CC_6C2FFB25BE2A,3
CC_6C302F0CE13B,3
CC_6C327D9208AE,4
CC_6C32D3CB3100,0
CC_6C34FF640DED,4
CC_6C35640D5E9A,0
CC_6C35F94301D3,0
CC_6C3D2D058882,0
CC_6C3E5AA1AC3B,3
CC_6C436801274C,4
CC_6C44ED518620,3
CC_6C45E1B0FD68,2
CC_6C4CCCCDE7EF,1
CC_6C4D6820D258,0
CC_6C5137B95704,1
CC_6C514E72E87B,0
CC_6C523A9AA694,0
CC_6C53DE145D18,1
CC_6C5AC579CFD1,0
CC_6C5DD5D530FB,4
CC_6C624859D400,1
CC_6C6D321EF665,2
CC_6C6D3705F652,1
CC_6C6F9D117EDB,1
CC_6C723182C131,3
CC_6C729FA363C0,4
CC_6C72C51B5B84,2
CC_6C75AEAC877D,2
CC_6C760954209D,0
CC_6C77066F627C,4
CC_6C7830F1A337,0
CC_6C7F3129653C,1
CC_6C7FD16E66B1,3
CC_6C8577483349,3
CC_6C876DADE62F,2
CC_6C87C0D7ED2D,1
CC_6C87E6E2BC35,2
CC_6C89C270BEAF,3
CC_6C8E3423161A,4
CC_6C8F77F8D8C6,1
CC_6C9214A1DD8B,2
CC_6C9FD5C95754,4
CC_6CA433C0AB49,3
CC_6CA473EDED32,3
CC_6CA85B0A97E0,3
CC_6CADF14E6490,4
CC_6CB074AA615F,3
CC_6CB0985AB80C,2
CC_6CB0D1D0665E,0
CC_6CB66B0F96A9,2
CC_6CB7A2BE9A17,4
CC_6CB7DEB209C3,3
CC_6CB84A025863,1
CC_6CBD141A4C20,0
CC_6CBD5FCE0D70,1
CC_6CBD9A546B98,0
CC_6CC1F00B55FE,3
CC_6CC2568521F0,4
CC_6CC2697A8F81,1
CC_6CC2F849ECAB,4
CC_6CC7949FE0AC,2
CC_6CCB0E9FC922,3
CC_6CCB1499C679,1
CC_6CCE085E7BDF,4
CC_6CCF9B03A597,1
CC_6CD21BF9564D,4
CC_6CD994CE0BBA,2
CC_6CDD1680D5D5,1
CC_6CE26487B08D,3
CC_6CE4408DD719,0
CC_6CF4543028F2,2
CC_6CFAC13BECA9,4
CC_6CFB229D4798,3
CC_6CFCCC14E98D,4
CC_6D0144C0A2A1,0
CC_6D047CCD0431,1
CC_6D04A83FA41C,4
CC_6D0D60891DF7,4
CC_6D12C5313B22,1
CC_6D154DA6CFE7,3
CC_6D1766FC0E2D,3
CC_6D1B20FDD21C,1
CC_6D1D42E6F08E,0
CC_6D20E9F1AA1D,0
CC_6D2B44A13FBC,3
CC_6D2D11C107A1,3
CC_6D2DCD2CC154,0
CC_6D2E5C1E20BA,4
CC_6D30E86C8176,0
CC_6D328B90AFC8,1
CC_6D33A92F805B,0
CC_6D3D0D73F405,2
CC_6D3D169DF931,0
CC_6D3FCBC535E1,2
CC_6D426B7E0B26,4
CC_6D43FFA10D55,2
CC_6D4656DA87BD,2
CC_6D48E64A2153,3
CC_6D4CC44D737E,2
CC_6D4E7B45ABE4,3
CC_6D4EBEEB97E3,1
CC_6D5302CBB19A,0
CC_6D5357B211DB,2
CC_6D54AF1CCF55,1
CC_6D553E991745,0
CC_6D56C46EE16C,4
CC_6D56FDEF9404,1
CC_6D5DA9F7A0FD,0
CC_6D5F5DC2818B,4
CC_6D5F7F62F168,2
CC_6D60AFA34B93,4
CC_6D61F92F59F1,3
CC_6D683A9376AF,2
CC_6D6C5D17FD9F,2
CC_6D6FF8132FAE,2
CC_6D73BF89386E,4
CC_6D73DBF6C301,1
CC_6D759B412950,0
CC_6D79459F82B9,4
CC_6D7C4F16959C,2
CC_6D9139670225,1
CC_6D969AA5ECA2,4
CC_6D97F1886BB5,4
CC_6D9E0A0B2C5C,2
CC_6DA550291FBD,0
CC_6DA9A64970C0,2
CC_6DAC231470D0,1
CC_6DB12FB6B6C3,2
CC_6DB442B29815,3
CC_6DB800D891E3,1
CC_6DB8DD48754D,3
CC_6DBE43F7AE91,2
CC_6DBF6D74D7E1,2
CC_6DC52041115A,4
CC_6DCB6F04DCFD,3
CC_6DCC2761B581,4
CC_6DCDBF850407,3
CC_6DD1EDC405B8,1
CC_6DDF5C1BFC5D,0
CC_6DE93AB05B38,3
CC_6DEB558FE790,2
CC_6DF0CCD00A36,0
CC_6DF36686EA4E,1
CC_6DF6310D7EEE,0
CC_6DF9059A5700,3
CC_6DFF90E03FA0,0
CC_6E000A66D14D,0
CC_6E004F76F90A,0
CC_6E009178D1DC,0
CC_6E00BCD9059E,3
CC_6E01463B2748,4
CC_6E08189EDC3A,0
CC_6E0F04D7C91B,2
CC_6E0F8AB7C277,3
CC_6E1253819338,3
CC_6E12C184F840,1
CC_6E131F068F36,3
CC_6E14E59BBA79,3
CC_6E198580405F,0
CC_6E1BC97819D8,3
CC_6E1C8B96DCB3,0
CC_6E1CA1A1536F,1
CC_6E1D6BC405AE,2
CC_6E1FF3EED0B3,0
CC_6E2147F003D5,3
CC_6E224EC66804,0
CC_6E22C232C350,2
CC_6E2430FC56CA,3
CC_6E247A95E9EF,2
CC_6E27534D038F,4
CC_6E2A3ED14751,4
CC_6E2A9DF57E52,3
CC_6E2E1FE7E40C,1
CC_6E2E56C5E1C5,0
CC_6E3249727979,4
CC_6E360D8A3349,0
CC_6E3630145EE4,1
CC_6E36D9EACC5E,4
CC_6E39F838CD39,2
CC_6E3D53767B28,3
CC_6E3DA074126F,3
CC_6E3E67A487AA,2
CC_6E3EF35BD2E5,0
CC_6E3F9D236C11,1
CC_6E447971505E,4
CC_6E466C975E9A,4
CC_6E4985106668,4
CC_6E4B30ED7CF8,3
CC_6E4D296B7939,3
CC_6E52863341ED,3
CC_6E52C2EC1CAE,3
CC_6E5BA9DA26F4,3
CC_6E641C435270,4
CC_6E667941AC4A,2
CC_6E672636A2F3,1
CC_6E6AB92AD008,2
CC_6E6DF29051D0,3
CC_6E7106410101,3
CC_6E715BA6657D,3
CC_6E71BE313C58,1
CC_6E78C472A91F,4
CC_6E7918E08139,2
CC_6E7FFAFB2DAE,0
CC_6E83E43F4297,0
CC_6E87AC5CBCAB,2
CC_6E89F1CC0821,0
CC_6E8A58A8B22A,2
CC_6E8B5E65065A,1
CC_6E8C61BFCA8F,3
CC_6E8C99C99E4E,2
CC_6E8DF0A1F736,0
CC_6E938A61F47B,3
CC_6E98BCBC2549,1
CC_6E9A32537693,3
CC_6E9B28B6382E,0
CC_6E9FA42F62B3,0
CC_6EA0407AF0B4,0
CC_6EA4BF9D8B43,0
CC_6EA6DDEB54CE,0
CC_6EA99680D50B,4
CC_6EAB03D9A4A8,2
CC_6EADCE71C525,0
CC_6EB16BDF3C69,4
CC_6EB755019E00,3
CC_6EBB2E2B3BE9,0
CC_6EBBF4EED0ED,1
CC_6EC1EEAFC389,3
CC_6EC3BCCD6C5F,4
CC_6EC671937917,2
CC_6EC9A666AD3F,4
CC_6ECD4E11FF5C,2
CC_6ED0C5D3AEDF,1
CC_6ED92198F7B8,4
CC_6EDB939C378C,3
CC_6EDBDC0DE552,0
CC_6EDC12D321DC,0
CC_6EDCC6770ED7,2
CC_6EDE8624307D,4
CC_6EE01E672807,4
CC_6EE168BDA38F,3
CC_6EE2D22346C8,0
CC_6EE77A2EADC0,3
CC_6EE8C6B8E126,3
CC_6EF2E8D6626F,0
CC_6EF75FCE719E,0
CC_6EFF52032822,0
CC_6F01966E75A1,0
CC_6F041DE9209B,4
CC_6F06774F1F16,3
CC_6F06B90BA110,4
CC_6F0796D1794D,3
CC_6F0A5A3116B1,4
CC_6F0B2C33FAE3,1
CC_6F0E1A92A9B1,3
CC_6F0FF5AEE79D,1
CC_6F12E2C02049,2
CC_6F203155FC2D,3
CC_6F2083495108,3
CC_6F21AA1B4F32,2
CC_6F2205F5E91F,4
CC_6F22E5DEF6E8,1
CC_6F24E727F772,1
CC_6F2760B199C9,1
CC_6F2868388408,2
CC_6F28DAB9793E,0
CC_6F2972D21143,0
CC_6F29EE202B8D,3
CC_6F2B6E3E9440,2
CC_6F2C27E67DA2,3
CC_6F2F3A802ED4,2
CC_6F3310501E1A,2
CC_6F356772C89A,0
CC_6F3940DC0BA4,1
CC_6F3DB2C989CB,1
CC_6F3E56A25D1C,0
CC_6F40CE34D294,1
CC_6F449421B0E8,4
CC_6F473153196E,3
CC_6F486CBFD386,0
CC_6F4A9AB95952,3
CC_6F4F8B475AD1,2
CC_6F55DEE94996,2
CC_6F580FFC99D5,3
CC_6F5C53963A4C,3
CC_6F5C89684419,0
CC_6F5C8DB2D438,2
CC_6F5D9DBA205D,1
CC_6F5F59AAA68E,1
CC_6F63CE03C83B,3
CC_6F644BBC7DAE,0
CC_6F64C2AF7BEA,0
CC_6F667733B0CF,4
CC_6F6AA3ADB7CE,4
CC_6F6B98ABDA80,1
CC_6F6D66E4E817,3
CC_6F748B6381C0,1
CC_6F76DF143430,0
CC_6F7833427CEF,3
CC_6F78D885E653,0
CC_6F802591850B,0
CC_6F804F449FE1,0
CC_6F819642D3B0,0
CC_6F81B8AAB2FC,2
CC_6F838A13C8F5,0
CC_6F86DC977977,3
CC_6F878C919F84,0
CC_6F8817FF7C5D,0
CC_6F8D9A027A34,4
CC_6F8E2C767F62,1
CC_6F9017844300,4
CC_6F91F6D4DD3A,3
CC_6F92FED838F4,4
CC_6F937E943111,1
CC_6F93C7CFA7EB,3
CC_6F96690A4E5D,0
CC_6F969BB2559C,0
CC_6F9B6C47D808,4
CC_6FA1B9573590,2
CC_6FA1FE657D98,1
CC_6FA3666A932E,1
CC_6FA77A51DC9F,4
CC_6FAADB321DC2,4
CC_6FAB2BD386B2,1
CC_6FADEFF9CEF8,1
CC_6FAE4C784329,4
CC_6FB0C90BBC75,4
CC_6FB6C1F547B9,1
CC_6FB7ACBA9CAE,4
CC_6FB9912F8E4E,2
CC_6FBB0BE37C6B,1
CC_6FBE4E6CD341,0
CC_6FBFD8F65951,3
CC_6FC0CDA1E45F,0
CC_6FC134BB8A05,1
CC_6FC18F82A532,0
CC_6FC32134094C,2
CC_6FC3ECFCF2E0,2
CC_6FC9C0CD2718,2
CC_6FC9DB8CD128,4
CC_6FCDB113F719,2
CC_6FCEF85771A8,4
CC_6FCFC4CC0393,4
CC_6FD3254F11F3,4
CC_6FD4DA46D18F,4
CC_6FD60B1552FD,0
CC_6FD939ABAA06,2
CC_6FD95DD593BA,2
CC_6FD9DB98354E,4
CC_6FDB30626BCE,3
CC_6FDC65C50975,4
CC_6FDF03CDD4FF,3
CC_6FE6C21D1E9A,4
CC_6FE6E5E900CA,1
CC_6FE70FA6EAA0,2
CC_6FE7135BE6CE,0
CC_6FE72BC2A906,4
CC_6FEE1D89D55D,2
CC_6FF03AF08941,4
CC_6FF2190E9605,4
CC_6FF64B548373,2
CC_6FF6CBDA0BDE,2
CC_6FF70EFADFC2,2
CC_6FF848364B3F,1
CC_6FFABFE2C48C,0
CC_6FFCF51D0517,3
CC_7001FCB0D011,1
CC_70035092BB10,4
CC_700D672479EB,1
CC_700E0701217C,0
CC_700FAA8232D3,4
CC_7011D7B0851E,3
CC_7013B8BA9159,3
CC_701442114B87,4
CC_7014577FF979,0
CC_7014A84CCEF3,3
CC_701624FC4B4E,0
CC_7018615825CA,1
CC_7018AA1DB649,1
CC_701C73586F38,3
CC_701CB89E3912,0
CC_701EFBD90203,0
CC_70214EE1BBA0,1
CC_70221F5E6718,1
CC_7025B45A2AB4,3
CC_7025DE3C1081,0
CC_702A29A687F6,3
CC_702D0C6DAB28,1
CC_702FE2011D04,3
CC_70345F02D0DC,1
CC_703462C6B77A,3
CC_7037AB51C352,1
CC_703A69A00D63,4
CC_703ED3CF3F53,4
CC_704075C5A523,1
CC_7040B6BE6D19,2
CC_7044917378E3,4
CC_70454E73F4B8,4
CC_704637949F40,1
CC_704659DBF12B,2
CC_70491F19265C,2
CC_704CCE985672,3
CC_7052934EE4FD,2
CC_7057916A18F7,3
CC_705D946D5DD3,3
CC_705EDE2EB5E9,1
CC_70628F01D184,1
CC_706590F87F73,4
CC_70664DC3CDC0,2
CC_7066DBBC8A1F,3
CC_7067B7410BFD,1
CC_706B0C7FA966,4
CC_707FD7B1BB4C,4
CC_708725ADEA94,3
CC_708CFAA499FE,3
CC_708D72179C87,0
CC_708E44A9E203,0
CC_7090EB20CADF,3
CC_70930A260B94,2
CC_70937720B3D3,3
CC_70962C576615,1
CC_709761099BF3,2
CC_709B16F08328,3
CC_709B656A3731,4
CC_70A5031978AD,1
CC_70AD212D013F,3
CC_70AE2F39A0AB,2
CC_70AED8B49D09,0
CC_70B27966ACBF,2
CC_70B8BAFB621D,0
CC_70BE645B7A5C,1
CC_70BEDDDEC34D,0
CC_70BF2596BE09,1
CC_70C199A93FA2,2
CC_70C68157C827,3
CC_70CFDE0E2707,1
CC_70D25B84FE5F,3
CC_70D31F27BAB3,4
CC_70D3C8AF15D2,0
CC_70D57752B3DF,4
CC_70E3173D948C,4
CC_70E3466FBBA4,2
CC_70ED82C6AFDE,0
CC_70EEA83F27AD,4
CC_70F0EE8D69F6,1
CC_70F668032F6A,0
CC_70F7C0501B92,1
CC_70FBDBDDC2DA,0
CC_70FD6520E48E,1
CC_71058D189805,3
CC_710642FFD95D,0
CC_710A65A33895,3
CC_710C598116B0,0
CC_710F3E623A74,3
CC_711042AB5534,2
CC_71132DBF492F,0
CC_7113F0DEE9F6,1
CC_71161F8EC238,1
CC_7118852483F1,0
CC_711AC37F1D5A,3
CC_711E2DE1D512,0
CC_7120A01BA38D,1
CC_71252D9D5389,2
CC_712A0768D512,1
CC_712B09D37522,4
CC_712CEF828ACD,1
CC_712EFDDC8F76,3
CC_7132564FFAFE,2
CC_7136E77877CA,1
CC_713D4E47BB94,2
CC_713DE784F4EB,0
CC_7140067D83C5,2
CC_71407E3597BD,3
CC_7141A7E02150,3
CC_71438B55AB64,0
CC_7143C117A541,4
CC_7144D344845D,0
CC_71456D7BB15B,4
CC_7149D13DA449,4
CC_7152820721A2,2
CC_71543C33E402,4
CC_7155EBB065A5,3
CC_71579E6A8F2A,3
CC_715F9A700E90,0
CC_716270439D20,3
CC_7165CF007ED5,3
CC_71667FFBF793,4
CC_716893AAB4BB,0
CC_716C1EA3AF99,1
CC_71717566BFB2,3
CC_7178E9DBF194,0
CC_717EE6BEFDE4,2
CC_717F33D0F559,2
CC_718213B89BCF,4
CC_71845E889975,2
CC_71847482F521,2
CC_7184BDC51437,1
CC_71851405D596,1
CC_7187D19F6EA2,1
CC_7189BE364CD7,1
CC_719022FBB86C,0
CC_719257A082C1,4
CC_719A5398F43F,3
CC_719D0B95C139,4
CC_719DE1B4952C,4
CC_719EC7F80791,0
CC_71A5E64518FA,0
CC_71A7F34F8BC7,2
CC_71A95B3B8879,3
CC_71A9C8992534,3
CC_71AE60F778E1,1
CC_71B0A6BD2225,4
CC_71B25CF4BEEC,0
CC_71B4BBD24100,0
CC_71B6B0F6F158,4
CC_71B7981218C3,1
CC_71B8C9B5DE24,4
CC_71B97387D463,4
CC_71C0AE51AF80,2
CC_71C0B9E76FA4,3
CC_71C2E1B7391B,3
CC_71C8F520E3A9,0
CC_71CCBEF2D420,1
CC_71CCDD962EDD,3
CC_71CEFD39AD0B,1
CC_71D0743372CE,2
CC_71D2B9ED7923,1
CC_71D75F6FCB4D,2
CC_71DA512F92DA,3
CC_71E0D60FCC86,3
CC_71E6A7DEBE53,0
CC_71EB1484F33C,3
CC_71EF5DE2015B,1
CC_71F014546391,4
CC_71F2D673B052,4
CC_71F377A5B0E7,0
CC_71F83F37BA3B,0
CC_71F8634E1CCE,0
CC_71F880C897A3,2
CC_71F8F9570E91,4
CC_71FE463377E4,3
CC_7201F3E59278,3
CC_720484026ED6,3
CC_720636B23667,0
CC_720743C9B2C6,2
CC_72074CA2AF1E,2
CC_720EEC7DA729,1
CC_720F86670142,4
CC_720FD4FE6D12,0
CC_7212DAE9D48A,4
CC_721378401C2C,4
CC_72192CF7A8EF,3
CC_721E4E7E295E,4
CC_7220BDEAFE36,1
CC_7220EABD2D26,2
CC_722128C4B26A,0
CC_72220F0857D7,1
CC_72250776D2BF,4
CC_7227D7752768,4
CC_72310A84BF95,4
CC_723215556F1A,2
CC_7233B3EE8C9F,3
CC_723B23D721A4,2
CC_723B30E93028,0
CC_723BA8294C47,3
CC_723DAB9D2037,0
CC_723F650E0EB1,1
CC_7240E8D19BCF,4
CC_7248EFE3E6FE,2
CC_724ECCCA1ECA,0
CC_725491B2E717,1
CC_7254BA25E935,2
CC_72608D514A63,2
CC_72627D53AD7D,4
CC_7263CA86CEE0,3
CC_7263D9D68CB8,1
CC_72644954BD47,2
CC_726453717B0D,1
CC_72660AA2766F,2
CC_726BABDFAD59,0
CC_726BD2FCCEB1,2
CC_726DA0BD446D,2
CC_7272365A030C,3
CC_7272908DB5EE,0
CC_727506DAB9ED,0
CC_7275121FB49E,1
CC_7275E868E5D1,2
CC_727C3199073C,2
CC_7284300BA410,0
CC_728499B6419A,1
CC_728907594C2E,2
CC_728BE2D4B653,2
CC_728BEBECE959,2
CC_72911427B140,2
CC_729511DAC39D,0
CC_72971B6C943E,2
CC_7297304989F8,0
CC_72988E7B3F1E,1
CC_72990BCF575A,2
CC_729C779F050C,4
CC_72A17EDDFDBE,0
CC_72A216E69746,3
CC_72A372ABEF72,0
CC_72A5DE2D95DE,2
CC_72A68A9C5308,1
CC_72A7338CE31A,1
CC_72A8A69A836C,4
CC_72A8BDF8966A,3
CC_72B00FE093EE,1
CC_72B04CE3905E,4
CC_72B1183AA636,0
CC_72C000CA77F2,2
CC_72C008D593DD,3
CC_72C22160AC20,3
CC_72C4AB28C057,3
CC_72C93D22367B,1
CC_72D24852BBDA,2
CC_72D2FDF8EE9E,4
CC_72D8FE817E68,1
CC_72D90C81B97C,2
CC_72D9234A3691,4
CC_72DA0C4D9F50,0
CC_72DC50FAA69C,3
CC_72E93409D10A,4
CC_72E99BF04CB6,0
CC_72E9E6F17C3C,2
CC_72EB0FF655CA,3
CC_72EDF54A4FDE,4
CC_72EE74428267,1
CC_72F5EA30A87D,2
CC_72F6213280BD,4
CC_72F7B4B18C6E,4
CC_72F901EA4FDA,3
CC_72FB87E6D3A9,3
CC_72FC3AEE2704,3
CC_72FEF68678DC,3
CC_7303D5B9C5FB,0
CC_7308D6A37A5C,0
CC_730ECFE46D86,2
CC_730F09DC987B,4
CC_7310BA3BD485,3
CC_73117FE4AFB9,1
CC_731302C10CD3,4
CC_731460E0F3DD,4
CC_7318034A8F89,1
CC_7319522C28F4,4
CC_731990EA0123,1
CC_731A49B8BD74,1
CC_731F7C539215,0
CC_73204A446507,4
CC_732F34B1A9AF,2
CC_732FD61B5E20,4
CC_7332F871673F,0
CC_73348DDF3941,2
CC_73350B4B782B,0
CC_7336A7F85243,3
CC_7338D7AEE155,0
CC_733A38B437D4,1
CC_733B7F16D286,3
CC_733E8B9F9AE7,4
CC_733F59F54A86,1
CC_73440A97E746,2
CC_7348FB28B71D,2
CC_734973D0A1AC,2
CC_734B5BC60218,1
CC_735028581015,4
CC_735207CB45A9,1
CC_73540016DBF3,3
CC_73573843EF65,2
CC_73575F53527D,0
CC_7359CC1033E5,0
CC_735BF5D70D15,1
CC_735D95259F29,0
CC_73617CBFC95C,4
CC_7362463E3F01,3
CC_7364AF94A4E0,2
CC_73668048D3E9,3
CC_7366D4F1C409,1
CC_736BB4EAA2B0,0
CC_736C5B90E7C8,0
CC_736F5902A3B8,2
CC_73707F79F8CA,1
CC_7370B9B0009F,0
CC_7370C9EA2D49,1
CC_73785108A639,3
CC_737868D99F09,4
CC_737EBA230FDF,4
CC_7380B9F41D7B,2
CC_738A3FC70F3A,4
CC_738B782A9BC8,2
CC_738F2628C6FA,1
CC_738F7422A932,2
CC_73959FC1322C,2
CC_7396054B7A64,2
CC_7396E9A18B25,3
CC_73990B309C21,1
CC_739A873AC1CA,3
CC_739B6D8C84B1,1
CC_739B9A9B9364,0
CC_739D3F67A3F8,4
CC_739DC64A0A85,1
CC_739FCA17D595,4
CC_73A0770FD990,1
CC_73A0AE1D27EC,2
CC_73A3AC053841,1
CC_73A7195222A4,4
CC_73A83D099950,0
CC_73A85D76C0F1,1
CC_73AAB6C7DDD4,0
CC_73AB6D3A0D44,2
CC_73AD259C36C8,2
CC_73B008C32E66,1
CC_73B602EACE08,0
CC_73B93DCE29E1,4
CC_73BE0F7D2503,1
CC_73C0FBFB87A4,3
CC_73C31728E9F7,3
CC_73C5892C10C4,2
CC_73C646CAB298,0
CC_73C6DE4837DE,2
CC_73C833009177,1
CC_73C88B74E97F,2
CC_73C8BCA2C31A,2
CC_73C914C1495A,1
CC_73C99848AFFE,1
CC_73CB1BAC1991,3
CC_73CC7EF46B78,0
CC_73CEE9AC086C,0
CC_73CF09E82ACA,4
CC_73D8CB1FC6F5,4
CC_73DA243FF5DB,0
CC_73DCD5C5CC95,4
CC_73DE7D63A964,1
CC_73DEBA8A8057,4
CC_73E0E35D9524,3
CC_73E2BC9DBD1C,2
CC_73E59CA68C87,4
CC_73ED5FF4A9AC,3
CC_73EEC820F370,4
CC_73EF36B5BD9B,1
CC_73F073699CBF,1
CC_73F2E1EDFF3F,1
CC_73F3C66E3331,0
CC_73F4D6C8E3EE,0
CC_73F7B5A1EA5A,0
CC_73F9653D5295,2
CC_73FE7C590B6C,3
CC_73FFD3E43959,2
CC_740261687A52,1
CC_7405293AC2C2,0
CC_740AD2817106,1
CC_740B50645099,4
CC_74113163318E,0
CC_74117781CD22,4
CC_74124E7B9AB9,3
CC_7415D0F5C976,0
CC_7417D6D0E13D,2
CC_741924B36949,0
CC_741B787A6955,3
CC_741E11EC830F,1
CC_7420CCFBA5A8,0
CC_7421E5DFBD85,4
CC_7423774937FD,1
CC_74292D2A27B9,4
CC_743B4A204799,2
CC_74412A3D8A53,0
CC_74421A6937B9,2
CC_7448501B3A27,2
CC_7448FB8BF8F4,2
CC_74493667E33C,2
CC_744A3E7741B7,1
CC_744CC52AC57E,1
CC_744E6A3DD063,4
CC_745098D07F81,4
CC_7450DE5CB6BA,0
CC_745169388F78,0
CC_7453412FCB1C,4
CC_7457398EA077,2
CC_745774475025,0
CC_745CEA8506F5,4
CC_745D694707A0,2
CC_745DB0437387,3
CC_7460571CFB84,1
CC_74625769DFBE,4
CC_74690AA4D839,3
CC_746920ECEDD1,1
CC_7469DA4908CC,3
CC_746E0C2E14CB,3
CC_746FA04E0166,4
CC_74701109E0AD,4
CC_74720001988C,1
CC_7473A9AF5AA7,2
CC_747DF4989E23,4
CC_7481ECFA2EB3,4
CC_7482349B2827,0
CC_7485234EB699,4
CC_74863EFDAF6F,1
CC_748C352920FC,2
CC_74944226FDE7,3
CC_749507553669,3
CC_7496630FE47F,0
CC_749706730559,4
CC_74990B119896,3
CC_749BE1EB5B27,0
CC_749D35BEF776,2
CC_749EFE5438E0,1
CC_749FA145A878,3
CC_74A5385993B3,0
CC_74A583E5A398,4
CC_74A6BD43EEAC,1
CC_74A7EB40367D,4
CC_74AEDA3F0A2B,0
CC_74B32D6E58D6,0
CC_74B3FB584EFF,2
CC_74B45446BF3C,3
CC_74B921BCA877,4
CC_74C48B2F04C3,4
CC_74CE421BCC80,0
CC_74CE822FE0F9,2
CC_74CF7DE940CC,0
CC_74D56B7868AE,0
CC_74E19D228329,3
CC_74E1F8682D8F,2
CC_74E3CC3283AB,0
CC_74E61AC71DAF,0
CC_74EBE81FEED9,0
CC_74F1F99DB34D,0
CC_74F4106869D9,1
CC_74F5570A9B87,3
CC_74F692443C78,0
CC_74F9FE7197EF,3
CC_74FC37207D3B,4
CC_75013F8AE022,1
CC_75041EB0E895,4
CC_7506270210D8,2
CC_750AED01B546,2
CC_75123C22B3CC,0
CC_75142008F9B5,4
CC_751975A2A8AE,1
CC_7522E284A13A,4
CC_75238B4020E6,1
CC_7527C57FF36C,4
CC_752944244318,1
CC_752A189E5C19,1
CC_752BC0A1002C,3
CC_752BDE3A989F,3
CC_752EB42279FB,3
CC_752EB7FA76DC,1
CC_752FB43DE510,2
CC_75315F9224E8,3
CC_753890A49D89,4
CC_753976C3E44E,1
CC_753F816AFCFC,2
CC_75408147363A,1
CC_75436D6E484A,1
CC_754694D8B58C,2
CC_7546BE644D35,1
CC_75503C1546BC,0
CC_7554A03876CF,2
CC_755686810F42,0
CC_7557DED01D95,4
CC_7558E930BC61,0
CC_755B5B811458,3
CC_7560491CB3CF,0
CC_7563F65D5EF8,4
CC_75643FE75B19,1
CC_756B6D38C25A,0
CC_756C71838329,2
CC_756CD9BF9519,4
CC_7571D6BC8D35,4
CC_757366EB3851,3
CC_757F38E0D1FF,3
CC_75805C66D322,2
CC_7580A4C0154D,4
CC_7581029AB58D,0
CC_75836AA41529,3
CC_758BEAE6FAAC,2
CC_758C1F1E8C48,3
CC_7593434EEC05,2
CC_75962314F66C,4
CC_759A036DEE72,0
CC_759BE4F26FCB,1
CC_759E668C117A,1
CC_759EAD1BD1E1,0
CC_75A017C6408D,3
CC_75A6FD4B3CF9,4
CC_75AABAF7AEA4,1
CC_75B755891900,3
CC_75B771EE677B,1
CC_75B81DBAA1F1,2
CC_75BBB0766E4D,1
CC_75BD543D05F1,1
CC_75BD6F075E74,3
CC_75BDB6153238,2
CC_75BE39D4D04D,1
CC_75BE7C09AF96,3
CC_75C53449D957,3
CC_75C562414B47,2
CC_75C93950F1AE,0
CC_75CCBC0DE001,1
CC_75D20A8ABA7A,0
CC_75DDCC22589D,3
CC_75DE7BF6470E,2
CC_75E01A79543C,3
CC_75E21BCFFC22,3
CC_75E33B027F7C,4
CC_75E79BCA96A7,3
CC_75E8D5971B45,1
CC_75ED3B3959D3,3
CC_75ED3C769A32,4
CC_75F232B66237,0
CC_75F49E9053DA,1
CC_75F800FCDB9E,0
CC_75F8523D69AC,2
CC_75FBFE63EC5E,1
CC_75FDA73A68E9,1
CC_75FE20AF1BE6,4
CC_7601F194310C,2
CC_7605062B0B94,4
CC_76050CC6228A,4
CC_7606B8BFE29C,0
CC_7607DD0F714A,4
CC_76087D32BBFF,1
CC_760B538B6A7D,0
CC_760E2D6E30E7,4
CC_760E48AD6228,4
CC_761098F7E57C,3
CC_7611DE9C93C4,1
CC_7615ADBF0A44,1
CC_761DC0D49C10,2
CC_761F84453931,2
CC_76260D3CBEB0,3
CC_7635B8F78D25,1
CC_7637B6A86F32,2
CC_763918ED9C7B,0
CC_763C54CE7E30,1
CC_763DD28FFC0D,2
CC_763FCB0EB559,2
CC_764018D2D96B,1
CC_7640207D6E2F,1
CC_7643DCE0ACA6,3
CC_76475041AEB1,2
CC_7649F10A6261,0
CC_7652973E6EDA,4
CC_76542009ED59,4
CC_76551F3BD804,3
CC_76568A6F635C,3
CC_76584D2E330C,0
CC_765B20096A61,4
CC_765E07BA9969,3
CC_7660185EF44D,3
CC_7661C7CD14D9,4
CC_766455D1D3D0,3
CC_766471A171D9,2
CC_766B70DE8370,3
CC_76708AB37F87,2
CC_76719373ADBF,4
CC_76742ED9F408,1
CC_767660303A7F,4
CC_76790BD4207C,1
CC_767DE89F76B9,1
CC_7682BD98A0E3,1
CC_768853FB2E53,3
CC_768B74FFCFBC,4
CC_768E7D1B0193,3
CC_7694286E19C3,4
CC_7697D9D99F00,1
CC_769AE63C7B91,4
CC_769AF9EA17C9,3
CC_769E2EBC893B,3
CC_76A0608EC3DC,1
CC_76A3562F9A02,3
CC_76AAD59B9B87,3
CC_76AD83147C95,3
CC_76AE30B6449B,1
CC_76B2A39A46C1,2
CC_76B41F3CCC53,0
CC_76B4D26AF9AA,0
CC_76B56B4EE42D,2
CC_76B90C1D7082,3
CC_76B9D93DB39B,0
CC_76BCF55C269A,4
CC_76BF199F68DE,1
CC_76C30BA02BA4,0
CC_76C7CAB984B3,3
CC_76CBB90BA659,1
CC_76D4AE81ED3F,3
CC_76D5D54ED9FD,2
CC_76D913979B02,2
CC_76DD58892058,1
CC_76E14ED571CE,0
CC_76E35EC75BE7,3
CC_76E73F88D60A,1
CC_76EFF513326F,0
CC_76F204074848,4
CC_76F2A6831B65,1
CC_76F559D8CF25,1
CC_76F6AF008B6F,4
CC_76F8D6CCD70C,3
CC_76FA5ED8C0AC,1
CC_76FD05C2D4E1,2
CC_76FD7A1236BE,2
CC_76FF46BA9696,2
CC_7709F92F521A,2
CC_770A0580ECC0,1
CC_770BB54831E9,2
CC_770BC24EFE8A,1
CC_770BF659B4C2,2
CC_770CA29C2CC6,4
CC_770F334857BC,1
CC_770F79072F81,1
CC_770F852F85F1,2
CC_7713A2D2E4BC,2
CC_7717FD2D5AB7,1
CC_77185E6B5117,4
CC_771C100F7D3D,3
CC_771CE5EF1CA3,0
CC_771DB4C84C72,3
CC_7721F80300D3,4
CC_77240000C4B4,0
CC_77279B69212A,0
CC_772CCC0E0030,0
CC_7732A6F04CF3,2
CC_77339E51B205,4
CC_7733A03B8E73,0
CC_77348BAD853C,3
CC_77375A29B8E1,3
CC_773903228887,3
CC_773B0904F93C,2
CC_774766A0A6BD,4
CC_774CCBB563C3,2
CC_774DDF472B19,2
CC_77534F53FBF7,2
CC_775A474B0139,2
CC_775D64EB7ED9,4
CC_7764FE240C51,3
CC_7767191FAF1E,1
CC_776AD12EDA0E,3
CC_776BF54223DE,3
CC_776CD68A2ADA,2
CC_777065F66489,2
CC_7770BB184369,2
CC_7770C7113315,0
CC_7771621ACB9D,0
CC_77751DCBFFBE,3
CC_7775BD415A7B,4
CC_777C994E07B8,3
CC_777DCBE650D2,2
CC_777F4E129651,2
CC_7780812F2CDF,2
CC_778332023EAF,1
CC_77898C1FC099,4
CC_7790BB425891,1
CC_77911B19E200,1
CC_77938AD61EA3,0
CC_779466F6B626,1
CC_779622EF85F9,1
CC_779E56178E7B,2
CC_77A20A8D98D8,1
CC_77A28B281C31,3
CC_77A29EB2E715,0
CC_77A2F936A9A4,2
CC_77A51F9A6F4D,0
CC_77A72F42BF53,2
CC_77A776AD6284,2
CC_77AA83A12CBD,0
CC_77AB63EB23DF,4
CC_77AC2350322C,1
CC_77ACA8B07B45,1
CC_77AD03870441,0
CC_77B3504AEED8,4
CC_77B6357B6A73,4
CC_77BAE9AF99EC,1
CC_77BB7E6BE8BB,4
CC_77BF46AF3859,0
CC_77BFAA0C00DB,4
CC_77BFF0177A5D,3
CC_77C1D0F2228B,3
CC_77C39BA494B1,3
CC_77C50FF98FD0,2
CC_77C8AB4B72E2,2
CC_77CE8111BB70,1
CC_77D4FD72BA4A,1
CC_77D8EBC1E325,0
CC_77DCEEAEA600,3
CC_77DD3F221CE0,4
CC_77DDB7CC4E17,0
CC_77DEAAD7675D,0
CC_77DFEDB03AA7,0
CC_77E14B07A8C1,3
CC_77E24E11BDB5,0
CC_77E9B5117FC4,0
CC_77F0B575D02E,4
CC_77F4CFE5D1A2,2
CC_77F63A695094,0
CC_77F85AF82CED,4
CC_77F9BC929379,2
CC_77FAE55C9677,3
CC_77FB6525D80A,4
CC_77FCC5A3CA13,3
CC_77FE10B20E36,2
CC_77FE56ACC494,3
CC_77FF1DD0B75D,3
CC_78010F5FFDB2,2
CC_78109C2115AE,1
CC_78119B4E732C,2
CC_781373D123F1,1
CC_78176A2F7CF5,2
CC_7819EF49AB71,0
CC_781A24FEFC50,3
CC_781BDEB35B82,1
CC_781BDF019374,2
CC_781F860DDD24,2
CC_7830E80932B2,3
CC_7833CD370245,3
CC_783692068E23,3
CC_78399E6B7FCA,0
CC_783A0105A7E7,0
CC_783C939A8A4C,0
CC_78439CCEC51B,1
CC_7844757EE3A0,1
CC_784496FE87F9,4
CC_7848D50BA0C9,2
CC_7849E7EBC389,3
CC_784F5C232246,2
CC_7850B8814744,3
CC_78510A1F493F,4
CC_785213184145,3
CC_785DCE2B695D,3
CC_785F4C726988,3
CC_7862CDD1178D,4
CC_786708471B8A,2
CC_78673E47CF86,0
CC_786E9E47580A,4
CC_7875098A2F10,1
CC_78768CAF31DC,2
CC_787A13F44B03,3
CC_788423D7A203,4
CC_788A702179CE,1
CC_788BD5640D04,2
CC_789686C59325,2
CC_789978E89FE0,3
CC_789A5A9064F6,3
CC_789BD86BF11F,2
CC_789E94797F0A,4
CC_789F20CF4E5A,3
CC_789FA66D34B4,0
CC_78A34DD9924E,2
CC_78A5A387F20C,1
CC_78A9BAF1B72F,1
CC_78B1BC3AA6FD,3
CC_78B20C57F6EC,1
CC_78B6483F1716,3
CC_78BEFEFFF92C,3
CC_78C03C1DFD15,1
CC_78C08678177D,1
CC_78C5409B8B9D,2
CC_78C6444B4D8D,2
CC_78C733F222DE,3
CC_78C7B1B185F8,3
CC_78C80E089F55,4
CC_78CBD0186A56,0
CC_78CC72F7F893,1
CC_78CE12CE774F,1
CC_78CF1276F439,4
CC_78D0072BD559,3
CC_78D40B7E0001,4
CC_78DA9FB2EB6B,0
CC_78DC40549336,2
CC_78E0C6E07478,3
CC_78E5CA7C2585,4
CC_78E5DA164A12,1
CC_78E5DF69BDDD,1
CC_78E7E719DAA6,4
CC_78E811BFC652,0
CC_78EA5BADD8AF,3
CC_78EC1DADEF0F,4
CC_78F007052963,3
CC_78F1B59484BB,3
CC_78F3A3F11BEF,3
CC_78F6DA8A6590,2
CC_78F6E1930261,2
CC_78FD56EADFF5,2
CC_78FD8CC3D4EA,2
CC_79002A7E89B1,0
CC_790402E398B1,3
CC_79067F7401F7,0
CC_790CCAA7B0CD,0
CC_790D963D77D4,1
CC_7911633964AC,0
CC_7914638BFD46,2
CC_7916DF2ADE9F,3
CC_791CA1CC32E9,4
CC_791D1A5BC1DF,2
CC_7920C5B69EC7,1
CC_7920D6F4AC0D,1
CC_79235586C7EB,3
CC_793229DDD90F,0
CC_793589C27E1D,1
CC_793A1AF07F9A,2
CC_793A747B47A8,4
CC_79426EA563D2,0
CC_79433ED461BC,1
CC_7946ADA661EE,0
CC_79485D003BF5,3
CC_794AE2B05025,3
CC_794AF33FDF6A,1
CC_794CC37E6BC7,0
CC_79504A76576E,0
CC_795439388051,3
CC_795BF882A157,4
CC_795D5FF1DA24,2
CC_795E5F16B25F,2
CC_795EA9940909,2
CC_7962BE7BA95B,4
CC_79652729501D,0
CC_7967480F85AD,2
CC_79679E2F7C0C,1
CC_796B852ADF17,0
CC_796D5433F03F,3
CC_796D7E6832A0,2
CC_797055F5A1CC,4
CC_79709C41D234,4
CC_797306AC9262,0
CC_79733503D857,4
CC_7978F00AD4E5,1
CC_798223AF546A,2
CC_7983E3430B99,1
CC_798664E81259,4
CC_79869CCA9414,4
CC_798FC91284D1,1
CC_799095EAADE4,3
CC_799203D25EBC,4
CC_7992A1BC1755,0
CC_79931E4D7D8B,1
CC_7993F1B2F4C9,1
CC_7996C41EA22A,0
CC_799B014DCC41,2
CC_799BECFA2B05,4
CC_799ED26CDD3F,4
CC_79A158862745,1
CC_79A1A4DB704F,2
CC_79A6D8BD96A2,1
CC_79A71A21500A,4
CC_79A88097A81C,0
CC_79AC7FEEAC81,0
CC_79AD684316BF,2
CC_79B1EF3B154E,4
CC_79B222892FCB,1
CC_79BB9408D389,4
CC_79C0C8FBA9D6,3
CC_79C250C88F83,3
CC_79C5046F6E7A,3
CC_79C6B44005E2,4
CC_79C861E35F91,1
CC_79C9B3459852,1
CC_79CDCAB6447C,4
CC_79D22B4B36CE,2
CC_79D25EFB0E2B,3
CC_79D2A5E828B6,3
CC_79D51B427AB2,2
CC_79D77859453A,4
CC_79D9CFE27A48,0
CC_79DE7F658F49,0
CC_79DF83F78D32,4
CC_79DFB9B07A8B,4
CC_79E1CF345486,3
CC_79E2A6041B0B,3
CC_79E33CF583C1,3
CC_79E3F809CC15,4
CC_79E73D8EC073,0
CC_79EB6EC324CD,1
CC_79ECBEE287AE,3
CC_79EEE1EFBBA0,2
CC_79F7D864EE33,3
CC_79FA8690AFFB,4
CC_7A07A033899B,2
CC_7A0CFB9EA5DE,3
CC_7A0DE7C21CCC,3
CC_7A0E0A118FBA,3
CC_7A130A86E1FE,1
CC_7A139260E925,1
CC_7A13B98B1394,1
CC_7A164FB665FC,2
CC_7A207150D67D,3
CC_7A20DFD09504,0
CC_7A23774E851F,1
CC_7A239068F94C,2
CC_7A262D1F1874,3
CC_7A279DCAD395,3
CC_7A2A294B33F2,4
CC_7A2C8C837D15,3
CC_7A32F52EF80A,0
CC_7A349E5FFD12,3
CC_7A3504AFB302,1
CC_7A369D37D6C0,0
CC_7A36F63AFB85,4
CC_7A39798FA320,3
CC_7A3DB02CE66A,4
CC_7A3E2690A049,0
CC_7A3EA5635835,3
CC_7A44E01FC5C6,4
CC_7A4A2A077905,3
CC_7A4A31162706,1
CC_7A4C8F85AFD9,1
CC_7A4CB82DFCEE,0
CC_7A4E72D07C98,3
CC_7A518DEDA305,4
CC_7A52414D8378,2
CC_7A54712FC095,3
CC_7A5495EAECFC,1
CC_7A5F0BE711DD,0
CC_7A60F36D8D1B,4
CC_7A62079FDCB0,4
CC_7A666B208A59,2
CC_7A6ABFD973DF,2
CC_7A6C03E1A70C,3
CC_7A6E605CB25A,0
CC_7A6F7F029618,4
CC_7A6FD388748C,1
CC_7A7212BF92F3,1
CC_7A73FFC7A94D,3
CC_7A769E1502EA,3
CC_7A793BB816E3,0
CC_7A7A4EE08469,2
CC_7A7A94D65411,3
CC_7A8094094E48,1
CC_7A81AA7EFF91,4
CC_7A8A1CA36F79,1
CC_7A8F9323180A,3
CC_7A91CCE0D106,0
CC_7A9211892C37,3
CC_7A94AEFDF7FB,3
CC_7A94CDFEEBF3,4
CC_7A98838E9D2C,0
CC_7A9B173ACB9E,3
CC_7A9CDB1FC516,0
CC_7A9F4E52D720,1
CC_7AA027D2E854,2
CC_7AA7DD0778AD,2
CC_7AB3EE4002B8,0
CC_7ABA77780139,1
CC_7ABA7AFA948A,3
CC_7ABA96ADEBB1,0
CC_7ABEB07730CA,3
CC_7ABEBB434673,0
CC_7AC50E981067,1
CC_7AC7E522EAB8,0
CC_7AC98D9E8AE3,4
CC_7AC995228421,2
CC_7ACA71042EDF,4
CC_7AD0EE24A90C,4
CC_7AD2A3C3888C,4
CC_7AD6820AE34D,3
CC_7AD7F30FA12E,1
CC_7AD99E83E3D7,1
CC_7ADD4E1B53F3,3
CC_7ADE1531A4DA,3
CC_7AE0020ABA45,2
CC_7AE28274BA59,0
CC_7AE3E542C7A4,1
CC_7AE465A31D8B,3
CC_7AED6EC98906,4
CC_7AF357926673,1
CC_7AF5720AF0C6,2
CC_7AFC4B6E7D21,3
CC_7AFCDBDD6118,0
CC_7B0A20EABF45,0
CC_7B0E6E8AA16D,0
CC_7B14ACEAC066,2
CC_7B17B75A726D,2
CC_7B1986F97D56,1
CC_7B1DC88CF191,2
CC_7B260F8E992C,0
CC_7B3785DBC946,4
CC_7B37D34C4491,4
CC_7B385ADE5583,2
CC_7B387DEEEBD4,1
CC_7B4BD740BDA5,2
CC_7B4FB904898C,4
CC_7B511C695B53,1
CC_7B53E0011646,0
CC_7B54BB813D19,3
CC_7B558DDF5B1F,4
CC_7B60C83472A4,4
CC_7B63D93C3537,1
CC_7B63DAB6D493,0
CC_7B6562AD0782,1
CC_7B67B6807572,0
CC_7B6A8C09399B,2
CC_7B71415C30D4,4
CC_7B73D42749CB,0
CC_7B76164AAB07,1
CC_7B7783C2D708,4
CC_7B7A0C575735,4
CC_7B7D09AB2424,4
CC_7B81B1E86540,1
CC_7B8DF90568D7,3
CC_7B952D7492CF,0
CC_7B963E24B442,0
CC_7B9B5399EFC9,1
CC_7B9F1210A664,2
CC_7BA3FAA97C85,2
CC_7BA57ACB112F,0
CC_7BA6D5DC49EE,3
CC_7BA7B72331D1,0
CC_7BB085D22312,1
CC_7BB0D4BA710E,4
CC_7BB5BE23D550,4
CC_7BB7BFC05D58,0
CC_7BBCF37BCF9B,1
CC_7BBEE42475C8,1
CC_7BC001BD0E42,3
CC_7BC01E968D11,0
CC_7BC1A8DCDB35,4
CC_7BC6B0AC8549,1
CC_7BC7F6883CDF,4
CC_7BCAA8D56DD8,4
CC_7BCEE5E871E8,3
CC_7BD155BDAFAB,3
CC_7BD3CDE63147,4
CC_7BD47C18AC6A,2
CC_7BD51BAA3A93,3
CC_7BD7F53439F9,2
CC_7BD9566D64DC,1
CC_7BD9E38A7CBB,3
CC_7BDC0F551838,3
CC_7BDF07D204ED,0
CC_7BE0FBE33AB3,3
CC_7BE41428C460,3
CC_7BE9CBA62B06,3
CC_7BEAEE0E0F04,1
CC_7BF20419194F,1
CC_7BF37CD98F68,2
CC_7BF415748214,2
CC_7BF47F8658E8,0
CC_7BF5EEFC1916,3
CC_7BFB38240E74,3
CC_7BFDC0A3E616,2
CC_7BFE42336888,4
CC_7C0087998C20,2
CC_7C0103B86E90,0
CC_7C0218F7CB39,3
CC_7C022CBA838B,3
CC_7C04C5193EB6,0
CC_7C0A582A50B4,3
CC_7C0EB7DD09AB,2
CC_7C1081941C2D,1
CC_7C135E0C350C,1
CC_7C13903C037B,3
CC_7C14385EE547,0
CC_7C17680BD38D,2
CC_7C1922B0A790,1
CC_7C194A6BE7D2,3
CC_7C1C4935DD4A,4
CC_7C1CFDC659AB,3
CC_7C1FD49B55BE,4
CC_7C2254833858,4
CC_7C2296BA2BC0,2
CC_7C2604C72A30,4
CC_7C27190E7E8E,4
CC_7C27E621F26D,3
CC_7C2CA0CDF6F7,4
CC_7C2D4308738A,2
CC_7C30F7A2DD0B,3
CC_7C340220B3AC,3
CC_7C3A18C15EB2,1
CC_7C416C476FB9,2
CC_7C42C57B3188,4
CC_7C4691FD5816,4
CC_7C4B54D9DF41,0
CC_7C4E20F25269,2
CC_7C4E4B311429,0
CC_7C53966C65CD,0
CC_7C56DA052C9F,2
CC_7C58202C2FF1,2
CC_7C59FB6318F9,2
CC_7C5B46B5CCAF,2
CC_7C5C942DA3F9,0
CC_7C5E009DBB8F,4
CC_7C5FA072FDC2,3
CC_7C62A20E8CD5,1
CC_7C6652DE1142,3
CC_7C6EE4C6EA69,2
CC_7C6F5C237B9A,2
CC_7C7653BB17B2,3
CC_7C7794933665,2
CC_7C7829AD46E0,1
CC_7C79F9A5809E,3
CC_7C83C07EFC0F,1
CC_7C83E9232C67,3
CC_7C83EB0AE1F3,4
CC_7C8586DA7066,2
CC_7C88709957D4,3
CC_7C959962854D,0
CC_7C970A94D5E2,1
CC_7C9A6E4EF0BB,1
CC_7C9CDFB269BC,1
CC_7CA035F15624,0
CC_7CA05AA22DCD,3
CC_7CA4E578DE34,0
CC_7CA673788D33,1
CC_7CA73CF2DDA1,3
CC_7CA85F67B5DC,0
CC_7CA86004B844,0
CC_7CABA4EBE62E,0
CC_7CAF331761BF,0
CC_7CB08E2F8A78,4
CC_7CB1413ECF02,2
CC_7CB17532D3E5,3
CC_7CB1E74A7C9E,0
CC_7CB2C50185F4,1
CC_7CBA90806C84,4
CC_7CBED6EA85D3,2
CC_7CC0C7C9692D,1
CC_7CC1D5B1F8B3,1
CC_7CC43B47C2B9,2
CC_7CC7C93F94B4,3
CC_7CCEA6BD51FB,3
CC_7CD1FA278B26,0
CC_7CD9EB1DE627,1
CC_7CDA4323FDF9,1
CC_7CDF501EA143,1
CC_7CE09F9E5112,2
CC_7CE2F784A666,0
CC_7CE532774012,2
CC_7CE572CFF953,3
CC_7CEBFC19191E,3
CC_7CEE68C9F8C0,0
CC_7CEFCC809A46,1
CC_7CF0A2986F18,2
CC_7CF21E8649DD,1
CC_7CF240376148,3
CC_7CF25D8CE0D0,1
CC_7CF352A56994,1
CC_7CF35C1C0105,4
CC_7CF49CD1681B,3
CC_7CF5B25AB2FC,0
CC_7CF6E9015D1D,2
CC_7CFA23EEC2F6,4
CC_7CFFE9BDA008,2
CC_7D00DEEC59F7,4
CC_7D015554F9DE,3
CC_7D01C35513AF,0
CC_7D03E3DB7F97,1
CC_7D1166DB1B08,1
CC_7D14B47A26F6,2
CC_7D175B134A53,3
CC_7D18950A3E46,2
CC_7D19C2EE9340,1
CC_7D1B28EDFCDF,0
CC_7D1F04EB9253,1
CC_7D1F9D955A8E,4
CC_7D25003DA7CD,1
CC_7D25757FAD25,2
CC_7D27BA4650BF,0
CC_7D2A7462E04D,1
CC_7D2CA2AA1DFA,0
CC_7D2D62A88DAA,4
CC_7D2F50645DC2,2
CC_7D2FCF929468,2
CC_7D3036ACBD2B,0
CC_7D31DE6B0DFA,4
CC_7D32A09A90DE,3
CC_7D3AD4DC8018,1
CC_7D3B7CC40D55,0
CC_7D4059118027,0
CC_7D40883593AA,3
CC_7D42DEEF91C1,4
CC_7D42E04E1F1F,4
CC_7D43B6546972,4
CC_7D447F8BD94A,0
CC_7D4670E68BE8,0
CC_7D4728794F2A,1
CC_7D48EC19C177,1
CC_7D48FDBC7167,4
CC_7D4934BBAD6E,1
CC_7D497B3F745C,4
CC_7D49E9E16B70,4
CC_7D4DD8CA7A98,1
CC_7D546A6ABAB9,2
CC_7D54843116ED,4
CC_7D5511B666FC,2
CC_7D571301DFE9,2
CC_7D57AE094AFD,0
CC_7D590B73ACE8,2
CC_7D5BE48BFFB0,4
CC_7D5D9ECFB3F9,3
CC_7D62523AF7E2,3
CC_7D66D5D4397D,1
CC_7D7139C9BD88,2
CC_7D76141DE78D,0
CC_7D7A03CFF2FA,4
CC_7D7B0A1FADA7,1
CC_7D7BF6113AA6,0
CC_7D7C1FB645A0,0
CC_7D800171DF2D,2
CC_7D84B7549390,2
CC_7D8BE30EFB4B,0
CC_7D8C41BD0A78,3
CC_7D8FBA36B367,2
CC_7D92ED939B40,2
CC_7D9A08ECBBAC,2
CC_7D9AB8BC22AA,4
CC_7D9FB6E456DE,4
CC_7DA178E7359C,1
CC_7DA517063F78,3
CC_7DA92D6AFDF8,0
CC_7DAAD0F31BBF,4
CC_7DACEDDFFBE8,3
CC_7DB2244411B6,0
CC_7DB4861B64B6,4
CC_7DB6CEFD6D8D,2
CC_7DB9DDD3A5DA,2
CC_7DC1E7D78A79,2
CC_7DC81FD42428,1
CC_7DCDED690718,4
CC_7DCF1563DDEE,0
CC_7DD0D06C1FCA,3
CC_7DD26C08C4A9,4
CC_7DD2D78F8679,2
CC_7DD4A9A6E4AF,1
CC_7DDEB81434DF,2
CC_7DE1666FA226,2
CC_7DE276F50FEA,1
CC_7DE3E015694D,3
CC_7DE47E7C522A,2
CC_7DE488D13623,4
CC_7DE492115113,0
CC_7DEA2CB14992,2
CC_7DEDB3FC8430,3
CC_7DF31FA7E25B,1
CC_7DF880F0B595,4
CC_7E03D7483AB0,1
CC_7E070A83E0ED,2
CC_7E0D56F6DC5F,3
CC_7E0F6CB1DF18,3
CC_7E1036C6E6D2,2
CC_7E1227A3D953,0
CC_7E14D39F9871,0
CC_7E17A95CB20A,3
CC_7E19606F94D6,3
CC_7E1F17A4F69A,2
CC_7E2122F9329B,4
CC_7E25CBE1A551,2
CC_7E284E301DEA,3
CC_7E29A702C891,4
CC_7E2F570FB198,0
CC_7E3383EE989D,3
CC_7E346F7202A1,0
CC_7E3482FD7B94,1
CC_7E35DB5421E4,3
CC_7E3AB9B91A20,2
CC_7E3ACC31BEF0,0
CC_7E3B32BE21E0,3
CC_7E43DC905EA0,1
CC_7E459336C5DA,0
CC_7E49AE22203C,1
CC_7E4A0A9C9BA2,3
CC_7E4AD619309B,1
CC_7E4D42802054,3
CC_7E504CEA3BFD,2
CC_7E53F255BFC0,4
CC_7E55773C6B0A,3
CC_7E5FBD1D4397,4
CC_7E615F9E9F8A,4
CC_7E689BD02410,1
CC_7E6D7F468412,2
CC_7E6F9B7EC0D1,3
CC_7E777040F646,0
CC_7E77C31C1AFD,0
CC_7E78B86CA8F1,0
CC_7E7B0F718150,2
CC_7E7C6A042A66,4
CC_7E7DFACD8A7F,3
CC_7E833855F64F,4
CC_7E83BE9DD2B0,0
CC_7E84A644B372,4
CC_7E8701C8B9CC,1
CC_7E8843266AC7,2
CC_7E8C32042F5A,3
CC_7E8CF4407085,0
CC_7E8FB918C1A7,1
CC_7E90DD88E9AE,3
CC_7E982753B8A0,4
CC_7E989F99D5C1,1
CC_7EA034EBBE61,0
CC_7EA0A63EEA55,1
CC_7EA1F08CC24E,2
CC_7EA50A141005,2
CC_7EA6F0BE737C,3
CC_7EA8C50ED6A5,0
CC_7EAA539ACA1D,2
CC_7EAC3181FE4D,4
CC_7EAE623CD57C,4
CC_7EB65C09DE9A,3
CC_7EB8003E5B71,1
CC_7EB938DD5ABE,1
CC_7EBB6FAAD4F5,2
CC_7EBB89621407,3
CC_7EBCDFEE6B7C,2
CC_7EBD5B68AC28,1
CC_7EBDB049C6E1,0
CC_7EC08A6D726C,2
CC_7EC09E311414,2
CC_7EC2C75BCB6E,0
CC_7EC437260AE2,0
CC_7EC5241B88F1,3
CC_7EC7626D9304,1
CC_7EC7BE95D068,3
CC_7ECB2C8E558D,4
CC_7ECE0233A9CC,1
CC_7ECF7A15CDEF,4
CC_7ED75B0563BE,2
CC_7EDA3DD67B5A,4
CC_7EDA5842C46F,2
CC_7EDB5227E9EC,1
CC_7EDB8A8769C4,4
CC_7EDECA48843E,0
CC_7EE137A10BD6,0
CC_7EE3C8409E43,4
CC_7EE3C9028F86,2
CC_7EE5450CD4A4,1
CC_7EE7726B2A9A,4
CC_7EEE384CC9B5,4
CC_7EFCB28E21B9,3
CC_7EFD195DBAB3,0
CC_7F01355F369D,4
CC_7F01C4E32DA3,2
CC_7F0714834945,4
CC_7F095E66F8F3,2
CC_7F0E1682BE49,0
CC_7F11AD1BF565,1
CC_7F1DFE779C1F,4
CC_7F1EDA0A89DD,1
CC_7F209C5C69F0,3
CC_7F2436F8D3FD,1
CC_7F2757FFA3E5,4
CC_7F2A20D2B2EF,2
CC_7F2D314375CD,2
CC_7F2EF826695F,0
CC_7F317AC4D3C0,4
CC_7F31D17AC29D,0
CC_7F3515DC0B32,0
CC_7F35722CA65A,3
CC_7F3663CCF9AA,3
CC_7F37BE9DA154,0
CC_7F3D475140A2,3
CC_7F40AD64A07E,0
CC_7F428E9EACC7,1
CC_7F4883C3E768,3
CC_7F4C2D3DC678,2
CC_7F5141ADA63C,3
CC_7F5305ADACB3,2
CC_7F54F0A0FEE0,1
CC_7F5B2B748959,2
CC_7F5C0649CDC8,2
CC_7F5C816FF4CD,1
CC_7F5D145A6A92,0
CC_7F6100F21562,3
CC_7F63898D1D4B,1
CC_7F651C9125C2,2
CC_7F681AFC0FD2,1
CC_7F68DBF12692,3
CC_7F6A19BE3AB9,3
CC_7F6B645D227E,2
CC_7F6EBD10FE05,3
CC_7F710BB6029F,0
CC_7F72E9BEC608,0
CC_7F7B0C39A977,3
CC_7F7EF7B37397,4
CC_7F8020D844B8,3
CC_7F835D23CE88,2
CC_7F83E551B218,2
CC_7F878C2ECEA4,4
CC_7F89CC19CA71,3
CC_7F8D9F4E5DD7,0
CC_7F91ACBF8422,0
CC_7F9337FBE219,4
CC_7F94C38741B0,3
CC_7F966BEA983E,1
CC_7F9830EBA971,1
CC_7FA21083FF9A,3
CC_7FA2F086DA08,4
CC_7FA4E77F6943,4
CC_7FA6FA19093A,2
CC_7FA708F27E6D,1
CC_7FA82F26A3C8,1
CC_7FAD77B06D6F,3
CC_7FB3859D96FB,2
CC_7FB5F366E42D,2
CC_7FB8E01C165D,4
CC_7FB9094A1CBF,4
CC_7FC0A214662A,0
CC_7FC14DD37133,0
CC_7FC57CFE252A,1
CC_7FC57FD13303,0
CC_7FC84EFD9EFB,1
CC_7FC91F51ED88,3
CC_7FC9E6A68D10,4
CC_7FCB0164338B,2
CC_7FCBC3D755AA,2
CC_7FCC5BC34328,2
CC_7FCE535CF8B9,3
CC_7FCE6EE1D24A,1
CC_7FD13C3104BB,3
CC_7FD9B7C393FF,3
CC_7FDA04C08C57,2
CC_7FDC17237ABB,1
CC_7FDED1017471,3
CC_7FDEF8370FF6,4
CC_7FE64A537BA3,3
CC_7FF006AB718E,1
CC_7FF07D195F7F,1
CC_7FF249691400,2
CC_7FF2C44512D1,1
CC_7FF39B488D74,1
CC_7FFBD989F191,1
CC_80049693FD2A,4
CC_8008D9D9F99E,0
CC_8018B73F7BE6,0
CC_801CD79AEDB9,2
CC_801E4B28D18F,2
CC_801F49D3C717,0
CC_8020C7D95AAE,3
CC_8024958B90B6,4
CC_802E147F7CA0,3
CC_802EC342F298,3
CC_8032B0BFD448,1
CC_8034D25FA589,2
CC_8035FBC45512,4
CC_803860B575ED,1
CC_803ACD5C4708,1
CC_803BE9BF9BB0,4
CC_803E5AF17274,0
CC_803EE75F8E70,4
CC_80449A7E7043,0
CC_8046A5FCB01E,4
CC_8046C8E17699,2
CC_804895AB2971,2
CC_804A7B3ECB28,2
CC_8050568C0845,3
CC_8053F274F0CF,3
CC_805A12FCF7D6,4
CC_805BC9BB9887,0
CC_805F6791D4CD,4
CC_8064FA316A59,4
CC_80663C90FE52,2
CC_806A3D14548C,0
CC_8070D2758ED4,3
CC_8073256F4AE0,2
CC_80748CBD06F4,0
CC_8079546A19B2,0
CC_80797DE058CE,1
CC_807B9F02D55D,2
CC_807CD4C6962E,0
CC_807F815BF916,4
CC_8081146154FC,3
CC_80845D401D4C,0
CC_8084B67F0989,1
CC_8085881394F9,3
CC_80864B8AFCAD,2
CC_80892DCBB821,2
CC_8089F641AD55,3
CC_808E2E9F135D,2
CC_8092994EAB58,3
CC_8093D5827DDA,4
CC_80973AA0D771,2
CC_809795E4FEA3,0
CC_8098627224D5,3
CC_8098BE047A36,0
CC_809BF70567ED,4
CC_809D2F4CEB66,3
CC_809E0C0369E6,3
CC_809E148E215C,0
CC_80A00159EC4C,0
CC_80A3E703A05E,1
CC_80A673C7F619,0
CC_80AC3E821EEC,3
CC_80AED316AFD1,4
CC_80AFC763C66E,0
CC_80B0063340B2,4
CC_80B0EE947298,1
CC_80B104DF00B8,3
CC_80B301266F21,1
CC_80B32EED2C79,1
CC_80B63458AEEE,3
CC_80B77981C0E8,2
CC_80B88677EE5A,4
CC_80B9F2F454BA,2
CC_80BA37304E5F,0
CC_80BBF83A986F,1
CC_80C812F8F41B,4
CC_80C9BE31077D,3
CC_80CBEE89AE98,4
CC_80D33E45C82F,4
CC_80D495DCECD2,0
CC_80D855B63268,4
CC_80D90BAF3FCD,1
CC_80E0EFE21833,1
CC_80E31CDA427F,4
CC_80EC5AD6F917,4
CC_80EFC70F5DA3,3
CC_80EFD078D0B7,4
CC_80F26EFCF8BF,1
CC_80F565D1A985,4
CC_80F628074B58,3
CC_80FEA638CFCB,0
CC_80FFBE226BCA,1
CC_810806BBBF03,4
CC_8108EBEFF33B,3
CC_81108FA9AA59,3
CC_811145633615,2
CC_81124E3126CE,4
CC_811342C6B3B8,2
CC_811FABF47646,4
CC_812302A472AB,3
CC_8124F3A93151,1
CC_812A978A99F7,3
CC_812E82DB72E6,0
CC_81300037B7F5,2
CC_8131E0A7EAD7,2
CC_8133629D7AA4,0
CC_81348A46999B,0
CC_8138AB6A817B,0
CC_81394153D68F,1
CC_813991A8E98A,2
CC_81399EAA5F81,3
CC_814224167666,0
CC_814442A6B4F5,1
CC_8147468B6511,4
CC_8147EB63F4B5,3
CC_8148826E388F,1
CC_814CC0711E2C,0
CC_81500D788784,0
CC_81515A5E4B09,1
CC_8153F4FD1399,4
CC_8155689D2578,0
CC_81559928DE06,4
CC_815692CCC3EA,0
CC_8157A2EBEEE4,2
CC_815EDE57757D,3
CC_8167D39172F3,0
CC_81729FA3F7ED,4
CC_817393EC4CE4,1
CC_81747B22BECF,2
CC_817604F0BA47,2
CC_8176ABD82B21,3
CC_817A2E67F841,4
CC_817DDA761DFD,4
CC_81811029DB16,3
CC_81873180C1E4,1
CC_8188077BCB45,1
CC_81893FCA78C9,1
CC_818D53E1EA71,1
CC_818F6F3A96AE,4
CC_818FD8C26684,4
CC_8191557EE7CD,2
CC_8196085184A4,3
CC_819749F2D38C,2
CC_819FBFF1AE70,2
CC_81A0293CE59B,4
CC_81A06F096871,0
CC_81A6AD7422DE,4
CC_81AA38A9E25D,1
CC_81B17F3A8102,0
CC_81B3585D4E14,0
CC_81B411E3D0A4,0
CC_81B54CFF9C22,3
CC_81B5AA80E80A,3
CC_81B9A6989333,4
CC_81BB3541722B,4
CC_81BC632A1A18,4
CC_81C14C675561,1
CC_81C24094C926,2
CC_81C74F60D4F8,4
CC_81C938374A65,4
CC_81CB55C4C0DB,0
CC_81CD43E3C7B7,1
CC_81CF171DF295,3
CC_81CF590724FC,0
CC_81D078A57BA1,1
CC_81D3792907ED,1
CC_81D3E644D5BF,0
CC_81D4A8732846,1
CC_81D65454D4D9,1
CC_81D886D0E847,3
CC_81DA26986976,3
CC_81E037C20B81,4
CC_81E0F5ADF9A3,3
CC_81E279325770,0
CC_81E40887F088,1
CC_81E5A7C6C6C0,3
CC_81EB3E88424E,1
CC_81EE6AAFCF9C,3
CC_81F74EAAE378,4
CC_81FFF9A7E895,4
CC_8205F17ED3D3,2
CC_820ABA670559,4
CC_82104AD50FDF,2
CC_8213F978EF06,1
CC_82188BCB113C,1
CC_821D50C36B40,0
CC_822006ABAE34,0
CC_822215A18B8A,2
CC_8225547BFA5E,1
CC_8228E3D8AE3F,3
CC_822D9738A650,4
CC_823289FB2D9A,1
CC_8233B170D3AF,0
CC_823630D4CDC2,2
CC_823DED01D8CC,3
CC_823FBB8C3C8B,1
CC_8247D60A5F96,4
CC_8249C026CBE6,2
CC_824B38B9F0BF,0
CC_825054DF2B90,3
CC_8258EAE0E577,4
CC_8259A723C9FC,2
CC_825CA7B45116,2
CC_825DCFCC3B7E,0
CC_825E32A06369,1
CC_825FB731B4C9,0
CC_82603363B9C1,1
CC_82603551F6DF,2
CC_8262790FDE07,0
CC_8262D38AE315,0
CC_8268316DAB93,2
CC_8268E8D60C22,1
CC_826B34C70F1D,0
CC_8270C716AB3B,1
CC_82716EA511A2,4
CC_8274DE6446F4,4
CC_82758D978087,1
CC_827A6119DCA7,2
CC_828909159724,1
CC_8291DE14646A,1
CC_82956C38F137,1
CC_82960E2E1522,0
CC_82993D89439A,1
CC_8299FE1245D5,2
CC_829AB601AE46,2
CC_829BDD5DC6E5,3
CC_829E2008C78C,3
CC_829EB39D3302,1
CC_82A02889767F,1
CC_82A6C114ACC5,2
CC_82A7471B08FD,0
CC_82A75E9BFB26,1
CC_82A825486EEC,0
CC_82A9A132E478,2
CC_82AC0CE03932,2
CC_82ADFBE46CA8,3
CC_82AE891DCD65,4
CC_82B0CB9519B9,0
CC_82BA1A31A271,1
CC_82BA3E470DA3,1
CC_82BB02E95B5B,2
CC_82BF785694A5,3
CC_82C07799AAC9,0
CC_82C37EB7AEF7,0
CC_82C6FE1D5788,3
CC_82C9699B0788,2
CC_82CD637D8CF5,1
CC_82CE707E5457,1
CC_82D3EC982567,2
CC_82D5A1900C26,1
CC_82D6631D4013,3
CC_82D6830815C6,3
CC_82DA617E6C45,3
CC_82E07C3D0C68,2
CC_82E17C7AE92C,2
CC_82E7A9BE73EE,1
CC_82F0F11F2432,3
CC_82F31A4C63C0,4
CC_82F62F9543AB,2
CC_82FA897D2D51,2
CC_83021F1F5C02,0
CC_83023FA67021,1
CC_8303D4D8D697,4
CC_83074E312228,3
CC_83078E2EFED6,3
CC_8308F2A27241,3
CC_8309473E42A6,2
CC_830EB4BBE2AA,2
CC_83128DFCDB8E,4
CC_8314F0E8649F,2
CC_8317B20114A0,2
CC_8318806D4FC3,1
CC_831C5A568BF4,2
CC_83215AA12E50,1
CC_8327ABC05D80,1
CC_832C1C24D405,4
CC_832C6DC284B8,0
CC_8334AD4A63EB,1
CC_83356232937A,3
CC_8336FAC8BC95,4
CC_8337C98433A9,1
CC_833BF65131D5,0
CC_833F705A5C42,4
CC_833FE83203D7,4
CC_834001235455,1
CC_8340CCFC1262,3
CC_834489E6A5EF,2
CC_8349D6A94DCD,0
CC_834FAFE377C4,3
CC_8353C5B96A3E,1
CC_83550EA9CF61,0
CC_8355A33413A4,4
CC_8355BE3FCF58,4
CC_835C2ECE5C47,4
CC_835D5ED7DDD4,3
CC_836253426DCD,0
CC_836357E711FA,1
CC_8363BE19570B,0
CC_8366FBCD5550,2
CC_836D5391F9DF,0
CC_8372B6A2E609,4
CC_8375B451EE3A,0
CC_8377409F502F,0
CC_8377D1BDD00E,3
CC_8378825BF450,4
CC_837A21AE52CF,0
CC_837C4DCA9DBA,1
CC_837CC9BC915A,3
CC_837E243DECA6,2
CC_8380642A6090,1
CC_838343457B75,2
CC_8384E5D53A89,0
CC_8384F344A9FC,3
CC_8385EE3D6E34,1
CC_8388627DE1E2,3
CC_838A01CF9E5A,2
CC_838C2F08310D,1
CC_8396ED5E69A2,3
CC_83A04E0D23DF,1
CC_83A11B29B86B,3
CC_83A3929FFEC8,2
CC_83A3D63D7B74,2
CC_83A4605EC51D,1
CC_83A56C2FF006,0
CC_83AD8B3CADEA,1
CC_83AD9753C75B,1
CC_83B0D3E6DF47,2
CC_83B47B0C69E8,1
CC_83B865B83005,3
CC_83B8D5D5C84D,4
CC_83BA71418C9C,1
CC_83BCA013FA9F,0
CC_83BEE4D94392,3
CC_83C22E9BF224,2
CC_83C430D8E002,0
CC_83CAB102591F,3
CC_83CE379DCF23,2
CC_83D248E2ADA9,1
CC_83D3BFFD43E1,3
CC_83D6C1E67601,0
CC_83D97572B111,1
CC_83DF667C00D2,2
CC_83E29E197566,4
CC_83E2E0F35394,2
CC_83E798A1D565,3
CC_83E9A18D533F,0
CC_83EFF0E17AF3,0
CC_83F10D7593CA,4
CC_83F27BDB40E1,0
CC_83F2B435DA95,4
CC_83F4CF4CB898,3
CC_83F557684445,2
CC_83F643F841F3,1
CC_83F6F07B536B,0
CC_83F9BDA0B79E,0
CC_83FA4F8FA1BD,4
CC_83FCC4BB67A6,3
CC_83FD7787C5A9,2
CC_83FDB8DFEFF6,1
CC_8400A14E3F6F,0
CC_8401AF4A1D48,3
CC_84074F9D8AC7,1
CC_840766403CB6,1
CC_840774B8AD67,3
CC_8407D8693370,1
CC_84087B3A631D,0
CC_840E3A68C7DC,4
CC_84104F5A51D1,3
CC_8410540DCD35,4
CC_8413B4912A70,2
CC_8415119A4B69,2
CC_8417E10149AB,2
CC_841EE1F6A6A0,2
CC_8421447CCE63,3
CC_8422A67A5412,0
CC_8427CA2934C8,1
CC_842B4A67D36D,4
CC_842CD5238CB8,3
CC_842D2DE0E3C0,1
CC_84304DF7DE61,1
CC_8437A6C54449,0
CC_84384F87EA8A,3
CC_843B738F094F,4
CC_843CB20C9738,4
CC_8448B1E35DA1,2
CC_844DA5FA5D43,0
CC_844DDBEC5850,0
CC_8450562F8BBE,3
CC_8451124411AE,4
CC_8451284A291A,1
CC_84523821E27C,0
CC_84562D946C54,3
CC_845A2488CCF1,3
CC_845D423C42C0,0
CC_8461774FB635,4
CC_846624A85021,1
CC_846C5C8C6819,0
CC_8470C69D1B6C,1
CC_8478F1310247,3
CC_847937259B51,4
CC_847B04465980,4
CC_847B56BEDC51,2
CC_847B872253C6,1
CC_847CA9F820DC,2
CC_8480A42B8FD8,4
CC_848960CA31A3,1
CC_848BBC971B78,1
CC_848D1A346431,2
CC_848E5C9D0B57,4
CC_848EF83F0057,0
CC_8490CFD9E11B,1
CC_849112BE2CAD,0
CC_84912F7B9B41,2
CC_849D59A65C04,2
CC_84A2E3B11728,3
CC_84A41B9D0BA2,1
CC_84AA0311C589,1
CC_84B321B020AE,3
CC_84B9D554CFB9,1
CC_84BB35CB01E4,2
CC_84BE392B6662,4
CC_84BFFBAF5B38,4
CC_84C02BD7176A,3
CC_84C20DF4F875,1
CC_84C77562FC21,1
CC_84C794406827,2
CC_84D07E076BD2,3
CC_84D12ED55E32,4
CC_84DB737C55EC,2
CC_84DCBB132410,4
CC_84DFA2654E53,4
CC_84E03F40F5AE,0
CC_84EA5AC25386,3
CC_84ED0261E8DA,3
CC_84FC954B172D,4
CC_84FD801362F7,2
CC_850361408673,2
CC_8503931DA5FD,3
CC_8509561A2E9B,1
CC_85096165BC6B,1
CC_850CEAFBE5AA,4
CC_851277321B1B,3
CC_8512D7F86E27,1
CC_851318AF0E46,0
CC_8515609A8AF7,3
CC_8517701E4090,4
CC_85230640A905,0
CC_85252402599D,3
CC_85257B9C8EE4,1
CC_853646DD1955,4
CC_853CA6BA6B6B,4
CC_8544A53D1D9A,3
CC_854532C8E2C4,1
CC_854727248279,2
CC_854A2C027435,1
CC_854B02848540,2
CC_854E5C8034B8,0
CC_85503D7EC808,3
CC_8554D166AD5C,4
CC_8555E19AD380,3
CC_855694F826CF,4
CC_855AF362E28F,4
CC_855E2CB15AF4,0
CC_85604F154D06,1
CC_856391A5250F,1
CC_856A4B8814CE,1
CC_8574B2C58882,2
CC_8575A7EFA73B,4
CC_857702EEF8AD,4
CC_8582281CD246,3
CC_8582EEAD0696,2
CC_8583C01D341F,3
CC_8586D6F8A078,4
CC_8588F3E2B49A,0
CC_858C2DF27D17,0
CC_858D84B70968,0
CC_858FE0CAEC64,2
CC_85912C4DCBA0,2
CC_8592A31B8D43,4
CC_859634473D76,2
CC_859712019798,2
CC_8599D33632A3,2
CC_859A4F38ADAC,1
CC_859BF8767B8C,0
CC_859C7F62A15E,1
CC_859CA10A2BBF,3
CC_859FBBE2EBDA,4
CC_859FC448AA1F,4
CC_85A14BFD5BE5,3
CC_85A198C86010,0
CC_85A280DE8323,3
CC_85A49AF89BCB,4
CC_85A58CBD5A2B,4
CC_85A8D1A59F99,4
CC_85ACDCEA8BA9,2
CC_85B3C568AF3F,4
CC_85BF6ECE2835,2
CC_85BFBACE415A,4
CC_85C37C9A37B6,4
CC_85C7E198F897,0
CC_85C9577D55B8,1
CC_85CBA47DCE02,0
CC_85CC74830176,3
CC_85CD58D9DD10,3
CC_85CD9ECA568E,1
CC_85CDF67FAA71,3
CC_85CF165732FA,4
CC_85D263C4FB84,2
CC_85D5C3897439,3
CC_85D5D9E468D1,1
CC_85D98819D731,4
CC_85D9EA4EE0A5,3
CC_85D9F170BA52,3
CC_85DE8E68C968,3
CC_85E277D9753B,1
CC_85E45CBE3C57,1
CC_85E57C4C5626,1
CC_85E65A6C1CA7,2
CC_85EE07C1FDA4,1
CC_85F0184870B9,2
CC_85F276C3D99B,4
CC_85F28F6F4251,1
CC_85F42A23D754,3
CC_85F9727CA904,2
CC_85FBD37724D5,4
CC_8605A7739771,0
CC_86088D044308,3
CC_860BA322ECFD,0
CC_860E37E1E603,1
CC_8612FB9659B9,1
CC_861491686730,1
CC_8615960BD66A,3
CC_86188DD29505,3
CC_861B8E55A0B3,1
CC_861C1CD2DEFA,1
CC_861D0FF46FE7,2
CC_861EC1FFA7C6,2
CC_8620E3F929FC,0
CC_862702BA2903,3
CC_86271F36EABB,1
CC_862B98C05A76,1
CC_862C1D6FF9B0,4
CC_862E6626CE39,1
CC_86307416BC27,3
CC_8631EE0730DD,2
CC_863392C131D8,2
CC_8636DF115572,2
CC_8638500AFB92,1
CC_8639ADBA3BDF,0
CC_863B3C386DA9,0
CC_863C74781000,2
CC_863D53B2F0EC,1
CC_863E9DF15E02,3
CC_863EC200AC9E,4
CC_863EF1BAAD35,1
CC_864086E0DB2C,2
CC_86416D79943F,2
CC_864170568CBF,3
CC_8643269CA8CF,3
CC_8645398F94A6,4
CC_86497D43D291,4
CC_8649F6AF600F,2
CC_864BABF31CCA,4
CC_865063598888,3
CC_865BF6775110,3
CC_865DBDBEEB69,3
CC_865E153F9C3F,2
CC_8660CB567744,2
CC_866126DFB0FB,0
CC_8666571EEB31,4
CC_8674F8AE8ED8,1
CC_86759F24B910,2
CC_8675D42E20F3,0
CC_8676FC3D2640,0
CC_867A710D3305,3
CC_867EBCE17C7D,4
CC_867F3EF7E34E,4
CC_867F7FFC6A14,4
CC_8680550434E3,4
CC_8682D2F277BD,0
CC_868689560BED,1
CC_8687F92F9512,1
CC_868A3CC45CAA,3
CC_868D4E3358D1,3
CC_868F1B2C419F,1
CC_869176EC2795,4
CC_8692B58F6652,0
CC_8694E56CEFE0,0
CC_8699F4C0223B,4
CC_869C77808252,0
CC_869DDB5FFA7D,4
CC_869EFD072B48,1
CC_869FEFA4EFFA,3
CC_86A33D396049,2
CC_86AB85858F42,3
CC_86ABB02C3F84,3
CC_86AD2D6E1A11,3
CC_86AF4D4980D4,3
CC_86B0BC1961CB,3
CC_86B1104503DB,0
CC_86B2B3B22C17,4
CC_86B53E31B5AB,2
CC_86B5782EB5BF,0
CC_86B8302DB4CC,1
CC_86B9EBDE556C,1
CC_86BB24808E04,1
CC_86BC75B21D5C,4
CC_86BEAF8E36B0,3
CC_86C238643356,0
CC_86C36B9E84E8,3
CC_86C790A482E1,1
CC_86C85637C604,0
CC_86C9FBD83D41,1
CC_86CFEB77F44D,4
CC_86D11AC300DD,2
CC_86D1EE4E104B,2
CC_86D2E76499AE,0
CC_86D595ABBB67,3
CC_86DB45056AA6,3
CC_86DC35C59AF1,4
CC_86DE9B62A591,3
CC_86E15A0E2ECD,3
CC_86E1968D77F8,2
CC_86E3DE1F853B,4
CC_86E62C8EFFAB,3
CC_86E6FD46C7C3,0
CC_86E7640CB326,3
CC_86EDC712802F,1
CC_86F0AD898633,3
CC_86F100A0BCAF,3
CC_86F67003DA7F,1
CC_86F839FDC22F,3
CC_86FBD7D6E155,1
CC_86FD060EE094,2
CC_86FE5ADAEE0D,0
CC_870092A40E28,1
CC_87033900032A,3
CC_87048F2C60FD,1
CC_8704C0460B7D,0
CC_87065E562980,0
CC_8707A0F9A72B,1
CC_8711ECE19E1C,0
CC_87153B77C7D1,2
CC_8718E2F7EBDE,1
CC_871B07565EB3,3
CC_87204B25FE9B,1
CC_87232CB033D5,4
CC_87286A4ADA66,1
CC_872A36BC4113,1
CC_872A7D72B306,0
CC_87364D9DDBBE,3
CC_87367810F0E3,4
CC_8738460D8B27,2
CC_873C0411FB67,1
CC_874203D16395,3
CC_8744637340D6,2
CC_8745421542CB,4
CC_8746CA087323,0
CC_8748CED9B5C9,2
CC_874DF4A29A08,0
CC_874EFEA204EF,2
CC_875061E651F9,1
CC_87582E5C62E6,4
CC_875C61C2FC02,3
CC_875EB34D2629,1
CC_87628F7AE5F2,4
CC_8763175F2224,0
CC_876738074030,3
CC_876792BCBA2A,2
CC_876FB5FB5A95,3
CC_87717CE81F95,1
CC_877218475FD0,0
CC_8775CA5C253C,4
CC_8776E6126E3C,2
CC_8777C4330C67,2
CC_877ED204BB5F,1
CC_8781D1FC0EA7,2
CC_8781D8F1F3E4,3
CC_87857B066AA9,0
CC_8786ACB3735B,3
CC_878D80092C52,4
CC_87909526CD47,1
CC_8790BD625546,1
CC_8793CD1D147A,4
CC_8797E4A007C8,2
CC_8799F55B9D6B,0
CC_879F4293240E,4
CC_879FE8F2F22E,3
CC_87A2160F2BD3,2
CC_87A592F2B41F,1
CC_87A68B6A860D,0
CC_87A77C986512,0
CC_87A839B8E7C6,4
CC_87A84A191294,2
CC_87AB25D4CFEE,2
CC_87AB83BEABDB,0
CC_87B1A35F6905,4
CC_87B1D403A93B,0
CC_87B3E2F91024,4
CC_87BB4365ACC5,0
CC_87BD15B28637,2
CC_87C46DD4173E,4
CC_87D4A9FC32DD,3
CC_87D59E971C90,2
CC_87D66EE64921,3
CC_87DAA6D59306,2
CC_87DAB6BBE8DE,4
CC_87DD3999796C,1
CC_87E03783B178,2
CC_87E275D79969,2
CC_87E4215CF7C8,2
CC_87E74188B70E,2
CC_87E915B4D05B,4
CC_87EA67EFF600,2
CC_87EAD9BA312A,1
CC_87EE0748A3ED,4
CC_87F14EEA21CF,2
CC_87F17BC6CB3F,3
CC_87FAEC685FE2,0
CC_8801F2F28072,3
CC_880439C212FB,3
CC_8806EC21970E,4
CC_8807E7853B80,0
CC_880E8B7EB971,0
CC_881A2D33B105,2
CC_881A7CBA0B0E,3
CC_881C28F7E915,2
CC_881E22E3E171,4
CC_881EEC566FCD,0
CC_881F2A37F035,1
CC_88204DD3ED99,0
CC_882272C7CCA3,2
CC_8825DCF466E5,4
CC_8827D0C68F8B,1
CC_8828CA9AEFB7,1
CC_882DEABB0694,4
CC_882F9260A081,0
CC_883080901E79,2
CC_8831B682DB25,4
CC_88342AC3BCC3,3
CC_8838DFF3770A,1
CC_883901FCED78,0
CC_883D0A958B4C,3
CC_883DC657B072,2
CC_883EE2FBECEC,2
CC_88407338C8BC,0
CC_8840CC1B191B,2
CC_884253AC3EE9,0
CC_88469626E422,1
CC_885208C261A8,3
CC_8858ECDE3319,1
CC_885AED9E24C9,1
CC_885F3429A6C5,3
CC_885F880D3EA1,4
CC_88603647566A,4
CC_88616213F78A,2
CC_88620F66925E,4
CC_88650F080FD9,1
CC_88696AB505DA,2
CC_886A1CBDE57D,1
CC_886A55A0B9EA,0
CC_886B56FBA5FF,0
CC_886E75046529,4
CC_88725BB141EF,2
CC_88792B490860,2
CC_887FF908CB33,4
CC_8881B8CF589A,3
CC_888E73B9068E,1
CC_8890014347BB,3
CC_8896E825798C,1
CC_889A7CCC5607,4
CC_889B9C847068,0
CC_889F5F256146,0
CC_88A037892607,2
CC_88A1FEF58EDA,1
CC_88A3032B4B89,3
CC_88A77AD7AD53,4
CC_88A8107A05C7,1
CC_88AEE3CC0A3B,1
CC_88B5FFEF5423,1
CC_88BE8F27470D,2
CC_88C27349A262,2
CC_88C5E72AC45A,3
CC_88C93E730FE2,2
CC_88CA56D31442,3
CC_88CB39F57CEE,3
CC_88CCA23DE13C,4
CC_88CEA042925C,0
CC_88D0087D0200,4
CC_88D16BEDA995,2
CC_88D4000B6C66,4
CC_88D5CF7C6E37,3
CC_88D8151B2575,0
CC_88DACBFA3B48,4
CC_88DD9EA930DE,3
CC_88DE59EA74A8,0
CC_88E41EB194DF,0
CC_88E6EB29EB5F,4
CC_88E70E9ED76F,1
CC_88E9003B1BD7,4
CC_88E9F3E381BF,2
CC_88EA9998D301,0
CC_88F113C9DACC,3
CC_88F2DA778874,0
CC_88F6444B2F85,4
CC_88F75868B2C8,3
CC_88F986565133,2
CC_88FEB8FBA890,3
CC_88FF1EA5C5BA,0
CC_8901AC4B659A,1
CC_8905D1169A78,0
CC_8905E80A937B,4
CC_8906E85DAAAB,4
CC_8907B51901C4,0
CC_8908542D3BD2,3
CC_890A2CC8E5DD,1
CC_890E78E8EC4A,3
CC_890EAFF0C0C6,1
CC_890FBFA46967,4
CC_8910EAC0284B,4
CC_8910FD543A93,2
CC_8919255E1F41,3
CC_8919E339D8FD,3
CC_89200C56C85A,2
CC_89217C8BCC88,4
CC_8926BB4EF2FE,2
CC_892777C150B2,4
CC_892CE954C1C2,4
CC_8933FC635479,3
CC_8937B1CFAE3F,0
CC_893C8D011DE4,4
CC_893DEB779912,0
CC_89495F39FCE6,1
CC_894B9BD64131,0
CC_894BC255E05A,2
CC_894E40ED3E86,1
CC_895082E1D7A1,0
CC_8954FD7AA7CB,4
CC_8955F84626E8,4
CC_895676F3DADB,4
CC_89596A40960B,2
CC_895EE877C6FC,0
CC_89615870746F,4
CC_8966A3D42005,4
CC_8966E2658B19,1
CC_896826D5F7D8,2
CC_896A686552FD,4
CC_896BC4DFE96B,1
CC_89705DBBCA31,4
CC_897193457573,0
CC_897509E33530,4
CC_8978B1BB5B25,2
CC_897E6E7B1628,0
CC_89824386B799,2
CC_89840ECD95B2,3
CC_8985376EDBB9,0
CC_898A9EA30786,4
CC_8992CDECC2C7,1
CC_8993B8BBA8EC,0
CC_899463A2FACF,0
CC_899D593F61A5,3
CC_89A2163453A9,3
CC_89A771E462DB,2
CC_89A7885525FE,3
CC_89A81EA614E5,4
CC_89A921A63597,4
CC_89AB021EEEA9,4
CC_89ADA1320C45,4
CC_89BE202E30F8,0
CC_89BF770FB0B8,2
CC_89BF7F964A95,1
CC_89C0D7E0793F,2
CC_89C5708945E2,0
CC_89C6853DF18A,4
CC_89D0DB16FF49,3
CC_89D4997719B0,0
CC_89D54E6788AB,0
CC_89D593FDB717,1
CC_89D5E3425929,4
CC_89D90556CEED,0
CC_89E10A6AB3D1,0
CC_89E8DCAFA0E6,0
CC_89EF51D61E0F,1
CC_89F356517996,1
CC_89FB00866BAE,4
CC_89FF1441842A,1
CC_8A0826807B1C,0
CC_8A08F18C55F0,0
CC_8A0AD2B71D8D,2
CC_8A11601425BF,1
CC_8A1705D40ECF,2
CC_8A1BADB2C4E2,2
CC_8A1DA191223C,0
CC_8A20096E7C5D,4
CC_8A23793AE750,1
CC_8A30F1F28F07,0
CC_8A329E12BD60,1
CC_8A38EBD244EB,3
CC_8A391CE69D3D,0
CC_8A39255C8D4C,2
CC_8A3B61DCBA57,0
CC_8A3F87E0D8D0,2
CC_8A4038D2738B,2
CC_8A4343315922,0
CC_8A45F16C6B25,1
CC_8A4AE731E02D,2
CC_8A4CBF74816E,1
CC_8A4ECE1CE7DE,2
CC_8A4F945CC81D,1
CC_8A511859DE46,0
CC_8A5438242A67,2
CC_8A5B75394B5A,1
CC_8A5B93ACF353,0
CC_8A5F72F9C8BE,1
CC_8A62198C6B0F,2
CC_8A65EE634765,4
CC_8A7333602C9C,1
CC_8A747619E991,4
CC_8A79CB1C9DE1,2
CC_8A8176C51DA3,3
CC_8A8192A4345E,0
CC_8A82A1CC6016,4
CC_8A82D5A67B5B,3
CC_8A976D89EC8F,1
CC_8AA872B39466,1
CC_8AA9DA4F0191,4
CC_8AAA0C83C75C,3
CC_8AB166E1E222,1
CC_8AB8ECFFD917,1
CC_8AB93325962C,2
CC_8ABAE47BA850,0
CC_8ABC74DDF64D,2
CC_8ABD0B2D5199,1
CC_8ABD61E3626D,3
CC_8AC5954C88EE,0
CC_8ACB02BA6ABC,2
CC_8ACBFBD7DB57,0
CC_8ACF294E6623,4
CC_8AD1EF1B6713,4
CC_8AD1F2A666AD,0
CC_8AD4C3843B97,2
CC_8AD7CDC7069C,4
CC_8ADB4AAD0EF8,1
CC_8ADBB7A3F710,1
CC_8AE15E2C4DDB,2
CC_8AE16F3BC745,4
CC_8AE97DBFBCA9,1
CC_8AE9999A3DAB,4
CC_8AEA25F65FC7,0
CC_8AEA9A62B9B0,1
CC_8AF00058FA5E,4
CC_8AF02D5A3414,0
CC_8AF171A5B9F0,4
CC_8AF4698500E2,4
CC_8AF4A9CB3CA1,3
CC_8AFB1B527986,3
CC_8AFD16727FB7,3
CC_8B0326553741,0
CC_8B034A75788D,4
CC_8B0557E0DBBF,1
CC_8B0D261F921C,0
CC_8B0D7118407A,3
CC_8B0D8AADAE8E,1
CC_8B0EA9CD58F5,1
CC_8B0F48160CC1,1
CC_8B0F78538173,2
CC_8B112BFACCF9,1
CC_8B136B765B9C,2
CC_8B14EF71A006,2
CC_8B154A01E8BD,0
CC_8B155813A5D5,4
CC_8B15E26C992B,4
CC_8B18A3A40691,4
CC_8B1A17409D8D,1
CC_8B1E43EB359E,4
CC_8B1F678D9195,4
CC_8B20FF1CAF26,1
CC_8B2323F6CB34,2
CC_8B23269FCB1A,1
CC_8B23855692CA,1
CC_8B26B4EDB655,3
CC_8B278F52C43B,1
CC_8B2796233179,4
CC_8B2A9FC1D230,3
CC_8B2B61F4242E,1
CC_8B2B95ECBB6F,2
CC_8B2E26FF3DB8,1
CC_8B2EBF5E6B43,1
CC_8B31C9351A6F,1
CC_8B385C3E3E39,0
CC_8B38DE48116E,3
CC_8B3A4C4B36AD,0
CC_8B3E97729A72,4
CC_8B40636DE84D,1
CC_8B416BD5DCDB,1
CC_8B41B8121E73,1
CC_8B42BA2E3164,4
CC_8B440EA99D6A,1
CC_8B48E1F143C1,4
CC_8B53B4F11336,3
CC_8B57F9A6272F,1
CC_8B5B0A1A9DA9,1
CC_8B5DB500A41C,0
CC_8B62B7C8DBD7,4
CC_8B63BA445B07,0
CC_8B63D694307B,2
CC_8B660AEC8E1E,1
CC_8B6A007221B8,0
CC_8B6C3DD80E76,2
CC_8B7A29B4E588,2
CC_8B7AE581BB15,3
CC_8B812F32C56A,4
CC_8B824D5678AB,4
CC_8B85B1393237,3
CC_8B87EFE3E655,0
CC_8B89AE6967E9,1
CC_8B8F958564AE,4
CC_8B906F28FCB3,4
CC_8B9325445327,4
CC_8B9457520599,3
CC_8B95646C42D4,1
CC_8B97335072F3,1
CC_8B97D5BE7C4D,1
CC_8B9937161EF6,0
CC_8BA011266369,2
CC_8BA44D52263D,0
CC_8BABC51C24E7,1
CC_8BAC856C4250,1
CC_8BAC91C19395,1
CC_8BAD6CAD9790,0
CC_8BAE7DA7EB88,3
CC_8BAEC13E2FA1,4
CC_8BAFD7F96208,3
CC_8BB52935A06F,2
CC_8BBAC5378F80,1
CC_8BC2497F52EE,1
CC_8BC3295E1767,2
CC_8BCAFD409689,1
CC_8BCD4A91171F,1
CC_8BD405B117C4,4
CC_8BD5319A861D,1
CC_8BD534144A7E,2
CC_8BD5FA185EFF,1
CC_8BD6AC562D84,1
CC_8BD735717BCB,0
CC_8BD76627993E,3
CC_8BD92D5D8B3F,0
CC_8BD9CEB8D44D,0
CC_8BE338113997,0
CC_8BE619B40EFC,2
CC_8BE7542AD090,1
CC_8BE8D6EE543D,4
CC_8BEB1169204C,2
CC_8BEC852AC83E,3
CC_8BED81B8B0D3,4
CC_8BF8B5915096,4
CC_8BFB432CC531,1
CC_8BFD78178DDE,4
CC_8BFF0096E915,2
CC_8BFFCDF638BB,3
CC_8BFFD368EBD8,2
CC_8C04F1D74551,1
CC_8C069A0689C5,4
CC_8C0BAF84D40E,4
CC_8C0C4C76572C,0
CC_8C0E2E0D5BEB,3
CC_8C129FC43D10,4
CC_8C13B5C7EBC2,3
CC_8C1597CEDAA8,1
CC_8C1745867BB1,1
CC_8C18531C73C4,3
CC_8C1865D97336,2
CC_8C197C9BB5F3,2
CC_8C1A312388F9,2
CC_8C1C177DE4F2,2
CC_8C1E407C5BC2,2
CC_8C1E98DED2BD,2
CC_8C20D5787228,1
CC_8C26EA179E18,2
CC_8C2B00F53194,1
CC_8C2F6CB20BF7,2
CC_8C3126B01553,2
CC_8C35B5F03843,0
CC_8C361D4A0C07,1
CC_8C37A0E834A0,0
CC_8C3E6BCB10C5,4
CC_8C423C5639E4,3
CC_8C42586A841F,1
CC_8C440E774B97,4
CC_8C44A5DF2EDD,1
CC_8C480634B60B,0
CC_8C4A42B9970D,4
CC_8C4B9309138B,1
CC_8C4FADDD104B,4
CC_8C50AE60B82A,2
CC_8C516BF74F70,4
CC_8C5A029A6AF8,3
CC_8C649F5381FE,4
CC_8C669273D14E,2
CC_8C6AD62FCEEB,1
CC_8C6B8D1BD59E,2
CC_8C6BD3E134F8,1
CC_8C6D5F0AACCB,0
CC_8C6DB4A95210,1
CC_8C6F0C01454A,0
CC_8C70FB43F214,4
CC_8C714F9EA269,1
CC_8C72B5195194,4
CC_8C7303F3780E,0
CC_8C7375D6CCE4,4
CC_8C75F421482C,0
CC_8C77FB3B9CB4,2
CC_8C7880AEDFDD,0
CC_8C7C0E802BAB,1
CC_8C83E62DCF27,4
CC_8C87C87E7E97,3
CC_8C88974E5BDF,1
CC_8C8C6EBCB2F0,3
CC_8C8DE1CCBFEC,4
CC_8C9232F05C43,0
CC_8C939D68CCD6,0
CC_8C93E38E0721,1
CC_8C97F2A8434F,0
CC_8C9E36E8193F,1
CC_8CA2472C65A3,2
CC_8CA2D00E6F9E,4
CC_8CA3C1922ABA,3
CC_8CA3F42E245B,3
CC_8CA8EA8C283E,0
CC_8CB0B4CFD523,4
CC_8CB0BB3B0EE0,4
CC_8CB3F4223F20,1
CC_8CB553CAA5BF,2
CC_8CBA8957576E,0
CC_8CBB6C37F81D,1
CC_8CBD8CB4E0C7,3
CC_8CBDD0960E91,4
CC_8CC796EE32EF,2
CC_8CCB2DF67CB9,4
CC_8CCC9C7FD23B,2
CC_8CD3CA261033,0
CC_8CD5339DFA7C,0
CC_8CD6515B2E56,4
CC_8CD68FC19FF3,4
CC_8CD9321C690E,3
CC_8CD9F00B586E,1
CC_8CDC031FF00B,1
CC_8CDC5D75F195,2
CC_8CE71FD7EC27,1
CC_8CE782CD2DF8,3
CC_8CE8D5A2BCB8,2
CC_8CE9F45A1688,0
CC_8CEA7197CB25,2
CC_8CECC68A55D7,0
CC_8CED3BF49141,2
CC_8CEDCEEB2ADB,0
CC_8CF18EF77AA0,0
CC_8CF39903A3B1,3
CC_8CF3F336C699,0
CC_8CF6A942CCD0,2
CC_8CF83BF84865,2
CC_8CFDB1D821C6,2
CC_8CFF78DD7D00,2
CC_8D05A3D8C88B,4
CC_8D060723D602,3
CC_8D0805F0063E,4
CC_8D081483AA82,4
CC_8D0A9547FCC2,0
CC_8D0CA31A0D26,1
CC_8D0FCEA77037,3
CC_8D1306FDB9E5,0
CC_8D13D758D6D3,4
CC_8D1408285B4C,0
CC_8D14B6578068,0
CC_8D1584B3116A,0
CC_8D17D92C4EA4,2
CC_8D17FE26113B,4
CC_8D1CB0824E58,0
CC_8D26915A220A,3
CC_8D2968E7E707,3
CC_8D2B8EF801F2,3
CC_8D3B0DF3F596,3
CC_8D3E021FCA10,4
CC_8D3EC2E8E735,1
CC_8D4106E58430,4
CC_8D42F4222E6F,3
CC_8D44F4EBAEFC,4
CC_8D4514B51916,4
CC_8D45A90E3325,3
CC_8D4710FBE23F,1
CC_8D4E05DABA50,3
CC_8D4E8DD10001,1
CC_8D5C971B9678,4
CC_8D5D8EAEC362,4
CC_8D5E25B5BBE2,0
CC_8D5E62C6EDF2,4
CC_8D5F0117EAEB,1
CC_8D60F43F4FD1,4
CC_8D6492F6F32E,2
CC_8D6825F0F529,3
CC_8D6827556DB7,0
CC_8D6C287BE16D,2
CC_8D7278356D58,4
CC_8D74D3A26AA5,1
CC_8D74F19A3B2C,3
CC_8D78AAD9CBA2,1
CC_8D7AF83FADAB,0
CC_8D7D323EE90C,3
CC_8D82FBE2260E,0
CC_8D835791EA3A,4
CC_8D8B6EB71D6D,1
CC_8D8E6014BE96,2
CC_8D8EACE6B771,1
CC_8D8F3677705D,2
CC_8D91D88C8511,3
CC_8D94BCD401B3,1
CC_8D968A4E921F,2
CC_8D98563B83F6,0
CC_8D98DEA16321,2
CC_8D991D244368,0
CC_8D9D7A811411,1
CC_8DA04B4B170E,3
CC_8DA16E410D7E,4
CC_8DA3A31E69CB,3
CC_8DA73925CC70,3
CC_8DA7B6EBAB93,1
CC_8DA7D6A330A4,3
CC_8DA9434BF75D,1
CC_8DAD9076F0CC,3
CC_8DAE66908B38,0
CC_8DAF61C49C78,3
CC_8DB0B5FAF523,4
CC_8DB572A62C0C,2
CC_8DBE4E29C7B9,2
CC_8DBF3B310925,0
CC_8DC4C7A4A3F8,1
CC_8DC702A4628B,0
CC_8DCAE9ECC296,1
CC_8DD2F42C86DE,0
CC_8DD40D93CCE0,1
CC_8DD46AA08F3E,1
CC_8DD82122E036,4
CC_8DD8B43450AB,0
CC_8DE098D16228,0
CC_8DE1D846ACD3,3
CC_8DE4EAFEF558,2
CC_8DE6E7C8D69B,1
CC_8DE909263636,3
CC_8DE94E0B1579,2
CC_8DEC04CDC41C,1
CC_8DF4B85B26DB,4
CC_8DF544460BAC,1
CC_8DF58A01FD72,3
CC_8DF9391AD9A1,3
CC_8DFBF3BB8E44,2
CC_8DFE193F449F,3
CC_8E050E0B3CE7,2
CC_8E0513E76D2D,4
CC_8E0BA1D7F9B7,3
CC_8E104D6B12B5,4
CC_8E1334BE46D6,0
CC_8E19FF38939F,2
CC_8E1DE0DB6680,4
CC_8E1E160162F4,2
CC_8E214B494FB5,3
CC_8E2763871CE0,2
CC_8E2EF3CC50E3,0
CC_8E2F840400EB,0
CC_8E345D4A722C,4
CC_8E35B857D306,3
CC_8E360779FE49,2
CC_8E38006F7F3C,4
CC_8E3DCCDCE936,4
CC_8E3E09A029DE,1
CC_8E4284CA4FD5,1
CC_8E4AB0DC1AAD,4
CC_8E4D4CB54C2E,2
CC_8E54E385A593,2
CC_8E573045F945,3
CC_8E5AE48F4EC5,3
CC_8E5C74130F44,1
CC_8E61F50A6699,0
CC_8E61FB53E97D,2
CC_8E6272D9BC46,0
CC_8E65D4E590BA,3
CC_8E6AF51A04DF,2
CC_8E6EEB807FCE,4
CC_8E6EFE82B347,2
CC_8E6F4DD32D7C,1
CC_8E6F770A9FEA,0
CC_8E708C027037,0
CC_8E712BC1FF4E,2
CC_8E7347B6FBA7,4
CC_8E7381513BE2,1
CC_8E7C83FC6127,0
CC_8E8048E0E3D1,3
CC_8E81F169B120,2
CC_8E8349065E3F,4
CC_8E85369162E3,4
CC_8E854C52A063,2
CC_8E85757D7C00,3
CC_8E85E27A9A7F,4
CC_8E89CD3B0D15,1
CC_8E8A52FF65A7,4
CC_8E8DC6CA6350,0
CC_8E925647E3AB,3
CC_8E96BFBEA794,0
CC_8E98C3D73E04,2
CC_8E9A3C5EDC34,2
CC_8E9AAEC97113,0
CC_8E9BD85A09F3,2
CC_8E9E51CED424,2
CC_8EA2DAE2D638,1
CC_8EA6A64FD3F5,3
CC_8EAA1998E174,1
CC_8EAA8B396665,1
CC_8EAC752D6815,1
CC_8EBE98D5A3D5,0
CC_8EC316185155,4
CC_8EC732E99A51,1
CC_8ECE00EF3590,3
CC_8ECE878DF0F4,4
CC_8ED3E2A84B3D,1
CC_8ED620CA354C,1
CC_8ED87F5E3113,2
CC_8EDAAE9CEF7F,2
CC_8EDB31389169,3
CC_8EE05FD95407,0
CC_8EE4361CDEEC,1
CC_8EE5A0EA5D36,0
CC_8EE5D9509C1C,1
CC_8EE6865AB75D,1
CC_8EEC93D2FD6A,3
CC_8EED9F3936F9,1
CC_8EF1276AB70A,2
CC_8EF79F09CD0D,4
CC_8EF86E78EB78,2
CC_8EFBA4E65350,3
CC_8EFC81681B3B,4
CC_8F01F02303A6,4
CC_8F049E5FE61F,0
CC_8F04C45C9415,4
CC_8F0832719D64,0
CC_8F0EE9CC15D5,3
CC_8F120F926453,4
CC_8F156333A403,2
CC_8F1AAFF75B55,1
CC_8F1CDD3CB26B,0
CC_8F1F932A0C8B,2
CC_8F20DB6BB23D,2
CC_8F213A6B5ABD,1
CC_8F22D26E87B5,3
CC_8F2344DB1A94,3
CC_8F26983DBEFC,3
CC_8F298F34EC2B,1
CC_8F2B7FB261B5,3
CC_8F2EDA115345,0
CC_8F304F30F674,4
CC_8F3074D1F4A9,1
CC_8F30B7070D9E,4
CC_8F32E0E858F7,3
CC_8F33E2136736,3
CC_8F3C62A72B56,0
CC_8F3D5880C543,3
CC_8F3E0C752C72,4
CC_8F404F3CF54C,0
CC_8F4147DFE1A5,0
CC_8F42451AA956,4
CC_8F44CA26968D,1
CC_8F450A36A7CB,3
CC_8F46FB589670,2
CC_8F48E6DDAA55,0
CC_8F49A6A8C911,3
CC_8F520322EE87,0
CC_8F53CBB2B993,2
CC_8F576C93F66E,0
CC_8F577B610556,4
CC_8F5F56BA2FC3,3
CC_8F61FEBD689E,4
CC_8F63AC330152,3
CC_8F645BC37527,4
CC_8F66A8E3EA16,4
CC_8F675575333A,0
CC_8F67F096A64A,1
CC_8F6D3147B3BA,0
CC_8F6EE4BE490D,2
CC_8F6FEEA54051,3
CC_8F727777BA60,0
CC_8F72A955DD89,4
CC_8F72ADB0CC8F,4
CC_8F7877CA5D91,4
CC_8F7A5A300FF5,4
CC_8F7F54402418,3
CC_8F8540A94CA3,4
CC_8F89D76276EA,2
CC_8F8CFBB9E018,3
CC_8F92AB73632C,4
CC_8F9C79887205,4
CC_8FA12536A979,2
CC_8FA41643AC01,0
CC_8FA57E5426F8,4
CC_8FA5C409BDE5,2
CC_8FA8BD170AF3,0
CC_8FA911DF8659,4
CC_8FAB3DCF9F3A,4
CC_8FACDD8D11B4,0
CC_8FAE257FB6E8,4
CC_8FB0F8FC6229,4
CC_8FB2E7C57E54,2
CC_8FB8AFCE5209,1
CC_8FB9A8FB563E,3
CC_8FBE5E2666F9,2
CC_8FBEA8F906FE,2
CC_8FC692F944E9,0
CC_8FC7D4926107,3
CC_8FCF98A7A8E8,3
CC_8FD0953F8588,3
CC_8FD267F83AD5,0
CC_8FD3E26A5EC7,1
CC_8FD443ACC972,1
CC_8FDD097F76BE,1
CC_8FE3EA08FC2C,1
CC_8FE6E0B785D9,3
CC_8FEA007987A2,0
CC_8FEEAA241E99,4
CC_8FEEC4BB6EE7,4
CC_8FF525FCCC75,1
CC_8FF8613D7AC0,2
CC_8FFD323CDA6D,4
CC_8FFD86B00E18,3
CC_9002C18B8B3B,2
CC_90042DD1D514,3
CC_900A68867351,4
CC_900B0EB29DCC,0
CC_900E3195F4DB,0
CC_900FAB2E1BAF,4
CC_9019AE0A166D,3
CC_901A8562A15B,0
CC_901B8991A516,0
CC_901BAEE26BF5,3
CC_90212193BCFD,1
CC_902154FF44FD,3
CC_9021D0BFC9FC,3
CC_90245F242A83,4
CC_9025C74CB07F,2
CC_9026B24CF73F,3
CC_902885A2F754,2
CC_902E53409BCD,3
CC_902E903CB529,4
CC_903316033605,4
CC_90331FFDBCD6,4
CC_9036D161DBF1,2
CC_90379CCFBC26,4
CC_9037F9787423,3
CC_903E0AED59B3,4
CC_9042536A6405,2
CC_90430CADE6B8,2
CC_9043447202DC,3
CC_90442B913816,2
CC_90476C3A33EE,4
CC_9049B4A24611,3
CC_904A7A64E1B4,2
CC_904DEC0902FA,2
CC_904E55ED71D6,0
CC_904F5ECC1642,4
CC_9057B14FD9F1,0
CC_905A1E445ADE,1
CC_905B54FB2ACC,4
CC_9061924A0476,4
CC_90689F9815B0,0
CC_906AAE6F6976,1
CC_906B5D0C5D92,3
CC_9077D6F66DA9,0
CC_90799C4DA25D,0
CC_907A72361C8D,1
CC_907AD96D3A79,4
CC_907AEB6F5390,0
CC_907D517B4FC6,2
CC_90800B1FE7F4,2
CC_90801A791906,4
CC_9084020D7DFB,0
CC_9085A6BDD81E,2
CC_908E6617F158,2
CC_908F48D24107,1
CC_908F6B26160B,4
CC_9090C28905F6,1
CC_9094EC072A54,1
CC_9096471AC9D4,4
CC_9097AD5E2C2A,1
CC_909889133B0F,4
CC_9099D927641A,0
CC_909A6BCD2B78,0
CC_909B0346F4B6,0
CC_909B13294B3B,1
CC_909DB2118DD1,4
CC_909E3A3566C5,3
CC_909F09A9C03C,0
CC_90A48273A069,2
CC_90A55CFBED1C,0
CC_90A7B5FC24BF,0
CC_90AAFF0D984E,4
CC_90AB2BA835E3,3
CC_90ABE7B4746D,4
CC_90B02BF4AAD0,0
CC_90B37ACEC5F6,0
CC_90B47B33B92B,4
CC_90BF4D3507CA,3
CC_90BF935BCF2D,1
CC_90C1A4BA7BFC,3
CC_90C20A63B818,3
CC_90C659ACD703,0
CC_90C70A143CB8,0
CC_90C8E0995627,1
CC_90CA7FB25934,0
CC_90CACEC36F62,3
CC_90CB1DF08423,0
CC_90CB6E176D86,3
CC_90D011D55ADA,1
CC_90D06EB7B1D6,3
CC_90D0DB85C326,0
CC_90D2C2502267,2
CC_90D39B332FE7,2
CC_90D4C4A58F39,4
CC_90D54BE5B34B,1
CC_90D70C41B763,2
CC_90D914BAE2F9,3
CC_90D99549E9F1,0
CC_90DE91AFEE77,2
CC_90E4202B0F80,2
CC_90E4D48C8767,4
CC_90E5082B3708,0
CC_90E5BB99FA11,2
CC_90E657FD0717,3
CC_90E6E198803F,4
CC_90EC89637DB0,3
CC_90F049413324,3
CC_90F499FDAFFA,3
CC_90F7115ABCF0,2
CC_90F856035123,2
CC_90F8EF623488,1
CC_90F970707673,2
CC_90FAC8BEB2F3,3
CC_9100E5C850B2,2
CC_9103D8510970,3
CC_91044A71B1B1,1
CC_9105587593BF,2
CC_9107B3C07AC7,1
CC_91080CC14F4F,3
CC_910955C40913,0
CC_910AE8CB4149,3
CC_910AED9B2F9D,1
CC_910DAB0868E3,1
CC_9110FB9BCC66,0
CC_911118B8423D,3
CC_9114EB5C0F5E,0
CC_91167BE4F588,3
CC_91175E35EC4F,1
CC_91181D56DD75,0
CC_911881C6DCA7,4
CC_91188D52FDBF,3
CC_91199C547AFC,1
CC_911E293CBE53,0
CC_91233E56800C,2
CC_91243FA1B859,1
CC_91244C60A9C7,2
CC_912717027CAF,1
CC_912738B1532E,0
CC_912C361D818E,1
CC_912C61F73060,3
CC_912E0C343859,2
CC_912F6468C823,3
CC_9131CB6EFC78,1
CC_9132E0E78904,4
CC_9133551228B7,3
CC_91379670618A,2
CC_913A15ED1471,4
CC_91471E17BC49,3
CC_914E36320549,1
CC_9150A3A3313A,2
CC_915223128501,2
CC_9156E3A6BA15,2
CC_91579CB462D2,4
CC_9157A37425A8,0
CC_91599A338941,3
CC_915C7AF0D80A,3
CC_915D8247FA76,0
CC_91658F55D9BE,3
CC_91679B2674CE,2
CC_9167D0A47EEF,1
CC_9169B8D4AE12,0
CC_916A34F39225,4
CC_916DEF8EE16A,4
CC_9170A73F144D,4
CC_917AE86FBC10,2
CC_91805F6C2712,3
CC_9182DA53CB8A,0
CC_9183FE8127AA,4
CC_91843D0B4C73,3
CC_9184C47129CC,2
CC_9186DC21EC08,3
CC_91895EAB5249,2
CC_918D6053D3FD,1
CC_918D974DFEF5,2
CC_918F52797338,2
CC_9194CF1720B3,4
CC_9196E185EFF0,0
CC_91978CB20185,0
CC_9198D167A173,0
CC_9198DF292852,3
CC_9199BD218421,2
CC_919ADF1F4DD7,3
CC_919E9374D1F3,3
CC_919F746C4F75,0
CC_91A019C95306,1
CC_91A3C64F9589,2
CC_91A5603A057B,2
CC_91A777E7F25E,1
CC_91A8E6D954BB,1
CC_91AAD70BCF3C,1
CC_91B08DF47D95,0
CC_91B0F6CE3E81,0
CC_91B246730C99,2
CC_91B6E17D86F5,1
CC_91B941AB2AED,3
CC_91BCC5032DDC,1
CC_91C01861619E,1
CC_91C3D5ECAF47,1
CC_91C7526BA44F,1
CC_91C82ED69A02,3
CC_91CE5FE12187,2
CC_91D0C7EB9C43,3
CC_91D4F2EC8CCF,2
CC_91D6FFD13849,0
CC_91D7C75A28F5,2
CC_91D85FBC31C4,3
CC_91D879691452,3
CC_91DAEC5248C4,3
CC_91DAF2676EEB,4
CC_91E0FA9D75D0,1
CC_91E334B66F48,2
CC_91E59627013C,0
CC_91EACFC34845,0
CC_91EB6FD8B68D,0
CC_91EC957CF080,1
CC_91ED6BA411AE,4
CC_91F750EB9FA3,4
CC_91F78C06F19D,4
CC_9201669C6736,0
CC_920246B7694F,4
CC_9203933F6143,2
CC_92066C7BDDA9,4
CC_9209D0A99335,1
CC_920B290E0BE3,4
CC_920C573ABE12,0
CC_920F3798E553,0
CC_92101E425311,0
CC_921249534F15,2
CC_9213769F6172,0
CC_9213E8A22640,3
CC_921410EE8E35,3
CC_9215C256C3FF,1
CC_921784F2585F,2
CC_9218E5FB6F21,4
CC_9223238E4DF8,1
CC_92239DE9D11F,0
CC_9227085F4FEE,2
CC_9227B7671B0D,4
CC_922859E64E59,1
CC_9229CC35C09A,0
CC_922A45DAED1B,0
CC_9232D20C0C25,0
CC_92350D003F9C,3
CC_9236BD651210,1
CC_92398D2D19D8,3
CC_923CD2E42F3F,4
CC_923E57488EC0,2
CC_923E95B90A4A,4
CC_923F618195C8,3
CC_923FB08DE731,2
CC_924187D97FB0,1
CC_9242720133FC,0
CC_924447D7C527,4
CC_92492509B235,2
CC_924DC21F8182,3
CC_9250A2FA8D82,2
CC_9254DD16D362,1
CC_92560046137D,1
CC_925B09D3F996,2
CC_925B14F5652A,2
CC_925DDDFC4F97,0
CC_925EC17F6322,2
CC_925FA1993079,0
CC_9260A0CA1925,2
CC_9266A021D91C,0
CC_9267F0A7E3D8,3
CC_926A5ED69727,0
CC_927062E00389,4
CC_927162A1B2F8,3
CC_92783AADBC1E,3
CC_9279C780F0C8,3
CC_927B30887061,3
CC_927C6C60C71F,0
CC_928110FF11AF,1
CC_928224B1AEA2,1
CC_928519A49DF0,0
CC_92877D2B66C6,0
CC_9289610BE3B6,4
CC_928AB5E0CD0E,3
CC_928DFC8CBCC1,3
CC_929578D9FDEE,4
CC_929B6B841542,3
CC_92A00A69CD83,0
CC_92A9F5B1C70C,0
CC_92ABDEC95854,3
CC_92B29E23743C,3
CC_92BC2AE8BBAF,2
CC_92C40C5B364D,4
CC_92C45B9F3102,2
CC_92C498280A23,4
CC_92C4AC2EF301,2
CC_92C792FECEB5,4
CC_92CB6B9CB74A,2
CC_92CDA8AF1584,3
CC_92CE11B153ED,1
CC_92D426AF7AC1,1
CC_92DDEB25634A,0
CC_92DF5298538B,0
CC_92E19CBA7941,1
CC_92E218771AF4,2
CC_92E23B752676,3
CC_92E6C43BE3EF,2
CC_92E7447CBFB2,1
CC_92E7B3C68289,4
CC_92ED10A0AC8E,3
CC_92EDFA10A521,1
CC_92F24C4A6218,2
CC_92F36BF384AA,2
CC_92F3743AAB05,1
CC_92F3B84EBD35,3
CC_92F5671107C4,4
CC_92F7046C417D,4
CC_92F952D7030C,3
CC_92F9D7D113D9,2
CC_92FCFD9A3E7F,2
CC_92FDA84251FC,2
CC_92FEAA3C9B06,3
CC_9304A6E6420D,1
CC_9305112DAE30,1
CC_93064203DECB,1
CC_9306BC4D773D,1
CC_930B1EDD1DFE,0
CC_930B5527DD50,4
CC_9313C8D28F92,3
CC_9314FC34190F,3
CC_931E54C3A36D,1
CC_931E72E74A97,4
CC_93207E1A883B,4
CC_932398FB45F6,3
CC_9324D70C4B21,4
CC_9326D0C170DD,0
CC_9327522FDCA4,0
CC_932A460A3BA1,1
CC_9330FAA9E6E9,1
CC_9331D7E773BE,4
CC_93369618D2F5,0
CC_9336D5452427,0
CC_933A89FBDDEE,3
CC_9341E2D0EC6A,1
CC_93445EA3B06C,3
CC_934AA3449713,2
CC_934D33D1C21C,1
CC_934DA5B2274E,2
CC_934F355E3297,3
CC_934FB6A966C9,2
CC_935240A289A1,3
CC_9356CC8BF2A5,3
CC_93573A6F65EE,3
CC_93595F8F0697,3
CC_935BA67F8F24,3
CC_93651943C1F7,0
CC_93654E8BEED0,4
CC_93684545BBCD,2
CC_936B2180679A,1
CC_936F79F03E05,0
CC_936F7E8B09D9,1
CC_936F8DC31AB9,0
CC_936FB8B2106A,0
CC_9371EEEFE2AB,4
CC_9371FDAA6306,3
CC_93741C5A6C34,4
CC_9374348803DA,0
CC_93781A13FB6C,1
CC_937F77C063F6,4
CC_9386A89109EC,0
CC_9389D1B33F31,2
CC_9389F2437664,4
CC_938F8F0512A0,0
CC_93988817C632,1
CC_939D51928FE8,1
CC_939F2BC98194,3
CC_93A2E2618403,1
CC_93A390B38169,0
CC_93A64AD82CE2,4
CC_93A653A4CCE4,0
CC_93A8BCE5A49F,1
CC_93AB951F5F8A,4
CC_93AC962421F3,3
CC_93AE02CF193C,0
CC_93AF6645141F,2
CC_93B176A5B0D4,4
CC_93B4ED0A84AB,0
CC_93B67B6F54CF,1
CC_93B70FBC2268,0
CC_93BCB888A5F3,0
CC_93BF8FC1C4EB,2
CC_93C07F7C80C1,3
CC_93C24E939649,3
CC_93D1AB4C05CB,2
CC_93D3748E57D4,2
CC_93D5EEE96658,3
CC_93E0FE585B37,0
CC_93E625702663,1
CC_93EC3E3AE9B7,4
CC_93EDDBCF4BD1,3
CC_93F104795B75,2
CC_93F3BFF67C1A,1
CC_93F76A0CA3F3,0
CC_93F99508275F,1
CC_93FD431A757F,3
CC_93FD71A9F863,4
CC_93FFEDBC449E,0
CC_940578786109,2
CC_9405B5271CC9,2
CC_940C5D32D69A,4
CC_941D5EFA9018,0
CC_941F4B25E984,0
CC_941F50B9C01A,1
CC_9423EEEA8B23,1
CC_94249B8C7F50,2
CC_9426635F2A9E,4
CC_9426750C93ED,3
CC_9427116C9062,1
CC_942906C49C62,3
CC_942936C97AD9,2
CC_942D1F87D7A3,1
CC_94338B32807F,4
CC_9434AC3A70AA,0
CC_9434F6AF96C0,1
CC_9437440F0404,0
CC_943C3C4E85C4,2
CC_943F8520D4BE,1
CC_943FFE9B1EF0,4
CC_9442006C9626,4
CC_9442FE9781F1,4
CC_944765FB4B79,1
CC_944A5D073AD7,0
CC_944BB74BC1EC,4
CC_944DE49C9A67,1
CC_944ECC12BFC8,1
CC_94510B089044,1
CC_94525F2882AD,1
CC_945BC68133AE,0
CC_945E4B1602D6,4
CC_94610EE9BC8E,4
CC_9461F5B51C36,4
CC_9465F99E1B28,3
CC_9466A936B3DC,4
CC_9466B0A27543,2
CC_946702762F3C,4
CC_94696DA4AAC9,2
CC_946A1FCA1E3D,1
CC_946E1B8988F7,2
CC_946EDAF842C1,1
CC_94716BB6BF9B,3
CC_94729285F466,4
CC_947306655635,0
CC_94750C4E2BD2,0
CC_94757C203A44,0
CC_947631549607,0
CC_94771A48955E,1
CC_9477E948D341,1
CC_947933368700,3
CC_947EEE5186F8,4
CC_9480A6E73D94,2
CC_94822BA9847A,4
CC_948314B9B684,2
CC_9483D2A297EE,0
CC_9483E3A12EA1,1
CC_9486AF073404,2
CC_948EFB088891,0
CC_9492B760F8C6,1
CC_9493B84EE83F,4
CC_949F8C9D9B81,1
CC_94A4929B4790,2
CC_94A495031F61,3
CC_94A81005687D,0
CC_94ADE7720843,3
CC_94AF182C93FF,2
CC_94B0C650D4D9,4
CC_94B0E7A88E20,1
CC_94B32E78366A,2
CC_94B63A8E8528,0
CC_94B8E8378508,4
CC_94BCA5B30421,4
CC_94C0A7E12FD2,3
CC_94C69720EAD2,4
CC_94C77B6F2B87,0
CC_94CB2A4A4F20,4
CC_94CD49868D84,1
CC_94D1B933D927,1
CC_94D4385211E1,0
CC_94D57937CCE5,2
CC_94D61BDAD45B,1
CC_94D650911045,2
CC_94DB0677F7C2,1
CC_94DE2CCE2B09,1
CC_94DE52ECCCBB,4
CC_94DEA755FC3B,3
CC_94DEAA396F91,2
CC_94E5D40325B2,4
CC_94E7E6AB7D2D,0
CC_94E8D8B91FE1,2
CC_94EF1E5D4A15,4
CC_94F13FF23D79,1
CC_94F29F2A2D84,3
CC_94F7FA39CBD5,4
CC_9501940176AA,0
CC_9503BAAFB857,3
CC_9504D358B0B6,2
CC_95098B30EF9C,2
CC_9509B25E3510,0
CC_950CAA827AC4,2
CC_950D62C739E3,3
CC_95140374A892,1
CC_9518C9A79108,2
CC_9518E7A75632,4
CC_9525A21B3CF7,1
CC_9529335F979A,2
CC_9529E36C543A,0
CC_952EA1F3A4D5,3
CC_952F0C921B1B,1
CC_9531CC6E5259,0
CC_9532629C3C57,4
CC_9533AFE39106,2
CC_9536B41EBE3E,0
CC_9536F9C488C0,3
CC_9538649C55B9,0
CC_9540C78F8371,4
CC_9543BC18CB2F,0
CC_954664815BF3,1
CC_954BFDA767F4,3
CC_954D709E7E86,2
CC_954EFA90D177,3
CC_9550BE43BCE4,3
CC_955170FAE574,2
CC_9551F8102002,1
CC_955379D397CB,2
CC_95542A2A5F50,4
CC_9555C3A3A58E,4
CC_95572DF671A8,4
CC_9557A3D5C201,0
CC_9559D59E651E,0
CC_955A63DFE8AB,2
CC_955C4774C140,0
CC_955DAA3BA44A,2
CC_95610855ACA4,1
CC_95629083F089,3
CC_956A64E5BC35,1
CC_956D75F22393,0
CC_956F7C2604E1,3
CC_957664784C27,2
CC_9576833B2F14,2
CC_95779EAFF606,0
CC_957AA0436B04,0
CC_95802EE5928B,0
CC_95822831F5EF,3
CC_95830D185CD7,0
CC_95835E792B97,4
CC_958398BF3906,4
CC_9584A0B242A9,0
CC_95862F8919B7,0
CC_958642AEC472,1
CC_958A461C7FDE,0
CC_958BC1362809,1
CC_958BCE504513,2
CC_958F46132030,0
CC_959204BF8D0C,1
CC_9593D9666264,0
CC_95958C635EA1,1
CC_9597A45A9701,3
CC_9598D9FBD555,2
CC_959E35C81EEA,0
CC_959F1E2D7C51,0
CC_959F4578484C,1
CC_959F6394951C,4
CC_95A1CFFB01B5,3
CC_95A3146A5AC2,1
CC_95A7DE776467,4
CC_95A8527966A8,4
CC_95AA10685437,2
CC_95AAE5937948,3
CC_95AC13AD6BF0,0
CC_95AE56757E0B,2
CC_95BA73143BD8,4
CC_95BAB9E71DC5,1
CC_95BC70AADAAD,1
CC_95BD2C4D0AE9,0
CC_95BDD5EDDF85,1
CC_95BF2F98A295,4
CC_95C0BED6E1AF,3
CC_95C2A2FCD176,4
CC_95C39D51A802,0
CC_95D54B97CC22,1
CC_95D5CB6F97EC,2
CC_95D7391DB939,2
CC_95DC9CA4529A,0
CC_95E54D7C8816,3
CC_95E8DDA64413,0
CC_95E9B57AD316,4
CC_95E9DCD98EAB,1
CC_95ED8AB0DFCC,0
CC_95EF53C1CA1E,1
CC_95F83BE5DCF1,1
CC_95FA2CB1E6B8,3
CC_95FB332B602C,1
CC_95FC1D71C439,3
CC_95FE165AA3E7,2
CC_95FE1C016102,0
CC_9600B3DCC88E,0
CC_96019119845B,0
CC_96058A1A1906,1
CC_9610BBF27254,1
CC_961848FADC13,0
CC_96185CD65F6D,0
CC_961860A5CB95,1
CC_961CA96EADBD,1
CC_961EDEB38C49,3
CC_961F4DAA208F,1
CC_9624480F2828,0
CC_9624BA9B14FA,4
CC_962BAA0180B3,0
CC_9632C8C51784,4
CC_9632FAF12968,0
CC_963317C634A7,3
CC_96383E75E649,1
CC_963C0A992FC1,3
CC_963D08B3005B,0
CC_963E470BA402,0
CC_9644984DF5C3,4
CC_96499350271A,1
CC_964CBEEE401D,3
CC_964CCA749BB5,0
CC_964D4F688228,1
CC_9650D9A498BF,1
CC_96512C3D3A9D,3
CC_965200EF412C,4
CC_9657A6320940,2
CC_965E8C4E29C4,2
CC_965F33944AA7,3
CC_965FE01791DF,4
CC_9665C8600681,1
CC_9667C2016494,4
CC_966826A06AAB,4
CC_966AAF6A148A,0
CC_966D5FB4F143,4
CC_966F651925A2,4
CC_967138E15915,3
CC_9672A60A858F,2
CC_9675D5DBBAB9,2
CC_967723D3B9CF,3
CC_967D6ACE6CB5,0
CC_967D7FC9740D,0
CC_967ED2FFD3BE,4
CC_967F1BCA3CD3,4
CC_967FD4C5C41A,3
CC_9684281748C5,1
CC_968443F31CC8,1
CC_9684C24C70D8,4
CC_9687149782A4,4
CC_96884C7991DB,1
CC_968F3F9A86A8,4
CC_969371CBFC5A,4
CC_96957ED8CE30,2
CC_9695820C04AE,1
CC_9697CD059E63,0
CC_969B17D4AE8E,1
CC_969ED09344A5,3
CC_96A7C6A1BC78,1
CC_96A7CC5C3344,2
CC_96AF3727A1BB,3
CC_96B4185480B3,4
CC_96B85B79990F,1
CC_96B898E43E2D,4
CC_96BB65B55C8C,4
CC_96BD830244AF,3
CC_96C059A9DB70,0
CC_96C06B2187FE,2
CC_96C3C853A6A0,2
CC_96C63BB58935,2
CC_96C6E5849E46,3
CC_96C9029958F6,1
CC_96CF3AE65C29,3
CC_96D107E91BDE,0
CC_96D4FB094913,4
CC_96DA0109E940,0
CC_96DC2F41AADC,4
CC_96DE02A7700C,4
CC_96E0B16CF415,2
CC_96E0CA890231,3
CC_96E4FCF08E87,1
CC_96E879074800,3
CC_96EB6B6C4A34,1
CC_96ECE56D1DF2,4
CC_96F2D1BE9109,0
CC_96F2EA1D88F8,3
CC_96F30688F835,3
CC_96F3215E1B85,2
CC_96F35D7CC867,0
CC_96F4098EAC27,4
CC_96F40F8D0379,2
CC_96F5BE4B4F36,3
CC_96F66134F3EE,4
CC_96FA5804BFC4,4
CC_96FA9686E5E1,4
CC_96FAEFD659C5,3
CC_96FD522D70E8,0
CC_96FE8F842DB3,1
CC_96FED971B655,3
CC_97047A3C15E2,4
CC_970486F59FD8,3
CC_97059BBD6FBE,4
CC_9707C4E39DAB,3
CC_970C32F7FEE3,2
CC_970E272F73B2,1
CC_970F0031C5C6,0
CC_970F0D85EB63,0
CC_9712B26408CC,3
CC_97188ACE5303,1
CC_971A80130D71,3
CC_971C58E7EBD2,4
CC_971D4E01108F,1
CC_971DCD18BB35,1
CC_971E1749A0CD,4
CC_9723B91A38DC,3
CC_9723EF887C61,1
CC_972593589D46,1
CC_9727E0458809,0
CC_9728CA5AF50F,3
CC_972F8AF3AB13,2
CC_9736C6426FBE,1
CC_9737850D67A6,0
CC_97386FD71343,2
CC_973CD69E3FB0,1
CC_9745C7ABC153,3
CC_9749FF690A0E,3
CC_974AAB27EC0D,0
CC_9753E9D79B0A,3
CC_97565357D6DD,3
CC_975850FD3B1C,4
CC_975C04E9C3DE,3
CC_975CB89988E5,3
CC_9763FEFF1B16,2
CC_9764AD069579,4
CC_9764D4A64860,1
CC_97661C0FC152,0
CC_9767ABEF0B1C,2
CC_976A80FCEA4F,0
CC_977126F292DD,4
CC_9771275E529D,3
CC_9773AC2F0118,3
CC_977941331C01,1
CC_977A6EF0004D,0
CC_977AF522149E,4
CC_977B2D20353E,4
CC_977D033D0A0C,0
CC_977DB03C8C6E,4
CC_9782557B7D14,2
CC_978618D07C20,1
CC_9786DD6BA201,3
CC_97878EE6ECCF,4
CC_9787B03BACFF,2
CC_978E13B282BF,0
CC_978E272EA29F,4
CC_978FC5FA5311,3
CC_979002539E11,1
CC_9795E4550DF8,4
CC_9797A1B730DA,4
CC_979F1B1BF1FB,3
CC_97A6F96954AD,0
CC_97A87F1959BB,1
CC_97AAB5D78EC5,1
CC_97AC1F87F091,3
CC_97ADDFF95F04,3
CC_97AE6F66CD8A,1
CC_97B0AB134BF9,1
CC_97B4B88D8712,3
CC_97B5CFFC6614,4
CC_97B88FE18118,1
CC_97B91775CE9C,0
CC_97BD5D195DDA,4
CC_97BFA8A618FA,0
CC_97C1FBDF0546,2
CC_97C2FC6730CA,1
CC_97C515AB4113,4
CC_97C713652716,2
CC_97CC99428183,4
CC_97CCE58865E1,1
CC_97CCF135184B,1
CC_97CF2E84BE62,1
CC_97D0C4B118B6,3
CC_97D5EC942C32,1
CC_97D7185B3E82,1
CC_97D73A8F0F6E,0
CC_97DBA431DFA2,3
CC_97DD6B43AA20,0
CC_97DDC617DE6E,3
CC_97DE3FEE55A9,3
CC_97DF7DE7A60E,0
CC_97E1C8EB9334,2
CC_97E9AB22F880,0
CC_97EA5660B2D7,1
CC_97EEA36A5056,3
CC_97F1B50C9F2B,2
CC_97F396E26FBA,0
CC_97F47E90B73E,1
CC_97F520FE1117,4
CC_97F61A55294E,2
CC_97FD4B00B05B,4
CC_97FE96060079,0
CC_9801E056FDAE,3
CC_980A88F77482,2
CC_980CF333F19C,0
CC_981912DCF4A8,2
CC_98197C75459B,4
CC_981A1BA9CDCD,0
CC_98200A8D25ED,3
CC_98241CFE28C8,3
CC_98265FBE4F5F,2
CC_98274DF6B862,0
CC_9829AEC09419,0
CC_982B8CBF9FB8,0
CC_9830EC45F3E2,1
CC_9831D30DC7DD,0
CC_98387F5E38FF,0
CC_9839A897675F,1
CC_983E30C55B02,3
CC_983FE440DFA5,1
CC_98446CD9D196,4
CC_98467B7DAE54,4
CC_98480C75B0FA,2
CC_984E4F91CDFB,3
CC_984FE0AD0782,2
CC_98510642EA07,4
CC_9853CBC92B82,4
CC_9856A284D68E,2
CC_9858A1653CFA,3
CC_985B07B6CD1E,4
CC_986729F8496A,2
CC_9869ED0439C3,2
CC_986A8F49F8CC,2
CC_986B76A30161,0
CC_986EEB87E3E1,2
CC_986F357A29D0,2
CC_9875DCD23C99,3
CC_9879B339D65E,4
CC_987ABDFCC7E4,4
CC_987AD622D141,3
CC_987B645B3435,0
CC_987F9D26489B,3
CC_9881AE769137,2
CC_988330459286,2
CC_98834A5783E0,0
CC_988487F1820D,2
CC_98854082EB45,1
CC_988837174890,4
CC_988A1A9CAFB3,3
CC_988C14467EF9,1
CC_988DC6ED29CF,1
CC_988E858E67C1,0
CC_98905E20F115,0
CC_9892E1B74196,1
CC_9893FDE341B8,2
CC_98957749A29E,1
CC_9898C4CD75B8,0
CC_989E96A9AE0B,1
CC_989F83062FB3,1
CC_98A000DCD895,0
CC_98A105F7178B,1
CC_98A4A3961CB6,3
CC_98AA5AEB25A3,3
CC_98B1C9EAF5F9,3
CC_98B49349E10E,0
CC_98BADDD5B46F,1
CC_98C4060202AF,3
CC_98C43575629A,0
CC_98C8793838A4,4
CC_98CAD3AC68E0,3
CC_98CE1814DF9B,2
CC_98CFA41E3442,1
CC_98D6CC9D5CF0,2
CC_98D6FC469A51,1
CC_98D7324F72A4,1
CC_98D89A29A372,1
CC_98DBE0FE8D39,3
CC_98DC203CE541,1
CC_98DD297D60A8,0
CC_98DE5AED637C,0
CC_98E02024D306,4
CC_98E07C8E9564,1
CC_98E5970E3904,2
CC_98E8D44B0529,3
CC_98E9CAF33E27,4
CC_98EE2ED2BE0A,2
CC_98F1DDCE75F9,4
CC_98F2688C989D,3
CC_98F3F9A24225,2
CC_98F5EDC71A06,4
CC_98F7F5D08527,4
CC_98FCB8955EC7,4
CC_9900D5D2F1D0,2
CC_990438B9C8B3,2
CC_990530034713,1
CC_9908C1CEA041,1
CC_990974187BFB,3
CC_9910ED07DC24,3
CC_99132BC81F36,1
CC_9914B7668E55,3
CC_991616798739,1
CC_991A1DA5E063,2
CC_991A65AC144C,0
CC_991CF8DF93E1,1
CC_991D14AA96ED,3
CC_9923649E630F,3
CC_992810DAB8A7,4
CC_9929E955C9F4,0
CC_992C35C86D44,4
CC_992CAEB63DF1,3
CC_992D954E2F5C,0
CC_992DCE0CA792,1
CC_992DD0D08A60,2
CC_9932E09ABB41,0
CC_9936812CC394,0
CC_9936CFE77679,4
CC_9937A7AFEA7E,3
CC_993AE43FF5AE,4
CC_993B89013EFB,1
CC_993C1D353EF8,4
CC_993E2D417FC4,1
CC_9941C1F05753,4
CC_9942F04E4420,4
CC_99449C21262B,3
CC_9948D0D90A84,0
CC_9948DB73B5AA,2
CC_994B16224B26,3
CC_994E20090196,0
CC_995A5D5A2739,2
CC_996001F892CE,2
CC_9960E59F494A,1
CC_9961253F92C4,4
CC_99626988E816,4
CC_996287641E43,1
CC_9965A238442A,0
CC_9968D6A1D1E5,3
CC_996A8D9B2CC2,1
CC_996B4F1F4A74,0
CC_996B73BE8CCF,0
CC_996E9104C466,1
CC_996F8FD2C18A,3
CC_997347F1CD25,4
CC_997375DCDAFC,3
CC_9973E6A54EA2,0
CC_9974D8870F19,3
CC_99763712603D,3
CC_997D5A7F7207,1
CC_99815EA20C51,3
CC_99827504C8F2,0
CC_9983A0927404,2
CC_99884C8AC6A4,2
CC_998ACB251F46,1
CC_998D1461748D,3
CC_998D76801DA7,3
CC_999E2D80EA3F,4
CC_999F4FCD9249,0
CC_999F9CEBA195,1
CC_999FE40C4AD1,4
CC_99A24AFDCE70,4
CC_99A28CA808A5,3
CC_99A83502E95D,1
CC_99A98A048300,2
CC_99AA5338840A,4
CC_99AF513D1691,4
CC_99AFC3A96C03,1
CC_99B6EFCC0563,2
CC_99BCBF3FFF88,2
CC_99C43AEFE1B3,2
CC_99C86A88C05C,0
CC_99C898D3AAA5,1
CC_99CA8B4AADE7,2
CC_99CC97AFFBE9,0
CC_99D7D6CA7EB7,2
CC_99DD36B79676,4
CC_99DE8681D1C5,2
CC_99DF248DDC04,2
CC_99DF59BFD684,3
CC_99DF6DEB4B62,2
CC_99E29DFE0BD5,0
CC_99E2FE9256D9,2
CC_99E3F5BA13EF,3
CC_99E8213757BC,0
CC_99F255392513,1
CC_99F7CF29223E,3
CC_99FBB9031540,4
CC_99FBFFE2F6D5,3
CC_99FF6246B684,0
CC_99FF9AB18421,2
CC_9A01A52861AD,3
CC_9A0A60530AA4,2
CC_9A0FC7C77BC7,4
CC_9A1301BC801D,2
CC_9A13DF86BEE1,2
CC_9A14A7D84A1B,4
CC_9A168F010E4C,2
CC_9A171C77CA72,2
CC_9A29ED9ACA7F,0
CC_9A2FC2A678B7,2
CC_9A3016BBAC37,2
CC_9A311651A4C7,0
CC_9A342AC2621E,4
CC_9A343C8F569C,2
CC_9A38B10723E5,4
CC_9A39E253AF08,3
CC_9A3CBDA8395B,0
CC_9A40401ABB0A,2
CC_9A408D1A68E3,3
CC_9A459765996D,3
CC_9A476B3E0A6F,0
CC_9A4D255CA9FD,1
CC_9A5003E05A7A,1
CC_9A527BA3EC81,1
CC_9A54E3DF0F85,0
CC_9A5524F7ACD5,2
CC_9A58703FF2E1,3
CC_9A5AFAAF235F,2
CC_9A5C807B420A,4
CC_9A5E08886480,3
CC_9A5F286660E0,2
CC_9A6088ED6EFE,0
CC_9A63DC86BF71,2
CC_9A6EDD2A4981,4
CC_9A77EC2042DB,1
CC_9A7E11F28021,1
CC_9A7FE9D5226F,4
CC_9A83930DC383,3
CC_9A8984EFF077,4
CC_9A8C1D5A71B7,1
CC_9A8C39C88FE7,0
CC_9A8D431E8D54,0
CC_9A971A0A6D6E,4
CC_9A9CBCF5FAD4,2
CC_9A9DE4FC2569,1
CC_9AA1B789058B,1
CC_9AA2965BCC49,2
CC_9AA661F07DDE,2
CC_9AA94DA24C2E,2
CC_9AAAAA12F92B,3
CC_9AAEC0A3C90A,3
CC_9AAF6A221EFB,2
CC_9AB24C136B8F,2
CC_9AB30355A267,1
CC_9AB3C1C22F4B,0
CC_9AB771866CFF,2
CC_9ABA8905D59B,4
CC_9ABB82B817FA,2
CC_9ABE39731ABD,1
CC_9ABEBACE59C5,0
CC_9AC249F7D583,0
CC_9AC3F405E51D,3
CC_9AC42994F826,4
CC_9AC84F2E83E4,3
CC_9AC94936EF1C,0
CC_9ACB2F13F9AB,4
CC_9ACD5206EF5E,4
CC_9ACD55D828BF,0
CC_9AD3C1FCDC11,4
CC_9AD47C871032,0
CC_9AD48D80B3F9,0
CC_9AD6CDD081A8,0
CC_9ADA5B86AC25,2
CC_9ADDD7168C96,3
CC_9ADF233A3D67,1
CC_9AE029511609,4
CC_9AE0D528E895,1
CC_9AE12B23F5FE,3
CC_9AE25064E161,2
CC_9AE3DD9C4892,2
CC_9AE3EC55C2F5,0
CC_9AF19552DC01,3
CC_9AF2592C810C,4
CC_9AF5D84C1B45,2
CC_9AF9AF1A9997,3
CC_9B0226711A48,0
CC_9B0327BFA162,4
CC_9B0382DC26C8,3
CC_9B040A58CD75,4
CC_9B050E5A0E35,2
CC_9B06AF154762,4
CC_9B07FBEFE4C0,3
CC_9B08AE1AF7B6,1
CC_9B0929A5393B,0
CC_9B1081F0DB34,0
CC_9B1502A27C95,1
CC_9B18C3CCC572,2
CC_9B1AD8400198,0
CC_9B1F939DA250,2
CC_9B2167286546,4
CC_9B23A2A8E40B,3
CC_9B23F4DF4013,2
CC_9B25DA0694AE,3
CC_9B27CE1F22BB,2
CC_9B2848E15240,3
CC_9B2B1406B94B,0
CC_9B2E3EC2D193,0
CC_9B2F8167CB6D,2
CC_9B3390A57B16,3
CC_9B3F76AEE5C4,2
CC_9B4084E04035,4
CC_9B441ED5A9F7,3
CC_9B442BD9F14C,1
CC_9B48297FCE76,1
CC_9B4BBE9B4292,0
CC_9B4EE7104652,0
CC_9B4F40D51210,2
CC_9B5204E6D766,4
CC_9B53A6514133,0
CC_9B553035A577,4
CC_9B5AC5B90415,3
CC_9B5C65CC0B17,2
CC_9B5EF1DBF7B8,2
CC_9B64578C7CFB,3
CC_9B64934CB771,3
CC_9B66E9EBAE1F,4
CC_9B67FEC26352,0
CC_9B6AE4DA9AF8,1
CC_9B6C98FDFC45,1
CC_9B6F1F1D811D,1
CC_9B70925287B5,1
CC_9B71B2D75EF1,4
CC_9B76D1195855,3
CC_9B86CABE0D76,2
CC_9B8756EDA273,1
CC_9B8948988C5D,4
CC_9B8979940171,2
CC_9B8B3789AB86,4
CC_9B8D8E5FF262,4
CC_9B8E7080EAA4,1
CC_9B92D1ED6BDB,3
CC_9B9352FE593C,4
CC_9B9798291FCB,1
CC_9B984819E10A,2
CC_9B98D755310C,0
CC_9B9BAE3AFC1F,1
CC_9BA196786679,4
CC_9BA25541E1FD,3
CC_9BA650B8ECE5,1
CC_9BA674FB0F33,2
CC_9BAA09933D00,0
CC_9BAFB5996D09,1
CC_9BB103CD73C1,0
CC_9BB18E89EEDA,4
CC_9BB2A41EFB4C,0
CC_9BB6A7228385,4
CC_9BB6F7219762,2
CC_9BBE41330385,2
CC_9BBE87990208,4
CC_9BC22982509C,3
CC_9BC3D103E0DB,4
CC_9BC3F6DE3606,0
CC_9BC8E6693A69,3
CC_9BCCF360D38D,1
CC_9BCD717701B6,0
CC_9BD00BE180F9,3
CC_9BD5182312A3,0
CC_9BDB7AA1F4B0,0
CC_9BDE04C705CF,2
CC_9BDE0FC897DD,4
CC_9BDE329D8CFB,0
CC_9BE07796D896,3
CC_9BE10C3CFDAB,1
CC_9BE64542855C,3
CC_9BEE34AFAA50,0
CC_9BF1F1A14C05,4
CC_9BF33E72349D,3
CC_9BFB55A5040D,2
CC_9BFE9A3FB158,3
CC_9BFF6DA0D2B2,2
CC_9C01D171DBA6,1
CC_9C04763BFEEE,3
CC_9C08C37C81CE,0
CC_9C0BFA7E2991,4
CC_9C19852A48A4,2
CC_9C199E353EDD,1
CC_9C1AE13537AA,3
CC_9C1B2CE64CA8,3
CC_9C2140BB2ADD,1
CC_9C234B76E4B3,1
CC_9C24C9B91660,4
CC_9C26466CA737,2
CC_9C28DC2FFEF0,4
CC_9C29D31C5255,1
CC_9C2D8B503348,3
CC_9C31BD5AE1D6,2
CC_9C331BFEA7AC,1
CC_9C35D406D978,2
CC_9C3650660E0B,2
CC_9C376770370C,0
CC_9C3B71F64F12,4
CC_9C406D376012,1
CC_9C4306182754,4
CC_9C44157D5072,3
CC_9C45FB432343,1
CC_9C47BC556732,4
CC_9C4A51F9F04F,1
CC_9C4ACAC8E73F,3
CC_9C56828085E1,0
CC_9C5837F63D28,1
CC_9C58EE7BED09,1
CC_9C5C83607EF0,0
CC_9C6137C2BEF5,2
CC_9C627DF2CC56,1
CC_9C66C64BB7B5,1
CC_9C66CBB40EC4,0
CC_9C6779CAB6C3,3
CC_9C67D1CC8275,1
CC_9C6AC57B7E4E,0
CC_9C7031CFBB83,2
CC_9C719C8C607C,0
CC_9C72659A3BB7,2
CC_9C73C764E4F2,4
CC_9C7627C4A765,1
CC_9C76B6E613D0,1
CC_9C7BD8304E59,0
CC_9C8015486358,0
CC_9C89A28928FD,2
CC_9C8D81E778A1,1
CC_9C94CEE7BD5B,0
CC_9CB317703AC4,1
CC_9CB3D72E7D0B,4
CC_9CB447157022,3
CC_9CB48A26E9FB,3
CC_9CB48A3E9DD9,3
CC_9CBA916A1DF0,2
CC_9CC887337701,2
CC_9CC8939BCA77,0
CC_9CC89545A8E3,4
CC_9CC949E6449C,1
CC_9CCA0686A703,2
CC_9CCB2BEBEB32,2
CC_9CD149D39267,4
CC_9CD3C5F64161,3
CC_9CD783423498,4
CC_9CD92BEEA272,0
CC_9CDBD909C3EF,2
CC_9CDC18B9C1E3,0
CC_9CDD8B28EEB5,3
CC_9CDE5E0B8559,3
CC_9CE2EDA65D70,1
CC_9CE497EA324B,0
CC_9CE6B1B21254,1
CC_9CE788B835E1,2
CC_9CE88392B352,1
CC_9CE88590F618,3
CC_9CE8C22F29FC,3
CC_9CE9AE4B2206,0
CC_9CEA60F75AD8,4
CC_9CEC8DE0172A,1
CC_9CEFDDE317D5,1
CC_9CF202A17471,3
CC_9CF243228EA1,1
CC_9CF2997B3B24,2
CC_9CF5BAB5D26A,4
CC_9CF62798EFB0,1
CC_9CF7AD1DB24C,0
CC_9CF8300389CC,4
CC_9CFB80F3A210,2
CC_9CFC8EA7BF60,1
CC_9CFD9E07819A,3
CC_9D00451963F2,1
CC_9D02B3E3D6FE,0
CC_9D02D44DAF8D,3
CC_9D0B27BABFBB,1
CC_9D0E06BFBE11,4
CC_9D1126E72459,1
CC_9D13B2D2732C,2
CC_9D15D68BE578,3
CC_9D1BD13A743F,1
CC_9D1C7C15A448,1
CC_9D1CA386117C,2
CC_9D20FBA95460,2
CC_9D24E2A9FCD7,3
CC_9D25949972F0,4
CC_9D285DDBEF8A,0
CC_9D2A06882569,3
CC_9D30B34D6B1F,4
CC_9D31FE51E80C,2
CC_9D33640BFCBA,0
CC_9D37A45A16E4,2
CC_9D38EAA569A4,0
CC_9D392D897F29,3
CC_9D3AC30EEC47,1
CC_9D3CC7E49822,2
CC_9D3FAFD6391F,1
CC_9D4020A49039,3
CC_9D406214D77E,4
CC_9D42EB028AE1,4
CC_9D46F43F9553,0
CC_9D49294EAB0C,3
CC_9D5339526437,3
CC_9D540A062C2B,2
CC_9D5422AF8B99,2
CC_9D56AC6B321B,4
CC_9D57CD8C4613,4
CC_9D5930667E99,0
CC_9D5CB76ADE04,0
CC_9D5CC8084D78,0
CC_9D5D14B721DA,0
CC_9D5F36525140,1
CC_9D5F6985E119,2
CC_9D63ABB00174,1
CC_9D65557F4979,2
CC_9D65A5F81495,0
CC_9D67DA45E448,2
CC_9D6887CBD18F,1
CC_9D68D7DF2A50,2
CC_9D6B12E75B52,3
CC_9D6E3FF2B0EB,1
CC_9D70F7466A94,1
CC_9D7139618AE7,1
CC_9D71ADBDFA13,4
CC_9D722A4A81B8,1
CC_9D723B00AEBF,3
CC_9D7291C0E107,3
CC_9D792DDC1F8C,4
CC_9D7986ECBADE,3
CC_9D7BA6C8307A,3
CC_9D822D534045,4
CC_9D87ED42638F,1
CC_9D8CB0B558E6,0
CC_9D90731662A8,1
CC_9D942B8A4393,1
CC_9D961AAC9B69,0
CC_9D992EAC4590,4
CC_9D9A50EC3324,2
CC_9D9B294434F8,4
CC_9D9F0DDCC96A,2
CC_9DA0974A51A1,3
CC_9DA21688B6F6,4
CC_9DA23C9BBB35,0
CC_9DA47615A269,1
CC_9DB369E985E0,0
CC_9DB546454EB1,4
CC_9DB739C2A607,3
CC_9DB83DB8DF18,3
CC_9DB8F92EBE16,0
CC_9DB99180C972,4
CC_9DBB3F34A6F7,4
CC_9DBD7E118D4F,2
CC_9DC34B17F9FD,0
CC_9DC3D3957591,0
CC_9DC426EF6ACF,2
CC_9DC7C79E24A9,3
CC_9DC8EF74B126,4
CC_9DC92AEB0655,0
CC_9DCB4CB35574,2
CC_9DD0460ED2B1,3
CC_9DD1B046AB9E,1
CC_9DD764583F0A,2
CC_9DDA29C8ED24,4
CC_9DDCFECDA0B5,3
CC_9DDD362AE122,0
CC_9DE99ED8D28E,1
CC_9DEA2B80662E,0
CC_9DEC41D17FBE,2
CC_9DF3BA3EA596,3
CC_9DF79C5C8D79,3
CC_9DFBE5C21298,0
CC_9DFCADC4DEF7,0
CC_9E014E433105,4
CC_9E0308832036,4
CC_9E03721B14E5,1
CC_9E03C53AD305,4
CC_9E09D7153D29,2
CC_9E1727F8DA6D,3
CC_9E1BABD6299D,2
CC_9E1E23E7B1E5,0
CC_9E222FF012D5,3
CC_9E26D84C6DF2,1
CC_9E275BA452F7,2
CC_9E2C95DAB885,4
CC_9E35D2CCF910,2
CC_9E387D83515C,3
CC_9E3B550BAA15,0
CC_9E3FDA2E399F,0
CC_9E42E82413D7,2
CC_9E444A497CC5,4
CC_9E44B171E894,3
CC_9E44C8EF16E4,1
CC_9E452B2FC276,0
CC_9E4C44186363,0
CC_9E4EC4D9C2E8,3
CC_9E517C326CC3,4
CC_9E53FFFAD9CA,0
CC_9E581437F17C,2
CC_9E5A0DEA49C6,3
CC_9E5E939F9FB0,4
CC_9E62823A90C2,0
CC_9E6304C66FD4,3
CC_9E63784F66B4,2
CC_9E640ABA710A,3
CC_9E6D11B5AB9D,1
CC_9E6DBE1A9701,0
CC_9E7128150BF7,3
CC_9E72B01FB9F7,3
CC_9E751ECB60DD,4
CC_9E767C5EE6A2,3
CC_9E7CCECF8F7C,4
CC_9E7D0B51A32A,1
CC_9E7F36A74EE5,0
CC_9E7FA65FF64C,1
CC_9E8140AAB56A,3
CC_9E82710E6958,0
CC_9E83AF014857,4
CC_9E84BAD79417,4
CC_9E8794D39D5C,2
CC_9E8F2DBF037E,4
CC_9E90F705BF65,3
CC_9E937FC9562B,3
CC_9E953DF5193F,2
CC_9E985B92B611,2
CC_9E9CC3335C02,2
CC_9EA121EF6A43,1
CC_9EA839AD17B6,2
CC_9EADAFFEECD4,3
CC_9EAE1F955671,1
CC_9EB222A03CFE,1
CC_9EB69DAB32F8,4
CC_9EB969000F94,2
CC_9EBB4D545637,4
CC_9EBB7363F42B,0
CC_9EBBF46FF28C,2
CC_9EBFECF4ACE8,3
CC_9EC11E291320,2
CC_9EC15499F045,0
CC_9EC26468024A,1
CC_9EC2CB942B92,2
CC_9EC33225A3AD,4
CC_9EC493F8E7EA,1
CC_9EC645148467,2
CC_9EC72DE5CEEF,4
CC_9EC8CE9A80F0,1
CC_9ECA0733B697,1
CC_9ECAE06E13CC,2
CC_9ECFCAD82631,3
CC_9ECFE089F961,4
CC_9ED137AA9181,3
CC_9ED6126FF62C,3
CC_9ED723886A5C,0
CC_9EDB0732539E,4
CC_9EDC13E1011E,3
CC_9EDC8A45DC71,2
CC_9EDF235CDC5B,0
CC_9EE13452E788,2
CC_9EE5567C1EA3,0
CC_9EE725748ADE,4
CC_9EE7BC10C783,1
CC_9EEEE940F2EE,2
CC_9EF008068A5E,3
CC_9EF7135FBFE7,2
CC_9EF79EA0F1D9,1
CC_9EF82170CCE4,2
CC_9EF9516F64A8,0
CC_9EFA132C45E6,0
CC_9F01B54C156F,2
CC_9F057B03EF57,3
CC_9F0AE77D13C0,3
CC_9F0C205896F7,1
CC_9F0DE98C3912,0
CC_9F13B8D3677D,1
CC_9F14D0B54497,1
CC_9F17F9ADBA8B,1
CC_9F1B53C05454,0
CC_9F203DBBA45A,3
CC_9F20994ED92D,4
CC_9F245971FC41,0
CC_9F2679FCC755,0
CC_9F27D60A1F12,4
CC_9F2920D0AA77,1
CC_9F2B1E636BB6,1
CC_9F2D4DD6AB31,1
CC_9F2DE2E500EB,3
CC_9F348ADA8D28,3
CC_9F35D24D18CE,1
CC_9F369F409A53,1
CC_9F37AF9B17C3,0
CC_9F383D2CF422,2
CC_9F406B1FB4D8,0
CC_9F40CEAA7DC7,2
CC_9F41389F96E3,3
CC_9F431E9F0494,0
CC_9F44DD8D1BED,4
CC_9F48F6C83874,0
CC_9F495F711BAB,0
CC_9F49F6A887E3,0
CC_9F4A400A6800,4
CC_9F4ABFE525FC,4
CC_9F4B3729D4A8,0
CC_9F55DC90EE6C,0
CC_9F55F525309B,1
CC_9F58FB2C9DC5,2
CC_9F59279A9685,1
CC_9F5B4D6908AD,1
CC_9F5BAC8143BA,4
CC_9F5BD8F0D7CE,2
CC_9F5F3F22F232,1
CC_9F62AB59F8B6,3
CC_9F62EABB0D35,4
CC_9F649F26B0FE,4
CC_9F6633E00146,4
CC_9F69493C23C5,3
CC_9F70A9342A89,3
CC_9F755D11D8E9,1
CC_9F75D3D63EB8,1
CC_9F79F73AE068,0
CC_9F7AFBF20437,0
CC_9F87C9C02C08,4
CC_9F8840EA3C98,4
CC_9F8916793C27,1
CC_9F9040650E77,1
CC_9F90E0D9A59B,3
CC_9F9AB637C0B4,0
CC_9F9B6A14E19D,3
CC_9F9BDAA0B7B5,1
CC_9F9D7004501F,0
CC_9F9F8BEEC999,0
CC_9F9FC61C7F87,1
CC_9FA01D75A9DA,3
CC_9FA2A410E67F,4
CC_9FA33E547194,4
CC_9FA945BBD722,4
CC_9FAD62141314,3
CC_9FB0EF675E75,2
CC_9FB24F8CAAF2,3
CC_9FBBC4FF2D18,1
CC_9FBD9E214093,2
CC_9FC7DCDE8C25,1
CC_9FD58E2A95A5,0
CC_9FD5A5F93F8C,2
CC_9FD83D18C2A8,0
CC_9FD8546C475A,0
CC_9FE0AE4F52CC,4
CC_9FE116774DA8,2
CC_9FE28E4B7E3E,2
CC_9FE47D2ED368,2
CC_9FE75ED0C943,1
CC_9FEAA06B9E35,2
CC_9FEB836B934B,1
CC_9FEBCC4E999B,1
CC_9FED144C936D,2
CC_9FEE0187572C,0
CC_9FEE6CDA2DA6,2
CC_9FEEDCD5DFF2,4
CC_9FF10DC1678B,3
CC_9FF192908F43,1
CC_9FF24477FCCD,0
CC_9FF647C08CD4,2
CC_9FF78758814F,1
CC_9FFCD19682A0,2
CC_9FFD7DF7FB3F,2
CC_9FFE8FEFC155,3
CC_A00076547C2F,3
CC_A00257DEE22A,3
CC_A00C38BEECEC,1
CC_A0177C988696,0
CC_A01921B88702,4
CC_A01EE5E51E41,0
CC_A01F0103D8C9,0
CC_A020A3819D75,1
CC_A023208A4A26,3
CC_A024BFD41F34,2
CC_A02AD4F9A643,2
CC_A02E1DFE4A64,0
CC_A031E30A662B,0
CC_A03776C67FA7,4
CC_A037E2C52B4E,0
CC_A03AEB0E1760,3
CC_A03D937198A8,1
CC_A03E701846E7,0
CC_A03F4C0B07CA,4
CC_A042BA16FECF,3
CC_A044D66612F2,0
CC_A045B09F6EAA,1
CC_A046192B46C8,1
CC_A046A1544573,0
CC_A047E070541B,4
CC_A04ABAF40EFD,2
CC_A05CD939476D,4
CC_A05D2654B3A3,1
CC_A05D74464FFB,1
CC_A060285FF96A,4
CC_A06376D82D25,2
CC_A0645F5AF58D,4
CC_A0677817137C,4
CC_A06991663AD1,2
CC_A069D3E9EB07,1
CC_A06A11670A08,1
CC_A06B43580DD0,0
CC_A06F59A6EF94,3
CC_A0749115874E,2
CC_A0778B69E422,4
CC_A07899031196,3
CC_A079B634D2BD,2
CC_A07C4787AE77,3
CC_A07C7C7E104A,3
CC_A081F3FBBABD,3
CC_A08484508A9E,0
CC_A087FDDD2F02,2
CC_A08B1658C8CF,2
CC_A08C8D57CE21,0
CC_A08F3E4EE5D4,4
CC_A090F6EAE928,4
CC_A091A3E5F3C4,1
CC_A0942871BCBA,3
CC_A095F357AD89,3
CC_A09C72E3091D,3
CC_A09D644502A3,4
CC_A09DB9EE19DF,4
CC_A09F36AB8E5F,3
CC_A0A45350E7D3,4
CC_A0A4FD2A6757,4
CC_A0A6F0D40A79,0
CC_A0A765093619,0
CC_A0B00F49D937,3
CC_A0B7587E037C,0
CC_A0B7B74B932C,1
CC_A0BCACCEBA14,0
CC_A0C2D81DB02A,4
CC_A0C4251A2863,0
CC_A0CACB03A807,3
CC_A0CBDBFF6FDD,3
CC_A0CF29508DD2,2
CC_A0D81A970FD4,4
CC_A0D88F5E92BD,0
CC_A0D8A53D2251,2
CC_A0D9F79F77D2,0
CC_A0DAA7F13CFA,1
CC_A0DBFD3321A0,4
CC_A0E1E2546193,4
CC_A0E2DDA8FE0B,1
CC_A0E41A9830C3,1
CC_A0E41F756DD0,1
CC_A0EB975F6CA0,1
CC_A0EFEED31289,2
CC_A0F0550DA758,1
CC_A0F1B74A788A,0
CC_A0FB218D53EB,0
CC_A0FEF1BEF881,3
CC_A0FF9B16D418,0
CC_A100CA7FDD05,2
CC_A10255779041,1
CC_A105612F584A,0
CC_A1069B332F27,1
CC_A10C249E1EEA,1
CC_A10E009249F3,2
CC_A110193A9E3B,2
CC_A113569105EC,3
CC_A114B0CC080B,1
CC_A1168D8354DD,0
CC_A122422BBE90,4
CC_A122C4547EB7,0
CC_A12985A180C5,0
CC_A12E76F00A2E,1
CC_A132DD0CAEAC,4
CC_A13B0FC4D057,4
CC_A14482A0BD26,4
CC_A14585B91240,4
CC_A147988BC57A,4
CC_A149797BDE4E,2
CC_A14B2D6E025D,2
CC_A14E2B7C9D82,2
CC_A15004C32604,1
CC_A1510E5D97BC,0
CC_A155FFA98586,4
CC_A15611440745,0
CC_A158425258C5,1
CC_A15EC85906AC,2
CC_A1609AE0B98E,0
CC_A16310BD88CF,3
CC_A16469AD1F28,2
CC_A1651ED58BBB,0
CC_A170726ED59A,0
CC_A1717F6E8656,2
CC_A1745EB5F303,1
CC_A174D581C0D2,4
CC_A175BA25B185,1
CC_A17D411D1697,0
CC_A17ED5AF377F,2
CC_A18043F74A11,4
CC_A1847FC33103,2
CC_A184A6FDC7D3,0
CC_A18561B8FFB9,2
CC_A186491DC7EE,4
CC_A1892973664C,2
CC_A1904F21FBFB,3
CC_A192DDD5CC0A,2
CC_A19559E9B538,4
CC_A1957D6E4BD0,3
CC_A19740A717FB,2
CC_A1994DFFCFF0,4
CC_A1999C93F3B0,2
CC_A19E883431B8,1
CC_A1A462BD6A07,0
CC_A1A741CD60F7,0
CC_A1A81354A717,2
CC_A1A987EB646E,4
CC_A1A9FE990355,2
CC_A1AA6995BA64,1
CC_A1ABAF8CD4A9,4
CC_A1AF5C01DD98,4
CC_A1B0416C90D3,1
CC_A1B17C8DCE08,0
CC_A1B2B1D093FA,3
CC_A1B5474FD89D,0
CC_A1B671E70E27,2
CC_A1B79FC45F24,2
CC_A1BAAA69BE69,0
CC_A1BBDB6B7CA5,3
CC_A1BD42A1E57B,0
CC_A1C32FF49003,3
CC_A1C4EEFC5833,1
CC_A1CB39F393D7,4
CC_A1CC033D3287,1
CC_A1D10B8F3C6F,3
CC_A1D2306A459F,4
CC_A1D40F8336FE,4
CC_A1D755D7B142,0
CC_A1E0659D5A18,2
CC_A1E491E4AF1E,4
CC_A1E6E37758B4,2
CC_A1F54C36E6F1,3
CC_A1FF8AF6AB4D,3
CC_A202FEFA44EB,2
CC_A20D773F873D,2
CC_A2111AB6EB5C,3
CC_A21AD79ADBA1,3
CC_A21C5FF7FEC4,4
CC_A21E9F7D4D4D,0
CC_A226BE00AE16,2
CC_A22B9D2A215E,0
CC_A22E31315E8F,0
CC_A22FDD13D5AB,1
CC_A2310E71CE2B,4
CC_A23375D49BF0,1
CC_A2354EBD0C42,3
CC_A2358286714E,4
CC_A237BB3C768A,1
CC_A2383231A5D6,0
CC_A23863E8D43F,0
CC_A239602E41D3,4
CC_A23A66A57A1B,1
CC_A23B9FF9824E,4
CC_A23D023AF269,0
CC_A23EC3FD43DD,4
CC_A23F1B555942,0
CC_A240301CD523,1
CC_A2476B31E7C3,4
CC_A249AA2649A4,0
CC_A249C4D53ACC,3
CC_A24DBE3D0F57,0
CC_A25132EE5111,3
CC_A2518D6C2ABD,2
CC_A25190C7B059,3
CC_A257D5867524,4
CC_A25852493328,1
CC_A2594DB3B9F9,0
CC_A264061E78D6,2
CC_A2641AE7D8AA,1
CC_A26496D4D568,3
CC_A267E7A68736,1
CC_A268CBE0AB4C,3
CC_A26A283CD173,2
CC_A26ACF533A41,2
CC_A26BC4826B78,4
CC_A272B871D28B,0
CC_A2776A33D076,1
CC_A277EA972FFB,2
CC_A278C700132D,4
CC_A27EC3D72ED2,3
CC_A2845772B9F7,3
CC_A286868A5AE8,1
CC_A286AC7B3762,3
CC_A28CC618E6AA,0
CC_A2913B5BA715,1
CC_A29250B498C1,2
CC_A297A4764F7E,0
CC_A29B11D20370,2
CC_A29E4FCD4E3C,2
CC_A29EBC439250,0
CC_A29FE8A262E6,2
CC_A2A0DEBD3017,0
CC_A2A407581E94,1
CC_A2A87A9190BD,0
CC_A2A9503F36DE,1
CC_A2AB8AF2B24F,0
CC_A2ACDD16378F,2
CC_A2ACF2FDAB55,3
CC_A2AD966B7F80,3
CC_A2AE841571F2,4
CC_A2B9603A6636,3
CC_A2B9D639C0DD,1
CC_A2BA5E7284E0,0
CC_A2BA5F659B70,3
CC_A2BBA0698B7F,0
CC_A2C0DED2DC3B,1
CC_A2C1CD59F752,3
CC_A2C1E36A8A2F,2
CC_A2C577469B62,0
CC_A2C927B26917,0
CC_A2C9B277557F,0
CC_A2CC027F2D68,1
CC_A2CCDCF1BFC1,2
CC_A2CD720E516C,4
CC_A2CDE9078819,4
CC_A2D2D31A97B4,4
CC_A2D34322871F,1
CC_A2D5468BFA50,3
CC_A2D69E1A10F3,4
CC_A2D6A90249F4,0
CC_A2D6D0504DC2,3
CC_A2DA90809F07,1
CC_A2DBB2CE2E8B,1
CC_A2DDCFEE582C,3
CC_A2E54D59B0C9,2
CC_A2EB35AA3D98,1
CC_A2EF4A67A32E,2
CC_A2F1440FE670,4
CC_A2F616069E5D,2
CC_A2FC08088C89,0
CC_A2FE1DAA6221,0
CC_A30789C14932,2
CC_A3089685BBF9,0
CC_A30ECB8A648D,0
CC_A30F5A41F244,0
CC_A31102179CBE,2
CC_A31137913F93,0
CC_A3129F2EF63D,0
CC_A3150CAEF642,3
CC_A31C94B91C46,1
CC_A32B9FD60B79,2
CC_A32C1DB731DF,2
CC_A32DE4EFEECE,1
CC_A32E203FFFE4,1
CC_A33108E01C4C,3
CC_A334D0731C1E,2
CC_A3399252F25B,3
CC_A33997BF4366,3
CC_A342F1D3FA5E,4
CC_A34384A0E0C4,3
CC_A34BBEE4C63C,0
CC_A34DED1110AA,1
CC_A35544E09F1A,3
CC_A358BE4C2361,4
CC_A36EBBE8B36B,1
CC_A37132C63392,2
CC_A374CA95C4EF,3
CC_A3780D125466,0
CC_A37ECB1F3F80,4
CC_A37EE84825B0,1
CC_A37F122D9A31,1
CC_A382FE7335DE,2
CC_A384179F5B92,0
CC_A38AD6806D9B,4
CC_A38B409D1048,1
CC_A38FA9D4E637,0
CC_A39320C8976B,2
CC_A39327A8CCC8,3
CC_A395B1C3BA16,0
CC_A396423C4FB2,3
CC_A39E52B5A051,0
CC_A39E908C706B,0
CC_A3A54FF82ACA,3
CC_A3AA95DAF674,2
CC_A3AB79E3D8DA,1
CC_A3AD43A5A22C,1
CC_A3B0FF101831,4
CC_A3B1DC986F19,0
CC_A3B5C32DD2BB,1
CC_A3BD3739ECE0,1
CC_A3BE534ED4F8,2
CC_A3BE76950825,1
CC_A3C4CF63BE16,2
CC_A3C6CF5416B4,0
CC_A3C82B8F08FA,1
CC_A3C9178A2115,0
CC_A3CC62C5DBAE,3
CC_A3CEF5BCAE57,2
CC_A3D07C111C11,1
CC_A3D35A503687,0
CC_A3D3C8DC6028,2
CC_A3D3DFED384C,4
CC_A3D443FCD541,3
CC_A3DD7460435A,2
CC_A3DEB9D8EAE0,0
CC_A3E2859518D9,2
CC_A3E5E7F85B42,3
CC_A3E747EFFE14,1
CC_A3EE4C5F0F0A,3
CC_A3EE7106C72D,4
CC_A3F4D15BEEED,4
CC_A3F4FA143CB8,0
CC_A3F6E7EC89B0,1
CC_A3F7EA5519D8,3
CC_A3FB28F476C7,4
CC_A3FC9B7A0340,2
CC_A3FCA6A49D8F,2
CC_A3FE24570DCD,4
CC_A40999CD297F,0
CC_A40B832BCD22,1
CC_A41754781477,3
CC_A41822D3D358,2
CC_A419B5CD47DE,1
CC_A41AC6F8165B,1
CC_A41CFF0CE54A,1
CC_A42117CADE01,2
CC_A4244E8980E8,2
CC_A4257D3FBE29,2
CC_A42915E85449,3
CC_A42B7E4AE9C3,0
CC_A42C4A4C504D,2
CC_A42ED42F5DD3,3
CC_A43B817DFD0E,1
CC_A4424F4ACCE1,4
CC_A442D4A119BE,2
CC_A446346D8397,4
CC_A447A101DC82,1
CC_A4485E25FF28,3
CC_A44CEBD27FFE,3
CC_A453E022D065,3
CC_A45430CC622A,3
CC_A4557E79AE4A,2
CC_A4565889DAD3,0
CC_A459EB511304,3
CC_A45A1B64F49C,4
CC_A45CC435976E,2
CC_A45E655B2096,4
CC_A46C005D263A,2
CC_A46E74D7FF7B,4
CC_A46E9DC2E8E7,2
CC_A46EA37479B1,0
CC_A479ADA44C21,1
CC_A47D7A3745CD,1
CC_A47EB83EDA0E,2
CC_A47F65E97628,4
CC_A4855A34A78A,3
CC_A4861A8E8AFD,0
CC_A48BA5D90435,1
CC_A48D661F7E43,2
CC_A48DB5437A6A,3
CC_A48E0388C515,1
CC_A48F22B0E162,1
CC_A48FE0B7D698,4
CC_A4901F6A578F,0
CC_A490541E470A,4
CC_A4905748A0D7,3
CC_A495E8B8AACA,2
CC_A498DF13A10B,0
CC_A49904349C5A,1
CC_A49E1B03A322,4
CC_A4A0D2D453B8,0
CC_A4A55B94CCAE,1
CC_A4A639E2ECB4,1
CC_A4A6601EBFD5,3
CC_A4AED565FC1D,4
CC_A4C06A7E23A8,3
CC_A4C14F06C836,0
CC_A4C275993EE4,4
CC_A4C50DD64E6C,4
CC_A4C5CDBC5F1E,1
CC_A4C61F62AFF2,0
CC_A4C7A5C7E5D8,2
CC_A4C811FDF5CC,0
CC_A4CA27C91B3E,1
CC_A4CB908087AD,2
CC_A4CC8B3C2EA9,3
CC_A4D89DE28D2E,3
CC_A4E0933079DD,4
CC_A4E161682B12,1
CC_A4E28D5AE1F0,1
CC_A4E2D00E0E76,1
CC_A4E3BB187989,1
CC_A4E4FADD4079,3
CC_A4E54B475BD5,4
CC_A4E5877717C7,1
CC_A4E9240A8C74,3
CC_A4EBB62777C5,1
CC_A4EC8F04C66F,0
CC_A4EDF60895E8,3
CC_A4F17476C85D,2
CC_A4F19EC4DCD3,2
CC_A4F24C1612EF,2
CC_A4F38B9A79FF,0
CC_A4F3DA949442,1
CC_A4F54204DD48,2
CC_A4F8190F5FF6,3
CC_A4FA2C542910,2
CC_A4FB340ACCF9,2
CC_A4FDA869506F,2
CC_A5030A56BA1D,1
CC_A5034AB8AE1A,4
CC_A504C564B48D,0
CC_A506A648BAAE,0
CC_A507FC4EA17F,2
CC_A50E57E93D71,2
CC_A50EE4814086,0
CC_A50F37B44FDD,1
CC_A50FB81F69F6,1
CC_A513ACD520B8,0
CC_A51608105AB0,3
CC_A51BCA3EA3F7,1
CC_A5220F431BF1,1
CC_A522F6BE1D5C,4
CC_A5279888D1C2,1
CC_A52D5B823D9B,1
CC_A52D701A81E9,0
CC_A52E5257EFF7,2
CC_A52FBD1C0A4B,4
CC_A5378C20C4BC,1
CC_A541B1B2C94B,1
CC_A54C401BAE12,1
CC_A54FC8DFE041,2
CC_A550F0DF0082,0
CC_A55631FA807A,3
CC_A558D1827278,2
CC_A55AA8E0C630,0
CC_A55B8396B7DF,0
CC_A55FF827167B,4
CC_A560C9BCC058,2
CC_A560CE974769,4
CC_A5628BC1A4AD,0
CC_A5648894B247,3
CC_A569AB4849E8,4
CC_A56AE33979FC,4
CC_A5707288B570,0
CC_A5785FAD380E,1
CC_A5796E57248C,2
CC_A57CA8C8F7B7,3
CC_A57E34CB57ED,2
CC_A57ED21324B1,2
CC_A5802E264F86,3
CC_A5843F826A0E,1
CC_A585C09D5569,0
CC_A585C4DC3AE6,3
CC_A58D9799A47B,3
CC_A58E6726554B,2
CC_A58F7A12F0AF,3
CC_A591D09342DD,0
CC_A595A809D56F,2
CC_A5960F642FF7,4
CC_A597A2D1B8CF,4
CC_A599C82583CC,0
CC_A59A41BE4E29,4
CC_A59AB1A1DACD,3
CC_A59DDC9414B9,2
CC_A59F533B30C4,4
CC_A5A01D309F24,1
CC_A5A03B4FD4A5,4
CC_A5A309724901,0
CC_A5AAF1283A71,0
CC_A5ACD4AC477E,4
CC_A5B107FE1B83,2
CC_A5B3ABC665BE,1
CC_A5BA731C65A3,3
CC_A5BBC48BF6EC,3
CC_A5C0430EDD35,2
CC_A5C17D5871FD,2
CC_A5C84E3F587A,3
CC_A5C8B5822A1B,0
CC_A5C950958DD6,1
CC_A5CC2BD71EF8,3
CC_A5CD4508E2B5,1
CC_A5CD7AC460FB,0
CC_A5CDA04FD668,2
CC_A5CED4240748,2
CC_A5D6499C8943,0
CC_A5DE8D5BB14E,1
CC_A5E29D4E3E75,0
CC_A5E31348F3CE,4
CC_A5E5F97AE605,1
CC_A5E770E6612A,0
CC_A5EAD28818E3,1
CC_A5EB1FDB36B3,0
CC_A5F0039D04FD,1
CC_A5F290619CC5,2
CC_A5F622D0A01F,0
CC_A5F8EF145E2E,2
CC_A5FA9E3CBDE5,1
CC_A5FE368A8F94,3
CC_A6009912F2ED,1
CC_A602BCBB474E,2
CC_A6040E0BD7B9,1
CC_A604986272D0,4
CC_A60608B66EA8,0
CC_A6064BDE0588,3
CC_A607425BA692,1
CC_A60A5D401588,3
CC_A60B0F6F5320,4
CC_A60C50F91EA3,4
CC_A617FAFCED2B,1
CC_A61D370C311E,0
CC_A62445894BE8,0
CC_A6263A2000EF,0
CC_A626842601BB,2
CC_A6285FA4D086,3
CC_A62B45482405,1
CC_A62C85A20FC9,1
CC_A62E5599F169,3
CC_A62EF276F288,2
CC_A6320BC31D2A,3
CC_A632CE0AC257,0
CC_A634E7ECEE9C,0
CC_A63A83C403C0,4
CC_A63B6D9E5FF5,1
CC_A649AF9D4A43,2
CC_A64DD14258A9,0
CC_A64E334BFC5E,0
CC_A6540743DB63,4
CC_A656DF8699E9,4
CC_A65C88769BA8,0
CC_A65E142C3F55,4
CC_A6606AE256A8,1
CC_A669026A90F8,2
CC_A66F8C75DB54,4
CC_A670A80CDF21,1
CC_A67279B3C134,2
CC_A672DD77EEB5,1
CC_A67404134014,1
CC_A675588A4D1B,1
CC_A678BEBF6358,2
CC_A6807BBD20E6,0
CC_A680D66DCABB,0
CC_A6872AAC45C4,4
CC_A68AE49F33F2,2
CC_A68EB14FDAF6,3
CC_A692ED15ACD0,1
CC_A695083742CF,0
CC_A69F6DE8A977,0
CC_A69FC06BD5BB,0
CC_A6A2457E859C,3
CC_A6A2655E85B0,0
CC_A6A420E5C196,0
CC_A6A4A9A59653,3
CC_A6A9C4EB6FDD,1
CC_A6AD39AB8E50,2
CC_A6ADEA3785A1,0
CC_A6B0B63EF68D,3
CC_A6B240EC66D6,4
CC_A6B253C7D503,0
CC_A6B5A944DC76,4
CC_A6B8267BF832,3
CC_A6BFD7A421D4,2
CC_A6C1F9B1C8BA,0
CC_A6C6A50B249F,4
CC_A6C97E3745E2,3
CC_A6CA1D3AF641,4
CC_A6CABBD2AA89,1
CC_A6CDC5618300,1
CC_A6CDE4656C8D,2
CC_A6D2C17EFFC8,1
CC_A6D4FBFDBCC3,1
CC_A6E1F359674D,1
CC_A6E230708D59,0
CC_A6E24277F5F2,1
CC_A6E2CD698E6A,3
CC_A6E758F474B9,0
CC_A6EA941B8C2B,2
CC_A6F1778ECB76,4
CC_A6F1A04771D6,1
CC_A6F20032B061,3
CC_A6F213D1543A,2
CC_A6F22BBFE022,3
CC_A6F24CEEFA42,4
CC_A6F501FD454D,0
CC_A6F8DBA0DF17,2
CC_A6F8E9CE4FA9,4
CC_A6F8FB403100,3
CC_A6FC48E2424B,0
CC_A700E8AB5502,4
CC_A7027F9588EB,0
CC_A703FCACB6F1,3
CC_A706FA70EE4D,2
CC_A709E886CAFB,0
CC_A70AD3D6098C,3
CC_A70C47613562,4
CC_A710E93BD7A7,2
CC_A712119DAB6C,0
CC_A7123BD9BDD8,0
CC_A7182F7FEC33,1
CC_A7186B682A2D,0
CC_A71B94179460,3
CC_A71F240B4CE5,3
CC_A7205F24E1D6,0
CC_A720CAA06FC4,1
CC_A721B2ADE274,3
CC_A723AFB46AE7,1
CC_A723DF122C00,0
CC_A726F8456098,3
CC_A732BDAD92B3,2
CC_A737657D9BBC,1
CC_A7392C3EAF33,4
CC_A7415055F05E,4
CC_A746925DDC82,4
CC_A74694C6F4F3,1
CC_A746DD4E9F39,2
CC_A747E7229BB4,2
CC_A74AAEBBCC14,4
CC_A74E127DB9D6,2
CC_A751D2996FC0,2
CC_A75374045EEC,4
CC_A759DB6FF7DC,0
CC_A75B8DA04495,0
CC_A75CC04D4110,2
CC_A75D4A19C2FB,3
CC_A75DC4645478,2
CC_A75DDD85173A,2
CC_A75FB68173A7,1
CC_A76120A60423,3
CC_A7635A1B9BD2,0
CC_A7652F262667,4
CC_A76643AA78D9,4
CC_A76719763D33,3
CC_A76ABD0A34A1,0
CC_A76B762275A9,3
CC_A76DDF3BDEBE,2
CC_A76FB5A7124B,2
CC_A77339CF6846,3
CC_A77908BB432F,1
CC_A7808DEC5D09,2
CC_A785AC28500B,4
CC_A7861551FFC3,0
CC_A7862D3E83C9,4
CC_A7867F315C5D,1
CC_A788BDD64F14,0
CC_A790F00E7B06,1
CC_A79202E21D29,0
CC_A792E555C7A6,3
CC_A793B73FAB0B,0
CC_A794FF9FCCE1,0
CC_A7952322A4F8,2
CC_A7989B1AD915,2
CC_A79C0193A2CB,3
CC_A79D16CE71B6,3
CC_A79EFC4DAFE4,4
CC_A7A04F15B27B,0
CC_A7A4B4770971,0
CC_A7A60D4895CD,4
CC_A7A77D1EB955,3
CC_A7A88DA3A51B,1
CC_A7ADD926A911,3
CC_A7B5CB5D21CC,1
CC_A7BD3D57355F,3
CC_A7BDE2F778C7,1
CC_A7BF65E33282,0
CC_A7CA13805057,3
CC_A7CCBD812B7B,1
CC_A7CFD7AAD818,1
CC_A7D1A93B981D,1
CC_A7D35A7E6B5E,0
CC_A7D3728F7CC5,2
CC_A7D414CD3F37,1
CC_A7D7F9A5E9F5,1
CC_A7D8CC926B73,0
CC_A7D98548B9CB,2
CC_A7D9A2CB1394,1
CC_A7DB2C2ECF9E,1
CC_A7DDAC83E0BD,2
CC_A7E27B0B57AB,1
CC_A7E5115904CD,4
CC_A7EA663BCC85,3
CC_A7EAB8581771,3
CC_A7EF34614AE5,3
CC_A7EF56B63F57,1
CC_A7EFDA8A904D,4
CC_A7F2DAEDA32F,4
CC_A7F823E7DA79,3
CC_A7FD92D19322,1
CC_A7FFD14558C9,3
CC_A803650C0F32,2
CC_A803B8ED04C6,3
CC_A806D305CD5B,4
CC_A806D7374061,3
CC_A80B5A2B87DB,1
CC_A80ED0D18788,4
CC_A8106D4C7E92,2
CC_A8141C561367,4
CC_A8154259D5E9,4
CC_A8169D7E5861,0
CC_A819E1E7A8EF,4
CC_A81C38745115,4
CC_A81D9F0CF7AB,2
CC_A8260D4E81B0,4
CC_A82C269668F1,1
CC_A83108A1A74F,3
CC_A83137251FD6,4
CC_A8329C40DB70,4
CC_A8362F22DDE8,3
CC_A83B5A4930F0,4
CC_A83D338C307C,0
CC_A841A789E4BE,1
CC_A84590CB0DC7,4
CC_A8491874BA23,4
CC_A849F4D34464,0
CC_A84EF3C58724,1
CC_A8553D6D54AB,1
CC_A86128341E83,2
CC_A8684C4D4620,0
CC_A869025CFC82,4
CC_A86B21205D10,4
CC_A86F8BFFEF7A,4
CC_A874CE9AF024,2
CC_A876D2C60CA9,3
CC_A8774F02FC3F,0
CC_A877E14CEAE8,4
CC_A87CE2755C5C,0
CC_A8800E45D0E2,0
CC_A88349F5098E,0
CC_A8837434B760,1
CC_A885A05E7E24,1
CC_A887FB948E47,2
CC_A88C89EEFF27,2
CC_A88E47D6E12A,0
CC_A88FB361B009,0
CC_A8916026DEB9,0
CC_A897C8E3CF00,0
CC_A89947268EDE,3
CC_A89AB3CD3756,2
CC_A89BDD2940EA,1
CC_A89D38E86F54,2
CC_A89F43E297CE,4
CC_A8A4120E45A4,3
CC_A8A46C1DF4A1,4
CC_A8A89D7D5D57,3
CC_A8A9311B179B,4
CC_A8AA9FC6E7F4,2
CC_A8AC5619E98E,0
CC_A8AC99D0C8F5,0
CC_A8AF1D0E5225,3
CC_A8B023020146,3
CC_A8B0A004CC5C,4
CC_A8B5E994172D,4
CC_A8B6574BB001,1
CC_A8BCC5F5D308,2
CC_A8BCD80743ED,3
CC_A8BD2ACE1FAE,4
CC_A8BFC8D6C835,3
CC_A8C009E0821C,2
CC_A8C1EEF8BEA7,3
CC_A8C6324841BF,3
CC_A8C8F6F36ADF,3
CC_A8C919EDDB7F,3
CC_A8CB85B80314,2
CC_A8CBFB55F463,3
CC_A8CC088B85F8,3
CC_A8CC23F4B5E9,0
CC_A8CC4CDC8AD6,0
CC_A8CC7F04F472,4
CC_A8CE272F22FD,0
CC_A8D049D72381,1
CC_A8D4563BA09C,4
CC_A8D60FB42E90,0
CC_A8D7262D8718,0
CC_A8DA502E7E64,2
CC_A8DAC2EBCF61,4
CC_A8DAF4FAB5A2,4
CC_A8DB880F4F62,0
CC_A8DBBD5C1775,4
CC_A8E0487B5A24,4
CC_A8E06F3E5197,4
CC_A8E0FFD3ADBC,3
CC_A8E94A175936,0
CC_A8E97B546092,3
CC_A8EA90DB0F10,0
CC_A8EC23205826,4
CC_A8EC258B277E,4
CC_A8ED417595B0,4
CC_A8EE6EC37824,4
CC_A8FCD25B3C51,3
CC_A8FE4C948F56,2
CC_A8FF79D8C0CE,1
CC_A9009F9C62C9,4
CC_A9043BAD924D,0
CC_A90835441069,2
CC_A90A1A26372C,0
CC_A90A929F74FF,2
CC_A90B8E0863F9,4
CC_A911B4D63845,0
CC_A91237A265E9,2
CC_A912E547F3C6,0
CC_A913D95E7E8D,4
CC_A9165A74F165,3
CC_A91B38945645,0
CC_A91B578DA80B,0
CC_A91C1C2BF9C1,1
CC_A91DCEF2E5DE,2
CC_A91DEC2F00E9,0
CC_A927CE7B1E31,3
CC_A9285061FE9E,1
CC_A929017922C0,1
CC_A929135A2EF1,2
CC_A92A47407376,0
CC_A92CF9FA7731,3
CC_A93031142999,4
CC_A93330D11A5B,2
CC_A93B0CD95AA5,0
CC_A93B50F353DF,0
CC_A93BC0456F1B,4
CC_A9402001902D,2
CC_A9402C70CEBD,2
CC_A94254DA8646,1
CC_A944522752E5,4
CC_A94638CC29CE,3
CC_A94890103B1E,3
CC_A94B929FCD46,1
CC_A94E8E8502FE,0
CC_A951DFCF9650,2
CC_A95213749EBB,4
CC_A9536E88D9A1,1
CC_A953CC8A304F,2
CC_A958084EF3FA,2
CC_A95C6ECD71CD,0
CC_A95EF0C4F6F8,0
CC_A9665D3E5B32,2
CC_A968212AEE17,3
CC_A9693E7F39CB,4
CC_A96B52455369,2
CC_A970F3B1723F,1
CC_A975DFD4CDAD,3
CC_A9772A06616F,0
CC_A97734E51A48,4
CC_A9783161C1B8,1
CC_A978BC8BC3DC,2
CC_A97A298607B0,1
CC_A97B929FED33,2
CC_A9810BA2D394,2
CC_A981903184BC,4
CC_A9854A6AB990,3
CC_A989EED40B37,0
CC_A98A12865EB4,1
CC_A98C15DB7A11,2
CC_A98C93478642,4
CC_A997E5CEAC6F,1
CC_A99968576AF1,0
CC_A99B857BF2D5,3
CC_A99C7D8B0CAB,3
CC_A99D353A0E79,1
CC_A9A3F8FA586A,1
CC_A9A463B74727,2
CC_A9A67507CD5D,0
CC_A9A6F7850A88,3
CC_A9A986456911,3
CC_A9AAA6DC2007,2
CC_A9AC6E31C775,2
CC_A9ADD7104E81,2
CC_A9AF7703490D,2
CC_A9B1DE41B856,3
CC_A9B59FAA0573,4
CC_A9B80EA88C75,3
CC_A9B8F5AD219A,3
CC_A9BD13B66099,2
CC_A9BFEFA7D257,1
CC_A9BFF275D7B1,2
CC_A9C2D702FD90,1
CC_A9C3A09AE840,3
CC_A9C3CA353221,4
CC_A9CA25E868BF,3
CC_A9CB749DE536,3
CC_A9CC1D68538F,1
CC_A9CE9B8CC465,0
CC_A9D0012DB6C5,3
CC_A9D4019A26F8,0
CC_A9D4D3815F3C,0
CC_A9D4D650B2FD,1
CC_A9D998EF645A,0
CC_A9DBAC763971,0
CC_A9E001D623CF,4
CC_A9E00B55AB9E,4
CC_A9E1AE214E03,3
CC_A9E3A463CACF,4
CC_A9E6076D28ED,0
CC_A9E87FDEC15E,0
CC_A9EA2430905A,0
CC_A9F59329154F,3
CC_A9F5DD7D92CB,1
CC_A9F94A7BF972,2
CC_A9FA30186EAA,4
CC_A9FC4E12B5B6,4
CC_AA01D3D9FB70,0
CC_AA06B2CCCFDC,4
CC_AA0897D3F9A7,0
CC_AA0B78414EB4,4
CC_AA0EB3933170,2
CC_AA0FE63338C5,2
CC_AA11C9E925A1,0
CC_AA132673C8B9,3
CC_AA17B8E25973,1
CC_AA17B8FB4DD1,4
CC_AA1A2DCDB37A,4
CC_AA1B923B2953,3
CC_AA23725B1EB7,3
CC_AA2513603BF4,0
CC_AA255B733172,3
CC_AA279A170662,3
CC_AA2A5D698886,4
CC_AA2F7CAA1EDE,4
CC_AA326BB80433,3
CC_AA3C8291233B,0
CC_AA3F3E8E0EDC,1
CC_AA3F96BD8D05,0
CC_AA42D22C711C,4
CC_AA45FA46CF4B,0
CC_AA48B43E154C,0
CC_AA4B49F77588,4
CC_AA4C67B9248D,2
CC_AA4CA943C884,2
CC_AA4F1F77FC0D,1
CC_AA4FC7826D2D,3
CC_AA5037049842,4
CC_AA53097D88E6,3
CC_AA545037795F,1
CC_AA5757906A56,3
CC_AA678D85779A,1
CC_AA68A594CBE5,1
CC_AA6D0DCCE773,0
CC_AA6D901E4AE6,4
CC_AA6DB26C19DB,4
CC_AA761CE2F7F1,2
CC_AA7C84B0D796,1
CC_AA7DD4E1FF1A,2
CC_AA804C3CE9A9,1
CC_AA836E71243E,2
CC_AA886C8EFCBE,4
CC_AA88F3EB7595,1
CC_AA8A54D78FEC,0
CC_AA8EE66201FD,1
CC_AA92054041B2,2
CC_AA9387BF1364,4
CC_AA93B0BB66F1,2
CC_AA95BD3B4433,2
CC_AA98EF8D12FE,0
CC_AA994BCD7E57,0
CC_AA9C92CF5D9E,0
CC_AA9D3D776B90,4
CC_AA9E0643AF70,1
CC_AA9E404D9E88,3
CC_AAA59CBDFB37,0
CC_AAA6FB99A506,0
CC_AAAB6879D8FB,3
CC_AAAEC55D7B19,4
CC_AAB0119FA44F,3
CC_AAB73A572F7D,4
CC_AAB7D4AE4A7C,2
CC_AABD04CEF820,4
CC_AABEC7351D77,3
CC_AAC0042F66FA,0
CC_AAC135809669,3
CC_AAC178FEB284,1
CC_AAC18F8D66F4,2
CC_AAC1FD115E96,3
CC_AAC609663E72,3
CC_AAC7B727D643,3
CC_AACD0A40E59D,1
CC_AACE3A4DDCC8,1
CC_AACF1C9A56CC,1
CC_AACF5F633EEA,2
CC_AACF87DD3855,0
CC_AADA4CF10327,0
CC_AADAD44A45FE,4
CC_AADADF1D117C,1
CC_AADAE307B497,0
CC_AADCF1C1F8D9,1
CC_AAE000BD58B6,4
CC_AAE2C2064433,4
CC_AAEAE7B46478,3
CC_AAF15D06D32D,4
CC_AAF23FDD779D,4
CC_AAF2D8226DA0,0
CC_AAF34D57EED5,4
CC_AAF58D87365C,3
CC_AAF7AB96E87A,3
CC_AAF9D4BE18E6,3
CC_AAFC91150951,1
CC_AAFE6F64A545,4
CC_AAFF1EDCCB1C,1
CC_AAFF2363E40C,1
CC_AB01E98B3325,0
CC_AB0741D47891,4
CC_AB09CDAE4F68,3
CC_AB0AFD5F398D,4
CC_AB125B89AE38,1
CC_AB1A4FC439B7,0
CC_AB1CB624D8F7,1
CC_AB219F0D99FB,4
CC_AB232BDF0AD4,3
CC_AB24DFFBFE32,0
CC_AB2555814879,4
CC_AB27E4E943C9,3
CC_AB2A42F41B2E,3
CC_AB2D2CA6A64E,3
CC_AB2F88E2FFD6,1
CC_AB33EFDC9AF1,4
CC_AB34A0FF355F,2
CC_AB37E7BF5FF6,3
CC_AB3F90F3568B,2
CC_AB41CF6C23E1,0
CC_AB43C72E5E4F,2
CC_AB45C75D5087,3
CC_AB482A213A7F,3
CC_AB482EA4AAB9,3
CC_AB4944883722,0
CC_AB4C4913F1A2,3
CC_AB4C740534A5,1
CC_AB54A23EE3C8,0
CC_AB557B79C7BF,0
CC_AB558B8AF130,4
CC_AB5F491BF450,2
CC_AB61027CAA32,1
CC_AB61E8E4A5FA,4
CC_AB65D49AA2DC,4
CC_AB663846B1CF,0
CC_AB67D6C89A92,4
CC_AB70C862BF32,3
CC_AB731F19F5D6,2
CC_AB786647A30E,2
CC_AB789919D614,1
CC_AB794D887FB7,1
CC_AB7BE2563D01,3
CC_AB8283EFF50B,2
CC_AB83A4BF3752,1
CC_AB840BD9EA72,1
CC_AB8410C1ADB5,1
CC_AB884B5B0E22,2
CC_AB88836B6A8A,4
CC_AB8984CEBDF5,4
CC_AB912C43017A,2
CC_AB96346C5169,4
CC_AB98246CB9AD,3
CC_AB9CB1E3AFC7,0
CC_AB9D82F14A1F,0
CC_AB9E482E1A69,4
CC_AB9F288E1531,1
CC_ABA3AB47F2A5,2
CC_ABA433D59EFB,1
CC_ABA4DEB62B51,4
CC_ABAA3649B4CE,0
CC_ABAC1B7B23DE,0
CC_ABACA4E5CAF1,1
CC_ABAE0A66F341,4
CC_ABB36D5B156F,4
CC_ABB9B4C77C19,4
CC_ABBA16B7C413,3
CC_ABBABC198B40,3
CC_ABC0334A1B39,2
CC_ABC0D16783A3,3
CC_ABCC2A6B5E47,3
CC_ABD0442A569E,1
CC_ABD16D2BCC7F,4
CC_ABD1D865D6EB,4
CC_ABD26E560CB9,3
CC_ABD4169CF1AC,0
CC_ABD4F1541032,2
CC_ABDB4D5D1F58,0
CC_ABDB67FCF948,4
CC_ABDB7E13B6B5,2
CC_ABDBDBCAFFA5,2
CC_ABDC814AFF0A,3
CC_ABDDBD29C0D8,4
CC_ABDE3F7BACBD,0
CC_ABE2A113E670,1
CC_ABE499EE0FCE,2
CC_ABE6BDB21A29,4
CC_ABEB0846311A,4
CC_ABEBE6752FF1,2
CC_ABF07DEE2BC3,2
CC_ABF53A99160B,0
CC_ABFEB80E9C9A,0
CC_AC0129AC148E,0
CC_AC01BE06AD0A,2
CC_AC03C0BDCB94,4
CC_AC0B40CB2DE5,2
CC_AC0B57DCE069,0
CC_AC123284478B,2
CC_AC1232C32715,0
CC_AC12A0E32945,3
CC_AC16161E73DB,3
CC_AC1A411CB8E1,4
CC_AC1A5D15682E,4
CC_AC1CD2A208A8,2
CC_AC205B3545CB,4
CC_AC24B3E524E9,0
CC_AC270C5A49F5,2
CC_AC2894C3538B,3
CC_AC33F7CD4624,3
CC_AC34CF4B8425,1
CC_AC37B8D835A7,0
CC_AC383C0F70E1,4
CC_AC3B4A1B029A,4
CC_AC43C7678741,2
CC_AC43E89255F7,3
CC_AC452AD93A28,0
CC_AC49FF407A24,0
CC_AC5058EDAE5D,4
CC_AC52DE725006,0
CC_AC5B85BA76A5,3
CC_AC5DF2442708,4
CC_AC62DA48F581,3
CC_AC63B11642AB,1
CC_AC66593A8B77,4
CC_AC672F356FAF,1
CC_AC68429E0E22,3
CC_AC68D4BAD88D,2
CC_AC6B555F0309,3
CC_AC70905CEBB6,1
CC_AC738C2A9CA1,1
CC_AC7795E61669,0
CC_AC7C73FB75C9,0
CC_AC8190B37D61,1
CC_AC83D5608788,1
CC_AC875546AD6B,3
CC_AC8C4955991E,0
CC_AC8D89569089,2
CC_AC982ABA7EB1,0
CC_AC9BE414E2B4,2
CC_AC9F18D5DBFD,4
CC_ACA3A4E90DFE,4
CC_ACA3D042097A,1
CC_ACB060E910CB,0
CC_ACB06991D9C8,2
CC_ACB460129DBE,2
CC_ACC5BADA6B10,4
CC_ACCD326590ED,1
CC_ACCD879451B6,3
CC_ACCE088F3C54,1
CC_ACD05E6B4D5B,4
CC_ACD348B6C027,0
CC_ACD3FE0B8BD4,4
CC_ACD43DA1153E,2
CC_ACD92B15C213,3
CC_ACD95951AD36,2
CC_ACDA1687BF63,3
CC_ACDE6727D51D,1
CC_ACE10B629C92,4
CC_ACE592D22F26,0
CC_ACE67F3A3385,1
CC_ACE76BF745E7,2
CC_ACE828A807DE,4
CC_ACEA7EA8A2E9,4
CC_ACEAE4CC08D4,1
CC_ACECB238CAEF,3
CC_ACED2F78376C,1
CC_ACF158865469,0
CC_ACF1B567C2C8,3
CC_ACF26F6076F0,4
CC_ACF2DB19AADB,0
CC_ACF33F2B9CDF,0
CC_ACF3BC896638,1
CC_ACF526F542FD,3
CC_ACFA9AB2E996,1
CC_AD0082103164,1
CC_AD011EFE33A5,1
CC_AD01B1A77B6C,0
CC_AD036967592E,3
CC_AD06AAD77E0E,0
CC_AD08792FAB21,1
CC_AD0B52DD444A,3
CC_AD0D065BB98A,0
CC_AD0E455DC560,0
CC_AD110C070D2E,2
CC_AD135F45D1A1,2
CC_AD137E7B57A0,4
CC_AD13BC776644,0
CC_AD13C13F4F7A,0
CC_AD14555DF0E5,2
CC_AD15370A3B25,0
CC_AD1D7087642C,3
CC_AD20437874C7,1
CC_AD2216763129,2
CC_AD226651BBB4,2
CC_AD2D2DD5AE1C,2
CC_AD32EDE2EE17,1
CC_AD359D65EDF1,0
CC_AD37EC092DBD,2
CC_AD3AE9AAA8E9,1
CC_AD40CD445E44,2
CC_AD423B7E7B99,3
CC_AD457FF9DCF4,4
CC_AD467027CC6C,4
CC_AD47425E3550,2
CC_AD4851305902,4
CC_AD4C82B325AF,0
CC_AD4CA98C314A,1
CC_AD54EF94F53F,3
CC_AD58E5447E42,2
CC_AD5B2E89496F,4
CC_AD6073C80EB0,2
CC_AD61099F5546,2
CC_AD62B6000F74,0
CC_AD62F8CF1970,3
CC_AD6E515F3F3F,3
CC_AD703EB25FAC,0
CC_AD7328230E04,1
CC_AD790FFE5B3D,3
CC_AD7B0416C93C,2
CC_AD7BAA55C71E,4
CC_AD7C44A4005E,2
CC_AD81DB112D3C,0
CC_AD82633D5249,4
CC_AD83B3101092,2
CC_AD8A3C9F0A0D,1
CC_AD8BB38FE9AE,0
CC_AD8CB34957B8,2
CC_AD907159EE48,3
CC_AD9487257572,0
CC_AD94B6240276,0
CC_AD94DA8372F3,0
CC_AD977BBE03B2,1
CC_AD983C87063E,2
CC_AD98AE3542F6,3
CC_AD99135B88D3,2
CC_AD9A44EBE8DD,0
CC_AD9BABE2CCAC,1
CC_ADA42DD32EB3,0
CC_ADABDB914EB0,3
CC_ADAD6F048843,4
CC_ADB26CFD8024,3
CC_ADB29E3AE3FB,3
CC_ADB49C5DED93,3
CC_ADB54B0A9720,0
CC_ADB74049D2B6,3
CC_ADBEE55202E0,2
CC_ADBFC4C0F98D,3
CC_ADC1D07ABEBB,2
CC_ADC4A4AB497B,1
CC_ADC61AC94CA4,0
CC_ADD1B844EEAF,3
CC_ADD4C1FCD44D,4
CC_ADDA334AC0F7,0
CC_ADDB6DDEAE9C,1
CC_ADDCFEFC1D8A,3
CC_ADE22641EC72,3
CC_ADE2C37CBC65,1
CC_ADE2EA1ACE18,1
CC_ADE782DACAA1,4
CC_ADE944732100,0
CC_ADE9F652B1C4,1
CC_ADEA47F650E5,1
CC_ADEB224A0FC8,3
CC_ADEB53CEEE0A,4
CC_ADEF376A0872,3
CC_ADF039E595F5,0
CC_ADF28929E1A2,2
CC_ADF2F2954D8E,4
CC_ADF337654560,4
CC_ADF481917733,4
CC_ADF85F7B4063,4
CC_ADFDBE770582,3
CC_ADFF0A7D5E0B,2
CC_AE00F0D0C033,2
CC_AE02A5D0341D,0
CC_AE02F560C77C,0
CC_AE0A7C908D8C,2
CC_AE0AA2176861,2
CC_AE0B4C9B1FA4,2
CC_AE0D45FE53DA,2
CC_AE0D4ED5B39E,3
CC_AE0D89C67891,0
CC_AE0E3BBC1AAD,1
CC_AE13EFC8813F,2
CC_AE1584F51E41,2
CC_AE1699E31024,4
CC_AE1720BAB719,4
CC_AE19061A2378,1
CC_AE19ED337C72,0
CC_AE1A5AFF96D3,1
CC_AE1AD84B19BF,2
CC_AE1C1240375D,0
CC_AE1CE54A1491,3
CC_AE1E210EE301,0
CC_AE1EB1A0FAA5,3
CC_AE1FC05A449C,4
CC_AE203BC5F2BA,2
CC_AE21389FFC5C,2
CC_AE21CB920437,2
CC_AE21E2312141,4
CC_AE225CA47E72,0
CC_AE27CAB44497,1
CC_AE29B8581338,3
CC_AE319AD3D195,2
CC_AE39DD14C6C6,0
CC_AE3AAD115356,1
CC_AE3B9459BBB7,4
CC_AE3C24A0FBC3,0
CC_AE3D2A2E2589,2
CC_AE3E51CD37E7,2
CC_AE3E9C6D2706,3
CC_AE40CFD3293C,0
CC_AE41EFDFB0B9,1
CC_AE43A24DC47C,3
CC_AE452F315759,2
CC_AE4530CBB1F3,1
CC_AE460D64404D,4
CC_AE4985CACAB8,2
CC_AE4ABB421CAE,4
CC_AE4ABDD89DD6,4
CC_AE509965C4F7,1
CC_AE50EEAAA873,1
CC_AE515CC58CA2,0
CC_AE51788D2633,1
CC_AE54FFBB8C1C,3
CC_AE55C2BC4F2B,3
CC_AE591B7C49BF,0
CC_AE597D26DDA8,3
CC_AE5CFBF4846B,3
CC_AE63DB410779,2
CC_AE645CBE4466,0
CC_AE67B5F2118C,3
CC_AE6EAE61C376,0
CC_AE6FEF76E891,2
CC_AE714513719C,2
CC_AE77F85D001E,3
CC_AE7E8605ACD7,2
CC_AE867E4BF75E,0
CC_AE8AEDD6C9EE,1
CC_AE8C0BCA4712,4
CC_AE8E647A6F3F,3
CC_AE91897EF74A,2
CC_AE919399931D,4
CC_AE92753557A7,3
CC_AE97DB44840F,2
CC_AE9BB9410CA5,1
CC_AE9D92A6E9FC,4
CC_AE9E7A2BFAC4,0
CC_AEA12F674F15,0
CC_AEA21A91AFC7,1
CC_AEAD1D2628D8,0
CC_AEAEFE4129F5,1
CC_AEAF21EBDE54,4
CC_AEB22B6F56AF,2
CC_AEB5F5467247,2
CC_AEB9210EF31A,0
CC_AEB9626DA1C6,3
CC_AEB9E09BC77A,3
CC_AEBA8976A197,3
CC_AEBC741D0634,0
CC_AEC15B8F9F92,3
CC_AEC701497E6B,3
CC_AEC739840825,4
CC_AEC89B7D44D3,4
CC_AEC8A63F91D0,3
CC_AEC95170B88F,1
CC_AECA0A8CB1BD,3
CC_AECD349E2097,2
CC_AED0357EA173,4
CC_AED0A3349B00,2
CC_AED70499C796,4
CC_AED77EC7A78B,4
CC_AEDC1510FD83,0
CC_AEE010CBB017,4
CC_AEE71414E528,3
CC_AEE8759D007F,2
CC_AEED6EF06F29,3
CC_AEEDE87CFC1A,0
CC_AEEFBA5D19D1,1
CC_AEF45E99AC12,0
CC_AEFCDB2F88CA,4
CC_AF0213915D8D,2
CC_AF02F54E3C35,3
CC_AF05008EC20E,0
CC_AF0611715585,4
CC_AF08CB6AD715,2
CC_AF0C31DC66A5,1
CC_AF0E2B9943A7,1
CC_AF12F41DB690,3
CC_AF166E2D0E3F,1
CC_AF17A2737466,4
CC_AF194314ADBA,0
CC_AF1F270DFD26,2
CC_AF214A8A035A,3
CC_AF3062B89A1F,3
CC_AF36A9E020FA,1
CC_AF37C8AAE8E0,4
CC_AF3BA240CC3F,1
CC_AF3E413F6255,0
CC_AF4088FC9119,0
CC_AF49054B2277,3
CC_AF49C2FCFA87,0
CC_AF4D406B0654,4
CC_AF555DC332C7,2
CC_AF582B02EDCD,1
CC_AF58C98AA9EC,3
CC_AF5CC0A687B5,3
CC_AF5D3134B3F6,0
CC_AF5D8D27D891,0
CC_AF6005E2F4CF,0
CC_AF67EE3B3FC8,0
CC_AF68168C02D4,3
CC_AF6FB4C4426B,3
CC_AF70B1B36E22,2
CC_AF710F915793,3
CC_AF71470BC6CE,0
CC_AF7282F7EAD7,0
CC_AF746E7AC0A8,1
CC_AF76F9438628,2
CC_AF78C28C28A0,1
CC_AF78DB9BAA2B,2
CC_AF7DB1E2707C,4
CC_AF8621E1CF13,1
CC_AF8B23CE5A44,0
CC_AF8D7E96839A,1
CC_AF8F523E3706,0
CC_AF8F9029DAC7,2
CC_AF93202C3B31,2
CC_AF934635595F,3
CC_AF961AF77849,3
CC_AF9970A3C3E9,3
CC_AF99BB4DBAE4,1
CC_AF9F176BBDFD,3
CC_AFA11AC71C34,1
CC_AFA5707C8CEE,0
CC_AFA5B7C02A75,0
CC_AFA5F052C5EB,4
CC_AFA8A084A235,0
CC_AFA91F7B1697,3
CC_AFA93F009AD0,4
CC_AFAB636D9818,0
CC_AFAF81B04FCF,1
CC_AFB303DBC903,2
CC_AFB6D7B5A1AE,1
CC_AFC12C1FC84F,4
CC_AFC2525ACC6F,2
CC_AFC7F0D41CE5,1
CC_AFCA74650720,0
CC_AFCD3EDD869D,1
CC_AFCD8535C2A1,1
CC_AFD475405365,3
CC_AFDE3D99E223,1
CC_AFDF14A9A7B6,2
CC_AFDF77AA5375,3
CC_AFE0FB4CB64F,4
CC_AFE210591003,4
CC_AFE283ADDC7F,1
CC_AFE2B70AF410,0
CC_AFE613046534,2
CC_AFEDF9B652F7,3
CC_AFEEDD45D73C,4
CC_AFEF7A7D89C3,1
CC_AFF169410409,4
CC_AFF2B8B0FBAA,1
CC_AFF69BF521E2,3
CC_AFF82DC79CE7,3
CC_AFFCD522C179,1
CC_AFFF20616F23,4
CC_B003275E9D60,1
CC_B00A18466BCE,0
CC_B00AE0AB9A63,1
CC_B00C4804D523,0
CC_B00CC4C318C8,2
CC_B00CCA033535,2
CC_B0128621D9A8,3
CC_B01309116B97,4
CC_B013D539AB61,4
CC_B014B10A64AB,1
CC_B014DD824A0C,2
CC_B0177DEF668F,0
CC_B0181032E907,0
CC_B01AC7F0F036,2
CC_B01DBE02BB8B,3
CC_B024D48B8054,3
CC_B0261C998400,1
CC_B029AC4DE765,4
CC_B02D7541DDE0,3
CC_B032E2A6905E,2
CC_B034D8BBEDEF,2
CC_B0350BE8E6FE,4
CC_B03528226833,4
CC_B03939873355,2
CC_B03BE9FA1734,2
CC_B04334B0B0C4,3
CC_B043F1CDD245,1
CC_B044F29F51E8,3
CC_B046431EA71E,3
CC_B04BB8FC0AD8,4
CC_B04C7CB49B84,2
CC_B057BD497851,3
CC_B05AE3704D5E,0
CC_B05AF9368707,1
CC_B05B4F05CD9D,2
CC_B05E3F0ADEBC,2
CC_B05EE9293D12,0
CC_B062B789B5ED,3
CC_B064B479B5A1,0
CC_B07237A090D0,1
CC_B0755DFB8742,0
CC_B07918BD04C4,2
CC_B07B5AC346DA,3
CC_B07E0F9EA8CD,2
CC_B0862FABE488,1
CC_B08C3DEEEE70,0
CC_B08F20780247,1
CC_B08F35EE50C4,3
CC_B092D97C8039,0
CC_B09356D7F241,3
CC_B0967C4983E7,0
CC_B096A4A3750C,0
CC_B0976D630613,3
CC_B09DF83E8DA4,0
CC_B09E493D68E2,0
CC_B0A1E309C6EB,0
CC_B0A302702ED9,4
CC_B0A576C7643F,0
CC_B0A65753268A,1
CC_B0AAF0AD6A6B,4
CC_B0AFC598AB5B,4
CC_B0B1DA1444BD,2
CC_B0B1E52E0E29,0
CC_B0B63087C4ED,1
CC_B0BC441FBF4B,2
CC_B0BCD5264A51,4
CC_B0BDFFA551C4,0
CC_B0C13AC2E1A8,4
CC_B0C27E607EEF,3
CC_B0C8AB9126A5,4
CC_B0CAB73EC9DA,4
CC_B0CCD4ADDC2A,0
CC_B0D08B02907E,3
CC_B0D283546341,1
CC_B0D3CBCE976F,4
CC_B0D4ECD771C4,1
CC_B0D7A429141A,1
CC_B0D8009E8CB6,3
CC_B0D9E4DE26F2,1
CC_B0DC4AB45357,4
CC_B0DFB37E817A,2
CC_B0E167437161,2
CC_B0E41C0DB613,3
CC_B0E5C2DA2D2A,0
CC_B0E7698D91DD,4
CC_B0EB81C77ABB,1
CC_B0ED801EBB23,3
CC_B0EF31816C2E,2
CC_B0F054258600,4
CC_B0F098FD61B3,3
CC_B0F2BFC26991,2
CC_B0F5578A35C6,3
CC_B0F5CF869F9A,4
CC_B0F60BDC9B4C,3
CC_B0F68FDEAA01,2
CC_B0F836749868,3
CC_B0FA04A1A16B,3
CC_B0FACB174F2B,0
CC_B0FB97C4DF19,4
CC_B1015B2DBF95,2
CC_B10186CE70F0,2
CC_B10A1AD4669A,0
CC_B10B9E060283,2
CC_B10DAF4E7083,2
CC_B112B109661E,0
CC_B11400385BC2,3
CC_B1170AEF8A8E,2
CC_B117C62EE902,0
CC_B11B78FFF0ED,1
CC_B11B92C24485,4
CC_B11C0F016104,3
CC_B11C5EDAD05E,3
CC_B123138A4DCE,3
CC_B1260B8FD17E,3
CC_B13110E5DAE0,3
CC_B131B7A7230A,3
CC_B1336D33C077,4
CC_B133B383F23B,1
CC_B13777FC0108,1
CC_B1388245D5FA,3
CC_B139AF180B45,2
CC_B13ADC5B0A0A,2
CC_B13AF3492FC2,4
CC_B13F39269237,4
CC_B141B874574F,4
CC_B141C8EFBFB9,3
CC_B14265F5BD2B,0
CC_B14AA7B89CAE,0
CC_B14C47C7E0EF,1
CC_B14C68F364CF,0
CC_B14D958CE776,0
CC_B14FE3365CD8,1
CC_B156C4D52380,3
CC_B157DA76E30D,2
CC_B15AB367E525,3
CC_B16192C5BBFC,4
CC_B1664072F206,3
CC_B16BA8EB2659,0
CC_B16ECA56DF74,4
CC_B17296B311D3,0
CC_B173918BCC8E,3
CC_B17599386DCC,0
CC_B17A6F488F95,2
CC_B182E33ED53C,0
CC_B18330714657,1
CC_B184B3D0FC26,1
CC_B1896AD3E346,4
CC_B18A91081EC5,4
CC_B18B49957711,4
CC_B18D3C585EF5,4
CC_B18F818F3891,0
CC_B1917E7DBAD2,4
CC_B1978ED9A83D,4
CC_B19B2F752321,0
CC_B1A0D6610EE3,1
CC_B1AB24906849,4
CC_B1AB7B2815DC,4
CC_B1AC114978A5,2
CC_B1B06D3AB2B1,0
CC_B1B1B9A56CFE,3
CC_B1B7EA857BE7,0
CC_B1BB492AB129,3
CC_B1C213CD27EB,0
CC_B1C49A983E72,3
CC_B1C6B6C51FCE,2
CC_B1C7B40104FF,4
CC_B1CE7DCBCAFB,2
CC_B1CF878F06E4,3
CC_B1D03AF379C3,1
CC_B1D3D4BE5585,1
CC_B1D777E1BCE8,0
CC_B1D8DD7D15B6,1
CC_B1D8F3B4AF25,3
CC_B1D924C24580,0
CC_B1DA5DC49F91,2
CC_B1DAD1ABDE78,4
CC_B1DE9CC9845B,2
CC_B1DEDE94533A,1
CC_B1E073C84B61,0
CC_B1E127D8AEC4,1
CC_B1E490CE3B4A,1
CC_B1E94C87DF12,3
CC_B1EC10B3AFB3,0
CC_B1ECA15DF9BE,0
CC_B1F0F4758305,3
CC_B1F1EEA3B3F0,1
CC_B1F2138EBCC4,2
CC_B1F27ABDBBAB,0
CC_B1F5C1901B70,0
CC_B1F8F951A8BF,4
CC_B1FA8AEDA775,4
CC_B1FADE3FEDCA,3
CC_B1FC1F3134EF,1
CC_B1FE8DF646B3,3
CC_B1FF0D030ADC,3
CC_B1FF6BA6F97E,2
CC_B200BA186DD1,0
CC_B2032846C98F,1
CC_B203AEC74B09,3
CC_B203E5031F01,4
CC_B205EBE37539,0
CC_B2064BFE82D5,2
CC_B2064EC815B6,4
CC_B20A0F1121EC,4
CC_B20CCF5250BD,1
CC_B20FBE5D9212,3
CC_B21222ACA307,0
CC_B2154D71F930,2
CC_B2160F57219A,2
CC_B2184056C830,3
CC_B219891161B0,4
CC_B21A9EB946D0,3
CC_B21BAF90899C,2
CC_B21FA9AA6699,0
CC_B21FF4F76401,3
CC_B22078E0351C,1
CC_B22218BC745F,4
CC_B2247F61282B,3
CC_B224AB0ABDF8,0
CC_B224ACAD2EF2,4
CC_B224BB163671,4
CC_B22C5EA62F64,0
CC_B22D80148C26,2
CC_B23236086FD3,1
CC_B2330EA94B7D,0
CC_B238B2923086,3
CC_B23BA6481B10,3
CC_B24117ADA922,0
CC_B241ED2351D1,2
CC_B243DCAC75A6,2
CC_B247C68735F2,2
CC_B2484952CF84,1
CC_B24A19BBD8EB,4
CC_B24E66527591,2
CC_B24E9EC5E6F9,0
CC_B250E7F2DADD,4
CC_B25298D856D0,2
CC_B25330C545DC,1
CC_B2548DFBF9A0,0
CC_B2563033BBA7,0
CC_B25A287772AD,0
CC_B25ADC06612C,3
CC_B25B08AD69F1,2
CC_B25CA6B6C83E,3
CC_B25D1CCD9D9D,3
CC_B26329CCC83F,4
CC_B264948A989B,3
CC_B26CE8256566,2
CC_B26FBDAC124A,1
CC_B276CC59E39A,3
CC_B27BE369DD48,1
CC_B286A2A27850,1
CC_B288909D0C8D,0
CC_B28AB79B8333,2
CC_B291AEFBB699,1
CC_B2974560531D,2
CC_B2978E879260,0
CC_B298A4CEA245,2
CC_B29B14FD20A9,0
CC_B29C88148C9F,4
CC_B29D4492C72C,3
CC_B29E7F7C704C,3
CC_B29ED1655F5D,2
CC_B2A1FB08D989,0
CC_B2A327070662,2
CC_B2A5AE1E5C24,1
CC_B2A6043EFB0E,4
CC_B2A673C49E2D,4
CC_B2A96CDC297A,3
CC_B2AA150D3571,4
CC_B2AAC508265F,3
CC_B2AAE6B3A043,4
CC_B2ABEA5672B9,3
CC_B2AC8D334893,2
CC_B2ACF9FB403D,1
CC_B2B16B4EB475,4
CC_B2B327BABE86,1
CC_B2B373215899,3
CC_B2B867422424,2
CC_B2B9BCB9EDF8,4
CC_B2BA3D68C274,2
CC_B2C07BB323C2,4
CC_B2C11F1DB393,0
CC_B2C26E634CFF,0
CC_B2C54E77DC7B,2
CC_B2C5F6070722,4
CC_B2CC87FE3962,4
CC_B2CE7B449F8B,3
CC_B2D24B7D9B0A,2
CC_B2D4055CCAD1,0
CC_B2D665A5637C,3
CC_B2D77A760F52,3
CC_B2DB6A065475,1
CC_B2DD660D8D17,4
CC_B2DE51477975,3
CC_B2E0B2398A74,4
CC_B2E62898B489,3
CC_B2E817674A56,2
CC_B2EAFE20698D,2
CC_B2EC697FFF94,3
CC_B2F326A553B8,1
CC_B2F4CF78D460,0
CC_B2FD8C27B4C1,0
CC_B2FF738E7422,3
CC_B300E0C2E135,1
CC_B301C11A9086,1
CC_B305CDCEFF13,4
CC_B30DBF80C654,2
CC_B30E1EBC8C40,3
CC_B30E4D88A338,4
CC_B30FD6A665CA,4
CC_B30FFFF406E8,4
CC_B3113A74AD74,3
CC_B31150DA623F,0
CC_B311C7D613DB,2
CC_B3122C4AAD86,4
CC_B31F1DB88077,3
CC_B3220C1F7BA2,1
CC_B323A7D1F561,1
CC_B3241EB5094A,3
CC_B324395FA7E7,0
CC_B3262D249D0B,3
CC_B32727536EEC,1
CC_B327B73C8EC6,2
CC_B329346FF953,1
CC_B330093492B5,1
CC_B33176E40484,0
CC_B331D52E0379,2
CC_B33397E6D0B9,2
CC_B336E1CFCDE1,4
CC_B33AF5133447,4
CC_B33B930000EC,3
CC_B33C3D985DE8,2
CC_B33D621E3493,2
CC_B33E5FF38DEC,3
CC_B342911CECC2,2
CC_B345CE1BACDF,4
CC_B34636560EC7,2
CC_B346E02B5D3E,2
CC_B34BF42BF2BA,0
CC_B34C0C76F071,0
CC_B34D28827379,4
CC_B35841EDBE12,0
CC_B3604A5FBF10,4
CC_B361EE0374F6,4
CC_B3640B4C3B61,4
CC_B36729E4C612,0
CC_B36A8B93D909,3
CC_B36D8BD90914,4
CC_B36FCC81ED42,2
CC_B3703C353207,1
CC_B3709A7B2F19,1
CC_B37117B73FD7,4
CC_B37447984236,1
CC_B3760D021B18,3
CC_B3796E0501B6,3
CC_B38017E0F3DF,4
CC_B380E45FBED9,1
CC_B382A97F0509,0
CC_B3835842F0A3,2
CC_B38373E5D247,2
CC_B3857BCC9D6C,3
CC_B3868FC78377,1
CC_B3887E8C3407,3
CC_B38A618FF575,2
CC_B38B49DCD5AA,4
CC_B38EA4C4E4FB,1
CC_B3938E788350,2
CC_B3971D261D72,3
CC_B39EC8DC190D,2
CC_B3A0B835BAAA,4
CC_B3A280B8E509,2
CC_B3A4E7BA564A,3
CC_B3ACC02CE263,0
CC_B3B05A15B15B,0
CC_B3B6ADFFC91A,3
CC_B3B810976F47,4
CC_B3BB0D08BD0C,1
CC_B3C0C3898AB2,2
CC_B3C67A81277A,4
CC_B3CA4D58E10F,4
CC_B3CDB1BD3C0A,3
CC_B3CE0367D438,0
CC_B3CE50B5FE07,0
CC_B3D24AF817B9,3
CC_B3D3EED2A6AB,2
CC_B3D576CB1734,0
CC_B3D930F7B064,2
CC_B3DAC91CD9DB,0
CC_B3DF392D05BC,1
CC_B3DF7AC36679,1
CC_B3E275D838B6,4
CC_B3E56BA7AEFC,1
CC_B3E61637E2B7,1
CC_B3E99F0A7306,0
CC_B3E9A9FC7B94,3
CC_B3EB21E7A274,0
CC_B3F15271D27F,2
CC_B3F6AED5A965,1
CC_B3FC7C4F088C,2
CC_B3FE28A86508,3
CC_B3FE97905CB4,3
CC_B40311168936,3
CC_B403CE4D8B37,2
CC_B404E192BB32,0
CC_B40500D104E6,1
CC_B406DB281F17,2
CC_B406EAC43E7F,0
CC_B408D57C7DC9,0
CC_B40DD01F1AAF,4
CC_B40E45CC586C,4
CC_B4113EE08BAA,0
CC_B4124650B398,0
CC_B41854403F46,0
CC_B41E89B4329A,4
CC_B41EEE93358C,3
CC_B422C275DF41,4
CC_B427C47E16FC,0
CC_B42B008047D6,1
CC_B42C3AEE21C8,3
CC_B42DB3AF92E0,3
CC_B4315A9B9ABE,4
CC_B4335FEBA780,0
CC_B4367BA90A47,2
CC_B4383CFEB08C,4
CC_B43957F9DDA8,3
CC_B43B698A3C02,4
CC_B44209581ACD,1
CC_B4438E98B686,4
CC_B446666BB10A,3
CC_B44668E2C2F3,1
CC_B446E5C3B301,1
CC_B448F42CF17C,2
CC_B449922DCDD6,4
CC_B44B5A5A041A,0
CC_B44D02138E7A,4
CC_B44D20E352D1,4
CC_B44D873F7141,2
CC_B45139122C75,1
CC_B455DCD7CFB1,2
CC_B457BC1EFE98,1
CC_B45C8D01EAAF,2
CC_B460AD294E49,2
CC_B4632E721F89,1
CC_B46533505217,0
CC_B46985BF951B,1
CC_B46B714211C8,1
CC_B475F5CDE3E3,2
CC_B47BE92D3056,4
CC_B47CAE1F82E7,3
CC_B4825FF02DCB,0
CC_B483FD08B026,3
CC_B487EF77CB9F,3
CC_B48BF6232602,2
CC_B48DB3F334D9,0
CC_B4904F5B35C3,0
CC_B4947FAD54A7,0
CC_B499982B2034,3
CC_B49C2A33D7CA,4
CC_B49C7155F07A,1
CC_B4A1B03F501C,2
CC_B4A54CED6475,0
CC_B4A56BE017B4,2
CC_B4A8F785F529,1
CC_B4B17D508C29,4
CC_B4B63F000011,0
CC_B4B7327847BF,1
CC_B4B93EEAB01B,3
CC_B4B9A540BE1F,4
CC_B4BB6938BCE1,1
CC_B4BBA1437147,1
CC_B4BF7392343D,3
CC_B4C21F5A85DF,4
CC_B4C55B94E9A9,4
CC_B4C7BDEC7257,2
CC_B4C7E22E81E3,0
CC_B4CA54D3CFD5,1
CC_B4D1829BA2B6,1
CC_B4D42F0031AA,2
CC_B4D578E1C386,4
CC_B4D896E47482,1
CC_B4D91EB8CC93,3
CC_B4DB93A7703B,0
CC_B4DC098F6530,2
CC_B4DCA5DE0E20,1
CC_B4DE4BA6CC2A,0
CC_B4E30D3E9872,2
CC_B4E78092D84E,0
CC_B4EAFA14A536,3
CC_B4EB2EFC791F,1
CC_B4EDF1F4D225,3
CC_B4F0E141D297,2
CC_B4F4ABDF2A3D,4
CC_B4F50C3BF5F0,0
CC_B4F63D3155B7,2
CC_B4F75B2EB49A,0
CC_B4F9D1799B07,0
CC_B4F9F103FAED,0
CC_B4FB7E58FAE5,4
CC_B4FC52325727,1
CC_B4FDF8CA84FB,1
CC_B5009FDE282F,3
CC_B5010358763B,0
CC_B501F230801E,2
CC_B503153916E6,1
CC_B5061E51789C,1
CC_B506B7BAB8AA,3
CC_B5099580A9F0,4
CC_B50C513DB095,2
CC_B5109C957767,1
CC_B512C8363B16,3
CC_B514EE72A7B4,4
CC_B51923D0BFAF,2
CC_B51A668598F2,2
CC_B520C7B8C864,1
CC_B521EC1A0303,1
CC_B523C1402A36,1
CC_B523CD365299,1
CC_B5245FFD1EC6,2
CC_B5247725EFFE,1
CC_B52B2214457E,2
CC_B52B39B1DA6A,0
CC_B53168EBD73A,4
CC_B5330EFCE16C,4
CC_B53491202C20,2
CC_B5371DF409F9,2
CC_B53BEBA0926B,2
CC_B53C267FF41F,3
CC_B53EB7D34A26,1
CC_B5470B5EB8DB,2
CC_B54875F8A9AF,0
CC_B549DADDD983,0
CC_B559BF8078CB,0
CC_B55A0C4D1374,4
CC_B55B1BFE9FB9,4
CC_B55C30B377C3,2
CC_B55D68594685,3
CC_B56A0458A86A,1
CC_B56C4BFBF981,1
CC_B572AD95F312,0
CC_B5743EA772EE,1
CC_B57667053B8A,2
CC_B5787D27A670,2
CC_B5815BC5BAC2,0
CC_B5850A5F09E2,0
CC_B585414CBF1E,4
CC_B58B40FA5A3F,3
CC_B59492B2D6B8,0
CC_B594FE1C2E6D,2
CC_B59B5F0DA9D0,3
CC_B59D562B8F3B,1
CC_B59DF8C1F1C5,4
CC_B5A1AB21DE1F,2
CC_B5A206AEDCD0,0
CC_B5A3900D5A9C,0
CC_B5A46454D25A,2
CC_B5A4B25364DF,2
CC_B5A510A71B9F,2
CC_B5A5D46AE97F,2
CC_B5A82E89C5B5,4
CC_B5A9055816DE,2
CC_B5A91B066026,3
CC_B5AA68E4D058,1
CC_B5B5B3523912,4
CC_B5B6A77D9E65,4
CC_B5B95CFE6AF8,4
CC_B5B97A1BD47C,2
CC_B5BB0D7AF9D1,4
CC_B5BD2C8C30C7,0
CC_B5BD917E9D06,1
CC_B5CA1039F9D8,2
CC_B5CB61907F4C,0
CC_B5CC6410F5B4,4
CC_B5CCD4D3F03E,3
CC_B5D25CA5AC2B,0
CC_B5D26B7E7411,3
CC_B5D34C883D04,1
CC_B5D49389856A,4
CC_B5D8DC57BF26,0
CC_B5DB1F7F7C58,4
CC_B5DF8BBB4C36,3
CC_B5E29467CAB3,2
CC_B5EB0D198E0C,4
CC_B5F0D3681BC3,4
CC_B5F56271ABA4,1
CC_B602058D8690,2
CC_B602332D7DF3,0
CC_B604C5041BF5,2
CC_B6056A96D6CA,2
CC_B606DE5356E0,4
CC_B60B306F44FF,4
CC_B60CE2B9AB08,3
CC_B60D3AB1813E,0
CC_B60DF22B14FD,0
CC_B612095DA925,2
CC_B613F6BE703D,3
CC_B6181019950C,2
CC_B61ADC6ED574,2
CC_B61E61948380,2
CC_B61E6D2F6509,0
CC_B61F825D98BC,1
CC_B6211B9138BA,1
CC_B623208509F8,4
CC_B6275B864557,1
CC_B6284D8E8C01,1
CC_B62897AB5D51,3
CC_B62B0A206D47,2
CC_B62CBBFFF421,1
CC_B63633183F2B,3
CC_B636A07DE435,1
CC_B6383F0AA8A8,3
CC_B63F326A5E67,4
CC_B63FB93B6C77,4
CC_B6479B6526C0,4
CC_B64B193EADC8,1
CC_B64D70F612EB,3
CC_B64E264FCB95,4
CC_B64E43D34DE0,2
CC_B652315F1E6A,0
CC_B6551B91C7FC,0
CC_B655A073D354,1
CC_B655FFC61FE8,1
CC_B6568A10237D,3
CC_B658FA6AADC5,4
CC_B65C5A0A850B,4
CC_B65FD4D75FA8,1
CC_B65FD8E5CE03,4
CC_B660AE6A8C52,0
CC_B667E2E6360F,1
CC_B66BDBC98A28,2
CC_B66C4F4F589E,4
CC_B66C645DA996,1
CC_B66F72D514BA,2
CC_B670ACBEBA9E,4
CC_B67149DDD112,4
CC_B6727788A303,3
CC_B6729502F155,0
CC_B67510A2914B,0
CC_B675D7E716AB,2
CC_B675FC083D14,1
CC_B676B6612893,1
CC_B6852E10449C,0
CC_B68614D33821,3
CC_B6866B96233E,2
CC_B68696069CA9,4
CC_B68AD1786AEE,4
CC_B68E37EB48A6,3
CC_B68FBC06D477,1
CC_B692271B331E,1
CC_B692FBE376CC,1
CC_B699EA8B9CBD,1
CC_B69D607347D7,0
CC_B6A42687A99F,1
CC_B6A55DE30C9A,0
CC_B6A6CC0654C5,4
CC_B6A827AF5A7A,4
CC_B6AC429C548A,0
CC_B6ACDE44E566,1
CC_B6AFC6B5271A,0
CC_B6B23E11CA10,2
CC_B6B643CAF971,0
CC_B6B8ED17CDEB,1
CC_B6BB6760B6EC,0
CC_B6BC805B2F0C,1
CC_B6BDF671FA69,1
CC_B6BF9FB8EE35,0
CC_B6BFC3A9B140,2
CC_B6C207561A37,0
CC_B6C263D15E6B,3
CC_B6C4A2A0752E,2
CC_B6C6E3E82340,0
CC_B6C9DD736B18,0
CC_B6CD9EA2FC76,1
CC_B6CDEB17F676,3
CC_B6D43B815E5D,0
CC_B6D932FF112C,1
CC_B6DC08A19DE0,4
CC_B6DDCF9A2C6A,2
CC_B6E2791AB004,4
CC_B6E298F02D30,4
CC_B6E30C00FF74,0
CC_B6E35FAB5C77,4
CC_B6E36B646521,2
CC_B6E37855E39C,2
CC_B6E6383557EA,3
CC_B6E8B19907E4,2
CC_B6EB3B8A05C8,4
CC_B6F930E2B261,0
CC_B6FBED5F3972,0
CC_B6FC7FBD9320,2
CC_B6FEAEC3125B,0
CC_B70173E27378,1
CC_B7057CB1217D,4
CC_B7064073D046,4
CC_B7081AD5B8C7,3
CC_B709CA64A212,2
CC_B70BC6885DF1,1
CC_B710C799648B,2
CC_B711D2F3AEE9,2
CC_B713A5905CC2,0
CC_B717326EDA68,2
CC_B71832CD5995,2
CC_B718A374B57B,3
CC_B71A810141C8,3
CC_B723AD831BC3,4
CC_B72C2A88239E,4
CC_B73083C6BF7E,2
CC_B734B5FA07FE,0
CC_B738832D9D51,2
CC_B73DC1A386E7,3
CC_B743E78463F4,3
CC_B74788274022,4
CC_B748D7F02E7C,4
CC_B74964307C23,0
CC_B74B0F8E4356,3
CC_B74E0D7B09D7,2
CC_B752E27906BD,0
CC_B754037D7002,1
CC_B7561EE51FA8,2
CC_B7587CAC7661,0
CC_B75F2D7732FA,2
CC_B75F537AFAF9,4
CC_B75F5C4A485B,1
CC_B7619AB98E6F,0
CC_B766D76000F3,4
CC_B76AD67243B5,1
CC_B76D242706C0,2
CC_B76D30A6B56F,1
CC_B76F020F05EB,4
CC_B7703BDCF533,2
CC_B7719A26EA3A,1
CC_B773E534421A,4
CC_B775CF1A2270,4
CC_B775F75FD283,1
CC_B7763C899A66,2
CC_B77718A7E5FC,3
CC_B77B3C336E8A,2
CC_B7810B42A814,2
CC_B7842D68E697,1
CC_B784F8862096,1
CC_B7866F36A78F,3
CC_B786E49318C9,2
CC_B78838D23124,4
CC_B78951F57A26,0
CC_B78A5B1F4CCF,1
CC_B78AD445A1D7,1
CC_B78D7C679AD5,2
CC_B7902C58BCB1,3
CC_B79915F71ADC,4
CC_B79E07AD5E66,0
CC_B7A827D762D2,4
CC_B7AF5DC39798,4
CC_B7B122C7AF37,0
CC_B7B41EAD7196,0
CC_B7BA89E342EC,1
CC_B7BC12E834E3,0
CC_B7BC4E2AC046,4
CC_B7CCFA1E299E,4
CC_B7CED9215B96,0
CC_B7D500386188,1
CC_B7D588060F64,1
CC_B7D9C806EEE4,1
CC_B7DA364A8132,4
CC_B7DA5A96CE84,4
CC_B7DD3A464A79,4
CC_B7DFA679E14F,2
CC_B7E39D593099,4
CC_B7EDA93D46CE,4
CC_B7F403D41D2B,0
CC_B7F80959B02A,0
CC_B7F9776C6174,3
CC_B7FC762BC544,2
CC_B7FDCFB51D1A,2
CC_B8006E6E15E7,1
CC_B800F41C674B,2
CC_B804DEE2339C,0
CC_B805E01064E3,0
CC_B805F36C5115,4
CC_B80816096C9A,3
CC_B80CE7D0C61E,4
CC_B8117550731E,4
CC_B8121E98D3C5,3
CC_B812C301D72A,1
CC_B8164EBC3987,1
CC_B8192D415547,2
CC_B81CFC4D9CD1,1
CC_B8221B1EF0DA,0
CC_B82A70DC9890,0
CC_B82F5E7D752A,3
CC_B837E84F5AD8,2
CC_B8395FAB4261,4
CC_B83991AE2A51,1
CC_B83CD047488B,1
CC_B83E292DF7F6,4
CC_B83F268F452C,0
CC_B840FCB16E15,4
CC_B8426304AF82,1
CC_B84600C09775,1
CC_B8491891689B,4
CC_B84AAA6EF4BA,2
CC_B84BA5A74E6C,3
CC_B84DDEE17643,0
CC_B851C0534E98,0
CC_B854138924EC,2
CC_B854DCF6A5E8,4
CC_B868875B09EA,0
CC_B869C201F061,4
CC_B8709FA7CAD5,1
CC_B877FCD79BB7,2
CC_B8795AA5EF32,3
CC_B87BC7042616,3
CC_B87C72FCB287,4
CC_B87CFD9ABDF9,1
CC_B87E0C9E3F8D,3
CC_B884E4DAAE19,0
CC_B888015D8DE6,4
CC_B889B6C43526,3
CC_B88A6B9B4323,1
CC_B89609F37207,1
CC_B89A624BB504,3
CC_B89CAF0D24C9,4
CC_B89F9D1FCB6B,2
CC_B8A696A134C6,2
CC_B8AEB0E52959,4
CC_B8B2743E398A,4
CC_B8B57F80FF55,3
CC_B8BA457BAD0B,3
CC_B8BA64A71E54,3
CC_B8BC9DF55D4B,2
CC_B8BE6474CD20,3
CC_B8C3683584C3,0
CC_B8C430A0CFFA,2
CC_B8C55C22A6C6,2
CC_B8CBF464B07C,1
CC_B8D0AA0B4A31,4
CC_B8D0D5753209,4
CC_B8D5845B383B,1
CC_B8D7C77343DA,2
CC_B8DE0EC50C76,2
CC_B8E67152C72D,1
CC_B8E76827B1DD,4
CC_B8EA6790217C,4
CC_B8EBEF0D7E82,0
CC_B8EE3B69DD8E,4
CC_B8F3F1EB407F,3
CC_B8F43C050B88,1
CC_B8F484DB38CF,4
CC_B8FA3C9166D1,0
CC_B8FE33C7C625,4
CC_B8FEDD830E05,4
CC_B913016416C3,1
CC_B915F5A23DB8,0
CC_B917C2D3EFD1,0
CC_B91C3AB72195,4
CC_B91EDDC5BA16,4
CC_B920037F52BD,2
CC_B9246C5F4832,0
CC_B927501AC1C7,0
CC_B927E3CB153E,2
CC_B9316F27A27C,3
CC_B9348EBC988D,2
CC_B9391A4EAA9E,2
CC_B93EE12053D8,2
CC_B93F69DA04B4,1
CC_B946AE150AE4,4
CC_B9480C3F5F36,4
CC_B94B47C89C8F,0
CC_B94E04140F39,4
CC_B951DEA5AABD,3
CC_B95289A416EA,0
CC_B956B0DAAAF6,0
CC_B957E585DE31,3
CC_B95A6F07AA2F,1
CC_B95C9AD7657B,2
CC_B95D0250E9C2,1
CC_B95DFD21EB1A,4
CC_B95EC04487F6,3
CC_B95F5D9D2645,4
CC_B96386996571,2
CC_B963EA8A158D,2
CC_B963F4FC6476,3
CC_B9661FF17D5D,0
CC_B967EAF9F8EA,3
CC_B96A38B30D88,2
CC_B96C7DEC2278,3
CC_B96CDC01C1CE,2
CC_B96EAE8D038E,0
CC_B96EC215A833,1
CC_B9747370E53B,2
CC_B976E7B4B966,0
CC_B97824DC2647,3
CC_B98CEA01EDF4,3
CC_B990FEF1C11B,0
CC_B991E024270A,1
CC_B9935426DBAB,0
CC_B99454E87827,1
CC_B99925AB9FAF,4
CC_B9A3009F011F,3
CC_B9A4CFF23334,0
CC_B9A550E74780,3
CC_B9AD6D49AB25,4
CC_B9B395CEBB12,2
CC_B9BD2FB32B1C,4
CC_B9BF24DB150B,0
CC_B9C149788EDF,3
CC_B9CB5E0BC11C,2
CC_B9CE32C830F9,0
CC_B9D271813C5E,0
CC_B9D903E86F15,2
CC_B9DB9F818468,4
CC_B9DCD3BDA6AC,1
CC_B9DEABE9D691,1
CC_B9E01D35BC99,1
CC_B9E3026F7F96,4
CC_B9E3B506660E,0
CC_B9E5B1F7BA2E,2
CC_B9E8760C420F,1
CC_B9EE0F061F88,1
CC_B9F2D43BA7B8,3
CC_B9F7AED6D5E3,0
CC_B9F8F93B4420,1
CC_B9FBF34DACD5,3
CC_B9FDF77FF0C1,4
CC_B9FE7058DF24,3
CC_BA01840A6970,2
CC_BA04EE73CBBC,4
CC_BA059BC51512,3
CC_BA0CFB2DA288,4
CC_BA0D3E008099,0
CC_BA0FF8A63BED,1
CC_BA14D27E343F,4
CC_BA156BCB082F,3
CC_BA1943703415,2
CC_BA1A0EAB0D01,1
CC_BA1D48B0CFDD,2
CC_BA1EE115B539,4
CC_BA1FBB8518EB,2
CC_BA1FCE74694E,0
CC_BA2609410C97,3
CC_BA26597183DA,1
CC_BA28E143C1B7,2
CC_BA300C6CB807,2
CC_BA35F5F2C61B,3
CC_BA38D120B15E,4
CC_BA3D169CC1C8,1
CC_BA4206733671,2
CC_BA42FF225B0E,4
CC_BA46E437D56D,4
CC_BA4826D93C4A,2
CC_BA4BBFEA26E7,1
CC_BA4C0D8FE313,0
CC_BA4CE33C0783,0
CC_BA4CF952573C,3
CC_BA547F9AD130,2
CC_BA5482ED9516,4
CC_BA56D8ABD04F,4
CC_BA5DA1DC356A,2
CC_BA69E38C148C,2
CC_BA6E747CDB3E,2
CC_BA6E78C86CB4,4
CC_BA6ED3E44C70,3
CC_BA701A2294DC,0
CC_BA769FC600FC,4
CC_BA76AB37FB68,2
CC_BA775E7EC870,4
CC_BA77941F1084,0
CC_BA77B2963E35,2
CC_BA7B9D318069,1
CC_BA7EDE8B01A0,0
CC_BA80E588921F,0
CC_BA829D7948AB,2
CC_BA87360E9395,1
CC_BA90B448D6C1,0
CC_BA918760D51B,2
CC_BA9332587B10,3
CC_BA95CE13735D,1
CC_BA9784C2D5AA,4
CC_BA97EE46B901,0
CC_BA999CC06B83,4
CC_BA9A620BF0C9,1
CC_BA9E881F5632,3
CC_BAA16A817175,1
CC_BAA5EFD592C2,1
CC_BAA8F690C404,4
CC_BAAA4B5D61A3,1
CC_BAAEA967D2A1,0
CC_BAAF89F0BF1C,2
CC_BAB19E991D0D,4
CC_BAB3838C4055,2
CC_BAB6AAAF2962,3
CC_BAB7349A08BE,1
CC_BAB86C55AAF8,1
CC_BAB8B771FDB1,2
CC_BAB97E1BC43D,0
CC_BABBC8A5E52C,1
CC_BABE10D7209C,2
CC_BABF3FF8148A,2
CC_BAC290251387,0
CC_BAC63F2EA43B,0
CC_BAC9965CA60B,4
CC_BAC9C42A021C,3
CC_BACAFA756CBB,1
CC_BACB06EB9144,0
CC_BACD43C2FB50,3
CC_BACD604FBC6F,0
CC_BACDDF7ED9DD,0
CC_BAD31AFE0B2C,4
CC_BAD478D1EC07,4
CC_BAD6FCD13878,3
CC_BAD823FF56A7,0
CC_BAD8D2A8A2AD,0
CC_BADF32AAD9D7,2
CC_BAE0AAC1ED85,2
CC_BAE0DF91F928,3
CC_BAE2556AF81D,3
CC_BAE26F326049,0
CC_BAE2B2F0E986,3
CC_BAE8176AD2CA,2
CC_BAEC0C15FA76,1
CC_BAECAAE428AB,3
CC_BAEEC3C3362B,2
CC_BAF02B0A23AB,3
CC_BAF27FBE9A35,1
CC_BAF38D727BBC,0
CC_BAF4C1A5248D,2
CC_BAF6D5BA3BE2,1
CC_BAFAB6A8E944,4
CC_BAFBC5E1F36C,2
CC_BAFC90070ED8,1
CC_BAFD69237D68,0
CC_BAFF69BC2276,1
CC_BB05DD6F2E15,3
CC_BB06C9EB753E,1
CC_BB088789C4F4,1
CC_BB121B0F6863,0
CC_BB1426998D24,2
CC_BB14EEF7F8E5,4
CC_BB173E05E7F9,0
CC_BB1B57BA9AF3,2
CC_BB1DF97D606B,4
CC_BB1E19369616,1
CC_BB2196F80A33,3
CC_BB2274029356,0
CC_BB2D11B954C7,4
CC_BB3218FB86FB,2
CC_BB328F9AEA98,1
CC_BB35947319B1,1
CC_BB3E16C94E58,4
CC_BB405D6243A0,1
CC_BB423D5B1A1F,0
CC_BB46DF1C5027,0
CC_BB4E77C4A7B1,0
CC_BB524358E889,0
CC_BB540803373B,3
CC_BB55883EA1B8,4
CC_BB6026E6B31A,4
CC_BB619BB4C101,0
CC_BB63D838A779,2
CC_BB63ECC25967,3
CC_BB654874B74B,4
CC_BB6BAC9AFDBB,0
CC_BB6CEC8E6961,1
CC_BB756C0FF059,4
CC_BB774EA3BD34,3
CC_BB7D8AD23F0E,3
CC_BB84F27246FD,0
CC_BB86F6244A6B,1
CC_BB89D94D2D4C,0
CC_BB89DBADDCED,1
CC_BB89F6187715,0
CC_BB8A887D3CFF,0
CC_BB8AD20DEA80,1
CC_BB9377CC58D4,1
CC_BB96838E21DF,4
CC_BB997300CE6F,0
CC_BB9B4EEC426E,1
CC_BBA195C4363F,0
CC_BBAB41F5BA98,0
CC_BBB6893DA25D,3
CC_BBBAD073990B,2
CC_BBC15739290F,3
CC_BBC38F34F2B2,3
CC_BBC52DC84805,1
CC_BBC91D376A17,3
CC_BBCC601F11AE,0
CC_BBCD713600B8,3
CC_BBCF4F9CB116,0
CC_BBD2AC0F2384,4
CC_BBD4E31DD084,3
CC_BBD966ACFB6B,2
CC_BBDA153A874C,3
CC_BBDAB6336602,4
CC_BBDCACED60F6,3
CC_BBDE245CAFBE,1
CC_BBE453F1BDE2,3
CC_BBE86F5A0873,4
CC_BBEB1DD2FBAC,1
CC_BBED3481AFA1,3
CC_BBEE4BA164A9,4
CC_BBF14FA3A6A3,1
CC_BBF1BFF058C8,3
CC_BBF68B5CA540,4
CC_BBFAED4A0BDD,0
CC_BBFB9C397022,4
CC_BC0101BB6AF7,1
CC_BC029C551070,4
CC_BC02A4B1D272,1
CC_BC05153C1451,2
CC_BC0974CE7402,3
CC_BC10C7C80E33,2
CC_BC12ED775140,1
CC_BC18C7CC5AF2,2
CC_BC1D490DFEFE,3
CC_BC1F032A86EA,0
CC_BC271C7CA402,4
CC_BC2A50D0C5DE,1
CC_BC3542A23688,1
CC_BC39A7179A70,1
CC_BC3B084D8D8F,0
CC_BC3B4FA6BF7E,4
CC_BC3B5942F469,4
CC_BC3B5C4C51C3,0
CC_BC3FF59ECE3F,4
CC_BC40C37997D4,3
CC_BC41FAE37EC4,2
CC_BC42F4A393A9,3
CC_BC43B46543F8,2
CC_BC4612E12874,1
CC_BC47DFFAD108,0
CC_BC4895ECDD00,3
CC_BC4B02B369A1,1
CC_BC4B10DE233C,3
CC_BC4CDEFAA3EB,4
CC_BC4D11D1BE52,3
CC_BC536ADDA90E,0
CC_BC542160D742,2
CC_BC56226B7E21,1
CC_BC573532483E,0
CC_BC58D84F8418,2
CC_BC5ACEC3CD09,3
CC_BC5CD8A60D94,2
CC_BC6254FC06E9,0
CC_BC63C0F50F92,4
CC_BC681C7FADF8,3
CC_BC6983FECE98,2
CC_BC6D44DCD246,2
CC_BC7503120AB9,3
CC_BC7674589F7F,0
CC_BC7A210DD9ED,1
CC_BC7AF6A51A25,3
CC_BC7B0096CC3C,1
CC_BC7E1CD7C93D,1
CC_BC7F01DBEA08,0
CC_BC7F0C37C138,1
CC_BC83D73CBAC5,1
CC_BC84F4CBFC24,4
CC_BC85BEEBB222,1
CC_BC8EFDA365EB,0
CC_BC93F5FAAFAD,0
CC_BC9642E096CA,2
CC_BC991CD61986,3
CC_BC99412871D5,2
CC_BC9A7C6F5FFB,0
CC_BC9B42FE79E4,3
CC_BCA26214CE43,0
CC_BCA2C22EB92F,3
CC_BCA6768C1099,1
CC_BCA7555FDE9E,0
CC_BCA7B9C5EB28,1
CC_BCB541A92D97,4
CC_BCB8135350E6,3
CC_BCBAE2C70CA2,0
CC_BCBB66E0EE23,3
CC_BCBC70CA1C91,1
CC_BCBC7EBFFD44,3
CC_BCBE754DC19E,1
CC_BCC1C938EF43,1
CC_BCC25E9AFF9C,3
CC_BCC563A80D58,3
CC_BCC6F98AD070,0
CC_BCC80B2D187F,4
CC_BCCDADC0DCF1,2
CC_BCCDEC061FEB,0
CC_BCD1B3DDCCD6,3
CC_BCD27BE3840A,4
CC_BCD30EA6A423,3
CC_BCD5B4126A6F,3
CC_BCDE09655D88,3
CC_BCE17E948B25,0
CC_BCE1EE3F3016,2
CC_BCE59B28A215,1
CC_BCEF62357A7C,4
CC_BCEF9F56D64F,0
CC_BCF1C9D7D998,0
CC_BCF51CAB66F9,1
CC_BCF81FD121D5,2
CC_BCFE52646BB8,0
CC_BD0336948C24,0
CC_BD06529D4452,2
CC_BD086DF47953,3
CC_BD0A53DEFD1B,4
CC_BD0BDFA93646,3
CC_BD0E4D33C986,3
CC_BD19C31C7EA3,0
CC_BD19C570D0E0,0
CC_BD1D9DE55646,1
CC_BD1F1F1B73B6,4
CC_BD1F4D35A03C,0
CC_BD23B6A28036,3
CC_BD266B899631,0
CC_BD26A3AC455D,1
CC_BD285D1A096E,2
CC_BD32447EE033,0
CC_BD3499A16F7F,1
CC_BD35DB44FE23,1
CC_BD38DC2B2FB2,4
CC_BD3A5C992F43,2
CC_BD3B6C3727AC,0
CC_BD3BD90851ED,3
CC_BD3CC943F41E,2
CC_BD456E35F1F5,1
CC_BD48205EFA23,4
CC_BD4F5F4A7516,4
CC_BD511740D6A0,1
CC_BD51176398D5,3
CC_BD552D0F2556,3
CC_BD57B75DA3B1,0
CC_BD58FC27C1B1,3
CC_BD60E5430C7C,3
CC_BD6541FF7711,1
CC_BD6560327E9F,4
CC_BD66F7C8FF0D,1
CC_BD69AF022EFB,4
CC_BD6CDC124ADF,2
CC_BD7707B55B44,1
CC_BD78D981EF27,4
CC_BD7977A098F4,3
CC_BD7C10CB16D9,0
CC_BD82447DCDF6,0
CC_BD8336E5262F,0
CC_BD8C60F2260E,3
CC_BD8EB9AE8145,2
CC_BD8F14B9304D,3
CC_BD8F5E4A3936,4
CC_BD9019AA6D66,3
CC_BD90BDD4CDA8,3
CC_BD93155FD0AF,4
CC_BD978B05F38C,3
CC_BD9DCCC7E90F,0
CC_BD9E05D7E2C0,4
CC_BDA47566461C,2
CC_BDA4D66C3321,2
CC_BDA4E73DE697,2
CC_BDA60D9C7AB9,2
CC_BDA65F4D4A0B,4
CC_BDA9BBB64270,4
CC_BDAF083738AE,2
CC_BDB09EA23F39,0
CC_BDB26AAD6F67,2
CC_BDB2AA5F7669,2
CC_BDB6C38806A8,2
CC_BDB9DF454941,2
CC_BDBCCC7A2575,3
CC_BDBCE9D23A12,4
CC_BDBF01AA581F,2
CC_BDBFDEEB5CCC,3
CC_BDC182108EC3,0
CC_BDC20F73FF6F,0
CC_BDC33CED7478,2
CC_BDC77A78AD57,4
CC_BDC80731A977,3
CC_BDCA046D564D,0
CC_BDCF26A66033,4
CC_BDDA289F6D51,4
CC_BDDAB3006359,0
CC_BDDABBDD0458,2
CC_BDDC4AF5CBE5,0
CC_BDE2870582B5,1
CC_BDE5FFC71AF3,4
CC_BDE6CBE5CC1B,0
CC_BDE8FFF74444,1
CC_BDF3AA48F1A4,3
CC_BDF3B3FCC1AF,4
CC_BDF3D01450F8,3
CC_BDF5EF546766,1
CC_BDF62D2D03CA,0
CC_BDF83A622C69,0
CC_BDF874F4F176,1
CC_BDFE64EB49C2,1
CC_BDFF13640FC9,3
CC_BDFFE229DE81,4
CC_BDFFF350E6E3,0
CC_BE01D7D1222D,3
CC_BE02F2CB8342,1
CC_BE063036703D,0
CC_BE070D5F6799,0
CC_BE07FDF7DED5,0
CC_BE0806DB1E53,3
CC_BE0F3FF4A94B,3
CC_BE0FCC39FB8A,0
CC_BE123267405C,0
CC_BE14201AAB14,2
CC_BE15DA4AC214,3
CC_BE1821744192,0
CC_BE18B51CCF6B,2
CC_BE18EEFA22E4,4
CC_BE1B75940EE1,1
CC_BE1CC153300F,3
CC_BE1DDDCB783F,3
CC_BE2472C231F4,0
CC_BE267B658614,0
CC_BE28AB726036,4
CC_BE2E20752EB8,3
CC_BE34D213F4C9,1
CC_BE37F86511BA,1
CC_BE3AC19B3C19,1
CC_BE3F245DD60E,3
CC_BE4A49DA09F7,3
CC_BE515ED484D4,1
CC_BE56BD525A7D,1
CC_BE5AD2DCBDF7,4
CC_BE5B863B7BEE,2
CC_BE6367622401,2
CC_BE69AD16CAFD,3
CC_BE6C71D42A80,3
CC_BE6D78CC10E8,1
CC_BE6E69AF86BB,3
CC_BE7459452640,1
CC_BE75054A1F4D,2
CC_BE7571C9D31E,2
CC_BE78D27B7405,2
CC_BE7C85E10F00,1
CC_BE80B8C8544B,4
CC_BE81826F7153,4
CC_BE857C26C26C,0
CC_BE8719B35404,1
CC_BE888CB4F712,1
CC_BE88E11902BF,0
CC_BE88EC4D4583,4
CC_BE89244D7EDE,3
CC_BE89AC116D64,3
CC_BE8A87F531BC,2
CC_BE8E0820AA97,0
CC_BE8E56E1D44B,0
CC_BE9193C4EF59,1
CC_BE927556F473,2
CC_BE9D47978E7D,3
CC_BE9ECB992312,2
CC_BEA50C5C8FAE,2
CC_BEAFB1F32298,0
CC_BEB3B2035C19,2
CC_BEB7D2B5314A,1
CC_BEC23A5A5D6C,2
CC_BEC29EEC29E3,2
CC_BEC2B39AF467,2
CC_BEC2D038331F,4
CC_BECAE8D4A073,3
CC_BECE8F0F3153,4
CC_BED258735035,4
CC_BEDD4D4472AB,0
CC_BEDDB751ECA1,2
CC_BEDE17F8166B,1
CC_BEE7476B376F,2
CC_BEEBF3428767,3
CC_BEEC5DCEB3C8,4
CC_BEED3CC43EC7,4
CC_BEEEB3246955,1
CC_BEF0546E7427,0
CC_BEF1F91F6B08,0
CC_BEFCF497E5EA,4
CC_BEFDCF300C0E,1
CC_BF078391AEC8,1
CC_BF0A59018A9A,4
CC_BF0B6A319340,3
CC_BF0C362C8230,2
CC_BF0DC817972E,3
CC_BF1317DFF40E,1
CC_BF13FDC87E64,2
CC_BF13FEF49CA8,1
CC_BF14D2EC5A26,2
CC_BF16C6EEB269,3
CC_BF1878BCB1BE,0
CC_BF18FD9A1D30,4
CC_BF19B468C9AC,3
CC_BF1C49153596,1
CC_BF216FB128FC,1
CC_BF21F60E5764,2
CC_BF22F7A39BB9,1
CC_BF2419727705,3
CC_BF26A4737694,3
CC_BF2897943A1A,4
CC_BF297F0E969A,0
CC_BF2A00EE19EB,4
CC_BF2CA4B3E55F,2
CC_BF2DC32EAA49,0
CC_BF31729E58B9,0
CC_BF3254F092B2,4
CC_BF35C3DB5E0F,4
CC_BF362E2C0E06,2
CC_BF37EA24C6A2,1
CC_BF3874673772,4
CC_BF38E80291C4,0
CC_BF42925C6EC1,0
CC_BF46405DFE3B,0
CC_BF46508E2DF0,4
CC_BF4886D66D16,0
CC_BF4A6376FCB0,2
CC_BF4BB32EC48B,3
CC_BF50524BE45C,0
CC_BF53470C2439,0
CC_BF54DA50185E,2
CC_BF59186D3740,3
CC_BF59D5EE8B00,1
CC_BF5A6326A95C,4
CC_BF5ACF154E5E,1
CC_BF5B1AF453DC,0
CC_BF5BFACE436F,4
CC_BF5CBF9A736B,2
CC_BF6322308758,1
CC_BF6D84EC14C1,4
CC_BF6EC2BA5DE5,2
CC_BF71051E2E0A,3
CC_BF74C3ADEDF8,1
CC_BF7A7C2E7949,4
CC_BF7AD7D6F781,3
CC_BF7BE24F53C7,1
CC_BF7E3F8486F7,1
CC_BF7EBF484E4F,3
CC_BF8508009429,2
CC_BF888EE5A5D8,0
CC_BF88D1D54B2E,4
CC_BF89BB9006BE,3
CC_BF8AC14761A2,1
CC_BF8E2DA5A620,1
CC_BF9517042226,0
CC_BF9B27F9A321,2
CC_BF9BFA5869AF,2
CC_BF9F2E285D28,2
CC_BFA062E7A95F,4
CC_BFA2AC793C1B,2
CC_BFA47880C026,0
CC_BFA53C4E690A,1
CC_BFAA298650F7,1
CC_BFAEBE3FB033,3
CC_BFB1441ADB67,2
CC_BFB15E7032FE,0
CC_BFB80D110143,4
CC_BFC0E1EC231E,2
CC_BFC0E58BAB2B,1
CC_BFCAA4C0C895,1
CC_BFCB4CACC449,3
CC_BFCE1D745828,2
CC_BFD09FA092F9,0
CC_BFD126BEE5ED,1
CC_BFD4BE8C47E0,3
CC_BFD7D7488B4A,4
CC_BFD872DB2029,3
CC_BFDC179D808B,0
CC_BFDCC2201BF8,3
CC_BFDD4A99BAB4,4
CC_BFE1D34E9ED9,1
CC_BFE2CB34E877,0
CC_BFE465459AE0,1
CC_BFEC4078C9D7,4
CC_BFEC562412EB,4
CC_BFEE361A4A1F,2
CC_BFEEA94F99A7,0
CC_BFF1D0A210C4,0
CC_BFF4AA466828,4
CC_BFF4B1384F19,2
CC_BFF51EB82E74,3
CC_BFF6219BBCCC,1
CC_BFFB308386E1,4
CC_BFFE0F8E78F8,2
CC_BFFF75E806FA,1
CC_BFFFDEEE0EE8,4
CC_C004BE1D3F01,0
CC_C008A6CA99CD,1
CC_C0198648BEFC,0
CC_C01C5A130DA2,4
CC_C01E23195254,1
CC_C020FEB74DE1,4
CC_C0212FDE1137,3
CC_C0231FA0CE8C,2
CC_C02529C1018B,4
CC_C02675DF4BB0,2
CC_C0294B9897FF,0
CC_C0332D2FE3B1,2
CC_C038672A80AA,1
CC_C03ACE024315,0
CC_C03EEBFEF249,0
CC_C03F9AD5B170,1
CC_C03FA29690E5,0
CC_C04066006B83,0
CC_C0438DD54F6F,1
CC_C0441FC2DB34,1
CC_C04BB6DADE92,2
CC_C04F6A96C8D9,1
CC_C052AE7DE9BE,2
CC_C054C1659EA4,4
CC_C055874A7CDF,4
CC_C05929F7A06F,2
CC_C05BC266AA29,4
CC_C05CF991CC27,3
CC_C05D0A305130,0
CC_C05FCD8DD031,3
CC_C05FEF044FA4,0
CC_C0646007E2A0,2
CC_C064BF3FD516,4
CC_C064C2D4CEED,4
CC_C06971090D66,2
CC_C0704DCCF0F3,4
CC_C07439F954C0,4
CC_C076C4DDDE1F,2
CC_C076CA7CD883,4
CC_C07D36F55D5E,0
CC_C089283CA867,0
CC_C08B1BF8CF64,0
CC_C08C72119A40,2
CC_C08CEAFD726D,1
CC_C08E46891910,0
CC_C0905367C5E2,1
CC_C0931FB5CE85,0
CC_C096FBD4FB6C,1
CC_C09730D7B335,4
CC_C0999B383124,2
CC_C09D3F8BCAFD,4
CC_C09DBAF2F8CC,4
CC_C09E03C9DBE8,1
CC_C0A3B0E54F93,3
CC_C0A55B28ACA4,0
CC_C0A63720F54A,2
CC_C0A7CD1711B8,1
CC_C0A81F65A85B,2
CC_C0ADF02A2A1D,4
CC_C0B38A9E043D,1
CC_C0B9547691BE,1
CC_C0BDFA62867C,4
CC_C0C1DEBCE3AD,3
CC_C0C54A5C5A86,2
CC_C0CF0AA95EE5,2
CC_C0CF17F2D54E,4
CC_C0D0258EC2DB,4
CC_C0DB92F51C7A,2
CC_C0DD282AF94B,4
CC_C0DD2D93B42C,0
CC_C0DE12B95A3B,2
CC_C0E028C56C7B,0
CC_C0E07FD24764,0
CC_C0E29C7BA0F6,1
CC_C0E45F89A906,2
CC_C0EBC10D1F03,0
CC_C0F12A39C0DD,0
CC_C0F4B8227ADD,2
CC_C0F68194D0D3,3
CC_C0FD2051A87F,1
CC_C0FEA958291F,1
CC_C0FFAAF4AE31,3
CC_C1021FB87194,4
CC_C104C96E4CF4,2
CC_C108070162D8,2
CC_C10F484501C8,3
CC_C10F6D8A0469,3
CC_C1126D55B19B,4
CC_C112AFF27CEB,2
CC_C1201B577662,1
CC_C1241BB9B49D,2
CC_C124D4BDB111,2
CC_C12A8BA82E8B,3
CC_C12CC7D14C7C,4
CC_C12D98835DDC,0
CC_C12F66419183,4
CC_C13309A99222,1
CC_C13A960A5357,0
CC_C13CD61A91AC,4
CC_C143D1739527,3
CC_C1460658E089,1
CC_C1473D76A1CE,4
CC_C1495D5BDF7B,1
CC_C14B808FC988,3
CC_C14C97CB8FC1,1
CC_C14DC0042E56,4
CC_C1541AAB52E1,3
CC_C1549208D52D,3
CC_C155CB8B4101,0
CC_C156B5E03A3A,4
CC_C158120B216C,0
CC_C15C9448BDB1,2
CC_C1679DF2A290,4
CC_C167D5A148FF,0
CC_C169E7D7A891,3
CC_C16A5D4B2824,0
CC_C16E44C1F908,4
CC_C1730340D90C,0
CC_C1737A35185D,1
CC_C173966B68B9,3
CC_C1740E00A5F7,2
CC_C175A01713EF,4
CC_C1777DBA4C75,1
CC_C17803436E08,2
CC_C178CAD842C4,4
CC_C17BF59F4778,1
CC_C17C2CCB0454,4
CC_C1807880B439,4
CC_C184CEAFA2D5,2
CC_C1868E14B50F,3
CC_C186D9CAD140,2
CC_C188CD3C5669,1
CC_C18A3444DBFB,4
CC_C18A7E54A942,2
CC_C18EF75663E2,1
CC_C18F755142FC,2
CC_C192E5E4DB5D,4
CC_C197BBECEA91,0
CC_C1992AF9CF12,2
CC_C199581E278C,2
CC_C19DD7FF548B,0
CC_C19F62DAC79D,0
CC_C1A086F2F882,4
CC_C1A58354A9B6,3
CC_C1A98C3FFAC3,1
CC_C1AE98B975FC,2
CC_C1B0FE21ECBE,1
CC_C1B13A145393,4
CC_C1B3098220B8,4
CC_C1B4E929EFFA,1
CC_C1B544470FB3,0
CC_C1B5C3C43D01,3
CC_C1B8419FE45D,0
CC_C1B87032A460,2
CC_C1BBCD9BF5F4,2
CC_C1BCD386113C,4
CC_C1C0089A2EFF,2
CC_C1C31B226741,4
CC_C1C4641735BF,2
CC_C1C7FBAC2CD2,4
CC_C1CAB9F47851,4
CC_C1CB338F6AB1,1
CC_C1CDD476FC0B,0
CC_C1D1BB02F5CF,0
CC_C1D21E136B42,3
CC_C1D4F690847F,2
CC_C1D606A22411,3
CC_C1D886866D92,4
CC_C1D8BF2F3B31,0
CC_C1D93F511F94,0
CC_C1D9CBB212EF,2
CC_C1D9D7AAB864,3
CC_C1DB7350EA8F,1
CC_C1E13C7AE93D,2
CC_C1E18E258011,3
CC_C1E2F7C98D72,0
CC_C1E4991B3658,1
CC_C1E7D9192C09,0
CC_C1EB0837B745,0
CC_C1EB9B34B315,1
CC_C1EC90090DDF,4
CC_C1ED01ECE1DA,3
CC_C1F664015650,1
CC_C1F6B0605B59,0
CC_C1F913DB56D9,3
CC_C1FA1FBC61B1,0
CC_C1FADBCAFE54,1
CC_C1FADE86F52D,2
CC_C1FAE99CD855,4
CC_C1FCCFE7AD1C,0
CC_C1FDFD6C9596,2
CC_C1FED2330E62,0
CC_C1FFDFFF5182,1
CC_C20266E2BF0E,3
CC_C204386B4814,4
CC_C2051D85669E,1
CC_C207E71ED2FA,2
CC_C20A2179D5E4,4
CC_C20D6D9A2707,0
CC_C20E61CF3316,4
CC_C20F4EB39649,4
CC_C2103EFBE501,3
CC_C211AB96651F,2
CC_C213B61F5D51,2
CC_C2162E213505,4
CC_C2179826C453,2
CC_C217B0876AA7,2
CC_C21875E57501,4
CC_C21BA61F8DD3,2
CC_C2214AB601DE,1
CC_C22299B71FD2,1
CC_C223DA9C2A59,2
CC_C2253D9547EE,3
CC_C227990DC950,0
CC_C228F5C89C3B,0
CC_C2292B68A289,3
CC_C229CC5887E0,3
CC_C22BD0FC303B,0
CC_C22D0234423F,3
CC_C22F6E87B804,2
CC_C233AC3D5134,1
CC_C233AF75D0E4,3
CC_C23543C5D782,4
CC_C238404E6B93,3
CC_C2392452A704,1
CC_C23931D2061A,3
CC_C23C4D705966,1
CC_C23DF292CF68,0
CC_C240AC0ACEEA,3
CC_C246E1A11740,2
CC_C249EA4E6A79,0
CC_C24A17B28F90,0
CC_C24AC48E78BE,2
CC_C24DA80E9154,2
CC_C25285DB01B6,3
CC_C252DBBDBE8B,0
CC_C253546AA7F6,2
CC_C256DC954291,2
CC_C25A6EF86C12,4
CC_C2601BA482F6,0
CC_C264ABDB1106,4
CC_C264ADF571F0,1
CC_C266F3FBB160,1
CC_C2670C3EE03D,2
CC_C268C7A04869,1
CC_C269B1F7F39D,1
CC_C26AEBA47884,4
CC_C26E643932E1,2
CC_C26E82E8400E,1
CC_C2700FE9A671,4
CC_C271675A23A0,2
CC_C275A21A9556,0
CC_C275F056E1EA,0
CC_C2768B1ACB39,2
CC_C27D58EA0C78,0
CC_C285B6CA478E,1
CC_C28BFC7C4CE1,0
CC_C28C41F3D3C6,3
CC_C28E4545A115,0
CC_C28F533E4A75,1
CC_C28FE49ADC67,2
CC_C2919FE158EC,1
CC_C29379F1001A,4
CC_C2967D11C984,2
CC_C29854E4C74E,1
CC_C29D7256DA3F,1
CC_C29E5A156457,4
CC_C2A37F68F740,4
CC_C2A67BC77DAE,0
CC_C2AA37A61267,1
CC_C2AAACCFA98C,4
CC_C2AAC8C34FF8,3
CC_C2AC53428642,0
CC_C2ADE24F7F55,1
CC_C2B1D20DEE27,4
CC_C2B333603B33,0
CC_C2B5EAB3A810,3
CC_C2B7AAC61ED9,1
CC_C2BCBCF152BC,1
CC_C2BDCA0DB96E,0
CC_C2BE2540F5BA,1
CC_C2BED74EE071,3
CC_C2C5112A54A7,3
CC_C2C56EC58170,4
CC_C2C66FC827D6,4
CC_C2CA7F1B6520,1
CC_C2CB6FC07BF0,3
CC_C2D0045A9AE8,3
CC_C2D00D6FC9C4,3
CC_C2D40CC383A5,4
CC_C2D5F4F69C36,1
CC_C2D70F2C3C5D,1
CC_C2D7CDB8CA96,4
CC_C2DC216D62F1,0
CC_C2DE2B272B45,0
CC_C2DE56AF9E95,4
CC_C2DF40636A4E,1
CC_C2DF45A5FC6F,3
CC_C2E005BF1B2D,2
CC_C2E0406E2EA5,0
CC_C2E10DF9FA03,0
CC_C2E2BD5488DC,1
CC_C2E7CCD4FC4F,1
CC_C2E7D22DB632,3
CC_C2ECB3C9C20B,2
CC_C2F20BCB63B2,2
CC_C2F2F0A720BF,1
CC_C2F4CBC92E3A,1
CC_C2F543F57832,0
CC_C2F7977BCDA1,4
CC_C2F8362C73BF,1
CC_C2FB676586B8,3
CC_C301EE5C6BDA,3
CC_C30438554735,1
CC_C3084D3D2BC3,2
CC_C308A6894D5E,3
CC_C30BD551317C,2
CC_C311C0740084,0
CC_C3134C914336,2
CC_C31516FFBC7A,3
CC_C318D9132831,3
CC_C31A0D5751C5,0
CC_C31AD3A432DA,1
CC_C3221218ADE2,0
CC_C3268C7FF8B7,2
CC_C327C11E0F9D,0
CC_C32D5761DFEF,0
CC_C32D74DA30B3,4
CC_C332C0B96A08,0
CC_C33312FED95D,1
CC_C338EE170069,3
CC_C33959BEDDC4,3
CC_C33AB30A5A82,4
CC_C33F0FE8EEAB,2
CC_C3405FBBDD72,2
CC_C342F0C68E55,3
CC_C34341BE6D4A,2
CC_C34364658006,4
CC_C3448A38468D,2
CC_C347CD1B3E58,0
CC_C34891ADA29F,2
CC_C34A4ADFFC50,0
CC_C34CFE39D0FD,2
CC_C34D826737D9,0
CC_C3507A30F9DF,3
CC_C35307C389EC,1
CC_C354291EB85F,0
CC_C35990E8C550,3
CC_C35A6B6F30DA,1
CC_C35F82199FC0,2
CC_C366842194BE,2
CC_C36B688C6642,0
CC_C36BFF104ABA,1
CC_C36F82D3624B,2
CC_C37273BB9F28,3
CC_C380A3B83A37,4
CC_C38173C3EAA5,3
CC_C383F61FAF5D,3
CC_C385977A1246,2
CC_C38D557597B7,4
CC_C38E19651303,4
CC_C3951F060A1C,0
CC_C3963F4C01B3,2
CC_C39649F7241C,2
CC_C39AA2D757B5,1
CC_C39AB0943562,4
CC_C39B9D44BE0B,0
CC_C39BB366DE5F,0
CC_C39D821A079E,3
CC_C3A037C9DFE1,3
CC_C3A723EF6260,2
CC_C3AA47006594,2
CC_C3AA6EC260B1,4
CC_C3ABD9639909,2
CC_C3AC38852BFD,0
CC_C3AEABA676B7,1
CC_C3B4344A9536,4
CC_C3B4B79AA2AD,2
CC_C3B7684F616F,4
CC_C3B799E11169,4
CC_C3B898E0DFA5,2
CC_C3BF8F8460A1,4
CC_C3C0B68E7DB9,2
CC_C3C35C52D4DC,4
CC_C3C56C598325,4
CC_C3C6D443ABF1,0
CC_C3C982A4ED02,0
CC_C3CB52971C2A,1
CC_C3CDBCBBE517,0
CC_C3D27F154B53,0
CC_C3D416ED819F,3
CC_C3D5EF89B288,2
CC_C3D681B2470A,3
CC_C3D70D6398FE,1
CC_C3D75C851DE3,3
CC_C3E44D0BA283,2
CC_C3E51627777A,3
CC_C3E534B4DC25,2
CC_C3E8CF6AB15A,0
CC_C3EB1C768C86,0
CC_C3EB30D04567,4
CC_C3EB3B97C76E,2
CC_C3ECB6E0D6F1,2
CC_C3ED86B8B19B,2
CC_C3F2C8D1D56E,1
CC_C3F3DF32759B,0
CC_C3F9685F0454,1
CC_C3FFA83F9577,0
CC_C400E31E1439,3
CC_C4015CBF8705,2
CC_C402068449EC,1
CC_C402A2B81862,0
CC_C4033943A69D,1
CC_C409F618E80B,4
CC_C40A7F5420DC,0
CC_C40B54C8C4CD,0
CC_C40BAB640A14,3
CC_C40CCA012C0F,1
CC_C40D75F43C08,4
CC_C4114D10688B,3
CC_C414009E1F68,1
CC_C4160C52C568,2
CC_C418D9972ABA,3
CC_C41B305D1D2D,4
CC_C41BA13FF259,1
CC_C41E32AC7377,0
CC_C41FD15FB839,0
CC_C42CAE37600D,2
CC_C42DD2A73F11,1
CC_C439EB69966F,2
CC_C43B6ABBFB80,2
CC_C43CAB0AFBFC,3
CC_C43CACB5F53D,1
CC_C43D68E7ADF7,3
CC_C43F3168335E,2
CC_C43F7B2E5F97,2
CC_C44A0A22299C,4
CC_C450D879E0DC,2
CC_C45790F208BC,3
CC_C459F0A4A10E,2
CC_C45D975AAD8E,2
CC_C4611B932530,1
CC_C462FBF7DE4B,3
CC_C463FA683C96,1
CC_C46694D3AF47,4
CC_C4687D3519EA,3
CC_C470C4403CE1,2
CC_C47349B66FAA,0
CC_C4744495C1CB,1
CC_C4748D1D81D4,2
CC_C47BA3B32640,3
CC_C480A1112A98,2
CC_C4822D4E2528,4
CC_C482B814EFAC,1
CC_C4852FCD9506,3
CC_C485DC638AA6,3
CC_C48E6B8D04E9,4
CC_C49432C09E25,1
CC_C4979DE268F1,3
CC_C4988C9445A3,3
CC_C49B0E97E6F0,2
CC_C4A1EBEA0909,4
CC_C4A8519F75EF,3
CC_C4A9E45AF414,2
CC_C4ABB0F3777D,3
CC_C4AC5DEA0AEB,3
CC_C4AC9BBD4EA0,1
CC_C4AF741F1870,0
CC_C4AF7CF08596,2
CC_C4B3E7E7BA29,4
CC_C4B8C40F31BD,3
CC_C4BD24E3A1F5,4
CC_C4BE5E44C0E0,1
CC_C4C12AA3576E,3
CC_C4C1A6682FCA,4
CC_C4C1DF3B3CD1,2
CC_C4C28357FABD,1
CC_C4C366E8FFDC,0
CC_C4C3A12873CC,4
CC_C4C614749468,1
CC_C4C7EA16BD8E,3
CC_C4DBFC8380AA,4
CC_C4DC8695BC4C,3
CC_C4E1C179C440,0
CC_C4E5B1244620,4
CC_C4E7DA72B10F,2
CC_C4E90B071FFF,2
CC_C4EA8396D399,1
CC_C4EB768E9414,0
CC_C4EC6AFED0C9,4
CC_C4EDD08FC460,4
CC_C4F122D9EDB9,3
CC_C4F341D0F330,3
CC_C4F366AEBFBD,0
CC_C4F587F146C4,3
CC_C4F5E0825568,2
CC_C4FBB4B62AE3,3
CC_C503EE065AA4,3
CC_C50476FCB5D4,4
CC_C5049360AA5F,4
CC_C50547C69113,1
CC_C50736CD1BF4,3
CC_C50B22085CD9,0
CC_C50B7EB09A79,0
CC_C50CD2481DF0,0
CC_C51365518835,2
CC_C5138F3B1BF5,2
CC_C5162D8F0188,4
CC_C51A09F3A7BB,2
CC_C51DF992E25F,1
CC_C51F9D4363FC,4
CC_C5214A55E9EA,2
CC_C52555FA7DFC,4
CC_C5294142A329,0
CC_C529E2E09B89,3
CC_C52A0643074F,3
CC_C52A56210C8E,3
CC_C52DDE444A1B,2
CC_C52FF99F70A4,3
CC_C531643BF690,1
CC_C53E4614EE45,1
CC_C541EA49CF6E,0
CC_C543CDDF7996,3
CC_C54629B9B738,1
CC_C547E2DF3A75,2
CC_C548FFEB86FE,0
CC_C54F5F634D2C,1
CC_C557DFD05084,4
CC_C5589C2EE21A,1
CC_C55AD9BDFE2B,4
CC_C55C3FD2E35D,2
CC_C55D61C9CB5E,1
CC_C55EC408C72D,2
CC_C560BAA43A7D,3
CC_C56284990A7F,0
CC_C564C660ADAC,2
CC_C5652B4ACE1E,1
CC_C56823816C75,1
CC_C56EE3273715,3
CC_C570F368FB87,0
CC_C572CC50C59B,3
CC_C5771981BED5,0
CC_C57C1E60C152,4
CC_C57C614F341A,1
CC_C57D427C357E,0
CC_C57FDEF09071,4
CC_C5841F4BD260,4
CC_C5873E69BB14,4
CC_C58B86E735F1,3
CC_C58F10AEB380,4
CC_C58F403ED452,2
CC_C58F57A93446,0
CC_C58F6EE6DFE2,2
CC_C5945DED7CD9,4
CC_C594EC7331C9,1
CC_C59844D4FAD8,4
CC_C59CA9AC02EE,0
CC_C5A0FEA46686,1
CC_C5AA3F2EAEE2,1
CC_C5ABD4234E85,1
CC_C5AC918711F2,4
CC_C5B3E4C1006C,3
CC_C5B679E1F641,0
CC_C5BCCE759CF4,2
CC_C5BF1C772E29,3
CC_C5BF9A0578AF,1
CC_C5C965CE9E54,0
CC_C5CCD4113C3D,4
CC_C5CD2608F7E6,0
CC_C5CD5449840E,4
CC_C5D3EAC0086E,2
CC_C5D54ED9C674,1
CC_C5D5C9DC1C77,1
CC_C5D7B8952007,0
CC_C5E2D180F088,0
CC_C5E4EC302570,3
CC_C5E56D70C42C,4
CC_C5E628EBB180,4
CC_C5E811243A31,4
CC_C5E85A8290A6,1
CC_C5F2A6EA8EC1,3
CC_C5F2BC1E1F7D,1
CC_C5F41B252D83,2
CC_C5FB9FD3F080,4
CC_C5FE2B7CF553,1
CC_C600B83C2EFE,2
CC_C601F8E608F3,2
CC_C6046FA11864,3
CC_C605E8F1D55F,0
CC_C61090B8A8C8,0
CC_C615F1801A89,1
CC_C617AF7F0CA8,1
CC_C61B46EDB41D,3
CC_C61BDAAA22A7,2
CC_C61E9EDB1149,4
CC_C620E0613CC6,4
CC_C622B2DEBC17,1
CC_C627876BF828,2
CC_C629D87BEF48,1
CC_C62BEEAD8BBB,4
CC_C62C40278298,0
CC_C630F95E2816,0
CC_C634676CBF2B,4
CC_C63953F107E7,3
CC_C63A1284BC6A,4
CC_C63D604C0D48,1
CC_C6419BDDAC88,0
CC_C642A8B1EF93,3
CC_C64301D8110D,1
CC_C6434BFDE1C9,3
CC_C647F30A407D,1
CC_C6497DD63416,3
CC_C64DCE4BF5B6,0
CC_C64F61764781,3
CC_C6501429EDF1,3
CC_C65123C8F105,2
CC_C654C8437E33,2
CC_C654D57E1AA3,4
CC_C66418BB529D,1
CC_C66AFB5A9E0F,2
CC_C66C57777B6D,3
CC_C66DA3F9E518,0
CC_C66F2E0C7C03,3
CC_C67A2DFA8BF5,0
CC_C67A33AAAC77,4
CC_C67F2EEA0CAC,3
CC_C682F56096AA,2
CC_C687B1B2F95B,2
CC_C688600E5A17,0
CC_C689925BDF72,3
CC_C68C040436E8,3
CC_C68EDDC5A8DA,1
CC_C69430FF62C4,1
CC_C6960A8BADD4,0
CC_C697D7EA3C7E,4
CC_C69DED224BFC,2
CC_C6A31D431B1C,3
CC_C6A8412D798B,2
CC_C6A93258D8F2,4
CC_C6ABA4F2B131,3
CC_C6AC9DED0A27,3
CC_C6ACED8E22AA,0
CC_C6B128EA964C,3
CC_C6B64CDCC451,4
CC_C6B9A8F1589D,3
CC_C6BAF2108342,4
CC_C6BC154576D0,0
CC_C6BC25D84653,4
CC_C6BD2F6DFFB0,0
CC_C6C10AF6A8DD,1
CC_C6C1FF2B5956,3
CC_C6C25F3CAF45,0
CC_C6C3AE29EC99,0
CC_C6C45EE07AD8,2
CC_C6C849075081,3
CC_C6D01DCCCF3B,3
CC_C6D3A5398C6C,0
CC_C6D3DBF84988,0
CC_C6D6D72D5E98,4
CC_C6DEF9616C2B,4
CC_C6E2A9B0D4B4,2
CC_C6E30229A446,0
CC_C6E5E3AEDF3A,1
CC_C6F137F97E08,4
CC_C6F5C27D3D9E,1
CC_C6F8B50119CD,1
CC_C6F94C3CAAF1,4
CC_C6F9F75ABA90,1
CC_C7010319A561,0
CC_C701CE3B1CCF,1
CC_C706C553C25F,0
CC_C709B3EAAE3D,4
CC_C70F8F00183D,3
CC_C7152397ADC0,1
CC_C716CDC40B74,0
CC_C719A6E021B3,1
CC_C71C0D4F723F,4
CC_C72314E8BE9D,0
CC_C724ABCC806D,1
CC_C7251F485884,4
CC_C7275AD42EF6,0
CC_C727EE3E1913,4
CC_C72A44041A8E,4
CC_C72A9C2CD4DC,4
CC_C72C268C5103,4
CC_C72D8904E9AC,1
CC_C7300A89C53E,0
CC_C7325E35F855,0
CC_C733C198445E,2
CC_C7394AE78284,1
CC_C73E4CDC73FD,0
CC_C741BC2B01BE,0
CC_C744083ED319,1
CC_C7456BA8BAB1,0
CC_C749032FFAA7,1
CC_C749B8F86021,3
CC_C74A09A07E71,4
CC_C74CF8A6DC47,2
CC_C74F689DFD0C,2
CC_C751B163B237,2
CC_C7555E318BB2,2
CC_C7555E508C77,0
CC_C759455A9611,2
CC_C75B219E83A8,2
CC_C75BD778864C,3
CC_C75DC0654E6F,1
CC_C75F2B4F053E,2
CC_C76475151991,1
CC_C765BD377D92,2
CC_C76C059CD366,4
CC_C76DE2C6F3CB,1
CC_C76F55318A93,0
CC_C773CFB676C4,4
CC_C775F911CA46,2
CC_C7760466BA78,3
CC_C77994DE6A2B,4
CC_C77C0A12F6C8,0
CC_C77D303071C5,1
CC_C780963C6C6E,1
CC_C78232D19D1D,4
CC_C78283BCC788,3
CC_C7853345C480,2
CC_C785F6CD4201,2
CC_C787B2209854,3
CC_C787CDB0E116,2
CC_C787F96951BE,0
CC_C7928E931BD5,3
CC_C79442EA56A9,0
CC_C7964F88356D,2
CC_C79A2904A2E3,3
CC_C7A1A40AFAA2,1
CC_C7A2010B5835,4
CC_C7A2D400E8FD,2
CC_C7A55149832F,4
CC_C7A5CA0EB3A0,1
CC_C7A6481EEE0B,2
CC_C7A6C2C80066,1
CC_C7A86DDF4B3B,3
CC_C7AC72ECAD3C,0
CC_C7AEBCD68F81,0
CC_C7AFE39D299D,0
CC_C7B1B22E24F4,1
CC_C7B7909B209E,2
CC_C7B8A8D76CDC,0
CC_C7BA86FDCE4F,0
CC_C7C201574121,4
CC_C7C43201AC36,3
CC_C7C7552715B1,4
CC_C7CA41306CC2,0
CC_C7CAEFAB24E6,3
CC_C7CBD5C23E71,2
CC_C7CDF47AA4F4,4
CC_C7D091C512E9,2
CC_C7D0CFACBEC4,0
CC_C7D4054B186C,2
CC_C7D813C5A6AE,0
CC_C7D841CD3A92,4
CC_C7DCC4194BBF,2
CC_C7E3237B0721,1
CC_C7E365D021C2,0
CC_C7E637928783,3
CC_C7F44BDE483D,1
CC_C7F52F9865B0,3
CC_C7F5474B713D,2
CC_C7F6567AD1D7,3
CC_C7FC57C695AB,3
CC_C7FEAAF6617D,2
CC_C805F792A877,0
CC_C809EFCF1026,3
CC_C80ADBD24835,4
CC_C81454E55BCE,2
CC_C816BE3170B8,3
CC_C8171A854C54,4
CC_C8182F4F9B34,4
CC_C81D56509657,1
CC_C82296987913,0
CC_C8247B6191A9,0
CC_C8288B08BACE,0
CC_C82F457BC010,1
CC_C837D03193A9,1
CC_C838B1A59AE8,3
CC_C83998B840BF,3
CC_C83E92A89B11,3
CC_C83FCA32361B,1
CC_C83FCB35347F,4
CC_C8405E4534FF,1
CC_C84442515604,3
CC_C8468266C953,0
CC_C84D36A131AE,4
CC_C8524F52CE16,1
CC_C857D3C45610,2
CC_C8601D1DF95A,4
CC_C8605CE54AB8,1
CC_C860E1599172,1
CC_C862DE4318EB,2
CC_C8641A6F05A4,2
CC_C86831D62785,3
CC_C868C3BCC388,3
CC_C869947883BD,1
CC_C86B9055B9FD,4
CC_C86D53909F65,1
CC_C871AD7AEA70,1
CC_C87372B6C468,1
CC_C8739A70C7FD,3
CC_C8744EDBC78D,1
CC_C874C1FAB2AE,0
CC_C87551989839,4
CC_C88124CFDC8B,2
CC_C881BB1A2085,2
CC_C882FE58543F,3
CC_C8852211226A,0
CC_C88565327E11,1
CC_C88632F5C47C,4
CC_C887AE4CCEEA,0
CC_C888B74F972B,1
CC_C88BA0073839,4
CC_C88D40CD9FD0,3
CC_C88EA6752AF8,2
CC_C8903A9F6CEE,0
CC_C89097BA8BBE,1
CC_C890E63AAB39,3
CC_C891ECC0BDCA,2
CC_C895203364CB,2
CC_C89687934609,4
CC_C896A13C497D,2
CC_C897ADAE2036,2
CC_C8981624D0E2,2
CC_C89A4232FC73,0
CC_C89C07EF8EB5,1
CC_C8A5057564D0,0
CC_C8A69E04E2F5,3
CC_C8A7D0F28325,0
CC_C8AA9ECFD9D2,3
CC_C8B23B5E0745,0
CC_C8B268B998AC,4
CC_C8B942D630FC,1
CC_C8BD6E8C33D4,1
CC_C8BD9944198A,0
CC_C8BE20EE38D7,0
CC_C8BF9AFC1E87,2
CC_C8C1E54B9F56,0
CC_C8C4B6786C77,2
CC_C8C6D6E9BB7A,0
CC_C8C8A04213BB,3
CC_C8CA842C53A2,2
CC_C8CAA487E819,3
CC_C8D16FED8C27,0
CC_C8D5CBAC5E4C,1
CC_C8D65E0DA703,0
CC_C8D7145DFDBE,0
CC_C8D742AE2450,2
CC_C8D9EE3F7FC1,0
CC_C8DB8903B4BC,3
CC_C8DC7A496C50,2
CC_C8DF621E331E,0
CC_C8E31E94AC2C,0
CC_C8E8ED6CE4F2,0
CC_C8E9B8021F37,4
CC_C8F5EABEE44D,4
CC_C900D141C57C,2
CC_C9033236B7EE,2
CC_C9043EDBB231,2
CC_C904D6B5A2FD,1
CC_C905A7D2E6E9,2
CC_C905CE1FE90F,0
CC_C907BD8161CD,3
CC_C909FC8E1615,2
CC_C90F7E693B71,2
CC_C91063EF7DDE,4
CC_C912D1E79920,0
CC_C9137B67FC52,1
CC_C915FD1F0791,4
CC_C91702789CFC,1
CC_C919F88B180C,1
CC_C91B74E08BEB,1
CC_C91D155EFF8C,1
CC_C91D7ECE34DE,3
CC_C91F86D3342B,1
CC_C91FE7F1F0D8,4
CC_C9208453E0E8,4
CC_C9255ABCA9E8,3
CC_C9280BD3BA8E,3
CC_C92BEBE82383,1
CC_C92FC80DD829,3
CC_C9317B42E4DC,1
CC_C935356EA1EE,2
CC_C936F20E596F,3
CC_C937BCC44936,2
CC_C9380948938E,4
CC_C9400CD86083,3
CC_C941B4DEA9E6,3
CC_C9430858F2F5,1
CC_C943B5BC0F93,3
CC_C944FEF95DFC,4
CC_C94A8CF51750,3
CC_C957BF0B65F8,2
CC_C95CAE4068CD,4
CC_C9641ECB87B0,1
CC_C964EBFFCA07,0
CC_C966DB0BF2AA,2
CC_C9691234DEF4,4
CC_C9697ACB78E8,0
CC_C96BB22A1D4F,3
CC_C96FF1B424D1,3
CC_C972B23A9DD0,3
CC_C974F0915755,4
CC_C9762F4C6B4F,3
CC_C977D8962020,1
CC_C978C2A053AC,0
CC_C979272BF197,1
CC_C97F42624CE2,0
CC_C9804F57EDA2,1
CC_C9831B920EC7,1
CC_C9834872142A,0
CC_C984AF5DDE80,3
CC_C98506A9AF43,1
CC_C98999925DFB,2
CC_C98C806E777B,0
CC_C98FE19D228A,4
CC_C99544E0B5B1,3
CC_C99D968EDD1E,0
CC_C99F50AA946D,1
CC_C9A8C178EF0A,4
CC_C9A9F2CEA77C,0
CC_C9AAAC5E2DEC,1
CC_C9ADE21A9CF4,2
CC_C9B08DC7459A,2
CC_C9B5CBA1D0C1,4
CC_C9BAB81E5207,1
CC_C9BE6C6A14D9,4
CC_C9C062746AB0,0
CC_C9C27FE45DEA,3
CC_C9C6BE196913,1
CC_C9C7EF23E6E0,4
CC_C9C995E5CEB8,4
CC_C9CDED3B72F4,0
CC_C9D04AA29954,2
CC_C9D0D02806DF,0
CC_C9D36546BF2E,0
CC_C9D5952DB717,2
CC_C9DD473789EF,1
CC_C9DDBAE7F34D,4
CC_C9DFB99BCFE8,1
CC_C9E16AF708A3,2
CC_C9E33613FDB0,4
CC_C9EB398A0504,4
CC_C9EBCA9088ED,0
CC_C9EC2E9153F8,0
CC_C9F0CB8623AD,0
CC_C9F5E09FDEFD,4
CC_C9F9351F65B1,4
CC_C9FBC87F4A94,3
CC_C9FBCF584FC6,4
CC_C9FFEC2A78BC,4
CC_CA03722716FC,4
CC_CA06C2235B8A,2
CC_CA0D4E74B044,1
CC_CA13E2862A33,3
CC_CA150634B585,4
CC_CA15FA4FAE7F,0
CC_CA177B1FEC56,4
CC_CA17BFB4092A,2
CC_CA1BA399C918,2
CC_CA21C0F30251,3
CC_CA262DDC214D,4
CC_CA2744AF5050,1
CC_CA2786DB1355,0
CC_CA2BD0C96FD2,4
CC_CA33D05CC9BB,2
CC_CA3711A95CBC,4
CC_CA4352E71F6B,3
CC_CA44BEC1548F,2
CC_CA465282A76F,4
CC_CA4817D9D817,2
CC_CA4989F1924C,0
CC_CA4E509D03CC,2
CC_CA5A9CD9D974,1
CC_CA5CBBF27FC6,4
CC_CA5DC7719F54,0
CC_CA5E3DD0CB89,3
CC_CA5E88569CC1,1
CC_CA5EB27B6FEA,1
CC_CA61F2DC606F,1
CC_CA626DE5A5DE,4
CC_CA6529E97C3F,0
CC_CA6641DF0FD5,4
CC_CA67290CCF8A,0
CC_CA6A08FF575D,2
CC_CA6DFE466B37,2
CC_CA73F18EF78E,4
CC_CA7900F4EDA4,4
CC_CA7B9F724A04,2
CC_CA7E66FDFFDA,1
CC_CA8688470E4E,1
CC_CA86A9301946,4
CC_CA887F83B4A7,2
CC_CA8C71AE1DDA,4
CC_CA8E86D716A7,1
CC_CA92579D282F,3
CC_CA97FA9E55BB,2
CC_CA98ECED6A94,4
CC_CA9AE8F42550,4
CC_CAA098E267EE,0
CC_CAA16A8CCD7E,2
CC_CAA64FCF32B2,2
CC_CAA7DCA33D3D,3
CC_CAAD0BEDF103,2
CC_CAAF8987DDE0,4
CC_CAB1A5D2F8B7,3
CC_CAB366670069,0
CC_CAB4E8D6144A,3
CC_CAB7A5C4F512,1
CC_CAB80AED6419,3
CC_CAB8A3688A23,1
CC_CABA26DBCD5B,0
CC_CABC1BC43641,2
CC_CAC1118EEB57,0
CC_CAC186316291,3
CC_CAC25F35620D,0
CC_CAC392AA1A12,2
CC_CAC57BE205C0,3
CC_CAD3A96B9991,4
CC_CADD8356DD06,2
CC_CADDA919BA80,2
CC_CADDB83F8044,3
CC_CADF09213D34,3
CC_CAE01AE56C41,1
CC_CAE79898A101,2
CC_CAE82BB097F9,4
CC_CAE99DD82474,0
CC_CAEB53EA79E8,4
CC_CAEE66E255F9,1
CC_CAF6BE41E01B,2
CC_CAFC8DBA6B89,4
CC_CAFFDF46952D,2
CC_CB0144C9A52F,2
CC_CB01E80A56F0,0
CC_CB04E892A85B,0
CC_CB0582EBA7D0,4
CC_CB07C0AF435A,2
CC_CB0C7126E336,0
CC_CB0EBE4F4A46,4
CC_CB0FA6621EB1,4
CC_CB0FFAF7B22D,2
CC_CB1285151690,1
CC_CB1A4E8692A5,2
CC_CB1AD6FB8ABA,2
CC_CB1CB77A6733,2
CC_CB21AD4E272B,3
CC_CB2238CF6445,1
CC_CB2419A37A4E,2
CC_CB28650CDF7C,3
CC_CB2B8B608539,2
CC_CB2C234B67C1,4
CC_CB32AC35E1FD,0
CC_CB34EC76FB21,1
CC_CB3620170747,0
CC_CB36B6BBD1B1,0
CC_CB386BF83036,4
CC_CB389682A258,2
CC_CB38A949EE17,3
CC_CB3AB4E7A03A,4
CC_CB3CFFB2638C,0
CC_CB41549D6CD2,3
CC_CB471DE5968B,3
CC_CB47D32B5B22,2
CC_CB4BF4D8C73E,4
CC_CB51990E6A7D,3
CC_CB559309B998,1
CC_CB568CEC1826,0
CC_CB5B1476943B,0
CC_CB5E60525643,1
CC_CB63B6882A78,0
CC_CB680F671C46,4
CC_CB685B625B15,3
CC_CB6CB00D9CE0,4
CC_CB7040CEE232,2
CC_CB715F47A1A7,3
CC_CB72B584D22B,0
CC_CB72D5FF9813,3
CC_CB735F49DF92,2
CC_CB748A086A6B,4
CC_CB775C59AF82,1
CC_CB7932759942,4
CC_CB7B74274876,0
CC_CB7BEE073BBE,3
CC_CB7D50B39905,2
CC_CB7E75B5E417,3
CC_CB819CBEB3A3,3
CC_CB83E7815195,0
CC_CB84564702A0,2
CC_CB847AE61423,2
CC_CB875B71D034,4
CC_CB8BE55D4A82,3
CC_CB8DB4A409C7,4
CC_CB8F5A065319,2
CC_CB9022D2D371,1
CC_CB9081352865,0
CC_CB91A3703686,4
CC_CB9432376672,3
CC_CB9C1C7A42DB,3
CC_CB9C9DEB3DCA,2
CC_CB9DF0E28C84,0
CC_CBA1128FC93F,0
CC_CBA2A1D03DC1,2
CC_CBA41E42FAFA,3
CC_CBA7168C407D,0
CC_CBA757A0308C,1
CC_CBA7ED13504E,2
CC_CBA930306D08,0
CC_CBAAF3E0288B,0
CC_CBAC98F162CD,4
CC_CBB11A05DB72,1
CC_CBB145FD833C,4
CC_CBB2CA39F7A0,2
CC_CBB3556F13E3,3
CC_CBB66D0FB69E,4
CC_CBBA35547F67,3
CC_CBC0BD52E7EA,3
CC_CBC1D55EBE04,0
CC_CBC220D6E5B0,4
CC_CBC288F713B1,0
CC_CBC45F7D5688,3
CC_CBC9934AD9A3,1
CC_CBD24EFB2E0A,0
CC_CBD4433AF9F1,0
CC_CBDBD546C8F5,1
CC_CBDDD31791B9,3
CC_CBDE1A0C9ABC,0
CC_CBE0F451157D,2
CC_CBE104D92013,2
CC_CBE24C2F91BA,4
CC_CBE45A31DF70,1
CC_CBEA3C6B7CFD,4
CC_CBEAD50C5918,3
CC_CBEE5222FF56,0
CC_CBF603B2AD22,0
CC_CC05EE4D74EF,2
CC_CC0C6F55B470,3
CC_CC10C3D883B7,1
CC_CC13C7A53935,3
CC_CC1496C2007F,2
CC_CC14F013A76F,2
CC_CC18BF39668B,4
CC_CC19C6FEEF56,2
CC_CC1AD95C8286,3
CC_CC210C9E489E,0
CC_CC232491BC18,0
CC_CC2383C355D8,2
CC_CC29446A2B1A,3
CC_CC29C0EF675B,0
CC_CC2D3E33FA20,4
CC_CC2DF55B07C3,0
CC_CC3A67A99602,4
CC_CC3AFC539FBB,0
CC_CC3BEA7406A6,4
CC_CC3DD4F4CDD2,4
CC_CC412E2C4293,0
CC_CC479EDB70F1,3
CC_CC4E0F6FF0BB,4
CC_CC4F3CFE3912,4
CC_CC51100D34C3,2
CC_CC53B6A3B921,0
CC_CC562D9CF241,2
CC_CC564338C65A,4
CC_CC5B20CCCD4F,4
CC_CC5B51DF0B8E,3
CC_CC5D78E54484,3
CC_CC627B317CF2,3
CC_CC647A6C2C19,2
CC_CC6746F4E1BA,0
CC_CC6809387789,1
CC_CC69B601D6B9,4
CC_CC6CF0916012,1
CC_CC717A4DEB6A,0
CC_CC7499FBA229,3
CC_CC769DA17ED1,3
CC_CC78148D92BD,4
CC_CC7C05FBC368,3
CC_CC7C6E822C2C,0
CC_CC8171F4F8E4,2
CC_CC82089F7601,1
CC_CC868CF2A4BE,3
CC_CC87965EE9CF,4
CC_CC88F893937F,2
CC_CC894AAE61C2,1
CC_CC89A5F809CC,3
CC_CC8A3E1DFF06,3
CC_CC91B3CEC31A,3
CC_CC965379300A,3
CC_CC96B061AD4B,3
CC_CC96B88B3060,4
CC_CC98F99AB259,3
CC_CC9CDFDF33AF,4
CC_CC9FAA3D3389,1
CC_CCA3E72FA8E6,3
CC_CCAAB0190D28,0
CC_CCAC2DE37C23,1
CC_CCACC31D3BD1,1
CC_CCAEB2B0D557,1
CC_CCB2023A51F1,0
CC_CCB2687D05E8,4
CC_CCB4AF5B3988,1
CC_CCB4BA607C8B,1
CC_CCB5A2A0F5A4,4
CC_CCBDAF745265,1
CC_CCBF4942D1A1,1
CC_CCBF5FBFCF83,1
CC_CCC15681956F,3
CC_CCC59E089058,1
CC_CCC62F3822D2,4
CC_CCCB6FE86C24,1
CC_CCD0A2F9B976,0
CC_CCD124365C33,2
CC_CCD210E33CB5,3
CC_CCD3596AA9D8,2
CC_CCD638E372F9,1
CC_CCD8ACF4407F,4
CC_CCE19C403D3B,4
CC_CCE3EA0E360B,4
CC_CCE4DA605E0D,3
CC_CCE751F2A8B3,2
CC_CCEDEA24E68C,0
CC_CCF11F401A80,1
CC_CCF19563ED3D,0
CC_CCF4C872C617,3
CC_CCF6C5723581,0
CC_CCF9CD340595,1
CC_CCFB1D30D24C,2
CC_CCFC0A51113E,1
CC_CCFE7BE30757,2
CC_CD0520BA4B68,1
CC_CD07605C1FC4,3
CC_CD0C5166F30D,2
CC_CD0C5A992C6B,2
CC_CD0FD4ECDB5E,3
CC_CD11832FE4BB,2
CC_CD19A062161E,2
CC_CD19EF3BC41E,2
CC_CD1E8E5060A2,1
CC_CD1F637A0DDB,3
CC_CD2059E849D9,1
CC_CD27CF37BA86,2
CC_CD2EB2984AA1,0
CC_CD2EE3D89714,3
CC_CD2FCC99F99A,4
CC_CD315C06D010,3
CC_CD340704F0A5,4
CC_CD3624297DA9,3
CC_CD3F9D67B0E3,4
CC_CD41E5F69968,0
CC_CD42C0175654,0
CC_CD46C0200AB3,4
CC_CD48B0A61CCA,4
CC_CD4CE1A48C45,2
CC_CD4D310F0C20,1
CC_CD5597EB38CC,0
CC_CD55BA38C7BB,0
CC_CD5FE6711E88,0
CC_CD609865264C,4
CC_CD62466EF288,0
CC_CD635FC53124,3
CC_CD6487907D92,0
CC_CD668CFA696C,1
CC_CD694F358863,2
CC_CD6F3473A5D6,1
CC_CD7A72AE2128,4
CC_CD7C2DCDF5D9,1
CC_CD7CC3578431,2
CC_CD7F00F6212D,1
CC_CD805C832FF6,3
CC_CD82F347D6EF,4
CC_CD84320D7069,2
CC_CD85B41F4F6E,3
CC_CD87A2BE2461,4
CC_CD8D98CE1832,2
CC_CD9068BAC08A,0
CC_CD90F5FCB1C7,2
CC_CD91D3F48931,0
CC_CD93CEAD21E7,3
CC_CD9428253184,3
CC_CD96617B1882,3
CC_CD96E2770ACC,2
CC_CD9CC04F0DF8,3
CC_CDA0CC30868F,0
CC_CDAB4BBF0BCD,2
CC_CDB603689517,4
CC_CDB70B498E05,0
CC_CDB7A37B5791,3
CC_CDBD745E1090,2
CC_CDC10A881E49,1
CC_CDC2A8052BE7,4
CC_CDC4FD37691F,1
CC_CDC68B8CA730,4
CC_CDC6BA37FDAD,3
CC_CDC7656399FE,4
CC_CDC9DB42F71D,0
CC_CDCF6A31F4F4,4
CC_CDD17C2884EC,4
CC_CDD17CCC85CB,1
CC_CDD28EEDB117,3
CC_CDD410741E77,3
CC_CDD6B3AA2ADC,3
CC_CDD8570C57AC,2
CC_CDDA751BBBE6,1
CC_CDDB2C757599,1
CC_CDDF924C38AC,2
CC_CDEB8A279A15,1
CC_CDEE2671B798,2
CC_CDF0FF22CDD2,2
CC_CDF451A9E411,3
CC_CDF75481B0A7,0
CC_CDF8869408ED,3
CC_CDFB36360DE5,3
CC_CDFBFE0036D7,0
CC_CDFCB8C4ABC7,0
CC_CE03DD4703AC,1
CC_CE0412DCD62A,0
CC_CE049FA1154E,4
CC_CE067BE113C0,1
CC_CE0E9331ED51,0
CC_CE147A53851B,2
CC_CE181DE7E3F8,2
CC_CE19B53F579F,4
CC_CE1B40BE0113,4
CC_CE1B4D9621B1,1
CC_CE1C5B5C0675,0
CC_CE1F3EB9B4F5,3
CC_CE1F426D2345,1
CC_CE20503BFD55,3
CC_CE245BC3956C,3
CC_CE27DE3C66E7,0
CC_CE317BFFE599,0
CC_CE3753196FE5,2
CC_CE3998A937FD,4
CC_CE418F9DF0D9,0
CC_CE425DA77784,3
CC_CE4425995049,1
CC_CE470FD8A3C3,4
CC_CE51729C3ABA,0
CC_CE547B980864,2
CC_CE54FA0A1537,1
CC_CE5B5EA40B36,4
CC_CE5E916074C8,1
CC_CE5F8568ED79,0
CC_CE604CB6BA07,1
CC_CE651090FFE7,4
CC_CE6844D81392,0
CC_CE6F6B3732F5,2
CC_CE712558D8AF,4
CC_CE7257FE6539,2
CC_CE7626E67D99,2
CC_CE77AE742AC4,2
CC_CE7A1BC9CD98,0
CC_CE7FA91BB43C,3
CC_CE866C0C5B6E,0
CC_CE86B8F0BBD1,3
CC_CE8C5CFC05EC,2
CC_CE8CD20A2C45,1
CC_CE8DC62A613C,4
CC_CE930CF75F1C,1
CC_CE99C7E8FD44,3
CC_CE9A1A5BDD51,4
CC_CEA4EBBFEFCF,2
CC_CEABF4532E14,4
CC_CEACE65C9752,1
CC_CEACFE7EDEA6,0
CC_CEAFCA6405FE,3
CC_CEB0990A3F4A,1
CC_CEB0994981CE,1
CC_CEB3D5B5172C,4
CC_CEB97A7C92B0,1
CC_CEBAFD98678C,1
CC_CEC30CD9E429,0
CC_CEC8EC5490F6,0
CC_CECAA6645EA6,3
CC_CECC2BE42CEA,3
CC_CED294DB7A45,3
CC_CED43447F756,0
CC_CED5042A9A47,3
CC_CED5A70C9A51,4
CC_CED64B9AD109,2
CC_CEDE79C4BD03,3
CC_CEDF1142FEBE,4
CC_CEE5A07A87EA,0
CC_CEE9F9382609,4
CC_CEEB3E83FAAF,1
CC_CEECDDD36368,3
CC_CEF427149551,1
CC_CEF6A74D6C4D,4
CC_CEFC59B67B92,1
CC_CEFEF9E415F2,2
CC_CF009DAC8E64,3
CC_CF05CDED4CAD,4
CC_CF0682C8DC63,2
CC_CF0AD663CDD5,3
CC_CF142EC1D17A,1
CC_CF1D27BB19EF,1
CC_CF2110BEC9D0,0
CC_CF23AE889426,4
CC_CF259C0D7753,2
CC_CF2A41DA98A9,1
CC_CF32BBCE2F0B,4
CC_CF3488B42273,4
CC_CF34DA195752,4
CC_CF36103555E7,2
CC_CF36403A45C8,0
CC_CF39BC33863E,0
CC_CF3F059B66A2,2
CC_CF405017459E,2
CC_CF4141DFAB98,2
CC_CF474F880316,2
CC_CF52F22A2656,2
CC_CF5481F063C1,3
CC_CF5999723BC8,1
CC_CF5B67D5FBFF,4
CC_CF5DAF79181B,2
CC_CF67B1EB47C8,0
CC_CF711FDEBE6D,1
CC_CF724E0761C0,1
CC_CF786C6D564D,1
CC_CF7B7E158244,4
CC_CF8083BC282A,2
CC_CF84CF3EC0EC,2
CC_CF85F73B53BD,1
CC_CF8A438618B0,2
CC_CF8CAA9F2DF3,2
CC_CF8D37E26502,2
CC_CF8E24366F5B,0
CC_CF97060B68E6,4
CC_CF978B6D4E45,0
CC_CF99582282E5,3
CC_CF9CC5E12D09,0
CC_CF9D851AAA80,3
CC_CF9DB2F89DC2,4
CC_CF9DFD2CA132,3
CC_CFA23A967FF4,4
CC_CFA3FB1CDF0F,3
CC_CFAA20584DD6,1
CC_CFACF48E2FDE,4
CC_CFAD5E7FD77F,2
CC_CFB70E34E6B0,3
CC_CFBBBF5EB282,0
CC_CFBD88E9D0E9,0
CC_CFBF4293669B,2
CC_CFC010959608,1
CC_CFC12ADA99B1,0
CC_CFC257ED71DC,1
CC_CFC35A3AA942,1
CC_CFC581549A1E,4
CC_CFCA0E4C59C4,3
CC_CFCB7433BAF8,0
CC_CFCBBE5E397A,1
CC_CFCE718B4584,1
CC_CFD2A6E0C6AD,0
CC_CFD3D259BE77,0
CC_CFD7F4954B0F,1
CC_CFDE4B06509A,1
CC_CFDEFABAC332,1
CC_CFE022151E43,2
CC_CFE302E59120,1
CC_CFE343CD94EE,4
CC_CFE3E56D034A,4
CC_CFE9BA58A35C,2
CC_CFEC78A0C00C,1
CC_CFF0B3CB5293,0
CC_CFF9E7A46FBF,2
CC_CFFA03B71F79,3
CC_CFFA1202DB3D,3
CC_CFFAB6961C09,0
CC_CFFDEAD4C87E,4
CC_D0008EBFB8FB,2
CC_D007FE1DF18C,3
CC_D009B605E470,1
CC_D0105531852B,3
CC_D0110CBC10AE,3
CC_D0136CB2E7A4,1
CC_D01769281FDA,2
CC_D019A4951C31,2
CC_D01A77C80F84,0
CC_D01BC4935FC0,2
CC_D021720FFB07,2
CC_D02B3BBBCE57,4
CC_D02C2B0A9B48,1
CC_D02DE4312B7C,3
CC_D02F4D3A590A,2
CC_D03164E7EE63,2
CC_D0331286AD8F,3
CC_D0331836BCAF,1
CC_D0367EF146BF,3
CC_D04054FF9C7C,2
CC_D041F0DEA64F,0
CC_D045D02AD88D,0
CC_D0461C30DFAA,0
CC_D046AE57FFE2,0
CC_D04B0E7F2C9F,4
CC_D04FCED830D2,1
CC_D052684AAA5A,1
CC_D0550D6CB744,0
CC_D05646333CE0,4
CC_D056D77ADFC0,2
CC_D05BCDC1B9DF,3
CC_D05F492609D6,0
CC_D0626E48ADB0,3
CC_D06464485898,1
CC_D067A36C1E51,2
CC_D06828D5C645,1
CC_D069094135C9,2
CC_D07102B9D96C,2
CC_D073B3BA57E1,2
CC_D079FE778858,3
CC_D07BADF951EF,4
CC_D07D1C064D11,2
CC_D07D4F0C0791,2
CC_D0819118C1FD,2
CC_D082D9C12729,0
CC_D086C787E28B,2
CC_D08708D29694,2
CC_D087E763481C,3
CC_D0882397DE50,0
CC_D090F476345B,4
CC_D0958D95AAAF,1
CC_D0968FD5D434,0
CC_D09C5CB7071D,0
CC_D09D2025F4E3,3
CC_D09D884D201E,2
CC_D09FD701D415,0
CC_D0A289D8595F,3
CC_D0AA89439858,0
CC_D0AE4748F321,4
CC_D0AED3590B9D,4
CC_D0C4B5B3D7EA,0
CC_D0CF9DC33290,3
CC_D0CFE197344C,4
CC_D0D47B6683B3,1
CC_D0D78D9695C9,2
CC_D0DA1AEFBB2B,2
CC_D0DD8D2E76A9,0
CC_D0E7C88F6768,1
CC_D0EBA7792316,1
CC_D0EE60B79B5B,4
CC_D0F679FB7CCB,2
CC_D0FC0A74A47D,4
CC_D0FC69802CB5,4
CC_D10092325095,3
CC_D1012509F3E9,2
CC_D102AB7C4360,4
CC_D104ACBBAD56,2
CC_D105B1734E83,3
CC_D105FAE17246,4
CC_D10B3641735E,0
CC_D114959B2A7E,3
CC_D11617CD97D5,2
CC_D11DAB4B88D9,1
CC_D11E7780E2B9,4
CC_D126400948F2,0
CC_D1264962E93E,0
CC_D1297ECF79C3,4
CC_D12DD972BA1A,0
CC_D13008A67FF9,2
CC_D1302170046D,1
CC_D131FE4E2195,1
CC_D132B42FBFD5,4
CC_D133C6BFCA80,4
CC_D133D280ECE3,4
CC_D13E12ABC70C,1
CC_D1408DB0172E,2
CC_D140F8236B19,1
CC_D141A70687D5,2
CC_D141C5241C8C,4
CC_D14A61E81C09,3
CC_D14CE392C84C,4
CC_D14DE1D9835D,1
CC_D14F1D15E651,4
CC_D152F6CA72C1,4
CC_D1546778D8E9,3
CC_D15AD64E2808,0
CC_D15B6AE7EFA5,2
CC_D15CC7A30B8A,4
CC_D15FC81FF15E,2
CC_D15FFD3CE564,4
CC_D163357A61D9,3
CC_D163A4FD6C65,2
CC_D165F7DC6B2B,1
CC_D16B00A050A8,1
CC_D16F4F8FEEAA,2
CC_D170915B1FB5,2
CC_D173A4D62F91,2
CC_D17415042E3A,1
CC_D178185D8984,1
CC_D178C8484E55,1
CC_D179DF4431F5,4
CC_D179E8B6AA77,3
CC_D1822B5E5073,2
CC_D1879D798435,3
CC_D188508A53D3,4
CC_D189C876078F,3
CC_D18F866D83C5,2
CC_D18FFC354239,2
CC_D191FE071112,3
CC_D193DD5E737D,4
CC_D1945FE7A0E5,0
CC_D1961F82F1BA,2
CC_D19A8F690460,2
CC_D19F0F071992,3
CC_D1A32F128E07,1
CC_D1A3664B4E80,2
CC_D1A3F09E73FB,1
CC_D1A90C6FDF13,0
CC_D1A981B0B6DA,0
CC_D1AB0F78FDBC,1
CC_D1AC6A47A169,0
CC_D1ACA5CA4446,4
CC_D1AD99E473C6,3
CC_D1B22566A74D,4
CC_D1B6E274FD67,2
CC_D1B7729EE94A,3
CC_D1B9FF47D595,3
CC_D1BB13ABF21B,4
CC_D1BCD967C0AF,3
CC_D1BE5CBF3DD8,3
CC_D1BEF2EDDC92,0
CC_D1C132FA8DB8,2
CC_D1C559E97E0D,2
CC_D1C81FA1DAEB,1
CC_D1C9D215017D,1
CC_D1CBCB6AB6EA,3
CC_D1CCF0BA34FF,1
CC_D1CE829274A9,1
CC_D1CEE9BD220D,4
CC_D1CF010CE88D,3
CC_D1D1A37B55FF,3
CC_D1D6419D1AC5,2
CC_D1DB03BBA961,0
CC_D1DBEB2521AB,0
CC_D1DCC960FE8A,3
CC_D1DEEE008DB7,4
CC_D1DFFBEB0D49,0
CC_D1E03F3A6E69,1
CC_D1E4776CB77B,4
CC_D1E9940689FE,0
CC_D1F08540BE4B,3
CC_D1F19CB4E1EA,1
CC_D1F2386471A1,2
CC_D1F24AD519FC,1
CC_D1F296790CD7,3
CC_D1F7D49BB3DE,1
CC_D1F9CF8B6D7B,0
CC_D1FB13EC0812,1
CC_D2019C5948FE,2
CC_D2040C7FFE9A,2
CC_D207FD9D8578,0
CC_D20A05A00AD8,0
CC_D20BC003ACBC,1
CC_D20C5840549E,4
CC_D20E2832F913,2
CC_D20F94A9C4B6,1
CC_D2117FF71FF0,4
CC_D211E9AE94B3,2
CC_D212CDFEF986,0
CC_D2165642FD6D,3
CC_D216C0419900,2
CC_D217092B9BBA,1
CC_D21989FDB44D,4
CC_D21A4ABA9070,3
CC_D21A74F9E93F,3
CC_D21CB0395CD9,2
CC_D21DC5D3265C,3
CC_D21DD6755FE2,1
CC_D221354D8B09,2
CC_D2254B292EDF,1
CC_D2273560C5F0,1
CC_D22BEF80758F,3
CC_D22D6C7CBEF2,4
CC_D2379C730044,2
CC_D23841DE7ACD,0
CC_D238DDD7ABE7,4
CC_D23E86F674C3,0
CC_D23FCE500A40,1
CC_D241A3C08817,2
CC_D2425B113E8D,4
CC_D24410CB0F55,0
CC_D2450F09579E,4
CC_D24615CAACFC,4
CC_D24841C611FE,3
CC_D24A92824E36,3
CC_D24B9BF999B6,0
CC_D24D4B1467BF,0
CC_D24F23CD8480,3
CC_D24FCE310CEE,0
CC_D24FEA8563A1,2
CC_D2541BF5A6D9,2
CC_D255679A7067,3
CC_D25D6AA21EEE,4
CC_D25E936DF38A,2
CC_D26123F4966B,0
CC_D261C22A377F,3
CC_D26286415E11,3
CC_D262ED491565,1
CC_D2657ED752A0,2
CC_D2668DA59C8F,4
CC_D2669F81D2A4,4
CC_D26EB2E60B56,2
CC_D26FB31E3AB9,3
CC_D271E028158F,3
CC_D2720CC4A83A,1
CC_D274499A57E0,1
CC_D27A3A9D2F6C,2
CC_D27C8F3501F8,0
CC_D27D21CBB3D7,0
CC_D27D3985DEFD,0
CC_D280B89DDE05,2
CC_D282B68A6D71,0
CC_D286219989C3,0
CC_D28ACD8901C6,4
CC_D28D5AA3D4A1,4
CC_D297120DAB56,4
CC_D29A8F33C839,4
CC_D29BCB76CAFC,2
CC_D2A192239CAF,1
CC_D2A46C988D4A,1
CC_D2A657EF14EE,0
CC_D2B5FC7C38DF,3
CC_D2B61DE45855,4
CC_D2BE14587D36,2
CC_D2BE8B463529,3
CC_D2C0FF3AF6EC,0
CC_D2C3A3CF8C43,3
CC_D2C663FD2B34,4
CC_D2C8F386C890,4
CC_D2CD6F111899,1
CC_D2CE804BD304,1
CC_D2CE9F62425D,0
CC_D2D039B8BFC7,0
CC_D2D5DEFED456,3
CC_D2D6E402CC5E,1
CC_D2D792A9A4CC,3
CC_D2D9134BCE69,3
CC_D2DE1E3664B2,1
CC_D2DED6A9E044,2
CC_D2DEEA125614,1
CC_D2DF820CD197,2
CC_D2DFDDB1E8F9,0
CC_D2DFE9A1967D,0
CC_D2E269AEF461,0
CC_D2E694711D50,3
CC_D2E885A14B34,1
CC_D2ECED58EEB0,0
CC_D2EE9A0520F0,3
CC_D2F111C79D63,4
CC_D2F16DDB2F86,2
CC_D2F1D6805985,1
CC_D2F437B47AF0,3
CC_D2FA5D087CBC,4
CC_D2FB67928254,0
CC_D2FB807EE276,3
CC_D2FD7B0D8B34,4
CC_D30259D4AE64,3
CC_D3038ACDF752,0
CC_D3038C299801,2
CC_D307F79C971A,4
CC_D30BBC7AD658,3
CC_D31051013E58,1
CC_D311F59BFECA,4
CC_D312F8274754,0
CC_D31513E751D3,1
CC_D31BAFB2E16A,2
CC_D321AB865DC7,4
CC_D3241471BDCB,4
CC_D326CB82A372,3
CC_D328B9E67E65,3
CC_D32B6AE58AED,4
CC_D32FC5DDE730,1
CC_D333F59A0877,3
CC_D33AB9982EED,4
CC_D33C6EA896A6,3
CC_D3454F3F4C2F,3
CC_D345983E82DE,4
CC_D3476644188A,3
CC_D34AFCBB4312,1
CC_D34C0C572354,3
CC_D34EE8EF4A0F,1
CC_D34F08703FA6,0
CC_D34FB9B21386,4
CC_D3542F5E6244,4
CC_D354EEB02D80,0
CC_D3566095CE43,0
CC_D35D3BBB5C65,3
CC_D35D3D201CBD,0
CC_D35EC5D38FEB,1
CC_D362B82DF21E,3
CC_D36462358A57,3
CC_D364E6AE7D90,4
CC_D3693EAA812A,0
CC_D36B6847D67E,4
CC_D36B7BA76307,1
CC_D36BB11E0FA7,4
CC_D36D6C1A33A3,2
CC_D37184A9254B,4
CC_D37758B14921,3
CC_D3778E20CFC2,3
CC_D378C1F7091D,0
CC_D379299E0F99,0
CC_D3796039EE79,3
CC_D3867188DFC2,2
CC_D3908B8051B8,0
CC_D39307AB7E8A,1
CC_D3966F181FE3,0
CC_D39682A0DFC8,4
CC_D39752AFEA75,2
CC_D397D9DD9272,0
CC_D39A6914D1CC,3
CC_D39BA5427404,3
CC_D39D435485BB,4
CC_D39DB7F6050E,0
CC_D39E809D8FA6,0
CC_D39F9382AB3F,3
CC_D3A41831C0C2,1
CC_D3AA942E84C7,0
CC_D3AB84DCD29D,3
CC_D3ACC16BFB7B,4
CC_D3B5CBDFDCBD,4
CC_D3B941DB7A79,2
CC_D3BC63E2F339,2
CC_D3C08D8E747F,1
CC_D3C14DDAA15B,3
CC_D3C39C93F423,0
CC_D3C45878B875,0
CC_D3C65BEDBE29,2
CC_D3C963739232,3
CC_D3CD6179558D,4
CC_D3CE59984E11,3
CC_D3CF771B872D,2
CC_D3CFB84F655B,1
CC_D3D086C4F645,4
CC_D3D095D6121D,3
CC_D3D4903DA282,1
CC_D3D68BDCD8A9,0
CC_D3DB217BF289,2
CC_D3DD7BF44AEE,0
CC_D3DDAC9F1216,1
CC_D3DED803C042,4
CC_D3DF80A94AEA,2
CC_D3E23627B45E,0
CC_D3E2E9727887,3
CC_D3E3FC61AA16,0
CC_D3E6428FAD86,3
CC_D3E89CF79C1D,1
CC_D3EEC5574F6E,4
CC_D3EFE102C1D4,4
CC_D3F6B908DA1D,2
CC_D3F6E968C913,4
CC_D3F7481F33E4,2
CC_D3F7C98C6392,2
CC_D3FAA1172A83,0
CC_D401FF247864,3
CC_D402AA6A0EDA,0
CC_D40366FF4DFE,0
CC_D404797FE4C8,4
CC_D406BE13BD9A,4
CC_D406C5FE3ABC,4
CC_D40E1461BA58,3
CC_D415D9B6C366,4
CC_D41B1351AEAF,3
CC_D41B3719D7BB,2
CC_D4237565AA66,1
CC_D423987544DA,2
CC_D4275FDCF3AF,2
CC_D429C424DEDA,2
CC_D42C0B72CA29,1
CC_D42D1C42C2E6,0
CC_D42EC9A5D1FB,2
CC_D42FFA8F3169,2
CC_D430AD797054,2
CC_D434963D1147,3
CC_D434E30C3619,3
CC_D4378A238AC8,2
CC_D43AA71F891F,4
CC_D44135D745E2,2
CC_D445807B5C61,0
CC_D447F85C2DA9,4
CC_D449C9463913,2
CC_D44DB6A794B9,0
CC_D44E2EE70A16,2
CC_D450F59B7FDA,4
CC_D451AA90DA94,1
CC_D45366071D78,4
CC_D4549F4D112A,2
CC_D454A91ED4BE,4
CC_D4560BD446D4,4
CC_D4585F3BA979,1
CC_D45C72ADBA41,4
CC_D45E9E364846,1
CC_D463F4B81D2E,0
CC_D46F15239114,1
CC_D4758B2ED70D,3
CC_D476D2A870F2,2
CC_D47737A3F8D6,2
CC_D477FD58EC18,1
CC_D47BE18B5B11,2
CC_D47D5407FBA7,1
CC_D4800E51EA8F,4
CC_D482D79EDC54,3
CC_D483D735A0FF,2
CC_D484D97F139A,1
CC_D48A5222D7E8,4
CC_D48ABFDB1118,3
CC_D48BADA0D657,3
CC_D48C2D07FFC3,1
CC_D491A7F1C9EE,1
CC_D492CE57105F,2
CC_D495145DAD2F,2
CC_D497EAC15351,2
CC_D49A23D8A5CA,3
CC_D49C6111B381,0
CC_D49CA4139769,0
CC_D4A1AD0C9DF7,0
CC_D4A2C3AD56EB,0
CC_D4A57BDF8148,3
CC_D4A744C3AFE7,4
CC_D4A922C06B8D,2
CC_D4ACDA4FD85C,1
CC_D4B177D13DC8,4
CC_D4B2657C05F6,2
CC_D4B41319640F,4
CC_D4B9866EFF62,2
CC_D4B9D3D0C209,0
CC_D4BA0989254A,4
CC_D4BA33FD0125,0
CC_D4BB3EB8D4D9,4
CC_D4C029F67176,0
CC_D4C8EBDD846C,4
CC_D4CE0555C2DD,4
CC_D4D009E2F58D,1
CC_D4D14E7F3295,3
CC_D4D4D53CEAE2,1
CC_D4D633EDAAB5,2
CC_D4DDF151EBB1,0
CC_D4E01FC49F1A,4
CC_D4E2C6924B4E,4
CC_D4E8CEB23FA6,2
CC_D4E9D50AF4C9,4
CC_D4EA2BF9B258,4
CC_D4EB3A79F2C3,0
CC_D4F1868FB6A2,1
CC_D4F1FED7AC0E,2
CC_D4F351A53A94,4
CC_D4F8A339FF16,1
CC_D4F92B3A2375,4
CC_D4FAA038D994,4
CC_D4FCC1633979,3
CC_D4FD0FA4BDD8,3
CC_D4FF6E78764B,2
CC_D50037B1FCC9,4
CC_D502283AAA08,0
CC_D506E134BDFC,1
CC_D5125E84765B,1
CC_D515509A602A,4
CC_D515BD5845EA,3
CC_D5160A512B7F,2
CC_D516E35A78B5,4
CC_D519406BC995,0
CC_D51C84976ED6,2
CC_D51E05C25275,1
CC_D51E9F3EC439,1
CC_D51F77AC5BBB,0
CC_D520C6A31ED6,3
CC_D5240CE735A2,1
CC_D52A0987F80F,0
CC_D52BE54FF386,3
CC_D52F264961F6,1
CC_D530D5BAAF38,4
CC_D531B5EF2B50,1
CC_D53330AE5DBD,2
CC_D53514D412DB,2
CC_D535D3A5474E,0
CC_D536704B6764,1
CC_D5398708F838,2
CC_D53A623898DC,4
CC_D53D1602C69F,2
CC_D5459D97C01C,2
CC_D54851664574,2
CC_D548B13848C6,2
CC_D54CA7477ADF,1
CC_D54D5281D251,0
CC_D54DF0838CAF,1
CC_D552A9B5B960,0
CC_D555A7B67B3B,3
CC_D556FDC5966D,2
CC_D558E04454C0,3
CC_D55A98E39501,3
CC_D55D672116FB,3
CC_D55F551D3210,0
CC_D55F55DC196E,2
CC_D56282147102,3
CC_D562CEEE6A2F,1
CC_D563064A1548,0
CC_D564D2AA15DC,3
CC_D56A450323C9,1
CC_D56D100C07F0,0
CC_D56F2152C73A,0
CC_D571187B1C70,3
CC_D571AE0ACF88,0
CC_D5725D4E3CF2,3
CC_D575368B6FF2,0
CC_D5790BFC8988,0
CC_D579487A4A94,4
CC_D579BAEE8B34,2
CC_D579E137FB97,1
CC_D5868C04EC3E,2
CC_D58727BEE89B,0
CC_D58D0F46193D,4
CC_D58F3CAAE820,0
CC_D590B277F862,4
CC_D595E3C32990,1
CC_D596637152BB,2
CC_D599363DA090,3
CC_D599E95C96D2,4
CC_D5A1F66E28AF,3
CC_D5A7829DDDA8,1
CC_D5ACFCB0FAC0,1
CC_D5B1468B1D65,4
CC_D5BD6FAD166B,1
CC_D5BEC047CB8F,3
CC_D5C13E9667EA,1
CC_D5C65AB848BC,4
CC_D5C9503563CB,0
CC_D5CA3445543F,0
CC_D5CD19E5DC55,2
CC_D5CDC8E71E4F,0
CC_D5D4482D6AB6,2
CC_D5D4DC36B22D,2
CC_D5D501A7A4BA,3
CC_D5DD1BA297C1,2
CC_D5E1DB12F6A3,1
CC_D5E34124820B,0
CC_D5E4B0516E78,2
CC_D5E667665E0C,0
CC_D5E7B18A98BB,1
CC_D5E808DDA012,2
CC_D5E80ED7BA91,1
CC_D5E9ADA8827D,3
CC_D5EB4BC1791D,4
CC_D5ED88759533,1
CC_D5ED8FB753E8,1
CC_D5EF0A01C613,1
CC_D5F108DB60D8,2
CC_D5F3BC12B278,4
CC_D5F92C73B8F4,0
CC_D5FBEB929658,3
CC_D5FFA79413FD,3
CC_D5FFAA421FEB,0
CC_D6055E1252B6,3
CC_D606659BD359,4
CC_D606DC703264,2
CC_D6089B5CE984,3
CC_D612967B387A,4
CC_D61505C6C0F4,3
CC_D6170164D4BF,0
CC_D6193328683E,0
CC_D61D2B1D4B78,1
CC_D61E7FCC91E6,2
CC_D62049402E86,3
CC_D624EA7C29B6,2
CC_D6264BBCFF2F,0
CC_D6333E73482B,3
CC_D6340AF9CD64,3
CC_D6366AFA48C6,1
CC_D63834E2237C,1
CC_D63882D26B64,4
CC_D63A9390D33A,4
CC_D63B6EC93F0B,0
CC_D63C622774C2,1
CC_D63DB1F30AA1,2
CC_D63ED494CD5C,4
CC_D63F07D11783,2
CC_D640653E2B30,3
CC_D641DAB36A81,0
CC_D641EB8FAAD1,3
CC_D6421E8A0EC7,1
CC_D645773ACCBD,4
CC_D6465C0D0BA7,2
CC_D64786ADE3E7,0
CC_D64ED727CFFF,1
CC_D650C38490DB,2
CC_D65141E001DE,0
CC_D651B35BBEF1,1
CC_D653C7E9B209,3
CC_D657BEAE4B20,3
CC_D6591E377B60,1
CC_D65BC3BD8FE2,1
CC_D65D47CD4278,0
CC_D65F05F4104A,0
CC_D65F33ED6F35,3
CC_D664F3E2FEEC,0
CC_D66E20927674,4
CC_D66E21C86AC7,3
CC_D67137D854DA,2
CC_D6727C42CDCA,3
CC_D67529F00FC5,0
CC_D675A9841C09,1
CC_D676883F33BA,2
CC_D6783DDF0C4E,2
CC_D68061DD74A6,1
CC_D6820311B0A0,1
CC_D683A5E9EFA8,2
CC_D6872761F067,2
CC_D6905883A8A7,3
CC_D690869322AA,1
CC_D6921F08F519,4
CC_D693529C2D39,0
CC_D69E2AC4754E,4
CC_D69F07FB5DFA,4
CC_D6A0181F18E7,1
CC_D6A250160643,2
CC_D6A55CDE54AF,1
CC_D6A5A7377DD4,0
CC_D6A6B1030B09,3
CC_D6B0FF5E6118,1
CC_D6C030C952C4,2
CC_D6C48B5540BC,1
CC_D6C963BCAA91,3
CC_D6CC8D247E7A,0
CC_D6CD93E594E2,4
CC_D6CE1A5DF0BA,3
CC_D6D1D466A98B,1
CC_D6D2F88BBC97,3
CC_D6D329E72DC6,2
CC_D6DC10F3C8C7,2
CC_D6DDD7A1AD4C,3
CC_D6E0189402EE,1
CC_D6E3F168572D,1
CC_D6E7DC170BEF,3
CC_D6E87506F009,2
CC_D6E9B159673A,3
CC_D6EA3ED7E326,4
CC_D6EAED72D334,1
CC_D6EB912BEAB5,0
CC_D6EC154F536A,4
CC_D6ED615280E0,4
CC_D6EDC24EED1F,4
CC_D6EE82C2E883,0
CC_D6F2E45399DB,4
CC_D6F4804C79B8,0
CC_D6F8BBAA2239,3
CC_D6F9B49F7F27,4
CC_D6FA2F7DB3E2,0
CC_D6FA643DA378,4
CC_D6FC0215FE8E,2
CC_D7038C89DFAF,1
CC_D703A0A1E9A1,4
CC_D704840B68D3,1
CC_D705E98D2CE6,3
CC_D706D8B4B811,1
CC_D7086EE0407B,3
CC_D71011D31E6F,4
CC_D7124C326C9D,3
CC_D71949348E58,1
CC_D72424AA9FE2,0
CC_D7289930B5D8,4
CC_D729E17924BE,1
CC_D72B29D5557D,4
CC_D73215111768,3
CC_D732F7DE061A,3
CC_D73627BC0C42,1
CC_D741BE3FD260,1
CC_D741C8AFFFE9,0
CC_D746F0614398,3
CC_D749CFACCEFA,2
CC_D74BED2343C5,2
CC_D74D437133A8,0
CC_D74E3CAABAC6,2
CC_D750EDBFA407,1
CC_D7525D1F70F2,2
CC_D75A6A9A0738,3
CC_D75A9389D75F,2
CC_D75B211749AF,1
CC_D761EAAB48EC,3
CC_D76CCABAD7A5,2
CC_D76E833AF36C,3
CC_D77323EA0CFE,2
CC_D77AF3FD7C8A,1
CC_D77B0F488E08,2
CC_D77B3E03DD3F,4
CC_D77CE50A5F5D,4
CC_D77E24D9A860,0
CC_D78180DE6BF3,4
CC_D789A6E9BBBB,0
CC_D78A7315B53B,2
CC_D78B3851FFD5,2
CC_D78FD0B061DC,0
CC_D7943FD353CF,0
CC_D7946FC8CC1F,4
CC_D7965682307A,0
CC_D797C0BE9AD5,1
CC_D79DA07C35CA,4
CC_D7A0C3CAA4D8,2
CC_D7A2944FB72C,2
CC_D7A3033CDEF8,1
CC_D7AB20450937,2
CC_D7AC664F5E53,3
CC_D7AE1DF635F1,1
CC_D7AFEB65CB77,3
CC_D7B1A11903C3,3
CC_D7B6240818EE,1
CC_D7BA515150F2,3
CC_D7BCC11E90D1,2
CC_D7C455F303EF,3
CC_D7C464EA9258,4
CC_D7CBF4964B7F,0
CC_D7CD7415AAEC,3
CC_D7D03DA9CF41,3
CC_D7D159A9A5CF,1
CC_D7D1CA714C68,0
CC_D7D1E0504B83,4
CC_D7D39147F659,3
CC_D7D59F1707B3,3
CC_D7D94704F84F,4
CC_D7E047CE185E,4
CC_D7E57BF8B92A,4
CC_D7E5ED8BAB71,2
CC_D7EB40D9C407,2
CC_D7EB4CB5AC83,3
CC_D7EEFF88E2C7,4
CC_D7F6A56D2CE6,2
CC_D7F6C6E09979,2
CC_D7F83106DB2F,2
CC_D7F85AB2E2D8,2
CC_D7F9FF003F99,0
CC_D7FB99824C59,2
CC_D800C6566DC9,2
CC_D801888CC024,2
CC_D801D55F0141,3
CC_D802E81D86B0,0
CC_D807F321FC52,1
CC_D80CB0F888C5,0
CC_D80FF39DB7AD,3
CC_D81349090F58,3
CC_D8154DAB5DB7,3
CC_D815BD1731C7,3
CC_D81A9D67E98D,4
CC_D820037F6F2B,2
CC_D821A1CD6D8E,3
CC_D821A446A48F,3
CC_D82901C966D0,3
CC_D82A3794DD85,0
CC_D82F774F0FA0,1
CC_D831AFB64AA3,2
CC_D831BF8DF693,3
CC_D83594E2EF70,4
CC_D835DF64E886,0
CC_D83ADD41A543,2
CC_D83C2633BCA1,3
CC_D83E0A8A6CED,4
CC_D843C11B9EEE,0
CC_D844597C2695,4
CC_D8529AFAA00B,1
CC_D859B3C45B82,4
CC_D85BF9D11E1C,1
CC_D85CE7C86842,3
CC_D8645E47C05A,4
CC_D865273FF242,3
CC_D86A4D053552,4
CC_D86C0A727E85,2
CC_D86E0FA2DC35,0
CC_D8759AE5C68E,3
CC_D87770823699,3
CC_D87806249E02,1
CC_D878BBF51F57,4
CC_D878DCEB60DB,2
CC_D879027D6F91,4
CC_D87F4135D638,1
CC_D881DACFF890,2
CC_D8857D3B3558,2
CC_D886BEB0EF53,0
CC_D8870FCBDCD2,2
CC_D8874E50A33E,2
CC_D8882D8F31A5,1
CC_D88F5A21FEA6,0
CC_D8914B4D4DC2,4
CC_D891F45EC7CE,0
CC_D892DCCE8211,3
CC_D89846448FB2,0
CC_D898DBDD230B,2
CC_D89B7BB829EE,4
CC_D8A874E53DB2,3
CC_D8A90DBD390B,3
CC_D8B286D870E9,4
CC_D8B4E4A0C29B,1
CC_D8B669B0E2C2,1
CC_D8B9D70CD2C7,1
CC_D8BC07EBA480,4
CC_D8BCE6B90BD6,0
CC_D8BDCE599EAD,2
CC_D8BF873D7D17,3
CC_D8C7D58D2DEA,1
CC_D8CD317B8622,0
CC_D8CE880ED1D4,1
CC_D8D49B1B7017,0
CC_D8D679103945,3
CC_D8D6C2E566BA,1
CC_D8DD8400CFA6,4
CC_D8DDC480C029,0
CC_D8DE0194910A,3
CC_D8DF6FFF159D,0
CC_D8E0B16756C2,1
CC_D8E2FE13E8BF,2
CC_D8E3D41E003B,2
CC_D8E767D04107,4
CC_D8EB09BAAA00,0
CC_D8ECA5CFEC66,3
CC_D8EE946FD3FA,3
CC_D8EF40B722E1,1
CC_D8F59EF058D8,2
CC_D8F8B5430C28,0
CC_D8F9CB40401C,3
CC_D8FAEF9DBD35,0
CC_D8FE805FECA8,4
CC_D8FEF8FAC3FA,3
CC_D90468FD7B0D,3
CC_D90A90B1C9B3,4
CC_D90C35653B1B,3
CC_D90DAE603829,2
CC_D90E4DE653DA,3
CC_D90F0EEFC950,0
CC_D9119A09374B,3
CC_D913D64B2092,1
CC_D914C13BD0D5,3
CC_D91B67879DBA,3
CC_D91CA3DBB8C9,3
CC_D91D6DE450A2,0
CC_D91FD2EA0D34,3
CC_D92582A6F2AE,3
CC_D9283D9CD1CD,1
CC_D92E4228FB8B,1
CC_D931C4B20B11,0
CC_D9322F47555B,2
CC_D93248EC62F8,0
CC_D933874DF721,3
CC_D9361DB8EA11,1
CC_D937FDD3BFA7,1
CC_D93A4CE7460F,0
CC_D93A8365A559,2
CC_D93CF5192B98,3
CC_D93ECB8EECED,1
CC_D942B32ABA3A,0
CC_D9454132539C,0
CC_D945D9AC7F13,0
CC_D9488AEEC569,1
CC_D94B21F92B14,4
CC_D94C46327CB2,3
CC_D9526C70D29B,0
CC_D95D8A2DF621,1
CC_D95E60D5806E,0
CC_D961FB1794AA,0
CC_D962F5D3E256,0
CC_D9661ECDC459,3
CC_D96ACE835D02,3
CC_D96AE7CEA168,0
CC_D96AEDED5E02,0
CC_D96EA783601B,0
CC_D9718D1A5314,3
CC_D9753BD4DA44,1
CC_D975C2463C67,0
CC_D97E9E7F414E,3
CC_D982BA24D58E,2
CC_D982E8496D2C,1
CC_D984A06988D6,4
CC_D984B7B19057,0
CC_D98699C2307A,3
CC_D987307A6F2C,2
CC_D98B015BBE8C,0
CC_D9927EC41BAE,1
CC_D992FC5AC396,0
CC_D9934BD55F53,3
CC_D9945C099880,3
CC_D998D9D21571,0
CC_D9990E69C9F5,1
CC_D99C1255CE42,4
CC_D99D0606FF27,4
CC_D99D675D2BBC,1
CC_D99DFDCA0CE3,2
CC_D99F456F74E4,0
CC_D9A03C1EBB79,1
CC_D9A050EBDFDF,0
CC_D9A1129AF2AE,0
CC_D9A1E3A167F1,1
CC_D9A39632264A,4
CC_D9A4A559869A,1
CC_D9A6FE8D7CAD,0
CC_D9AE1DA4131E,0
CC_D9AFCDA45975,2
CC_D9B06754C03D,3
CC_D9B7279BB5F5,3
CC_D9B75DBAA66C,2
CC_D9B7BE52255C,0
CC_D9BE09C06464,0
CC_D9C1E75FC3F9,3
CC_D9C655121E24,3
CC_D9CBE08DD2D4,2
CC_D9CFF63BA03B,0
CC_D9D3E96EBB73,1
CC_D9D54968151C,2
CC_D9D56017EE01,3
CC_D9D87FFBC7D6,0
CC_D9D8D8846C65,2
CC_D9DB8321BF1F,3
CC_D9DE99B7EDB0,2
CC_D9DEA86EBE5C,4
CC_D9E238CA9EF8,2
CC_D9E327E8F83E,1
CC_D9E779F3E12A,1
CC_D9EA36E0B62F,3
CC_D9EE2BD4C09F,1
CC_D9EEBE161760,2
CC_D9F20AE4FA11,0
CC_D9F27347B1CB,2
CC_D9FC3352988F,3
CC_DA036B31D42E,3
CC_DA03F3C05DF8,4
CC_DA04A01DFED3,4
CC_DA0750A99F59,1
CC_DA0895402C42,0
CC_DA0AF5C09B73,3
CC_DA0BB6DC6253,2
CC_DA0CA3A4A504,3
CC_DA0CCD0835D9,0
CC_DA0D9D499B89,2
CC_DA0E3C3E2DF2,4
CC_DA15418D8D33,3
CC_DA1B6B406CEE,3
CC_DA1E7E21E61E,1
CC_DA230FBB96ED,0
CC_DA24FA2FAD45,0
CC_DA25C468A7E9,1
CC_DA308AAFC9FA,4
CC_DA336354A61C,0
CC_DA38919613DD,2
CC_DA397567DCCD,2
CC_DA3E4103ACAA,1
CC_DA3F07A15666,1
CC_DA40BF7C8A45,2
CC_DA427E24F55C,3
CC_DA469A21AD02,0
CC_DA48090EEE65,0
CC_DA4F49757BFE,4
CC_DA4FB713841D,2
CC_DA572DEC9EEB,1
CC_DA5D5C14D361,2
CC_DA5E8EA4CF0C,2
CC_DA60F7F5BADE,2
CC_DA61D140E487,0
CC_DA62856B7BBE,0
CC_DA62B2294102,1
CC_DA6664AB0344,4
CC_DA666B011859,4
CC_DA66A3A3751E,2
CC_DA66E0CAB79B,2
CC_DA6FE3209CFE,1
CC_DA751E9E0651,0
CC_DA76C8CDEACF,4
CC_DA7ABF62F809,0
CC_DA7C2A3067EB,2
CC_DA7E95C1D00F,1
CC_DA82C1D82588,4
CC_DA8309F38659,2
CC_DA836364059F,1
CC_DA8E14F3F845,1
CC_DA91B198FA8D,3
CC_DA931D89B29D,4
CC_DA949950469F,3
CC_DA9884A3EDB5,2
CC_DA9A9ECC25C6,4
CC_DA9AC8C518A8,1
CC_DA9C31D23666,4
CC_DAA50D64AB37,0
CC_DAA922E1B0EC,0
CC_DAA9ED474393,1
CC_DAC3D6FDC20C,3
CC_DAC3E996DD81,3
CC_DAC75D9971A9,1
CC_DACB5AE91072,2
CC_DACEA802ACAE,0
CC_DACF0C999923,1
CC_DACFABB212DC,4
CC_DAD202AEAA4C,4
CC_DAD728D9879C,4
CC_DAD760E77E78,1
CC_DAD7CF01227E,0
CC_DAD909BAD907,0
CC_DADB5F68FC6F,2
CC_DADBABD48123,2
CC_DADC181D6EBA,3
CC_DADDBA49D338,3
CC_DADEC4296C7F,2
CC_DAE919F9CD5E,3
CC_DAE96420D560,3
CC_DAEDB284DF68,2
CC_DAF6491721B5,2
CC_DAF709C74574,1
CC_DAF8EEB8FE30,2
CC_DAF926BA3010,3
CC_DAF9BEBE74FA,4
CC_DAFAF8D7CE0B,1
CC_DAFCEB37A993,4
CC_DB0174751689,3
CC_DB02D2A13B2F,0
CC_DB0885F62F84,0
CC_DB171312A42C,4
CC_DB194266EDED,2
CC_DB19C8E300F0,4
CC_DB1E59275D2D,3
CC_DB280065CA4F,3
CC_DB2AF8229B51,2
CC_DB2FAA0B00F9,0
CC_DB31F29705F0,2
CC_DB321A664E36,0
CC_DB3546E75AE6,1
CC_DB356447A811,1
CC_DB36E4CFBC41,2
CC_DB37967A953E,2
CC_DB3C797F3558,4
CC_DB3E7ECE0C9D,3
CC_DB40F0DDE097,3
CC_DB47534272B8,1
CC_DB4B9B95EEB4,3
CC_DB4E052B97AC,4
CC_DB4E27F735D9,2
CC_DB508282E901,2
CC_DB528BE48BB1,0
CC_DB54001E999C,2
CC_DB55186D6C8E,3
CC_DB5913C59DC2,2
CC_DB5D09435FCE,2
CC_DB5D9EEDE96A,1
CC_DB5E137EC491,4
CC_DB5EA4472CAC,2
CC_DB66EB0D5EEB,2
CC_DB69052801D4,3
CC_DB6C65AC58A4,2
CC_DB7022D4F20B,4
CC_DB70AF79D293,2
CC_DB732975484D,1
CC_DB7389D89F97,2
CC_DB741F6C450E,2
CC_DB748FB51F13,4
CC_DB75EC24C095,0
CC_DB781A357DE0,2
CC_DB7E1813373A,3
CC_DB7E5D89D825,2
CC_DB811EDAAC28,1
CC_DB81A194546A,4
CC_DB83EC01413A,2
CC_DB86699EC029,1
CC_DB88A88F61F2,2
CC_DB8E3AB69DB4,1
CC_DB96F3CBBC18,1
CC_DB9853346E7C,1
CC_DB99BED223E2,3
CC_DB9BE9F4B01B,1
CC_DB9C49D4C527,1
CC_DBA013FA1E67,4
CC_DBA33794B76E,0
CC_DBA67A160F54,1
CC_DBA84A23F29B,0
CC_DBA9F8D7FBD0,4
CC_DBAF55AECC9C,1
CC_DBAF62856E6E,0
CC_DBB029EEC4D3,0
CC_DBB02E040D7C,4
CC_DBB122A0E825,3
CC_DBB2081577C7,2
CC_DBB2403B6AF5,0
CC_DBB8797AD01F,3
CC_DBBA158A31C4,4
CC_DBBC73098365,4
CC_DBBD523F9F73,0
CC_DBC084BD54A5,0
CC_DBC491F049E1,1
CC_DBCA076FFA42,0
CC_DBCDF66A0C4F,1
CC_DBD178A66E5B,3
CC_DBD1FFC21A48,4
CC_DBD351B13341,3
CC_DBD36983740B,1
CC_DBD70E1CC761,0
CC_DBD710FAAAC1,2
CC_DBD817234E9F,1
CC_DBD90B2F202A,1
CC_DBE4042D8E18,0
CC_DBE84B60FCC1,0
CC_DBEAABE7BAF0,4
CC_DBEB39543505,3
CC_DBF10C5E2AA8,4
CC_DBF70F7AB9F3,2
CC_DBFF83A9795E,2
CC_DC027E8B3E68,0
CC_DC05375FD185,2
CC_DC0A1C9E108C,2
CC_DC0F03F74BCC,4
CC_DC14F8B9D225,4
CC_DC1610F0E38E,1
CC_DC228CB3EECB,3
CC_DC277C84F66A,2
CC_DC295542395D,3
CC_DC2C5D514BB8,3
CC_DC32A00641F0,1
CC_DC3423897E8B,0
CC_DC350DAA5603,4
CC_DC381FAED937,4
CC_DC3AE13943A0,0
CC_DC3D9BF33B67,0
CC_DC3E2AD15C37,2
CC_DC3F4106A8FE,2
CC_DC41EDB0ADBD,4
CC_DC425FFF857C,0
CC_DC42D605616E,2
CC_DC43FBCCC69A,2
CC_DC46DFCFBDAD,1
CC_DC4946E9DE04,1
CC_DC4A786D3465,1
CC_DC4D52AE0B8E,1
CC_DC5ABD5B3A4F,3
CC_DC5FA60DA469,4
CC_DC6069F06090,4
CC_DC60FEA018E6,1
CC_DC6122013CEB,0
CC_DC639EB455E1,1
CC_DC646364090D,4
CC_DC65E45B8384,2
CC_DC66D13BDEDF,3
CC_DC6B511FB23B,2
CC_DC6BB249D201,4
CC_DC6C482633B9,4
CC_DC6E58F21381,2
CC_DC7A25BD1F47,3
CC_DC7A33783DD3,1
CC_DC7D93FEFDD1,1
CC_DC85569D2145,1
CC_DC87C2BD05BB,2
CC_DC888B4BE014,4
CC_DC8B9B3C9C54,1
CC_DC8C3E2B80DE,3
CC_DC8E2CD505B3,2
CC_DC8EF53206BD,1
CC_DC92D7EA50F0,4
CC_DC93C55F6BC0,4
CC_DC98CA1A4B96,2
CC_DC99538F16CB,2
CC_DC9D6028EAD6,1
CC_DC9D84366AD7,1
CC_DCA0D62B989F,0
CC_DCA607649830,3
CC_DCA7ADA16CC2,4
CC_DCA8343A158D,4
CC_DCA8FFAE6CDE,1
CC_DCAEC4DEE0FF,0
CC_DCAF2FEBA684,3
CC_DCB0507CA510,0
CC_DCB24419E157,0
CC_DCBEA6B1A50B,1
CC_DCBFDABE8696,3
CC_DCC00591B5C0,0
CC_DCC678B2DFB2,1
CC_DCC76DD2645E,1
CC_DCC7F60C5B5F,0
CC_DCCAA25A8475,3
CC_DCCB0D2605FE,3
CC_DCD225A46B83,4
CC_DCD2BB868BFD,3
CC_DCD6E9A41D1D,4
CC_DCD8A65038D5,4
CC_DCE260ECF456,3
CC_DCE86D38263C,2
CC_DCE9572B02E6,3
CC_DCEBD70B9469,2
CC_DCEDFE5CFD9A,1
CC_DCEEA6D94B6D,2
CC_DCF8258D01D4,4
CC_DD0473B1DDAD,3
CC_DD0796D73A28,4
CC_DD09B7D190B5,0
CC_DD0B370AA195,1
CC_DD0BE6C0B0B8,2
CC_DD170CB70F7C,0
CC_DD1D396CBC81,3
CC_DD2010A0DFD4,3
CC_DD214D0D8F73,0
CC_DD2226E11DEC,3
CC_DD264BA70FD6,0
CC_DD26AE101046,3
CC_DD2747CFCA1F,3
CC_DD27AA231F94,1
CC_DD30091281E5,2
CC_DD30667C5EB5,1
CC_DD344A519B52,4
CC_DD378D9ABB1E,3
CC_DD401FF9D632,2
CC_DD4705C23936,1
CC_DD470E62939D,1
CC_DD4A9F0F7664,1
CC_DD4C20E3C024,0
CC_DD50CF72BF65,0
CC_DD50E190D34F,1
CC_DD532C622568,2
CC_DD549CFB1855,3
CC_DD57688DF0C3,2
CC_DD5A028D5099,3
CC_DD5A0DD291AB,2
CC_DD5A24B4F5C6,3
CC_DD5CA9EC574F,0
CC_DD5DFBC2338B,0
CC_DD5E578831F5,2
CC_DD6264A01733,1
CC_DD655358B37C,0
CC_DD68C4E7F50F,3
CC_DD6A6A8F0C38,1
CC_DD6D2F87FEE9,1
CC_DD6E2151ABDE,0
CC_DD71023F3208,3
CC_DD72ABBA8454,4
CC_DD7C6057FAC3,4
CC_DD7C74420340,2
CC_DD7CB3085E01,3
CC_DD7E6E7406E9,0
CC_DD7F23AF9FCE,1
CC_DD8592353C9B,4
CC_DD86C40C567E,2
CC_DD877659E2EA,1
CC_DD878356DD8C,1
CC_DD8936EFFF6F,4
CC_DD8A105EBD00,4
CC_DD8FFE50D15A,3
CC_DD90D7070424,1
CC_DD936452095F,4
CC_DD958AB25545,4
CC_DD95ECE66D81,0
CC_DD98E612EDE7,1
CC_DD9A6DA9E33E,2
CC_DD9AA52D676A,0
CC_DD9BEB03EC0C,3
CC_DD9D74BD2E07,4
CC_DD9EC719B677,1
CC_DDA2B36E5162,1
CC_DDA34EC134E5,2
CC_DDA3C8719F11,2
CC_DDA86B178B93,3
CC_DDAB629C4494,4
CC_DDAC65170D72,4
CC_DDAFEAC05706,1
CC_DDB0996657E0,1
CC_DDB0E3799A25,1
CC_DDB15585951B,0
CC_DDB438F6A4E0,2
CC_DDB4E2800DC3,2
CC_DDB7A56F2956,0
CC_DDB7F2F4453D,3
CC_DDBA915748C0,3
CC_DDBC63A115B9,1
CC_DDC48C1205CE,0
CC_DDC657F294FA,4
CC_DDD0F59501CC,0
CC_DDD1A6AD1230,2
CC_DDD41934730E,3
CC_DDD5B1A62190,3
CC_DDD61B172FFF,2
CC_DDD62BB41A28,2
CC_DDD66C64EB82,3
CC_DDD9A64F74C2,0
CC_DDDBBCFF3D06,2
CC_DDE5211A7FE3,4
CC_DDE8AE0F9BA7,1
CC_DDE8DEACAC1E,0
CC_DDEA0C915DC7,1
CC_DDEA97C11085,2
CC_DDED3962D79C,1
CC_DDF2FD124B4B,2
CC_DDF373A9025D,0
CC_DDF53F58D4AE,1
CC_DDF677B937DB,0
CC_DDF7ADE283CB,3
CC_DDFC09E969B9,3
CC_DDFECE91C0E1,1
CC_DE0116B4B77A,0
CC_DE01465CF2A5,4
CC_DE021F992913,1
CC_DE0C5AE6C4C2,1
CC_DE0FA1D681F7,4
CC_DE155CE81B7D,0
CC_DE15FC5C3C39,3
CC_DE178814A91C,2
CC_DE178E9DFDEE,0
CC_DE18C03C57BF,2
CC_DE1A7D54AE9D,4
CC_DE1AC08B1B21,3
CC_DE1ECC3E3FA6,3
CC_DE1FF5C4DD4D,4
CC_DE230F93BE79,1
CC_DE270F3A836F,2
CC_DE29A7B3DE44,4
CC_DE2AC7DE1840,2
CC_DE2E8A168C64,2
CC_DE30E1CEA4F4,3
CC_DE30E73B67B9,3
CC_DE31BA4C60FA,4
CC_DE38B43177E0,4
CC_DE38C1FD8931,3
CC_DE39B6C45807,0
CC_DE3DB57C3690,2
CC_DE3E3EE56158,1
CC_DE4150A3931D,0
CC_DE4350DEE95B,2
CC_DE4485E3824F,2
CC_DE48A30D1A71,3
CC_DE4981A2E229,0
CC_DE4A852DDDE2,2
CC_DE4B771F128F,3
CC_DE4DC4E32636,3
CC_DE50ADA853F1,4
CC_DE5175ACCF8D,1
CC_DE51C5652ABF,4
CC_DE53B93A9831,4
CC_DE53C32AE57B,3
CC_DE54E672C371,4
CC_DE568E56B0F0,0
CC_DE59C0EA0A92,2
CC_DE5AAD402639,2
CC_DE5DCE778244,1
CC_DE608FF86370,2
CC_DE60B79B7778,0
CC_DE65D3E13013,3
CC_DE71361EFA0F,3
CC_DE73B4D7A3BF,3
CC_DE73E885D320,4
CC_DE747E315B86,3
CC_DE74FE492F5C,2
CC_DE75D9C16CA9,0
CC_DE7A43988757,4
CC_DE7B02356DD3,4
CC_DE8266E59DE7,2
CC_DE86385D4847,2
CC_DE86A36BEC43,2
CC_DE8C3A08F8F0,1
CC_DE9289CDF2C8,0
CC_DE9C23977973,2
CC_DE9D2C8683FA,2
CC_DE9D3EA56548,1
CC_DE9F3689ED58,0
CC_DEA1566C3DAD,2
CC_DEA314653B33,4
CC_DEA4EADF4791,1
CC_DEA683EE5447,0
CC_DEAB62BCA6C0,1
CC_DEB29FDA5FA1,0
CC_DEB4E3A5E705,4
CC_DEB6FA392310,1
CC_DEB7AEE91E40,0
CC_DEBE53587422,4
CC_DEBEA5DE32DF,0
CC_DEC5AD790E54,4
CC_DEC5E2F68D6A,3
CC_DEC66F139CF3,3
CC_DEC8ABE16F7E,0
CC_DECB23187471,1
CC_DECD169609E8,0
CC_DECEC71C727B,4
CC_DECF12601A14,3
CC_DED2750FC4F4,1
CC_DED50EBCAB9D,0
CC_DED8103EE2B1,3
CC_DED9D6364C01,2
CC_DEDAFDB152A9,2
CC_DEE2D726EC80,0
CC_DEE6DAA06603,3
CC_DEE8F5BBAD1A,2
CC_DEF2AB202ADB,3
CC_DEF6ED18E300,0
CC_DEF7E37A28C8,0
CC_DEF8624E80FF,1
CC_DEF8A128000A,3
CC_DEFC14B9D747,0
CC_DEFDED306916,0
CC_DEFF4B3F6502,3
CC_DF020004B881,2
CC_DF0A0E8705F2,0
CC_DF0D2AB34461,1
CC_DF0D92BF4383,4
CC_DF0F3BD504AB,3
CC_DF18E2866296,2
CC_DF1A2D632711,0
CC_DF1AFC31E0A9,3
CC_DF1B0F0AECDD,3
CC_DF1B52E05171,0
CC_DF1C8F2534CE,0
CC_DF1CDD8E94FF,4
CC_DF1F0C3A1A28,4
CC_DF1F2A0C6749,0
CC_DF22018BE819,1
CC_DF226168E19A,1
CC_DF23FBF35FFB,1
CC_DF27B1151475,0
CC_DF2FC8D911E5,2
CC_DF3177285D36,0
CC_DF3644ABB48B,4
CC_DF3EBB56E7A7,0
CC_DF42CA6769A7,2
CC_DF450916B7A5,0
CC_DF4B6D90D841,2
CC_DF5866596DF3,4
CC_DF5FD024CC9E,4
CC_DF60032550B9,1
CC_DF61AB5D1DD8,0
CC_DF643E3ECE2D,0
CC_DF64638289A2,4
CC_DF6B30A1CA19,0
CC_DF6D2CFA7111,2
CC_DF6F8B7F2A77,2
CC_DF72F93B3981,1
CC_DF7598215627,2
CC_DF79BECE2801,3
CC_DF7F74BF30D2,4
CC_DF80B75F6AB1,1
CC_DF840845D217,1
CC_DF8BC385B15C,0
CC_DF8BF8EB664C,2
CC_DF9141FDF38B,4
CC_DF9895952AB5,0
CC_DF99662BAD44,1
CC_DFA421C51A61,4
CC_DFA575B71665,2
CC_DFA62A37397F,2
CC_DFA63E92D478,3
CC_DFAD15C6A8C8,4
CC_DFAE2F290D00,0
CC_DFAFC7F8A535,1
CC_DFB30BA03A2A,1
CC_DFB6A351102C,0
CC_DFC27ECF8E81,4
CC_DFC7FEEAAC57,1
CC_DFC8B8BF7B28,0
CC_DFC97C4A698B,2
CC_DFCE24623E91,2
CC_DFCF17899643,4
CC_DFCF2FBC9DD1,4
CC_DFD1FD5775DA,0
CC_DFD35F46F8DD,0
CC_DFD4CC58B15B,0
CC_DFDA1AAD92B7,2
CC_DFDCBBEE2CE4,1
CC_DFE216BC75E3,0
CC_DFE4DD5ABF2F,4
CC_DFE612433F6B,1
CC_DFE698E9FD81,1
CC_DFEB23F3A318,2
CC_DFEECBFC923F,4
CC_DFF26DB00B1F,4
CC_DFF2859DD407,3
CC_DFF9E2090E96,0
CC_DFFAE087D62E,3
CC_DFFEAB670BD8,2
CC_E0014667464B,0
CC_E008B14F52A4,3
CC_E00986CD7C4A,4
CC_E009DCACFCD3,2
CC_E00B8B30BD5A,3
CC_E00F2A20B692,1
CC_E012544971F9,2
CC_E014A349C264,2
CC_E014C86052D2,0
CC_E01FF409E55F,4
CC_E0211863F5A1,0
CC_E0226CFA9A84,1
CC_E0240639BDDF,2
CC_E025CCC69AFF,1
CC_E02B3D7881CA,2
CC_E02C2CEF5997,0
CC_E02C662033F5,0
CC_E02E382211BC,0
CC_E02F29C76C9F,3
CC_E0305B030C03,4
CC_E034CAEAD3B8,2
CC_E03545F31E37,3
CC_E03791395710,2
CC_E038CF038494,4
CC_E03BF06D8F94,3
CC_E0416A530F09,3
CC_E0464446E2D7,1
CC_E048508E6B83,2
CC_E049E4D867C8,4
CC_E049F4C94A8B,1
CC_E04BDB95681D,3
CC_E04C217338BE,2
CC_E04D96317FA7,3
CC_E04E382B856E,3
CC_E054BCE1468B,3
CC_E05639FC5803,3
CC_E05AAEAE5680,4
CC_E05AE59F52FE,1
CC_E05DB6E3F41B,2
CC_E05EFDC41DD5,1
CC_E060BF94DE5B,2
CC_E0670050785F,0
CC_E068F5CF14C0,0
CC_E06BC299F614,2
CC_E06D5E0BACFE,0
CC_E0713EA26101,2
CC_E07237A34828,2
CC_E0730A97CECC,2
CC_E073E8909575,1
CC_E0753942411E,1
CC_E079E28F06A1,1
CC_E07A42AB5D9E,2
CC_E07A52E2554F,4
CC_E07B6FB6AFF1,4
CC_E07BBDFF9E09,3
CC_E07F52A9F8E0,2
CC_E0807F7E8008,2
CC_E0842F0A7FD6,3
CC_E085EE56B805,1
CC_E0884676DD40,2
CC_E08AC7D8506D,4
CC_E08B30029BC6,2
CC_E08D7A5B8830,0
CC_E08E1275DC8E,0
CC_E08E25A58155,4
CC_E0934104B880,4
CC_E09613F29FD0,1
CC_E097E82F433F,3
CC_E09A0A80E542,0
CC_E09B31DE56BB,0
CC_E09EB9A20F77,1
CC_E09FD9089459,0
CC_E0A4511CF406,0
CC_E0A58A6367B4,2
CC_E0A907B7FCAA,4
CC_E0AC6E0C5FD8,1
CC_E0B14A42C8E1,1
CC_E0B24419A872,2
CC_E0B39757CBDF,0
CC_E0B50F6BC3BC,2
CC_E0B5EF598248,4
CC_E0B6FD2B34DB,2
CC_E0B778FC4B49,2
CC_E0B96E1705CD,0
CC_E0B9F7EBE958,2
CC_E0BA62F9FD6F,4
CC_E0BA6E36FE5A,2
CC_E0BB6AD7D546,3
CC_E0BCAC8C6E71,1
CC_E0BE0A9CBBD3,3
CC_E0BFAB2CD756,3
CC_E0BFE715F38A,3
CC_E0C05789E7D8,1
CC_E0CA7757249B,0
CC_E0D04BA3EE94,0
CC_E0D09DD42E08,4
CC_E0D0C32A97D2,0
CC_E0DFE84211DA,4
CC_E0E20855CCC2,3
CC_E0E408E4A108,0
CC_E0E5C75D2EE9,0
CC_E0EA5A0D7380,0
CC_E0EE1E9794B7,4
CC_E0EF649D6E7B,0
CC_E0F22FFC0A0B,0
CC_E0F3ED7061D2,0
CC_E0F4168EFD1B,1
CC_E0F7921AD0B3,4
CC_E0FABC220981,3
CC_E0FC530F5819,0
CC_E0FE795DCBAB,2
CC_E0FE9B064DB0,1
CC_E0FF808AD412,1
CC_E1038741DF84,1
CC_E10397A85874,0
CC_E10617C99F30,3
CC_E109EE6A33B5,2
CC_E10EF1DA6840,4
CC_E11575CBC9B6,0
CC_E11B3460C7EA,1
CC_E11CCE11D7B9,2
CC_E11E90E8D932,4
CC_E12096B5A4E8,3
CC_E124F88913D4,0
CC_E1269A014F86,3
CC_E12B30D5FFD2,2
CC_E12C6D9828FD,2
CC_E12CD127A155,1
CC_E12DE05F2AEC,0
CC_E12F90C2AFAB,4
CC_E133CCC2AFE2,0
CC_E134FD05C1D1,0
CC_E13A9ECC47B9,0
CC_E13D76A272A3,3
CC_E13E943AEBDA,0
CC_E1426771C207,1
CC_E145A187E849,2
CC_E1480352EEF2,3
CC_E1488DF1824D,0
CC_E14BBBFA9055,2
CC_E14CECBD2810,3
CC_E14FB50FA19E,1
CC_E150935A453F,1
CC_E1562A2BA784,2
CC_E158E15D7125,4
CC_E159311CB9E3,0
CC_E15B0973182B,3
CC_E15B760716F4,1
CC_E15C18C42308,2
CC_E15FE2E73C9F,4
CC_E16CA51FBC53,0
CC_E16D44C8BDD5,2
CC_E170591FAAA4,4
CC_E1720795D57F,2
CC_E175121718FE,4
CC_E1761202E394,2
CC_E17E9FDB30FA,0
CC_E180BC6E262B,4
CC_E1816BEDFACD,4
CC_E182647B1053,1
CC_E186CD8C2D4B,1
CC_E18AC3600E06,0
CC_E1904731953B,3
CC_E190BF966024,1
CC_E191CED7F0FB,0
CC_E199F57F6406,4
CC_E1A909AF924E,3
CC_E1ABD1490378,4
CC_E1ACDE23527D,4
CC_E1AE2F27C9A3,4
CC_E1B1F8EEC0C8,1
CC_E1B5179676DE,3
CC_E1B9E8934453,1
CC_E1BBB7DF75E3,4
CC_E1BE0D583C62,3
CC_E1C17F96F4DB,2
CC_E1C32B0EF917,3
CC_E1C32DEDB9D2,2
CC_E1C3A7378069,2
CC_E1C67A5D7019,2
CC_E1C8F841DA22,4
CC_E1C972A64D63,2
CC_E1CAB2D98D0F,3
CC_E1CB079746AA,4
CC_E1CDB29AEE5F,0
CC_E1CF3EBD220A,4
CC_E1CFCA39D594,2
CC_E1D4360A629C,3
CC_E1D57F784810,1
CC_E1D8CF491435,2
CC_E1DD1A408C4F,1
CC_E1DD96114993,2
CC_E1E2EC897F44,4
CC_E1E3869F1C11,3
CC_E1E5024D2EE3,0
CC_E1E56B3BD0E9,1
CC_E1E5A9D1F306,1
CC_E1E72217A429,0
CC_E1E767B5BB50,0
CC_E1EDC60F3B8E,2
CC_E1EDE017F568,1
CC_E1F1D70522CC,3
CC_E1F4375CB415,4
CC_E1F971707291,4
CC_E1FE2B0A3FB0,4
CC_E1FECB29F559,2
CC_E1FF46B4D7A4,3
CC_E2008A9ABECD,4
CC_E202A1652A3A,0
CC_E203EE196FE6,3
CC_E204D7083794,0
CC_E206E1FAC10B,0
CC_E2084A230B88,2
CC_E20BD1CDE7ED,4
CC_E20EDDA9A6A4,4
CC_E210086CD940,2
CC_E2126171969F,1
CC_E21401CDF1D5,1
CC_E21E69F7123F,4
CC_E220B5B5FAE7,1
CC_E223AF828F1C,1
CC_E223FC003892,1
CC_E228573DB4AB,2
CC_E2305AF128B1,4
CC_E23186620BF1,4
CC_E2325CA5103D,2
CC_E2326DE99EC4,1
CC_E236F644BE19,4
CC_E23784CE96BD,1
CC_E2384EEDE4C2,3
CC_E238E50B0622,3
CC_E239B7B71C0D,0
CC_E23DF4C634A6,0
CC_E23E406EB0FD,4
CC_E23EC6ADC6AC,2
CC_E23F6C58E76F,2
CC_E2484CA4E5F0,0
CC_E2493EBF2DF2,4
CC_E24FC1F7A8C6,4
CC_E25207C0B055,4
CC_E2523F13FDFC,0
CC_E254A229528C,3
CC_E257E099AF1E,4
CC_E2593409EA04,4
CC_E25EE5180AFB,0
CC_E261F3EBDFB7,3
CC_E2633F084581,2
CC_E264F8BB8E72,0
CC_E269F114203B,0
CC_E26A679FA03B,3
CC_E26DBE4CA133,2
CC_E26EA4404C72,4
CC_E26FBDF5BFBF,2
CC_E27440C0E6A8,3
CC_E27447633409,3
CC_E27A90AF08A6,3
CC_E27BEE8CCBF2,1
CC_E27C5845031C,2
CC_E27E298F1478,4
CC_E280593EA297,1
CC_E282B8BE9902,3
CC_E284E681BC68,4
CC_E286528923A1,0
CC_E286EE4AF086,2
CC_E28CCF1A102F,3
CC_E28E8AF792C6,0
CC_E290F8369D1D,4
CC_E2934918E22E,2
CC_E2957ED0D53C,2
CC_E2964A30652B,0
CC_E298DCC0448C,1
CC_E29A601CE4BC,3
CC_E29E02E0B058,1
CC_E2A2F39983BE,0
CC_E2A8851810B0,3
CC_E2A9A918B783,4
CC_E2AA32DCE49E,2
CC_E2AD2AF05EC2,0
CC_E2B1D19C96D4,4
CC_E2B83893D6C7,3
CC_E2B88447F84D,4
CC_E2BA938E0108,0
CC_E2C5CC1CB6E3,2
CC_E2C83D649394,4
CC_E2C859523D8D,2
CC_E2C8D9D323C7,0
CC_E2CA1556E4F1,2
CC_E2CA42EBEBA9,4
CC_E2CB0C18E8FB,2
CC_E2CC5AF0528B,0
CC_E2CEB6116245,0
CC_E2CEF6E7A70D,0
CC_E2D4BA776D05,3
CC_E2D5B9F55DCA,0
CC_E2D69C4F3E7F,2
CC_E2D6BC2B1BFD,0
CC_E2DA0B239920,2
CC_E2DD7242472C,3
CC_E2DDD815B031,4
CC_E2DF5177A0E5,4
CC_E2E8B6E6DCC1,3
CC_E2ED8CB68D13,2
CC_E2F9103BB6E0,2
CC_E30249EBD2C8,2
CC_E3068761F8E4,0
CC_E30734169FB3,3
CC_E30832DAF05A,1
CC_E30D2157F495,2
CC_E30E4C77A3E9,4
CC_E31028EC2792,3
CC_E315692BE08D,2
CC_E3186CD9857C,3
CC_E31D60E8DB11,4
CC_E3238DA22FE2,2
CC_E329957940BD,1
CC_E32D9F5EA3A0,2
CC_E32E2887C610,2
CC_E32E67B9D820,2
CC_E339CD2AFD04,1
CC_E33BF06FBAC0,3
CC_E3451F83DC89,1
CC_E34BA2A08E1C,3
CC_E34BDCD50D0C,1
CC_E34CD180654B,3
CC_E3518E1ED3D7,0
CC_E35223B9B39D,3
CC_E355ACD70489,2
CC_E355CDE49B4F,1
CC_E3581B0344C9,1
CC_E35994DB17F6,0
CC_E3626398F431,2
CC_E3638AC5AA62,2
CC_E365DC687434,1
CC_E3731ADE9CFE,2
CC_E3733F8A6A20,0
CC_E3748C4E4E35,4
CC_E37738A9B59A,0
CC_E37774387656,2
CC_E37A73808FD1,1
CC_E37BA37C2473,3
CC_E38068898C84,4
CC_E38092E7D68F,2
CC_E38512C880E9,0
CC_E3886E8800EA,4
CC_E389BCE2ABED,3
CC_E38B9531CD89,4
CC_E38C2861F557,4
CC_E38DEAFC0B96,3
CC_E3900E2633EC,4
CC_E3915B9EF937,3
CC_E3916F1B1620,3
CC_E3931BAFE8D4,1
CC_E39341C3632C,4
CC_E393B0450882,2
CC_E3950B375AA7,1
CC_E3982040232F,2
CC_E398D7602F35,2
CC_E39AD1EF1232,3
CC_E39D2889F88A,3
CC_E3A13AD2AB11,2
CC_E3A22A6794F6,2
CC_E3A3C37D0121,1
CC_E3A7CE0A89F7,3
CC_E3A8125ACD26,4
CC_E3A83C61ED6F,3
CC_E3A98A117270,3
CC_E3ABD9C7C7EF,2
CC_E3AC1C06DC21,1
CC_E3AE51FEFB4F,3
CC_E3AF609E6870,3
CC_E3B43931EC27,2
CC_E3B54914410B,1
CC_E3B5EAD5DF2C,0
CC_E3B653A99722,2
CC_E3B95AF06F16,0
CC_E3BE2369130B,0
CC_E3C0455949F2,1
CC_E3C26C52B0D0,3
CC_E3C96E2F9D8E,2
CC_E3CA93972E23,1
CC_E3CBC5F634D4,1
CC_E3D032D6644D,2
CC_E3D554925593,3
CC_E3DB3D043F0D,0
CC_E3E05288FE44,1
CC_E3E0E89CC175,2
CC_E3E3964646DD,3
CC_E3E5B162D648,0
CC_E3E9AD07A5DF,0
CC_E3EB1A9E5527,3
CC_E3EB55B89CA9,2
CC_E3EC5A3A9F75,2
CC_E3F0CB331C1B,0
CC_E3F18E5F019D,2
CC_E3F2809C0CDB,4
CC_E3F39D3D28A6,2
CC_E3FF72B6D1A9,4
CC_E400717D9AF7,0
CC_E400F6B304F1,0
CC_E401556360B4,2
CC_E403AABE6A3A,3
CC_E40552CB0047,3
CC_E407BFDD5B48,0
CC_E408DC6865E6,1
CC_E40A8EF9B8B8,3
CC_E40E08D7295F,0
CC_E41D305E552C,2
CC_E4206D02DDC1,4
CC_E4214D176F67,2
CC_E4266E9B176C,1
CC_E42A82720EB7,0
CC_E42A9723A2FE,0
CC_E42BF2743F50,1
CC_E42F7667F3C8,1
CC_E433B89AB8C6,2
CC_E4352E84EE6C,1
CC_E4390AA74FF0,3
CC_E43C13F00CC9,1
CC_E43CED1ADF2A,0
CC_E43E3F01A8EE,2
CC_E43FDF1DE1AF,4
CC_E44049754483,0
CC_E4471F9CACBF,0
CC_E44AF434C827,2
CC_E453823F0DBD,2
CC_E453C8F9D686,0
CC_E4550B5E95A3,4
CC_E456DDF80B76,0
CC_E45A59DF525C,2
CC_E45AF3AB21FE,0
CC_E45D55263552,0
CC_E4606011CF77,1
CC_E460B0437938,1
CC_E469F9E5328C,1
CC_E46D2A5F3DD9,3
CC_E473F025CDCB,1
CC_E475120CD736,3
CC_E475976AF01B,2
CC_E476D2A6A01F,4
CC_E478A2E54F35,0
CC_E47AC52C1D97,1
CC_E47BA9F5AC9D,1
CC_E47C0EEC065E,3
CC_E47C31871930,1
CC_E4823CDA8267,4
CC_E4828212C213,1
CC_E483CBD0A0E3,1
CC_E4898C87B72D,3
CC_E48CDC41C4FA,2
CC_E492DA3C8EA2,2
CC_E49633AB89C2,4
CC_E496D1F36489,2
CC_E49934925445,0
CC_E49A2DFD1800,3
CC_E49B16DA2AB6,1
CC_E4A3FA875443,3
CC_E4A53391C1CF,3
CC_E4ADE70F017F,0
CC_E4B0F4C14F74,4
CC_E4B146FE98E3,1
CC_E4B696EE8F20,4
CC_E4B854D38796,4
CC_E4BB5C8534C6,1
CC_E4BDA30E9FD0,3
CC_E4BEA78980CB,0
CC_E4C040DEDE49,4
CC_E4C1588C313A,4
CC_E4C60C982093,2
CC_E4C64AA93465,4
CC_E4C6CEAECD29,4
CC_E4CE365C6403,4
CC_E4D7E66D9E89,2
CC_E4D8578BDC10,0
CC_E4DF804E3776,4
CC_E4E279EAA480,4
CC_E4E84A4BBDFF,4
CC_E4EBB46F37D7,0
CC_E4EE9502E6AC,2
CC_E4F384E6E5F4,4
CC_E4F3DD712869,4
CC_E4F7B790DC3B,1
CC_E4FDB23EB20F,4
CC_E50092A966D2,3
CC_E502E0D98642,2
CC_E5098AE61EB1,1
CC_E509D3153768,3
CC_E50A5EDCCDC3,0
CC_E50C1CF8A619,3
CC_E5176F94F9BC,3
CC_E517B174D143,0
CC_E51902481C2C,4
CC_E519B4C672E6,1
CC_E52098BD9950,3
CC_E52496E6762B,2
CC_E5258E3B410E,4
CC_E52663EAF0C5,1
CC_E52E68DF862D,3
CC_E53852322CD8,1
CC_E5390D02ABE1,4
CC_E539EC1DCF7A,1
CC_E542E234D01D,0
CC_E5439A3F42EA,1
CC_E54472F8D9E9,1
CC_E54545C8C9D3,4
CC_E547CDE900DE,0
CC_E5492A15F2FB,1
CC_E54B44522F72,2
CC_E54BDF038AE4,3
CC_E54D2DEDA848,3
CC_E54E155C6936,1
CC_E54F67500C63,4
CC_E54F9564F46C,1
CC_E5500A4EB3A9,3
CC_E555BF610D50,2
CC_E55DCC89228C,1
CC_E56168B3673A,2
CC_E563953C3CE4,1
CC_E5658170669F,2
CC_E56C1156E56E,4
CC_E56C33F3D25C,3
CC_E56DD8238058,1
CC_E56E10020158,1
CC_E570D1044648,1
CC_E571078B7998,1
CC_E573B3ECBF5B,1
CC_E5746533B675,4
CC_E5751279B52E,4
CC_E57686543950,1
CC_E57C2183BC74,4
CC_E57D3D6C76E8,4
CC_E58023625304,2
CC_E5834E24EA33,2
CC_E585F75AA335,2
CC_E587875B2CF5,2
CC_E588DB08A06D,4
CC_E589471382BB,2
CC_E58B2A34C238,3
CC_E58C38C6A4D5,2
CC_E59025F117E9,4
CC_E590A71EB003,2
CC_E5923E11108C,3
CC_E59524B7EF85,1
CC_E59BF1C4708F,4
CC_E59C86AF6608,0
CC_E59E33733B2A,0
CC_E59E54CF316A,4
CC_E59EBA31F7F5,1
CC_E5A038445333,1
CC_E5A0F1608224,1
CC_E5A11E71BA8F,4
CC_E5A57CEB6625,1
CC_E5A629872101,0
CC_E5A991A887BE,0
CC_E5AA49FDE681,4
CC_E5AB6B7ECEF4,2
CC_E5AB72BF162D,1
CC_E5ABCD0FE328,1
CC_E5AC34F0A1C9,2
CC_E5AC8248E057,2
CC_E5AD829BCB39,1
CC_E5B16D4F0F9C,0
CC_E5B3C2040958,0
CC_E5B4F0563DC9,2
CC_E5B59C393061,3
CC_E5BAF7CAB6DF,4
CC_E5BCC2F0A03B,2
CC_E5C565CE9D86,3
CC_E5C9017E7B46,2
CC_E5CADE06FE7B,2
CC_E5CF62FBE157,3
CC_E5D146A589F6,4
CC_E5D22444BA42,1
CC_E5E06B4B87A0,4
CC_E5E3C2C58C61,0
CC_E5E3E75B64B0,1
CC_E5E4AA87650B,2
CC_E5E779B4A1FB,3
CC_E5EA3A63EC37,2
CC_E5EE8407D4E7,3
CC_E5EF77D1DA79,4
CC_E5F11B6D7F01,2
CC_E5F34DBA3ED9,1
CC_E5F46DA46972,3
CC_E5F7A898C5FD,4
CC_E5F927E50E5E,3
CC_E5FD649BDFC3,2
CC_E601E8052E99,0
CC_E602B7CD4021,0
CC_E606CBCC8E51,1
CC_E6087D494C6C,0
CC_E60886215B21,2
CC_E608FB8E9327,1
CC_E60B2D530847,4
CC_E60B674D73F2,0
CC_E60DF0D32F44,2
CC_E61384DB1522,0
CC_E614034AC465,3
CC_E619E9D46CCD,1
CC_E61B32EBEA5B,0
CC_E61BF6DDE412,0
CC_E625717A3010,1
CC_E62A4CFB6A5A,2
CC_E62DD1001F83,1
CC_E6313E360FD4,4
CC_E6354F14838B,2
CC_E63B9E117292,4
CC_E63D6F022C61,1
CC_E63F39DBAFBF,2
CC_E63F8B4900C8,1
CC_E64360D4B42A,4
CC_E6452975FFC2,0
CC_E645686CF93D,0
CC_E646CB4238EC,0
CC_E648516C219E,1
CC_E648BB3857CD,3
CC_E64BF22E4067,1
CC_E64C190D03BF,3
CC_E64D7261A9A7,1
CC_E64F1A036D78,3
CC_E65423ACD3BE,1
CC_E656FF867B6D,1
CC_E65A0D1E20A4,4
CC_E65B59C65515,3
CC_E665B0F0E562,4
CC_E665CAC70A2A,0
CC_E6671D5962B2,3
CC_E669DABE2DDB,2
CC_E6701623C493,3
CC_E670B30CC528,4
CC_E672F94277EF,2
CC_E6789779D830,0
CC_E682627BB7D6,4
CC_E6852EF7C1AD,0
CC_E691EA882C81,1
CC_E6980B7C5C2C,4
CC_E69AA5D43556,2
CC_E69C19CCE926,4
CC_E69FC24628EF,2
CC_E6A223D9581E,0
CC_E6A30A0D1787,2
CC_E6A477B00619,2
CC_E6A923EF3C4A,0
CC_E6A931F4E9CF,3
CC_E6AA56E47E0D,1
CC_E6ACE9944656,0
CC_E6ACF598C901,2
CC_E6AD1DD3D6CE,1
CC_E6AD466887E1,2
CC_E6AF1C1AF0BA,1
CC_E6B634926970,2
CC_E6B8A7293A83,2
CC_E6BF2E6F901A,1
CC_E6C3CAE52949,0
CC_E6CAFC31089C,0
CC_E6CC8278D79E,1
CC_E6CDD1287F27,2
CC_E6CFCD63F1A1,2
CC_E6D1CA22184F,2
CC_E6D36BF17966,4
CC_E6D9BF1DB697,4
CC_E6DBC3737D2B,3
CC_E6E4B191D76D,4
CC_E6EADCE8FA84,4
CC_E6ECC4B4CE39,2
CC_E6EFAE48159E,0
CC_E6F70B347212,2
CC_E6F81AAC15AF,2
CC_E6FA81CE5664,4
CC_E70016A541B9,2
CC_E700F89EABE5,0
CC_E702A67F5CEC,0
CC_E7043053BE9D,2
CC_E70CB5C9CD57,2
CC_E70E3D44EC68,3
CC_E71086EE2EBA,2
CC_E711C26EE640,3
CC_E7126DD369D7,2
CC_E7138721CDD3,1
CC_E71530E6BC3E,2
CC_E719EA58E545,0
CC_E71AE603C605,0
CC_E71D5EE78836,0
CC_E71F21581898,2
CC_E720ECFFF380,1
CC_E72CA51C1DC1,2
CC_E72D7F8AEBAC,1
CC_E736D756B2E9,3
CC_E736EB6CE07F,3
CC_E737D533E48C,3
CC_E7388E4F981E,2
CC_E739113D986A,2
CC_E74764A4E074,1
CC_E74AB8C7A576,0
CC_E74D4087A6F1,1
CC_E74EF4E479F8,4
CC_E74F0895DDE2,1
CC_E7526B00355C,0
CC_E754A2E09EDD,3
CC_E75A1F34FA35,4
CC_E75A82A39EEA,0
CC_E7610FED53A1,4
CC_E766079103FE,3
CC_E76788031090,2
CC_E76C40512F52,0
CC_E76C9E1B7999,2
CC_E76EBD35E386,4
CC_E775F39F509D,2
CC_E77738DEC1EB,1
CC_E7922E732958,0
CC_E795BAEB3343,3
CC_E797E3B49C08,0
CC_E7985D42AAEE,2
CC_E7988F0F3D46,2
CC_E79BB4CEEB46,4
CC_E79E60E87EF1,1
CC_E79EE36CD75C,1
CC_E7A2F0560D90,4
CC_E7A4BD015CFA,2
CC_E7AA96E56E34,4
CC_E7AD9E5EDAA7,3
CC_E7ADE1D83C0E,4
CC_E7AEB1E0311F,2
CC_E7AF19625E34,1
CC_E7AF8C11600C,2
CC_E7B6CA4141DE,1
CC_E7BB3647979B,3
CC_E7BB8ED6CCAB,3
CC_E7BD86430DEF,3
CC_E7BEE72BEBD3,3
CC_E7BF1F00B1E3,3
CC_E7C1520A2978,3
CC_E7C1E7E528A3,3
CC_E7D07DB95330,1
CC_E7D41DAE1957,0
CC_E7D62EAA2B6D,4
CC_E7D790C7AC29,0
CC_E7D9068DE770,1
CC_E7DD51E18DC2,3
CC_E7E7C3C7C004,1
CC_E7E9C5F7E633,3
CC_E7EC87151971,3
CC_E7EE02FCB3F2,4
CC_E7F9F6D69EEF,1
CC_E7FD00A2C312,0
CC_E7FDC014DF53,1
CC_E8008B4C78F1,2
CC_E80155EC5BE5,3
CC_E801EDDE6371,3
CC_E805872C69A6,4
CC_E806C2F286F0,2
CC_E808536859C8,0
CC_E809899A7216,2
CC_E80BF89E912C,3
CC_E80CED444572,4
CC_E80DF00B488A,4
CC_E813CBF7FD3D,3
CC_E8184C4A69D2,4
CC_E81D95787BE1,1
CC_E81E8461373B,0
CC_E81EC53846D4,4
CC_E81ECDB07CC9,4
CC_E81ED08631D1,2
CC_E829EA4F6FE9,2
CC_E82B7B528E5E,2
CC_E82CEF50DED3,3
CC_E82E02D0AB70,2
CC_E8309C84A73A,4
CC_E832EA5DC991,4
CC_E834C76B0938,4
CC_E834EC0C0D90,2
CC_E838F7242977,2
CC_E83A5CEE40C1,3
CC_E8497D28F348,2
CC_E84A0F03AEA2,2
CC_E8559E621286,3
CC_E8599562BC4D,2
CC_E85CAE4CBC2B,2
CC_E85E4D5D79BE,3
CC_E85F2FB53AD5,3
CC_E8686DD6AF19,0
CC_E86B2EC02830,2
CC_E86B3598E615,2
CC_E870AB9BDA63,0
CC_E870C8B4BC7A,2
CC_E870E10FC84B,3
CC_E8749AF4712B,1
CC_E875232835BD,4
CC_E87790BB1DBA,2
CC_E878FAC1E8A8,3
CC_E87A6C15E797,2
CC_E87E0AB7675C,0
CC_E8806410D330,1
CC_E882169B92AC,3
CC_E882EDC03BC1,3
CC_E883C0F7E1EA,2
CC_E889344440DE,2
CC_E88B523B3BB2,4
CC_E88D1DED124D,0
CC_E890F389827A,3
CC_E8911D7595AA,0
CC_E89502C8091F,2
CC_E895F54BE602,1
CC_E897CDF73DF6,1
CC_E8992885B912,4
CC_E89CF07FB342,0
CC_E89D321194E4,3
CC_E89E5E0B590B,2
CC_E89F382A180E,4
CC_E8A06F4B3CE9,2
CC_E8A293544A46,2
CC_E8A30AFDD2DA,2
CC_E8A357D114B6,1
CC_E8A472F97EAE,4
CC_E8ABD6298721,3
CC_E8AE43360A31,2
CC_E8AF505C8293,3
CC_E8AFDF802E05,4
CC_E8B2620D6693,2
CC_E8B36F0725AC,4
CC_E8B539E04C81,4
CC_E8B5F040DD9B,0
CC_E8B7811166EC,1
CC_E8B9A4AB3A5E,2
CC_E8BED367B82F,3
CC_E8C315689990,0
CC_E8C51975DC0A,0
CC_E8C81B6D48C1,3
CC_E8C85B8BDA52,4
CC_E8CAEADFCF88,3
CC_E8CF19C1C43F,3
CC_E8CF7D4DC686,3
CC_E8D0235046BF,0
CC_E8D125C2CA8E,3
CC_E8D8AD88276F,2
CC_E8D9E5FD2022,2
CC_E8D9E86B4438,3
CC_E8DA4D4D1752,0
CC_E8DE03A586F5,1
CC_E8EA6E6CDC90,4
CC_E8EDA7E25155,3
CC_E8EF9DCDC2D0,0
CC_E8EFC5F1DC3C,0
CC_E8F173F0EDD3,0
CC_E8F1FF53B877,0
CC_E8FBCD25E80C,0
CC_E8FE4ADE9BA5,2
CC_E9026D11FAFE,0
CC_E9045B7DA288,4
CC_E904D74B956D,4
CC_E90B74D0B7B0,4
CC_E9121DF4CD76,3
CC_E9145D7BBB2E,2
CC_E9161F25EE9B,0
CC_E9167F41551D,0
CC_E9186835C14B,0
CC_E91A7B817630,3
CC_E91BE6B096A4,2
CC_E91E39E971FD,1
CC_E9222F10C0BF,3
CC_E923357D8F22,4
CC_E928E2480E7D,4
CC_E929F2EB364D,3
CC_E92E6F3E7A55,0
CC_E92EBBECEC6C,3
CC_E9338D167285,0
CC_E935FB0AF4C4,3
CC_E93626953BBB,0
CC_E9371266DCED,0
CC_E938B94428F3,2
CC_E9399EFF2520,0
CC_E93B657707F6,3
CC_E93B940D6F8D,4
CC_E9443CCB0DBA,0
CC_E945BA064EC3,1
CC_E94693C81D99,4
CC_E9487119C5A2,4
CC_E94931337477,3
CC_E94A1F3ADD6F,3
CC_E9503D532411,4
CC_E951909734B9,4
CC_E957BEC20BE2,2
CC_E95CCA2D2AA8,0
CC_E95E3351CFEB,4
CC_E96018A76436,2
CC_E96696A2083F,4
CC_E96741915556,2
CC_E96AA99C6964,1
CC_E96B0A49AF02,0
CC_E96F586675E1,1
CC_E972CE81024F,4
CC_E9794A4051DB,0
CC_E97A7394E1DC,2
CC_E982938F4254,0
CC_E986F50D542F,4
CC_E988ADCA9CA8,1
CC_E98B0E1F0229,3
CC_E98BBE98DCAF,2
CC_E98BC1809327,0
CC_E98DA7C0A566,2
CC_E98F67253D44,1
CC_E98FA77D0944,0
CC_E990B045F17D,0
CC_E991525F04F7,2
CC_E992EE6A14F7,0
CC_E994AEFC2051,3
CC_E9963079E7A0,1
CC_E99BCEAD6849,2
CC_E99CEE0E042C,3
CC_E9A2AF5F8E21,2
CC_E9A423E46E5C,4
CC_E9A4F6393E3C,1
CC_E9A7A7FF54FF,4
CC_E9AF9516B345,2
CC_E9B11AF9F3A6,4
CC_E9B8480FE25F,1
CC_E9B84C4A0B42,4
CC_E9BE22174848,2
CC_E9BEDBA9D634,0
CC_E9C2929F29A7,2
CC_E9C53F80E8F8,2
CC_E9CCBC3D6BAD,0
CC_E9CF7A47AA69,4
CC_E9D154767E12,2
CC_E9D1FFD9C024,0
CC_E9D3771F58DB,1
CC_E9D3BF8495EA,2
CC_E9D724344E0F,1
CC_E9D97BFCF700,0
CC_E9DAC2AC0694,0
CC_E9DCB9374F91,2
CC_E9E30F204CDF,1
CC_E9E48814E35E,2
CC_E9EB68851F38,2
CC_E9EBEACB80AD,4
CC_E9F255EB361C,2
CC_E9F2B2678E63,0
CC_E9F4EBFF771E,4
CC_E9FAB73E8178,2
CC_E9FD1C81954D,1
CC_EA01174B971D,4
CC_EA07CA7A5302,3
CC_EA0D7FA1BDBE,3
CC_EA0E85246B2A,2
CC_EA0FAF4A35F4,1
CC_EA13E7CF90C1,1
CC_EA176CDD8BD8,1
CC_EA17B4E5C763,4
CC_EA1BBFBF2F81,3
CC_EA1E94D6A4BA,0
CC_EA20568B0A19,0
CC_EA216B5A6996,4
CC_EA231668298C,2
CC_EA248FAF452C,0
CC_EA26CEF8A491,0
CC_EA29C9EBBB09,2
CC_EA30702481A0,2
CC_EA406D520043,0
CC_EA42F6745A8C,1
CC_EA45DCF9324F,0
CC_EA4896A371C3,2
CC_EA4BAF44BFA5,1
CC_EA5502B341B3,0
CC_EA55E483AE06,1
CC_EA5AA4C385A0,4
CC_EA5B18E28772,2
CC_EA5B31BE5B10,2
CC_EA5BB1040E58,2
CC_EA63351970E6,4
CC_EA6B12BC3CD8,1
CC_EA6B86240B8B,4
CC_EA6C11EF512B,0
CC_EA6E24483267,1
CC_EA6FF23CE6CD,0
CC_EA70F3DC8596,2
CC_EA710F5C6E45,4
CC_EA74C5C33DB2,3
CC_EA78499820C8,4
CC_EA795F09D340,1
CC_EA7C6D4018E1,4
CC_EA7D0F46B4C3,4
CC_EA7EEBC86C8B,4
CC_EA83B1BE7EB4,3
CC_EA8C5F13F40A,2
CC_EA8CB236F453,1
CC_EA91E2C66143,3
CC_EA927B42B7BF,1
CC_EA978C1C1952,0
CC_EA9B4814B8B6,1
CC_EAA356EF2E26,3
CC_EAA52A3A12EA,3
CC_EAA612F8B407,3
CC_EAA8BC350AFE,4
CC_EAA9A876A27F,2
CC_EAAAC2A8111A,1
CC_EAB093C1E5B4,0
CC_EAB19FB15301,4
CC_EAB22B201C32,0
CC_EABA7499A018,1
CC_EAC549C8A756,2
CC_EAC592B85D4E,4
CC_EACA92153F6B,3
CC_EACAF6B7E353,0
CC_EACD468C77C0,2
CC_EAD955ED0D3C,0
CC_EADB40DE1DCD,3
CC_EADB8AD25670,2
CC_EADC476DAA21,0
CC_EAE074802A8D,3
CC_EAE281A68259,3
CC_EAE2D6922852,4
CC_EAEEA57E8B43,1
CC_EAEF35C6770E,3
CC_EAEF4CA3601F,2
CC_EAF4FD59C854,3
CC_EAF51DC7D7B9,2
CC_EAF757E54BD4,4
CC_EAF9FBBB9026,1
CC_EB0BF2C738DC,1
CC_EB0CDC09BBBD,0
CC_EB0FF1327701,1
CC_EB175477065D,0
CC_EB1AD28ACB4E,0
CC_EB1B09D381F4,1
CC_EB1DE3A1D1DC,3
CC_EB1E3F604267,2
CC_EB1F9EA888C8,1
CC_EB20F76537EE,1
CC_EB2192737AF2,3
CC_EB2350B49336,1
CC_EB2388977CB9,2
CC_EB29EAB0CF17,1
CC_EB2A62A5AF7B,2
CC_EB2B76A4AECF,3
CC_EB2B94FA3981,4
CC_EB3083DD8929,3
CC_EB30F04903CA,2
CC_EB34B89D8505,0
CC_EB36118731A1,0
CC_EB381AB6F35A,1
CC_EB3BA3DF3C18,0
CC_EB3EF79EAB12,3
CC_EB4052DDFCEF,0
CC_EB42352B9588,2
CC_EB4601E1CC89,4
CC_EB464007A114,4
CC_EB46D4036172,1
CC_EB48C7C78653,3
CC_EB4AA09C7534,3
CC_EB4AC42D266B,0
CC_EB4E68BCEABF,3
CC_EB57A734AD02,0
CC_EB5B521738D3,3
CC_EB6427AF9995,2
CC_EB6545D6F6D2,2
CC_EB6581CDF1EA,4
CC_EB6855895E7D,3
CC_EB69C43339A9,2
CC_EB6C54AC32F7,3
CC_EB6FCAF10761,0
CC_EB7049C755A1,2
CC_EB7068001E47,1
CC_EB707520966B,2
CC_EB753AC5E853,1
CC_EB754FEF91BF,3
CC_EB770754E335,1
CC_EB79653B77B3,0
CC_EB7B3A9BB3F7,1
CC_EB83BD5C28C5,3
CC_EB8CB59DE2E4,4
CC_EB9173AF621D,4
CC_EB96D8BA6A28,1
CC_EB996D05539D,0
CC_EB9D01E2D1AD,3
CC_EB9D7033D900,1
CC_EBA05E8FC8D2,3
CC_EBA0B84CB166,1
CC_EBA73BEF5B02,4
CC_EBB390469208,2
CC_EBB67F2C0B93,3
CC_EBBF1F28BF8F,4
CC_EBC2F3252F38,3
CC_EBC51B8B8448,3
CC_EBC77E840F24,4
CC_EBC851D42221,2
CC_EBC9503593C4,0
CC_EBCCE82CC45A,0
CC_EBD50C380D5B,0
CC_EBD5189292C3,4
CC_EBD7E8ED8EE9,4
CC_EBD8E3E32B28,3
CC_EBD9FEA86C92,0
CC_EBDBC75638EB,3
CC_EBDC9ECE9D77,2
CC_EBDD4EE88246,0
CC_EBDEC771FD96,0
CC_EBE56835F074,3
CC_EBE7BCEC15F3,0
CC_EBE895B500C0,2
CC_EBEAA4D80C7C,1
CC_EBF2729A1828,1
CC_EBF6C17EF48D,2
CC_EBFB26EE25DE,0
CC_EBFBFF0F73EC,1
CC_EBFF2BEFEF35,0
CC_EC06D788F73A,0
CC_EC080F50F3D1,3
CC_EC098F46A688,4
CC_EC0C72BA1101,2
CC_EC0C9FD04136,0
CC_EC0F13957E70,0
CC_EC119AC05997,0
CC_EC154CF7CB4B,0
CC_EC16048BFF6F,3
CC_EC19F23318B7,0
CC_EC1A76BA5182,1
CC_EC250D38CC6C,0
CC_EC253B21ADF4,3
CC_EC27234CBDFF,0
CC_EC28CFBF2690,3
CC_EC2C517F4F95,0
CC_EC3328A2345D,3
CC_EC3769F89C75,1
CC_EC37EF984DDD,3
CC_EC39E2D03D48,4
CC_EC3EF2A25A8E,3
CC_EC4402AB90E6,2
CC_EC464AAD9B0B,3
CC_EC475254F940,3
CC_EC48D8242187,2
CC_EC49B892FD1D,2
CC_EC4D602BCE2C,1
CC_EC4E88D4C944,3
CC_EC4F262AA299,0
CC_EC50D69E4D08,3
CC_EC51F1E3D71D,0
CC_EC533D5070E7,0
CC_EC53C9F5DB64,2
CC_EC54B735E44F,1
CC_EC5598FDDEA6,4
CC_EC561A20B494,1
CC_EC591AE4A848,1
CC_EC625DACE44B,0
CC_EC64332BECDC,0
CC_EC659A59C135,3
CC_EC66109A1B41,1
CC_EC66C8E52D77,2
CC_EC67602A267C,1
CC_EC6E3B5A0CEF,2
CC_EC6F25231E3F,1
CC_EC6FE59BE0B3,0
CC_EC772D33E67F,1
CC_EC7CBE47FBB0,2
CC_EC7DE6D7A2B8,3
CC_EC7DF46BFDBE,4
CC_EC7EB73E2514,4
CC_EC7F3FAF05AC,4
CC_EC82C16CED63,2
CC_EC8650C58539,0
CC_EC8651491815,3
CC_EC8879F84D28,0
CC_EC90CF50F02B,1
CC_EC92402BCA32,4
CC_EC92B0E7FFF1,4
CC_EC93320B05EC,2
CC_EC964AACE0A9,1
CC_EC9A3E06E2D5,2
CC_EC9AAFA5B21D,3
CC_EC9B07F8AC81,0
CC_EC9B0D9E88B5,4
CC_EC9DB69794B8,3
CC_ECA31FC82853,1
CC_ECA9294220BC,3
CC_ECAF97A82D4D,0
CC_ECB21CEBBFE3,3
CC_ECB37981188D,1
CC_ECB5D7633883,1
CC_ECB7F056A2AC,3
CC_ECB92AD9BB63,0
CC_ECBECDD68AFF,3
CC_ECBF19FC42A5,1
CC_ECC735ED381F,0
CC_ECC835B9DCD5,3
CC_ECCA800BD1BF,0
CC_ECCD81789A3D,2
CC_ECD743C1E1C8,1
CC_ECDCEF050026,2
CC_ECDD25CEE7D9,3
CC_ECE090D64DF0,2
CC_ECE3714B7945,2
CC_ECEEAA2F7E0D,1
CC_ECF3C1A69115,2
CC_ECFA6C416622,2
CC_ECFC083D67F0,3
CC_ECFC8B937581,1
CC_ECFE98A2FBC8,4
CC_ED05577CC680,2
CC_ED0692E63D34,0
CC_ED08663CE966,1
CC_ED0C85F40EBD,0
CC_ED0DFFDFE461,2
CC_ED0ECB1E8364,3
CC_ED0FB01240E3,1
CC_ED11F03114EB,2
CC_ED157470C70C,3
CC_ED1A2D2287E9,2
CC_ED1BCB92F597,3
CC_ED1F7A4CD40B,4
CC_ED2166005629,3
CC_ED24E4FA2A58,1
CC_ED27D77A875F,1
CC_ED28CCB10D84,0
CC_ED29FD94BA66,1
CC_ED332FF4D1F1,3
CC_ED35F2CD6162,1
CC_ED36A6E8DD69,1
CC_ED383BBFDA93,1
CC_ED40A464BA02,0
CC_ED41695EB7AD,4
CC_ED43C454BCE3,0
CC_ED4811DB1C69,0
CC_ED4D45895A05,4
CC_ED4EC738D389,0
CC_ED5220DC8CED,4
CC_ED5931D973D5,4
CC_ED5A1FF8AC1A,4
CC_ED639F6E5FB9,4
CC_ED647ABF1DBA,2
CC_ED65EDA44E60,2
CC_ED6744A74F3C,0
CC_ED816A7D5555,1
CC_ED820DC67B87,4
CC_ED834E81704F,1
CC_ED83B53E7B6F,2
CC_ED8878C1AF7F,1
CC_ED8A3BEBF4E9,0
CC_ED8DB528A20D,2
CC_ED8E6B781B0A,4
CC_ED91B665D8B4,1
CC_ED92D6A9B7E5,1
CC_ED9328889A4B,3
CC_ED96F1E0C08C,2
CC_ED9ACE1CC7BA,1
CC_ED9F1261F6E1,3
CC_EDA660DBEE87,3
CC_EDA7B2E91C0E,4
CC_EDA7BEF5F2CC,2
CC_EDA7FEF5C8E2,2
CC_EDABEAC3FF84,2
CC_EDACBCDC2BA7,3
CC_EDACF32AA3BC,4
CC_EDAF6FA9BB77,2
CC_EDB622974E3E,0
CC_EDC77F50BD58,0
CC_EDC87EA02652,2
CC_EDC8AE18C2ED,2
CC_EDC9D8D832E8,3
CC_EDCAD9E69F60,4
CC_EDCDD3DF071F,2
CC_EDCE9C766DE8,0
CC_EDD164A66203,2
CC_EDD48B8A728F,2
CC_EDD58E9198BB,0
CC_EDD714B26133,0
CC_EDDCB6758AA6,2
CC_EDDF9FA11244,2
CC_EDE2749E9189,1
CC_EDE3698A586B,1
CC_EDE4881E4F07,4
CC_EDE51E1BD669,4
CC_EDECB672816C,0
CC_EDF042542DFB,0
CC_EDF1028681DC,1
CC_EDF119116CB9,0
CC_EDF2A74D974B,4
CC_EDF6C5AB3D1A,1
CC_EDFC31CAC741,1
CC_EDFCE6736A22,4
CC_EDFF7FBC6627,2
CC_EE0460BE25CC,3
CC_EE05E41E7E4C,0
CC_EE09DA40E6DE,3
CC_EE0CAD0F2BC3,0
CC_EE1578598854,3
CC_EE17D1DBBDBF,3
CC_EE222E8D44A5,1
CC_EE27AA5CB335,3
CC_EE2CC2961E14,3
CC_EE328E63D6D8,4
CC_EE33D826A97D,1
CC_EE3601FA7B16,3
CC_EE371B032A9E,2
CC_EE3765BBE328,1
CC_EE3B4314470F,3
CC_EE3DBA944A25,1
CC_EE3E700C788C,2
CC_EE43D45FE4A8,2
CC_EE45B446CF48,4
CC_EE48BF6C9DF4,4
CC_EE49E9FFF12B,3
CC_EE4B989B7B31,1
CC_EE4F65F176D5,3
CC_EE507EE68DDC,3
CC_EE52100AC56A,4
CC_EE5779B6033F,2
CC_EE58E1526116,2
CC_EE5D41758D79,3
CC_EE61533810DD,0
CC_EE64B74DF737,2
CC_EE6583A0F80E,3
CC_EE6659B36E51,0
CC_EE68D60EDE2C,0
CC_EE68DA343C48,3
CC_EE6C69176E70,1
CC_EE6D8A795FEE,3
CC_EE6FC349C56F,2
CC_EE6FEF413AC1,0
CC_EE714272917E,0
CC_EE76B5671F08,2
CC_EE77AB339ED9,4
CC_EE81183F31F2,1
CC_EE84081424E4,4
CC_EE88C0EEA0AF,1
CC_EE89337A31B5,3
CC_EE8AB880CE6C,1
CC_EE8BEB97C001,4
CC_EE8E3F9C775A,3
CC_EE90A7D76732,4
CC_EE9130769CC6,1
CC_EE946C42EA46,4
CC_EE94726D5872,4
CC_EE975F05AF4C,2
CC_EE9C2EE848F1,3
CC_EE9CD5180D13,0
CC_EE9E96A419AB,0
CC_EEA269C6EBA2,1
CC_EEA296E9E5D8,1
CC_EEA328E82AA1,4
CC_EEA5C07397BC,1
CC_EEA83F308FAB,0
CC_EEAA9DC55078,0
CC_EEAF84C32F09,3
CC_EEB0568FB212,2
CC_EEB0C64038BE,3
CC_EEB730E88848,1
CC_EEBC541BEA2D,4
CC_EEBECB3AC0F8,0
CC_EEC48CD0FFE3,4
CC_EEDA34505077,3
CC_EEDDF5D6B012,0
CC_EEE123B5BA3A,0
CC_EEE244106242,3
CC_EEEA5436F575,0
CC_EEEEDDF24BC8,2
CC_EEEF0FE0661E,0
CC_EEEFD4269123,4
CC_EEF361FB89F9,0
CC_EEF7E7EF23EA,1
CC_EEFDF0A3BBA7,2
CC_EEFF0A757763,0
CC_EF01413E0666,4
CC_EF04261B4CCF,0
CC_EF09C78B0A0D,2
CC_EF129850DE9A,0
CC_EF14090B9FF0,0
CC_EF1744B34E03,4
CC_EF193A2B952C,0
CC_EF1CDAF85A45,1
CC_EF1FE720320D,0
CC_EF206A266539,0
CC_EF2B7E79B236,4
CC_EF315A79538F,3
CC_EF32320415A1,0
CC_EF333595BBA6,2
CC_EF336D3B7A1B,4
CC_EF347FF343C7,1
CC_EF391F06A44F,2
CC_EF3984D5C286,4
CC_EF3A9A3D1E9A,3
CC_EF3BA7A4773A,4
CC_EF3CC8C5F7E7,4
CC_EF45126C25F5,3
CC_EF45D4364301,3
CC_EF4841C3201B,2
CC_EF4BD33A9E96,2
CC_EF4FEDDF74CB,3
CC_EF535089161C,4
CC_EF54004B514A,2
CC_EF5881201E77,1
CC_EF5B496A7594,4
CC_EF5EDAAF841C,0
CC_EF60D154223C,3
CC_EF65E1938828,3
CC_EF660B5F76EC,3
CC_EF6B8D0EDFD0,0
CC_EF6BF42B3266,3
CC_EF6C67C300C9,3
CC_EF6D4E927165,2
CC_EF6E80B9F7D7,0
CC_EF6F99402FC4,3
CC_EF73D5E689EC,3
CC_EF7B562D12BF,4
CC_EF85640DE9CE,3
CC_EF8644863F62,1
CC_EF866307A998,2
CC_EF88DC5345C7,4
CC_EF912B3C6B12,1
CC_EF91F629B22A,4
CC_EF93FC3615E5,3
CC_EF940D14E5F7,3
CC_EF9557DCF793,1
CC_EF97EB80153D,0
CC_EF9D9EFA12ED,0
CC_EF9E4D8577F9,2
CC_EFA516B42608,2
CC_EFAB4AF06AFE,4
CC_EFB57D1499BB,0
CC_EFB880EDA169,3
CC_EFB93AA9796D,4
CC_EFBE0F8BA5E7,3
CC_EFC22C7E3C02,1
CC_EFC308099CDC,2
CC_EFC464849CE2,1
CC_EFC48B85AC6B,4
CC_EFC7FB7AC4D5,4
CC_EFCC52DB6CDD,1
CC_EFCE34FDAEE5,0
CC_EFCE548BB532,3
CC_EFD2130B746A,2
CC_EFD3DE750A0A,1
CC_EFD57744EC7F,3
CC_EFD5C10A0F08,2
CC_EFDAE1EFB7F7,4
CC_EFDBC1AA5B8E,2
CC_EFDC44D002D6,0
CC_EFE087A2CB70,3
CC_EFE257EF20D7,1
CC_EFE2E51E3797,4
CC_EFE4A8E34A4C,3
CC_EFEAC2F8277E,1
CC_EFEFC956D905,3
CC_EFF2A9FCCFCB,2
CC_EFF7E405498C,1
CC_EFFC3DEC541F,1
CC_EFFC53FBC4A1,2
CC_EFFDBD7FB8A1,4
CC_EFFECA7C0BFD,0
CC_F00121415C83,0
CC_F00212B43D33,4
CC_F002B98419E6,1
CC_F005196CFBA4,0
CC_F0068CF9801E,2
CC_F008A5CA09B9,3
CC_F01192CAF0E0,0
CC_F01504D76328,1
CC_F01591560A02,4
CC_F01A958E3E91,4
CC_F01B6EC922C7,2
CC_F01B8939BCFA,2
CC_F01D7E8264D1,4
CC_F01E9004A196,4
CC_F01F627EF23E,4
CC_F0224999F146,2
CC_F0224E66C3EA,3
CC_F02475E95762,4
CC_F024A411DD18,1
CC_F025DD2B2145,0
CC_F027115AE758,3
CC_F02949DFDDB4,1
CC_F02C105EC7EC,3
CC_F031DF1017F4,0
CC_F03229E0EB18,3
CC_F032CD494CA6,3
CC_F03540DA339A,4
CC_F03557288154,0
CC_F038466F0F7E,3
CC_F038E2B33323,4
CC_F03E920DEAE2,4
CC_F03FF44BF7BC,1
CC_F044EDA4E2EB,4
CC_F04638DDCC44,2
CC_F048EB35197C,4
CC_F04D4204A9B1,3
CC_F04DA3F95FB9,2
CC_F053CBC1A7B7,0
CC_F0580F774791,3
CC_F05873B3DAC3,3
CC_F0598C24DC1B,3
CC_F059CE6ADD3D,3
CC_F05BED120C50,2
CC_F063DD982324,2
CC_F064862A8699,2
CC_F064EF8099E6,1
CC_F0717602DA13,1
CC_F071960D0446,0
CC_F071B8BD7754,3
CC_F07355B27180,4
CC_F0742E912901,2
CC_F07503347B5B,2
CC_F07656D893AF,3
CC_F077FF269F20,1
CC_F07886655001,2
CC_F07BB6FA77A7,0
CC_F07DD9F7684C,4
CC_F07E912FCD12,0
CC_F07F365A516D,0
CC_F0825952AA75,4
CC_F0848699A936,0
CC_F0852F39E666,3
CC_F08535932C23,3
CC_F086D21788A6,4
CC_F087E706B69A,2
CC_F08B6F00055F,1
CC_F08E52D4CE57,3
CC_F08ECF60FF95,4
CC_F090C29D83E7,4
CC_F093C4E63614,4
CC_F0944BEF615C,4
CC_F097285DCBB2,1
CC_F098969753D1,3
CC_F098E444ADFF,3
CC_F09BD1A86972,4
CC_F09C18D5213A,4
CC_F09E6B006B39,3
CC_F09EFF3E864E,1
CC_F0A174B66C59,0
CC_F0A37249FC3D,2
CC_F0A6407599D0,1
CC_F0A89DD5B693,4
CC_F0A90C69BF97,1
CC_F0A97D71F422,2
CC_F0AA46C1AAB1,1
CC_F0AF0C640143,2
CC_F0AF1F806F1E,4
CC_F0B2DCEB407B,3
CC_F0B2E781B398,0
CC_F0B4DDB2CB1E,2
CC_F0B506A10506,3
CC_F0B6DCDA050C,2
CC_F0B820FEF1F8,1
CC_F0BAA550C57D,1
CC_F0BC9438DEE5,3
CC_F0BE6E29798E,4
CC_F0BEA2B24A62,3
CC_F0BFD800091E,0
CC_F0C3BA8BAA9A,4
CC_F0C4EFEB70CD,4
CC_F0CBF8589340,0
CC_F0D1CE9C0D86,2
CC_F0D242CB0665,2
CC_F0D5A167078C,0
CC_F0D5B97987AC,1
CC_F0DA10F4F5F0,4
CC_F0DFF5A56B81,1
CC_F0E34E485A9A,1
CC_F0F0067686A6,4
CC_F0F239532433,0
CC_F0F9398E9E72,1
CC_F0F980496A42,0
CC_F0FF4F02A7A1,2
CC_F100E3F2E74F,2
CC_F103C98F4F79,0
CC_F1043549D5F9,0
CC_F107DFD57C55,4
CC_F108BB9E8232,1
CC_F10F392E2C46,0
CC_F111A9EEF85F,2
CC_F1136887B346,3
CC_F11414589B94,4
CC_F1148ED1D3B4,2
CC_F1181DE8132B,3
CC_F11AFF99461A,3
CC_F123A4170C6D,3
CC_F123BB19DC6D,1
CC_F125713B2232,2
CC_F1289F79C8AB,4
CC_F12964D84B82,0
CC_F12B2AE8E25F,1
CC_F12D366FB382,1
CC_F130BEFBDF2F,3
CC_F130E39084F9,4
CC_F1329C651393,1
CC_F136CCFEADAF,3
CC_F137564BFCB3,0
CC_F13AFA5B577E,2
CC_F13CE7C6FA72,1
CC_F13DA6490C0D,4
CC_F1420D7B2785,2
CC_F14E928CE2A2,4
CC_F1502B631457,1
CC_F153A43730CE,4
CC_F1563F545ABA,3
CC_F156A55927C6,3
CC_F15C5AAF89C4,1
CC_F15EE866C042,2
CC_F1602D59040A,2
CC_F168940F3DF9,0
CC_F1699E6FA160,4
CC_F16C94351E01,4
CC_F16D6DF0964F,0
CC_F16DB505CDD9,4
CC_F16FF2565D40,4
CC_F1728D9FBA32,0
CC_F17356647B15,0
CC_F174CD062E07,1
CC_F17762E38971,3
CC_F17C793DBD17,1
CC_F17CB99562C3,4
CC_F184FB7B3159,1
CC_F18DB774E4F2,4
CC_F18E1B98C133,0
CC_F18E4A262409,1
CC_F18F38BB9224,0
CC_F1908FC01A80,1
CC_F19257886E20,4
CC_F193FAF607A4,2
CC_F195ED8AB75D,3
CC_F196544CF99E,2
CC_F19D51DB234D,2
CC_F19D804963F7,0
CC_F1A12A724B55,4
CC_F1A5FD1E90A9,0
CC_F1A9055F2D15,4
CC_F1A9474D7191,4
CC_F1AAB7E7C1B6,4
CC_F1ACBC7B0225,4
CC_F1AEBA6B17DD,4
CC_F1B3B594360A,0
CC_F1B40F8C9674,3
CC_F1B47BF48C1F,1
CC_F1B53661973F,3
CC_F1B5ABCE840F,2
CC_F1B68B98D5FD,3
CC_F1B68E399DF3,2
CC_F1BD3E53C52C,4
CC_F1BED7C6D854,4
CC_F1C567222616,4
CC_F1C6748BE3B5,0
CC_F1CA2918ABC6,0
CC_F1CADB3B6F77,1
CC_F1CBA5DAE755,1
CC_F1CCDF1385EA,1
CC_F1D17EB5C2D0,0
CC_F1D25F99725D,2
CC_F1D28BF651B6,3
CC_F1D2A949F154,2
CC_F1D49596FF97,1
CC_F1D968B41468,4
CC_F1DC1A019D7A,0
CC_F1E096081C2B,2
CC_F1E4AC889C75,2
CC_F1E7737074A3,0
CC_F1E7BE57AB11,1
CC_F1EB0B3A300F,4
CC_F1ECBF05B902,2
CC_F1F1C2C9792C,1
CC_F1F54B087468,1
CC_F1F681D2AC76,1
CC_F1F85F206AB5,2
CC_F1F8F9D1D48D,1
CC_F1FB4050851B,2
CC_F205C66E7B96,2
CC_F206D95E0364,1
CC_F2097FD4ABE8,2
CC_F20DFCCCC743,4
CC_F20E82AB322F,3
CC_F20FDF9AD50C,3
CC_F2133C080609,0
CC_F2136E2AE569,3
CC_F2155BA9A37D,1
CC_F21B86862F7F,2
CC_F21C91CB7601,2
CC_F21FF9A07F2F,2
CC_F222B6F139A9,1
CC_F22392C764CD,4
CC_F2280BFD4026,2
CC_F228D4293785,3
CC_F22ACC0B0994,0
CC_F22CF4614943,0
CC_F22D44B6050C,4
CC_F23B33354AA5,0
CC_F23D6D61770E,0
CC_F2429920A80A,4
CC_F2443F5D2F9B,0
CC_F2455168E50B,0
CC_F2460A021469,4
CC_F246E3533F40,3
CC_F248FE586573,2
CC_F24901DAF60E,0
CC_F24A993BD366,3
CC_F2555B05221D,3
CC_F255720E7BBA,3
CC_F257BDCC0C4C,4
CC_F258BFBF5D4A,1
CC_F25A224A1304,4
CC_F25D5BF6E1DC,2
CC_F25DF2DF521A,3
CC_F25F9C7AEFB7,2
CC_F2658FEB5443,0
CC_F265D45E9F86,4
CC_F265E3D87C2B,2
CC_F2679FF037DF,3
CC_F26BC4969ED1,3
CC_F26CA761F6EF,4
CC_F26D1BFB46A0,3
CC_F26E81CF67E0,4
CC_F26F973EC52F,1
CC_F27100B5A20E,0
CC_F271177F9688,1
CC_F27282A36DD4,3
CC_F273CEC05F25,3
CC_F274F50ABCCD,4
CC_F278675EC100,3
CC_F27A092E7E2D,2
CC_F27CECB7567A,2
CC_F27F168BFF13,2
CC_F28A17DFB9C3,1
CC_F28ABB34057D,1
CC_F28AC6446F94,4
CC_F28D1AC62260,1
CC_F28E4D9A28AA,2
CC_F29090CF8FF2,4
CC_F291FCF60DB8,4
CC_F297D7BF2FAB,2
CC_F29A84E4823A,4
CC_F2A1D94D0996,0
CC_F2A3F2A3BE54,1
CC_F2A583F5AA68,4
CC_F2AC86180A59,0
CC_F2B0F1CB7E83,3
CC_F2B6734A4F1B,0
CC_F2BB21A879CB,4
CC_F2BC7AA5ACF6,3
CC_F2BD5C04AE65,3
CC_F2C1E6D623C9,2
CC_F2C95C927F6E,2
CC_F2CA8EDE6A68,2
CC_F2CC422CB271,1
CC_F2CE3AF4CC30,3
CC_F2CFF8EC8FC1,2
CC_F2D1AEB816C0,2
CC_F2D296D157A5,1
CC_F2D2E4BAF62C,0
CC_F2D33B5202E1,4
CC_F2D505358E4D,3
CC_F2DD0DA05CED,3
CC_F2DD8EAFA0C4,0
CC_F2DDF7E7CF7E,3
CC_F2E45102E18F,2
CC_F2E6D6E5BD58,0
CC_F2E8AA3DFA25,0
CC_F2EB542EF2DE,3
CC_F2ECC4893AB1,4
CC_F2EE029A1334,4
CC_F2F743F15540,3
CC_F2FCBF57D54A,2
CC_F2FDB39FD5E9,4
CC_F2FE454D5B6C,0
CC_F2FED154EEDC,1
CC_F3002BD71AE5,0
CC_F30225F6E051,2
CC_F302E01152E8,0
CC_F3043666B0CC,4
CC_F306F4765C7A,3
CC_F309E3004616,0
CC_F30B52ABB80D,4
CC_F30E6440B169,1
CC_F31626E8FD43,0
CC_F3170EB08148,4
CC_F318CF68356A,1
CC_F31A25F0DC30,2
CC_F31E73E9EECF,1
CC_F320632851E0,3
CC_F320CCF9676B,1
CC_F3230DD2B006,1
CC_F32B8BCC3B73,1
CC_F32C05757B6B,2
CC_F32DAA63F75B,3
CC_F32EE5E63CE0,4
CC_F32F942B2709,0
CC_F333288D9FBD,3
CC_F3376CD9AD32,4
CC_F33A5700002E,4
CC_F33E1FC06D8E,1
CC_F340FF356811,2
CC_F3417A14035B,3
CC_F341954F9855,2
CC_F341E12BA14D,0
CC_F342B8B0EA70,0
CC_F346DAC39A3E,4
CC_F34A0E69CCC6,3
CC_F34A39AAA63D,1
CC_F34A8C8E3DB6,0
CC_F351F4283846,4
CC_F3524E458D33,0
CC_F3533C7D3715,2
CC_F3567C538578,2
CC_F361C628FDCC,3
CC_F36F37D538BD,2
CC_F371C87BF909,2
CC_F3763253BC89,2
CC_F381ECE54D5F,4
CC_F383879C56FE,4
CC_F38403DDEE30,4
CC_F384C49FBD2C,3
CC_F39079291E4F,3
CC_F39485FC53FC,0
CC_F394A2A50053,1
CC_F397E199AB54,0
CC_F399F02036EF,2
CC_F39A263EE1BF,3
CC_F39B22FAEAAB,3
CC_F3A059EC2309,1
CC_F3A25B3186CC,1
CC_F3A25D7E0878,1
CC_F3A67CDF27CE,3
CC_F3AC394C5300,1
CC_F3AF935D8C01,1
CC_F3AFA8FC93AE,3
CC_F3B22C31382C,4
CC_F3B47152B00F,4
CC_F3BC8E519431,3
CC_F3BF8EE921DD,4
CC_F3C029F1F345,2
CC_F3C45D47E372,3
CC_F3C7F2893619,0
CC_F3C8D1481862,3
CC_F3CD14BA890C,4
CC_F3CE9E47C80C,2
CC_F3CF4DBB008E,2
CC_F3CF9A62675E,3
CC_F3D2BA0EEE6B,3
CC_F3D3C1EE4A30,2
CC_F3D422C870C3,1
CC_F3D5FDE6F00A,3
CC_F3DB0DAEE97A,2
CC_F3DC4BBBD418,1
CC_F3E726DD1CA8,0
CC_F3EA4118A40D,3
CC_F3F023F94C82,1
CC_F3F88E4949B1,3
CC_F3FD29CE30B6,4
CC_F3FDBBB70286,4
CC_F3FDF87582D0,2
CC_F40457DA1529,3
CC_F404C85EED0A,3
CC_F406F145871F,2
CC_F40749CA5C15,4
CC_F4075EEEDA2E,0
CC_F40BCB3AFAC6,4
CC_F41832D9C0E9,3
CC_F418C79A09E4,1
CC_F41A42DC52FE,2
CC_F41D12A9EF9F,0
CC_F42246A9D47C,2
CC_F42671222BE3,2
CC_F42B0FBDCDF2,2
CC_F430C7EB5678,2
CC_F432336B68BB,0
CC_F433FDB0D60C,2
CC_F43664462DC9,2
CC_F4375474A41E,0
CC_F44356B9A2BC,3
CC_F447A8D67984,2
CC_F4491F242AD1,4
CC_F44A19E54573,1
CC_F44BF365B78B,3
CC_F44C6D96E756,0
CC_F45018EAC26A,0
CC_F450D5403E2D,1
CC_F451F4C3EB57,1
CC_F457B0F30080,3
CC_F4581F86823B,1
CC_F4598285F6FE,4
CC_F4598BD7C459,2
CC_F45A16CB0785,1
CC_F45B0879E7AA,0
CC_F45B48BF7AAB,0
CC_F45DFFBA6675,1
CC_F4631BA1FFEC,0
CC_F46A355991F1,3
CC_F46F99736E46,4
CC_F471FF623B87,1
CC_F47372B5A0E1,3
CC_F47432438411,4
CC_F4751B466436,4
CC_F479AA17E0E2,3
CC_F479D213BD47,4
CC_F47A2BDA106E,4
CC_F47CA2FECF36,3
CC_F47F87B773D9,4
CC_F480A3797F14,2
CC_F48104FB6562,2
CC_F48677E0DACB,2
CC_F48E0985510D,1
CC_F49750F79B53,4
CC_F4985439A092,4
CC_F498A81CCB08,1
CC_F4A29B1F93A4,3
CC_F4A6773365B1,4
CC_F4A80E78D005,3
CC_F4AC2FDB16BA,0
CC_F4B1B247103C,1
CC_F4B5C696B4FB,4
CC_F4BD2F89D667,0
CC_F4BE602AC329,0
CC_F4BF3F3A2CDC,4
CC_F4C03CB79174,2
CC_F4C51E07FD3B,3
CC_F4C662E01454,4
CC_F4C7498C67C6,3
CC_F4C79661EE2C,2
CC_F4CF4B82F463,3
CC_F4D18D918517,3
CC_F4D482119A70,2
CC_F4D49727D091,3
CC_F4D7BDBD77AD,4
CC_F4DB6135D118,3
CC_F4DF72757CF8,4
CC_F4E48F88FABC,1
CC_F4E52381E3A2,2
CC_F4E78743AFD9,4
CC_F4EA23AE3CDE,2
CC_F4EABE9E9A75,0
CC_F4F03572B457,4
CC_F4F45AB04AB8,1
CC_F4F689245C6A,3
CC_F4FE1A798D39,1
CC_F501C6A93D4D,0
CC_F50284B2304E,2
CC_F503D39880A8,1
CC_F50CC8EDCC82,4
CC_F5108F45CE03,4
CC_F51278E29768,1
CC_F5131D420FCC,4
CC_F5145F9A5E41,2
CC_F51D37205C90,4
CC_F523194EA1F7,1
CC_F526BEB5F93B,2
CC_F52BD50B632F,3
CC_F531DE2CF7EE,0
CC_F534C514E954,3
CC_F53E189C01C9,1
CC_F54211EFEDF5,3
CC_F5451A0A8513,3
CC_F545F57CE1F4,1
CC_F548ED4164A6,0
CC_F55172B357E8,0
CC_F552A3B8FCDA,2
CC_F552FC3EACF5,4
CC_F55615FC6ABF,4
CC_F558A40AC73B,2
CC_F5597B02D919,0
CC_F559B6C6A263,1
CC_F55C154FC307,2
CC_F55D9F5EA5AC,1
CC_F56035C46960,4
CC_F560B14EDD0B,2
CC_F560B2B2BDD0,1
CC_F566142B66F5,2
CC_F5695C992830,2
CC_F5734E41D4BF,4
CC_F579EA981AA4,0
CC_F57D3110D580,1
CC_F57D877B6299,0
CC_F57F75A4935A,2
CC_F58377ED7337,1
CC_F586585E530D,3
CC_F58CEDF54E4F,0
CC_F58D22BD9A8C,1
CC_F58D7B909954,3
CC_F58DC140871A,0
CC_F58F47730145,3
CC_F59128793CE4,1
CC_F59254728A99,4
CC_F59398F5BF6A,4
CC_F59A01FC3713,2
CC_F59D2FC5C99D,1
CC_F59EAEDE1054,0
CC_F59F30FDDB27,2
CC_F5A1BDEEF186,4
CC_F5A33037392D,4
CC_F5ACC62A98EA,2
CC_F5AD570CF8CB,2
CC_F5ADEBDFE67B,1
CC_F5B011A8618E,4
CC_F5B36EB7F2D5,2
CC_F5B5FF54F84F,3
CC_F5B97B7787DC,2
CC_F5BA90063BB9,3
CC_F5C6EAE32824,3
CC_F5C6F4EBF470,3
CC_F5CA127023A2,1
CC_F5CB98057659,2
CC_F5D06824A148,4
CC_F5D0E91F7F82,3
CC_F5D1CD23F53D,3
CC_F5D2E47D3F40,0
CC_F5D3CD54313E,3
CC_F5D5D8278A46,1
CC_F5D5E3162C52,3
CC_F5D63C221897,1
CC_F5D94AE91777,1
CC_F5D9C3E5FCCC,3
CC_F5DB2E49F057,2
CC_F5E1E55DB43B,3
CC_F5E8535DECCC,3
CC_F5EA0ACB8BEC,0
CC_F5EB6030BF91,4
CC_F5F2724EEE96,3
CC_F5F6B3773549,4
CC_F5F9E37D4FFB,3
CC_F5FCF245BEE9,4
CC_F60433B2B286,1
CC_F60A4914143B,1
CC_F60C6C46199F,0
CC_F60CC08C6E87,4
CC_F6100F165F0F,2
CC_F61AB5DEDCF5,1
CC_F61F3DA59328,2
CC_F621C4DF6B2B,1
CC_F622072836CA,1
CC_F6222CC1DF5D,1
CC_F62298098EB1,4
CC_F62448D781EA,4
CC_F6270AF942F9,2
CC_F62748561A8A,2
CC_F627BEED6F1A,4
CC_F628FEE82CFB,1
CC_F62C55B9E4D3,4
CC_F63240DF2195,0
CC_F632E0DD954B,2
CC_F63BA14056F7,1
CC_F63C8B2BFEFE,4
CC_F63DAF570F1A,3
CC_F63DC4445192,4
CC_F63E6BE04183,1
CC_F63F5BB4EC72,4
CC_F6409EFF796E,1
CC_F641608C703C,4
CC_F6421A10C936,4
CC_F6427E23F97C,1
CC_F6451CECC1AF,4
CC_F645C60A1B13,2
CC_F6494A25DC92,4
CC_F64972182028,4
CC_F64A001812EE,1
CC_F64BE498059A,4
CC_F64CEC6DB1BD,2
CC_F64FC11F68F5,3
CC_F65433B2DF33,0
CC_F654DF2ACA67,0
CC_F65AD5DF8486,0
CC_F65F5EC2648A,4
CC_F6622928C861,1
CC_F6638E8BE14C,2
CC_F66A7FB8294D,0
CC_F66B0D5D33B0,0
CC_F66D4193F947,2
CC_F67072EA036F,2
CC_F6734B2BF846,3
CC_F678E0AF7480,4
CC_F67B6C85594A,4
CC_F67B99617E0F,4
CC_F67CA099A07C,4
CC_F67EAA8DB604,2
CC_F67F4BC2BC80,4
CC_F682F12F08DD,3
CC_F68EBAB45F84,4
CC_F69ACDF0BF59,4
CC_F69C57031A8B,0
CC_F6A1077E651B,3
CC_F6A13446882B,3
CC_F6A53C7494E9,0
CC_F6A66476DA81,2
CC_F6AEE34A6286,4
CC_F6B4991CB99C,4
CC_F6B64FBF2D6B,0
CC_F6B663401126,0
CC_F6B9CE83EB98,3
CC_F6BB5D272F93,1
CC_F6BBA7AD4FB0,0
CC_F6BBE5962972,3
CC_F6BE8C24721F,1
CC_F6C25DCD0380,4
CC_F6C424087C73,1
CC_F6C53D1BAAE4,4
CC_F6C5AA39EE2B,4
CC_F6C6D0699D3C,1
CC_F6C7B020AD44,2
CC_F6C7DF32135E,0
CC_F6CC9D4FE59B,4
CC_F6CEF5529D2C,2
CC_F6CF1352D8F8,0
CC_F6D004840630,4
CC_F6D3CD509C20,2
CC_F6D49BA682B6,1
CC_F6D7DFA3642F,4
CC_F6DA929C669D,0
CC_F6E0B7F9E155,2
CC_F6E2DF4BA561,4
CC_F6E589CC1A3D,0
CC_F6E690C75C95,4
CC_F6E8D1F4A932,4
CC_F6E96837B74C,0
CC_F6EC1BEAB6AD,2
CC_F6ECC830ED5E,2
CC_F6EF66DF455D,1
CC_F6F2A479FA31,0
CC_F6F4AE1396CB,1
CC_F6F876A0E0F8,4
CC_F700C46F9CAE,3
CC_F703E5052D2C,3
CC_F70EC2E7BEF7,3
CC_F70F50C316D5,1
CC_F7116434A0E0,2
CC_F71328FE8228,0
CC_F714D50B3EFF,3
CC_F715002B1651,3
CC_F715FB7FE72D,3
CC_F71813653495,3
CC_F726491096AC,1
CC_F7274DA1113B,1
CC_F729647BDF24,1
CC_F730B450DD0A,2
CC_F731A0361498,1
CC_F7366CA6A0F2,3
CC_F736FC094982,3
CC_F73777432443,4
CC_F73D0DE13A60,1
CC_F73DAEAEF28C,4
CC_F73F87705A2E,2
CC_F74103054AD5,1
CC_F74407D93115,0
CC_F7448896BA63,0
CC_F7468D34F4D8,3
CC_F7546010F01A,3
CC_F75499AF26BC,1
CC_F756C13A6AE1,1
CC_F757D8BD788D,2
CC_F75B13FBD9BA,3
CC_F75CA4CCFB05,1
CC_F7639C52EED2,2
CC_F7648C2B28F3,1
CC_F765ADB0EB29,2
CC_F766E347C3A5,0
CC_F767D37961E1,4
CC_F76B0C9C817E,4
CC_F76BB562BED4,0
CC_F770222FEA18,2
CC_F772F2B30736,0
CC_F77319C5417A,1
CC_F7739AD04B4E,2
CC_F773F1FEBF43,1
CC_F77532FB553D,2
CC_F77A0D18EB0D,0
CC_F77F35199AC1,2
CC_F78036249EA1,1
CC_F780F9B5DC91,3
CC_F7811743B594,1
CC_F789349798CB,1
CC_F7909532FCD3,4
CC_F793A59F8534,0
CC_F793B38ACAE2,2
CC_F794D08E2643,4
CC_F796392A7562,0
CC_F79850403C30,0
CC_F7988358F940,4
CC_F79A09B10F6B,2
CC_F79CDD28CBA8,4
CC_F79DD3F410A4,4
CC_F79EB5F121F1,4
CC_F7A0F4610902,4
CC_F7A20820A63C,3
CC_F7A219CDFE8D,3
CC_F7A5782FC2B3,4
CC_F7AB852E9674,3
CC_F7ABF02F59EC,1
CC_F7B088BDE5FA,2
CC_F7B0A3CD694C,1
CC_F7B40F88EE53,0
CC_F7B4A4075178,2
CC_F7B59DD073C6,2
CC_F7B9D8E0EB81,4
CC_F7BD8F91EB59,1
CC_F7BDDA70526F,0
CC_F7C134EAEAD8,3
CC_F7C4EB38C238,4
CC_F7C5333856CA,0
CC_F7C629F4E8D1,1
CC_F7C8A86C48C9,1
CC_F7CF1BC341B4,2
CC_F7D36BDBF81A,3
CC_F7D46B97D91D,0
CC_F7D76F987586,1
CC_F7D84A5C2D14,4
CC_F7DAFE861FD9,1
CC_F7E61DF9CB59,2
CC_F7E6DB41145B,3
CC_F7EACD529D7D,0
CC_F7F13B7D3B60,1
CC_F7F3D5C8FEB9,3
CC_F7F44CDB5963,1
CC_F7F5C5F7C12B,2
CC_F7FD06A8501A,4
CC_F8020B5287AA,2
CC_F80357E1BBF1,4
CC_F805D99359A8,0
CC_F80ABD2E670C,0
CC_F80B0600632F,4
CC_F80CDAD91DF9,2
CC_F80F4A72535A,3
CC_F8108E923454,0
CC_F81382B808CE,3
CC_F81956DC9737,0
CC_F81B6634988D,4
CC_F81E26974772,2
CC_F81E6DE5732E,0
CC_F81F9411962B,1
CC_F820606CC422,4
CC_F823B852B9A5,0
CC_F823C9E8D563,2
CC_F8245352D2E9,2
CC_F82652A9AAD0,1
CC_F8268889AA39,1
CC_F82691F0DEE8,2
CC_F82B87B46F8C,1
CC_F832971A4715,0
CC_F836CBAF7ADA,2
CC_F837B048CC3C,2
CC_F83E7A3CEC1C,2
CC_F842328B6012,3
CC_F844D730FD87,1
CC_F846E4C6DB8C,2
CC_F84855FBC8A1,2
CC_F850163DF606,4
CC_F8501C1DD7A8,3
CC_F8565EB95F01,4
CC_F8585285EC22,3
CC_F85885743E31,4
CC_F860E3546293,1
CC_F8661CC2F776,2
CC_F8679B7225C9,2
CC_F86F6CB40A7C,4
CC_F87006FDEC31,3
CC_F87148990936,3
CC_F872EDB2A023,3
CC_F873C1BCC217,2
CC_F876B18BD1F2,1
CC_F8792D34E4F8,1
CC_F87DCF18E3AC,0
CC_F87DF3C9F121,4
CC_F87E703A8D58,1
CC_F880E8F65E3A,0
CC_F885E5032235,4
CC_F886CC8F8D4C,0
CC_F8884DC00927,3
CC_F889F7B5B8C8,3
CC_F88B127FDC02,4
CC_F890B09FE8CA,1
CC_F8918AB16EC9,4
CC_F899B5A120C9,4
CC_F8A0FB88C202,0
CC_F8A6A691165D,3
CC_F8ACC47C7359,3
CC_F8B0A8BA8297,1
CC_F8B1FA6C317A,2
CC_F8B3DBD45C73,3
CC_F8B560B78278,0
CC_F8B7A68D10AB,2
CC_F8B829C22402,4
CC_F8B8F3626687,0
CC_F8B98F1F0D1B,0
CC_F8BB438FFCCD,3
CC_F8BB6BE899D5,4
CC_F8BDAFAEA76F,3
CC_F8BF4B981E80,0
CC_F8C076754B94,0
CC_F8C0C8B6D61D,1
CC_F8C4F3798BBD,0
CC_F8C86BD5D5B7,1
CC_F8CB10FF8C14,4
CC_F8CDE04312A4,1
CC_F8CE9AF3B65B,3
CC_F8D964558443,0
CC_F8DAD74106E4,3
CC_F8DCB0559F1E,0
CC_F8DEDE53874B,3
CC_F8E04577EB92,1
CC_F8E1AF9C8D6B,4
CC_F8E1DC6DC229,4
CC_F8E3AD927A75,0
CC_F8E3CFEA87D2,4
CC_F8E8CFFDBBD8,2
CC_F8E9A18EB1BC,0
CC_F8ECB2B11893,2
CC_F8ED86055743,1
CC_F8F6498DE1FF,2
CC_F8F7242BE8D6,0
CC_F8F77D9865BF,4
CC_F8FCDE833571,0
CC_F9014AAA4EB6,3
CC_F9025BFCE0ED,2
CC_F902A27CE585,3
CC_F90680B62868,2
CC_F90753BC3181,0
CC_F90CD2C878A3,2
CC_F90DEF5C532B,1
CC_F919EB348F05,1
CC_F91CA16642BF,4
CC_F91FDDE6F783,2
CC_F92471F9048D,2
CC_F9273955A985,0
CC_F9282F152F2E,2
CC_F92B83B47EFC,0
CC_F931F91A0D29,0
CC_F9326647E2CD,1
CC_F937B09FE9FC,0
CC_F93943E60DF3,0
CC_F93BADFA0ABA,3
CC_F93FC133E85A,4
CC_F9400A676E1F,1
CC_F946BA2A6427,2
CC_F949B0A7CDC0,3
CC_F94AC93A0971,0
CC_F94D8DA598B1,0
CC_F94DC5B10367,3
CC_F953C1498507,4
CC_F9590CB6B113,0
CC_F9625DFF8388,2
CC_F9638F39BEC2,2
CC_F9643C6C4546,4
CC_F9664535E946,4
CC_F968DFD0E601,0
CC_F969BB70E7D3,1
CC_F96B9FD70EC6,4
CC_F96CB86375B6,2
CC_F96E884B297F,1
CC_F970DBFA2D2E,3
CC_F97109522C2A,0
CC_F97434350757,4
CC_F9765A96963B,0
CC_F97D466A6E6A,0
CC_F98A1C8CDD45,4
CC_F98A1DA65A8E,1
CC_F98B955C0AA2,3
CC_F98EC6895B64,3
CC_F990239E7026,1
CC_F99C67851956,4
CC_F9A19AF021AE,2
CC_F9A389D3325D,2
CC_F9A3BA84B031,4
CC_F9A441AA5500,1
CC_F9A5175B4454,0
CC_F9A5C5ECD125,2
CC_F9ABA65711C2,2
CC_F9ADBFD631ED,3
CC_F9B0EC622F97,2
CC_F9B4CCF68853,1
CC_F9B6DCB9A836,4
CC_F9B897921B68,3
CC_F9BE72E62B64,2
CC_F9C1756D2E76,4
CC_F9C3641FB171,3
CC_F9C38849208F,3
CC_F9C527ED2152,1
CC_F9CC85284D25,0
CC_F9CEFD1528D8,2
CC_F9CF68E17EA6,1
CC_F9D152FAF3B8,2
CC_F9D2C23716FE,0
CC_F9D35124F558,0
CC_F9DD369305F0,1
CC_F9E294E53378,1
CC_F9E4712F0715,1
CC_F9E485AE489A,0
CC_F9E78388BFB7,4
CC_F9E7D1678D19,0
CC_F9E9061D67AC,0
CC_F9E97D1374B7,3
CC_F9F0412A471B,2
CC_F9F5094F8E23,2
CC_F9F6CB78DEC5,3
CC_F9F73F6ED3B0,4
CC_F9F8E9BC47C4,2
CC_F9F8FF3ED3DB,3
CC_F9FF1BA04E76,1
CC_F9FFAC86788C,4
CC_FA01385FDEDB,3
CC_FA05AAAC1E14,2
CC_FA08000ADCFE,2
CC_FA0BF0783FD0,1
CC_FA105AB567E0,4
CC_FA105F7B3C33,2
CC_FA12258DFF68,0
CC_FA1291DCAB53,3
CC_FA1340719EDE,2
CC_FA14BE472FE0,4
CC_FA14C07D33E7,2
CC_FA15645416C8,4
CC_FA19AE8F95FE,2
CC_FA1C60D73060,0
CC_FA22CCE617A3,0
CC_FA22FAA12201,2
CC_FA247FD6BE5A,3
CC_FA27643430B8,1
CC_FA29082510C5,1
CC_FA29D90B8B3D,2
CC_FA2A4975A4B9,4
CC_FA2AD2B08B5C,0
CC_FA30D584BD29,1
CC_FA311F31F3B5,1
CC_FA37808613AF,2
CC_FA395FBB9065,0
CC_FA3A0584B438,4
CC_FA3BFDACC799,2
CC_FA3F97D21DA7,4
CC_FA40CD4954E4,4
CC_FA41178480EE,2
CC_FA44A2280E33,3
CC_FA49A346F364,0
CC_FA4BA7C4BB06,1
CC_FA4CC4CA34E6,3
CC_FA4D49BED672,0
CC_FA5030F692B2,3
CC_FA52CC39C4CC,4
CC_FA55CC52F5C3,2
CC_FA5894738149,3
CC_FA59C38A52BA,2
CC_FA5AF22665C1,1
CC_FA5BC315D9F6,4
CC_FA5BE519ACAB,1
CC_FA65F8926E3E,4
CC_FA6607A89B4D,1
CC_FA6A02ADDD50,0
CC_FA6F18EF02CC,2
CC_FA759297E796,2
CC_FA772628F447,3
CC_FA77CBEBB775,1
CC_FA7C12A11BE7,4
CC_FA7E310C633F,2
CC_FA80CB6C6A6B,0
CC_FA8471724C0C,1
CC_FA8CE85634D0,0
CC_FA8CF00C10B9,3
CC_FA903F26D666,1
CC_FA9064AE4DCB,2
CC_FA96049284C9,0
CC_FA9A93FA76F8,3
CC_FA9BF45DD54D,2
CC_FA9EF0734D6B,3
CC_FA9FAB4D3C35,0
CC_FAA21E1495E4,1
CC_FAA2E40FB370,1
CC_FAA5FAE80898,2
CC_FAAAB9AF0E3D,4
CC_FAB5B8C59F39,2
CC_FAB63CD91C52,3
CC_FAB7FA926C53,2
CC_FAB879351A9A,0
CC_FABBE9E7D901,1
CC_FABCD3C1BB4E,2
CC_FABE18B83E61,3
CC_FABFFF86A6BA,2
CC_FAC3A320FA0E,1
CC_FAC61CBF9476,0
CC_FAC825C895BB,2
CC_FACA11A2F987,3
CC_FACB152D9044,2
CC_FACB1C3886DD,3
CC_FAD23D780455,3
CC_FAD5EE29252C,2
CC_FAD5FCC2152F,0
CC_FADD40BDDA27,2
CC_FADE7956C568,1
CC_FADED0DD1E11,2
CC_FADF80007654,2
CC_FAE187E36050,2
CC_FAE46B495FD6,4
CC_FAE63095194B,3
CC_FAE7244F9071,2
CC_FAE993C38F81,4
CC_FAEDBC5CA858,1
CC_FAEE002BC69A,3
CC_FAEFF1F47614,3
CC_FAF11A709DAE,3
CC_FAF34893CC71,0
CC_FAF43F88FC7B,0
CC_FAF4EBAA13D7,0
CC_FAF95D7B8DC5,1
CC_FAFA318075FC,4
CC_FAFFAB5694C1,3
CC_FB00970F296E,0
CC_FB030FD36766,0
CC_FB052ED26F79,2
CC_FB0AA84A4E34,1
CC_FB0C5BA8C8DE,4
CC_FB0D34952EE5,2
CC_FB0DB7D66A54,0
CC_FB11A8EBDE95,0
CC_FB169A2F467B,3
CC_FB1B387AEBD7,0
CC_FB20DF1247CA,0
CC_FB22D9ED8176,3
CC_FB26E4420F9B,1
CC_FB3AFBA45EF9,4
CC_FB3E53D03EEA,0
CC_FB3F48EA1882,1
CC_FB402A2AEB8D,2
CC_FB437B99FE65,0
CC_FB4EC656638C,1
CC_FB51A08AA255,2
CC_FB52EF3A50BD,1
CC_FB56FF3F72C6,1
CC_FB5BE4AE7D60,4
CC_FB5EA8C16A7E,2
CC_FB604F3337EF,2
CC_FB61C5B06CEF,1
CC_FB62671B80B8,1
CC_FB64F4A761DA,2
CC_FB674F9B4FB8,1
CC_FB6FF71A9244,1
CC_FB7D28709496,1
CC_FB7D799D3336,1
CC_FB7D8D39B1AE,0
CC_FB7F8898D335,1
CC_FB8467020D34,0
CC_FB875FBCA950,0
CC_FB8AF7549981,0
CC_FB94F25E5F2A,2
CC_FB952A0CCD97,0
CC_FB973DE64208,2
CC_FB986C868D02,3
CC_FB989101F9FC,2
CC_FB9A171170BA,2
CC_FB9C77E30CEF,4
CC_FB9E3228A33C,2
CC_FB9F5B2918F2,4
CC_FBA1392336AC,0
CC_FBA285A7BBBE,3
CC_FBAB550F6E4E,4
CC_FBABF8A2F99E,0
CC_FBAC24A1F982,1
CC_FBAEBBD86DE4,2
CC_FBB0C13EE739,3
CC_FBB2FF976D5E,2
CC_FBB34481AF88,0
CC_FBB57D3DAD28,1
CC_FBB6F5BA94B9,4
CC_FBB8EA23B5C2,0
CC_FBBBFB93B4D7,4
CC_FBBC0931BE5C,1
CC_FBBC48280EF2,3
CC_FBBE7DE9B5CE,3
CC_FBC38AA11D8B,3
CC_FBC56DC89C4F,1
CC_FBCC26C9611F,3
CC_FBCCEF29A452,1
CC_FBCDA82D87BF,4
CC_FBCDC39731F9,2
CC_FBD09F5D947A,0
CC_FBDCB63B6DAB,1
CC_FBDCC4B892E9,4
CC_FBE5C3BB11E0,3
CC_FBE6687401A0,3
CC_FBE7E183279D,2
CC_FBE8288ED1A4,3
CC_FBE87C06663A,3
CC_FBE90967E833,3
CC_FBE9134C8BF0,2
CC_FBEA90442B69,2
CC_FBEE29902C3C,0
CC_FBF2E3CD9A39,1
CC_FBF2F3B49C45,4
CC_FBF5A622B58E,3
CC_FBF613E10154,3
CC_FBF628BD333F,1
CC_FBF7857B834B,3
CC_FBFFF3CB0E6D,4
CC_FC00B9325CBC,3
CC_FC01E5D5E638,3
CC_FC01E75BF978,2
CC_FC0642295BA0,3
CC_FC095EA68A6A,2
CC_FC0D48586619,4
CC_FC0FCC48E8AF,4
CC_FC163D4B75A5,4
CC_FC16D13DBC24,1
CC_FC1700E21FBA,2
CC_FC18032DF9E6,4
CC_FC1825DB935E,4
CC_FC1923A0ED80,0
CC_FC19315282D6,4
CC_FC1A4DF68219,4
CC_FC1BE23EC36F,0
CC_FC1DA4B4AA90,1
CC_FC212C63EB9C,2
CC_FC2238D156F8,4
CC_FC273DC12A61,0
CC_FC2EAB32DA4C,1
CC_FC339FB1C9E8,4
CC_FC355903A24E,1
CC_FC36EC64B0CF,1
CC_FC3DD928995F,0
CC_FC418623C9A0,3
CC_FC4359A10396,0
CC_FC4966D84A47,3
CC_FC4BD01DC78F,2
CC_FC4E9BB27B99,3
CC_FC50E903A147,4
CC_FC59345896AD,1
CC_FC6280D994E4,0
CC_FC6376BA9862,1
CC_FC6684489A93,0
CC_FC668A8E7C63,3
CC_FC66EE00EFA8,2
CC_FC6ABDE10A14,3
CC_FC6C09B1A5FB,3
CC_FC6F25D4C8F9,3
CC_FC73989A90E4,1
CC_FC7433064A38,2
CC_FC777BBF3C67,1
CC_FC77E5C21D41,1
CC_FC7AD9973C8A,0
CC_FC7C096A1B4A,2
CC_FC7DB9E15294,0
CC_FC7EE61E667D,0
CC_FC7FEBEFB6F0,4
CC_FC820930CE65,2
CC_FC89BEAC50A2,0
CC_FC8C22ADC4E9,0
CC_FC9051A91FE1,3
CC_FC91ED54111E,0
CC_FC96C9C83529,4
CC_FC9CF64D3C48,3
CC_FC9D707E5E06,2
CC_FC9DBED7399E,4
CC_FCA15CD66FA6,1
CC_FCA237218C78,3
CC_FCA563CC43EA,3
CC_FCA6A25F9562,1
CC_FCA8CBFD4679,1
CC_FCABDF97E39B,4
CC_FCB06D4308F3,2
CC_FCB20F898E30,1
CC_FCB421CC36BE,4
CC_FCB48722CDDD,4
CC_FCB4F6F68886,1
CC_FCB5A45751AB,1
CC_FCB90932E975,2
CC_FCBD8F9A67B1,4
CC_FCBF4B7E45BF,2
CC_FCC2ADA78D96,1
CC_FCC2FABE1132,0
CC_FCC3581F19F7,4
CC_FCC52A7A33A1,2
CC_FCC66F3677BD,0
CC_FCC79B12F6CB,4
CC_FCCA7F428843,1
CC_FCCAD468CC94,3
CC_FCCD58499A84,4
CC_FCCDF77A51CF,0
CC_FCCF62CD329E,3
CC_FCD00354AC90,3
CC_FCD270A077E0,3
CC_FCDB643C8412,4
CC_FCE3B7E2700F,3
CC_FCEB1F282329,1
CC_FCECEAEBC7E6,2
CC_FCEDF8CA3F34,1
CC_FCEEFA4E9107,2
CC_FCF2097ED70A,2
CC_FCF475A9F4B2,2
CC_FCF8C294CED6,4
CC_FCFA3BAA3A5F,0
CC_FCFB8F061E69,4
CC_FCFCB5FCBB26,0
CC_FCFFBA3DBC42,0
CC_FD052271E63F,4
CC_FD07037D6B43,0
CC_FD0944F5D569,0
CC_FD0CED6E0D90,4
CC_FD10A3F4F07A,0
CC_FD1351732F6A,2
CC_FD15C7E1F8F5,2
CC_FD1E85070E67,2
CC_FD1FEDC12613,2
CC_FD22E8723F8D,1
CC_FD255388A731,1
CC_FD25D0E745ED,3
CC_FD26E15632A6,2
CC_FD2953E0800D,1
CC_FD2DF2B1C4DA,3
CC_FD2EDA0D07AE,3
CC_FD314480FC65,3
CC_FD333898E65F,0
CC_FD3433A63AA9,1
CC_FD367090DCFA,3
CC_FD389C6160B1,0
CC_FD3C67FA6DD3,2
CC_FD3E49CE80AE,4
CC_FD3EB6479C98,3
CC_FD3F88FD45B5,2
CC_FD41899B422F,2
CC_FD4221D29B6A,2
CC_FD42C93D7BD6,2
CC_FD447545F7DC,0
CC_FD4744AA678A,2
CC_FD488D725DC7,4
CC_FD4C5AE1D3C9,4
CC_FD4F46863AB7,3
CC_FD4FA1258EC8,2
CC_FD50227B9E30,4
CC_FD555226A615,3
CC_FD573BB6367A,0
CC_FD578201EF2D,4
CC_FD5B9032F05F,4
CC_FD62CF38F293,3
CC_FD664D9AE9E9,4
CC_FD6A2B1F34AD,2
CC_FD6ABAE503DB,2
CC_FD6C81931AC7,0
CC_FD6C9411DB86,1
CC_FD6DF051C31F,4
CC_FD700598C0BA,2
CC_FD70807BF3B1,4
CC_FD73B1A026A8,0
CC_FD73B3D56C90,1
CC_FD787BC61337,3
CC_FD7FA5DC8FEB,2
CC_FD80FDAE6FEE,2
CC_FD89E90A10E0,0
CC_FD8A41496761,3
CC_FD8CAF885592,2
CC_FD8F3235BFB5,2
CC_FD9733AE63A8,4
CC_FD9B377690CF,4
CC_FD9CFB4A8AF0,1
CC_FD9D8E50F4E0,0
CC_FDA799AB70DF,0
CC_FDABFE851341,4
CC_FDACB44907DA,4
CC_FDAEC308C5DC,3
CC_FDAECB26BFB2,0
CC_FDB395EE6DDD,0
CC_FDB6749ADE63,1
CC_FDB70BC44CEC,0
CC_FDB9F46C2221,4
CC_FDBE036E098B,1
CC_FDBEC8420B89,4
CC_FDC08309ABE9,4
CC_FDC148354EFE,1
CC_FDCB22C70617,1
CC_FDD360CDF95D,4
CC_FDD79A02E28A,4
CC_FDD9E7F09DDA,4
CC_FDDA01595ED3,1
CC_FDDD647C1FE0,2
CC_FDDDDE5455F5,4
CC_FDE021028BD8,3
CC_FDE0CD146390,3
CC_FDE210A9BCA3,3
CC_FDE72FE6B86E,4
CC_FDE7A72A2145,4
CC_FDE8632A40FB,2
CC_FDE9455E8C0D,4
CC_FDF06DC5BF43,2
CC_FDF0991E8912,0
CC_FDF61BAA26D8,3
CC_FE0031793C30,3
CC_FE01D7D9B6A9,0
CC_FE03B1388596,4
CC_FE0A48B90483,3
CC_FE0AC3EF98FD,4
CC_FE0FD6832676,2
CC_FE13764F9C26,1
CC_FE163739876A,3
CC_FE17DED3CD52,0
CC_FE189C55F164,1
CC_FE21452482C7,4
CC_FE2576431359,3
CC_FE27A4EB7D11,2
CC_FE2866842D4F,1
CC_FE2B71599C1F,1
CC_FE2C96DC5FBB,4
CC_FE3193FEA26F,3
CC_FE33AF742504,3
CC_FE38B1F98C4F,4
CC_FE3976ED66C0,4
CC_FE39BEED5CF5,2
CC_FE3FC8EF4983,0
CC_FE451BCDFFC5,1
CC_FE4B9B199585,0
CC_FE4E4870DC6E,0
CC_FE4FD4C1C0D9,3
CC_FE50315A49C0,0
CC_FE5131C779F3,2
CC_FE54C4D0384F,1
CC_FE588B9B667A,1
CC_FE5ACD44EECD,4
CC_FE5BC4C2D1DA,4
CC_FE67B66297CF,1
CC_FE67C7923DA4,3
CC_FE6903C2A5E3,3
CC_FE696D6B31CC,0
CC_FE6CB6B76AD9,3
CC_FE70BAE67758,2
CC_FE74C5922E5F,1
CC_FE762EE309BF,0
CC_FE76CD1DEC07,0
CC_FE78805B03F0,2
CC_FE79682CF8C2,3
CC_FE7CBC4BD347,4
CC_FE7D9465B93A,3
CC_FE7FA5E131B9,3
CC_FE80A787FDFD,1
CC_FE8701C45028,4
CC_FE8A8B337323,4
CC_FE8B07108311,0
CC_FE8FBB84F5A8,2
CC_FE8FE83C14DB,4
CC_FE9019A1C801,3
CC_FE9030F236D2,3
CC_FE9D6FB53C99,0
CC_FE9DCBDE53CE,1
CC_FEA05A98AF8C,3
CC_FEA383106B2D,4
CC_FEA564B04019,0
CC_FEA6EF74C0BC,1
CC_FEAF73BEF7D6,0
CC_FEB521C3683A,1
CC_FEB52BC018DE,1
CC_FEB5C85BEB6C,4
CC_FEB67C0CA768,1
CC_FEBA3B927C6A,2
CC_FEC0AE6192D4,0
CC_FEC1336C8A25,4
CC_FEC606B5067F,2
CC_FEC8B7D5C49F,4
CC_FEC998CF52A2,4
CC_FECAAC6AB098,0
CC_FECB777603DE,2
CC_FECD2C9F42CD,1
CC_FED102A5E84E,2
CC_FED1E15E0E22,3
CC_FED3E1400D0F,2
CC_FED43B17264A,1
CC_FED4C4709108,4
CC_FED53ADD8D32,2
CC_FED57598FACF,3
CC_FED881B4A673,4
CC_FEE426752E74,2
CC_FEE6325F6282,4
CC_FEEE13772173,1
CC_FEF23FE521CA,2
CC_FEF321584842,4
CC_FEF4D5B60906,4
CC_FEF91802528D,2
CC_FEF9C7E26B47,4
CC_FEFA23955604,1
CC_FEFC6DDCD3D9,4
CC_FEFD242E03A8,3
CC_FEFF05A05F52,0
CC_FF0256787EB1,1
CC_FF0758579608,3
CC_FF09DF998DB2,4
CC_FF121B54F8C7,2
CC_FF12AB681D84,1
CC_FF131ADE507A,0
CC_FF19D3446CF6,4
CC_FF1F8C563939,2
CC_FF1FFCCE10C7,2
CC_FF21216E235A,0
CC_FF264C4065B6,3
CC_FF26577EE6F6,4
CC_FF2885B0F9F5,4
CC_FF29B2D1F5AD,2
CC_FF301B2E333F,4
CC_FF324A4B5CB4,4
CC_FF3570405583,3
CC_FF3958C83A71,3
CC_FF3B0CE20CD3,3
CC_FF3B794B72F8,2
CC_FF40AFA25015,0
CC_FF41DA6895BC,4
CC_FF4791D6E996,1
CC_FF49460A1003,0
CC_FF538598CBAA,1
CC_FF5C2E378773,3
CC_FF5D42F25E2F,4
CC_FF5DDBAF1153,0
CC_FF6185862D21,2
CC_FF6841C9BF75,0
CC_FF6BC4641A91,2
CC_FF6BF221A592,1
CC_FF70EA06E63E,4
CC_FF7159CCD4DE,1
CC_FF738455EF88,3
CC_FF740C18FD33,1
CC_FF75B8C60B63,0
CC_FF77ABCB5316,0
CC_FF785F248CAB,2
CC_FF7A6A55F388,3
CC_FF7BEAD19BA9,3
CC_FF7F54CCD531,0
CC_FF81939E2D65,2
CC_FF84186FF5BF,1
CC_FF84D6615A66,4
CC_FF8AD504A83C,3
CC_FF8B865BEA86,1
CC_FF906284EACF,1
CC_FF96DBBA87D8,2
CC_FF990A1A74F5,4
CC_FF99581F1B44,4
CC_FFA5351823C8,3
CC_FFA60EC3D829,4
CC_FFA79FA2C307,1
CC_FFAA76724832,1
CC_FFAD9433FA89,2
CC_FFB78CBDD6F6,4
CC_FFB87FE0348E,2
CC_FFBB42AD6035,3
CC_FFBE93F5EC14,3
CC_FFC10C050180,1
CC_FFC20FCBBC82,3
CC_FFC53991A2F8,4
CC_FFC8543EDC13,4
CC_FFCD95C3DDE1,2
CC_FFCEB3BF3EC9,3
CC_FFD453AE3223,3
CC_FFDA941BE8FD,0
CC_FFDDFEEC47D3,0
CC_FFDF192A22C6,4
CC_FFDF7ED6D2A5,3
CC_FFE60BCEF78E,3
CC_FFE98EDF9FF0,2
CC_FFED2878DDA7,0
CC_FFED9CDFB0DB,2
CC_FFF1E17CA6A7,3
CC_FFF3AD146FAE,0
CC_FFF7C7B2FB04,3
CC_FFF7FD14A18A,0
CC_FFF97318AFBF,3
CC_FFFB28EA5580,2
CC_FFFD3A829DD0,3
CC_FFFEDC33E37A,2
